1bdi:ChainA:ILE4	-61.202912	-33.905788	General
1bdi:ChainA:LYS5	-60.875485	-33.305447	General
1bdi:ChainA:ASP6	-73.502040	-38.504415	General
1bdi:ChainA:VAL7	-64.156985	-49.584364	General
1bdi:ChainA:ALA8	-55.384873	-28.588788	General
1bdi:ChainA:LYS9	-77.860264	-41.753744	General
1bdi:ChainA:ARG10	-61.661106	-34.397556	General
1bdi:ChainA:ALA11	-80.861901	-19.879622	General
1bdi:ChainA:ASN12	64.638224	38.816604	General
1bdi:ChainA:VAL13	-137.290168	168.220598	General
1bdi:ChainA:SER14	-66.886649	160.492203	General
1bdi:ChainA:THR15	-72.730058	-28.069118	General
1bdi:ChainA:THR16	-54.231409	-44.704859	General
1bdi:ChainA:THR17	-60.094393	-65.702440	General
1bdi:ChainA:VAL18	-36.058328	-48.179549	General
1bdi:ChainA:SER19	-57.210548	-69.423225	General
1bdi:ChainA:HIS20	-32.351949	-49.175995	General
1bdi:ChainA:VAL21	-66.760787	-43.834810	General
1bdi:ChainA:ILE22	-58.596558	-27.151294	General
1bdi:ChainA:ASN23	-125.229376	19.933187	General
1bdi:ChainA:LYS24	33.778016	56.312948	General
1bdi:ChainA:THR25	-103.355475	1.894268	General
1bdi:ChainA:ARG26	-171.623439	159.687832	General
1bdi:ChainA:PHE27	-68.063043	140.744421	General
1bdi:ChainA:VAL28	-140.083008	135.468650	General
1bdi:ChainA:ALA29	-51.418350	135.735188	General
1bdi:ChainA:GLU30	-47.451990	-57.358589	General
1bdi:ChainA:GLU31	-39.711386	-59.190324	General
1bdi:ChainA:THR32	-58.589872	-55.873799	General
1bdi:ChainA:ARG33	-42.280032	-52.663186	General
1bdi:ChainA:ASN34	-58.928675	-55.249880	General
1bdi:ChainA:ALA35	-39.421055	-43.200188	General
1bdi:ChainA:VAL36	-63.048747	-52.185620	General
1bdi:ChainA:TRP37	-54.213654	-46.681954	General
1bdi:ChainA:ALA38	-44.638193	-52.175982	General
1bdi:ChainA:ALA39	-62.084034	-58.837017	General
1bdi:ChainA:ILE40	-40.980030	-41.962956	General
1bdi:ChainA:LYS41	-76.262383	-54.599528	General
1bdi:ChainA:GLU42	-61.155277	-50.437355	General
1bdi:ChainA:LEU43	-55.186199	-16.090553	General
1bdi:ChainA:HIS44	56.812262	64.820039	General
1bdi:ChainA:TYR45	-94.563676	131.831680	General
1bdi:ChainA:SER46	-124.731885	107.545748	Pre-Pro
1bdi:ChainA:PRO47	-54.175558	124.897729	Proline
1bdi:ChainA:SER48	-69.278313	116.677123	General
1bdi:ChainA:ALA49	-73.212819	-25.388566	General
1bdi:ChainA:VAL50	-76.926501	-36.915749	General
1bdi:ChainA:ALA51	-58.771179	-55.540032	General
1bdi:ChainA:ARG52	-57.601550	-39.243328	General
1bdi:ChainA:SER53	-62.441140	-38.604294	General
1bdi:ChainA:LEU54	-56.121213	-41.921944	General
1bdi:ChainA:LYS55	-75.933927	-69.754656	General
1bdi:ChainA:VAL56	-56.957396	-14.453318	General
1bdi:ChainA:ASN57	60.519583	59.335868	General
1bdi:ChainA:HIS58	177.619089	134.394510	General
1bdi:ChainA:THR59	-89.558289	-18.113402	General
1bdi:ChainA:LYS60	58.813725	45.920410	General
1bdi:ChainA:SER61	-150.699474	147.075156	General
1bdi:ChainA:ILE62	-131.766547	155.454010	General
1bdi:ChainA:GLY63	-115.832089	132.548338	Glycine
1bdi:ChainA:LEU64	-99.356620	102.237024	General
1bdi:ChainA:LEU65	-91.637190	86.608147	General
1bdi:ChainA:ALA66	-99.787705	-179.475154	General
1bdi:ChainA:THR67	-95.166850	-48.793333	General
1bdi:ChainA:SER68	-165.790927	151.855212	General
1bdi:ChainA:SER69	-112.677301	-13.375123	General
1bdi:ChainA:GLU70	-68.487695	-41.450793	General
1bdi:ChainA:ALA71	-44.081654	122.467642	General
1bdi:ChainA:ALA72	-35.975103	-60.585030	General
1bdi:ChainA:TYR73	-49.228720	-64.583600	General
1bdi:ChainA:PHE74	-46.622894	-55.462036	General
1bdi:ChainA:ALA75	-46.002896	-47.450047	General
1bdi:ChainA:GLU76	-66.993849	-46.179034	General
1bdi:ChainA:ILE77	-53.407003	-42.639529	General
1bdi:ChainA:ILE78	-62.495122	-55.454113	General
1bdi:ChainA:GLU79	-47.557010	-27.517636	General
1bdi:ChainA:ALA80	-71.576467	-60.589566	General
1bdi:ChainA:VAL81	-46.722064	-45.532903	General
1bdi:ChainA:GLU82	-57.242510	-45.769997	General
1bdi:ChainA:LYS83	-52.916726	-44.788277	General
1bdi:ChainA:ASN84	-69.448631	-34.083044	General
1bdi:ChainA:CYS85	-62.721201	-53.825298	General
1bdi:ChainA:PHE86	-49.145159	-58.968908	General
1bdi:ChainA:GLN87	-64.500898	-13.825038	General
1bdi:ChainA:LYS88	-113.941445	34.427586	General
1bdi:ChainA:GLY89	62.878116	-15.600796	Glycine
1bdi:ChainA:TYR90	-64.120592	148.001357	General
1bdi:ChainA:THR91	-101.967865	143.794872	General
1bdi:ChainA:LEU92	-104.421470	128.297283	General
1bdi:ChainA:ILE93	-110.228124	107.341896	General
1bdi:ChainA:LEU94	-86.304049	136.369566	General
1bdi:ChainA:GLY95	-148.167411	127.612171	Glycine
1bdi:ChainA:ASN96	-109.092773	120.131845	General
1bdi:ChainA:ALA97	-93.191081	-8.187578	General
1bdi:ChainA:TRP98	52.355201	36.470177	General
1bdi:ChainA:ASN99	58.202013	33.984665	General
1bdi:ChainA:ASN100	-114.809364	109.541650	General
1bdi:ChainA:LEU101	-43.447014	-52.929168	General
1bdi:ChainA:GLU102	-58.167816	-47.299225	General
1bdi:ChainA:LYS103	-58.399642	-34.421852	General
1bdi:ChainA:GLN104	-76.956499	-48.630943	General
1bdi:ChainA:ARG105	-52.410436	-32.354854	General
1bdi:ChainA:ALA106	-67.606241	-64.034638	General
1bdi:ChainA:TYR107	-56.868359	-34.268646	General
1bdi:ChainA:LEU108	-58.590771	-53.862745	General
1bdi:ChainA:SER109	-62.443276	-47.379999	General
1bdi:ChainA:MET110	-50.840747	-46.824690	General
1bdi:ChainA:MET111	-58.112052	-51.662709	General
1bdi:ChainA:ALA112	-59.217385	-46.905765	General
1bdi:ChainA:GLN113	-59.013600	-42.019332	General
1bdi:ChainA:LYS114	-71.095104	-7.915439	General
1bdi:ChainA:ARG115	62.797500	43.970982	General
1bdi:ChainA:VAL116	-58.242904	137.725591	General
1bdi:ChainA:ASP117	-58.353073	-35.685118	General
1bdi:ChainA:GLY118	-151.599259	170.357050	Glycine
1bdi:ChainA:LEU119	-131.067061	112.842461	General
1bdi:ChainA:LEU120	-83.776353	124.377496	General
1bdi:ChainA:VAL121	-117.633365	122.537445	General
1bdi:ChainA:MET122	-138.578860	74.380041	General
1bdi:ChainA:CYS123	-93.262107	-4.658389	General
1bdi:ChainA:SER124	66.450783	-87.988410	General
1bdi:ChainA:GLU125	-83.867434	153.875770	General
1bdi:ChainA:TYR126	-142.112999	81.656961	Pre-Pro
1bdi:ChainA:PRO127	-75.163551	167.180175	Proline
1bdi:ChainA:GLU128	-52.736851	-47.944278	Pre-Pro
1bdi:ChainA:PRO129	-50.532029	-35.044649	Proline
1bdi:ChainA:LEU130	-84.700736	-35.662258	General
1bdi:ChainA:LEU131	-57.738596	-33.879595	General
1bdi:ChainA:ALA132	-65.957647	-56.298820	General
1bdi:ChainA:MET133	-53.694022	-49.517260	General
1bdi:ChainA:LEU134	-49.131245	-39.370367	General
1bdi:ChainA:GLU135	-88.473982	23.185075	General
1bdi:ChainA:GLU136	-115.356713	9.726676	General
1bdi:ChainA:TYR137	-133.763862	19.279626	General
1bdi:ChainA:ARG138	-56.350592	-24.114977	General
1bdi:ChainA:HIS139	-62.282446	-38.856825	General
1bdi:ChainA:ILE140	-82.857351	126.760614	Pre-Pro
1bdi:ChainA:PRO141	-54.487289	139.850668	Proline
1bdi:ChainA:MET142	-163.786489	150.700759	General
1bdi:ChainA:VAL143	-129.239585	139.259422	General
1bdi:ChainA:VAL144	-100.392519	117.042093	General
1bdi:ChainA:MET145	-95.797184	20.325266	General
1bdi:ChainA:ASP146	-136.344251	26.939790	General
1bdi:ChainA:TRP147	-103.238532	162.596207	General
1bdi:ChainA:GLY148	-95.160936	-35.894376	Glycine
1bdi:ChainA:GLU149	-125.794794	172.475491	General
1bdi:ChainA:ALA150	-85.019249	87.157819	General
1bdi:ChainA:LYS151	-50.488342	-46.023498	General
1bdi:ChainA:ALA152	-127.270451	169.085306	General
1bdi:ChainA:ASP153	-99.956554	-7.011753	General
1bdi:ChainA:PHE154	-101.626085	23.079293	General
1bdi:ChainA:THR155	-146.619489	164.973554	General
1bdi:ChainA:ASP156	-94.914192	162.717726	General
1bdi:ChainA:ALA157	-145.055312	137.243636	General
1bdi:ChainA:VAL158	-111.352625	134.513207	General
1bdi:ChainA:ILE159	-125.881534	127.813451	General
1bdi:ChainA:ASP160	-85.957787	-8.979611	General
1bdi:ChainA:ASN161	60.449449	35.731202	General
1bdi:ChainA:ALA162	-63.399108	0.681789	General
1bdi:ChainA:PHE163	-92.314657	-49.357356	General
1bdi:ChainA:GLU164	-60.352523	-26.626609	General
1bdi:ChainA:GLY165	-70.099906	-54.084468	Glycine
1bdi:ChainA:GLY166	-51.699606	-40.339179	Glycine
1bdi:ChainA:TYR167	-67.636946	-38.139946	General
1bdi:ChainA:MET168	-64.088542	-45.600290	General
1bdi:ChainA:ALA169	-49.213381	-59.516925	General
1bdi:ChainA:GLY170	-51.833446	-61.495403	Glycine
1bdi:ChainA:ARG171	-34.795989	-55.443615	General
1bdi:ChainA:TYR172	-49.551144	-56.330382	General
1bdi:ChainA:LEU173	-54.472828	-47.593067	General
1bdi:ChainA:ILE174	-55.276417	-47.913942	General
1bdi:ChainA:GLU175	-79.802695	4.286229	General
1bdi:ChainA:ARG176	-103.559943	-10.394708	General
1bdi:ChainA:GLY177	126.596383	-2.870136	Glycine
1bdi:ChainA:HIS178	-83.336393	141.841933	General
1bdi:ChainA:ARG179	-146.483223	-14.156034	General
1bdi:ChainA:GLU180	-115.804157	92.938933	General
1bdi:ChainA:ILE181	-118.341904	147.008223	General
1bdi:ChainA:GLY182	-121.423239	163.752150	Glycine
1bdi:ChainA:VAL183	-148.915366	135.496224	General
1bdi:ChainA:ILE184	-121.796287	104.182683	Pre-Pro
1bdi:ChainA:PRO185	-91.851548	167.962877	Proline
1bdi:ChainA:GLY186	-89.470016	-177.779356	Glycine
1bdi:ChainA:PRO187	-50.483576	130.363125	Proline
1bdi:ChainA:LEU188	-70.883047	-11.767486	General
1bdi:ChainA:GLU189	-84.893260	12.724906	General
1bdi:ChainA:ARG190	-130.814650	143.740316	General
1bdi:ChainA:ASN191	-56.843866	-60.396304	General
1bdi:ChainA:THR192	-55.317496	-19.215463	General
1bdi:ChainA:GLY193	-84.483575	-92.360109	Glycine
1bdi:ChainA:ALA194	-40.882234	-59.210267	General
1bdi:ChainA:GLY195	-60.122779	-30.040061	Glycine
1bdi:ChainA:ARG196	-69.687345	-50.775655	General
1bdi:ChainA:LEU197	-49.329872	-52.037005	General
1bdi:ChainA:ALA198	-52.211810	-55.048863	General
1bdi:ChainA:GLY199	-48.859514	-44.278516	Glycine
1bdi:ChainA:PHE200	-61.429146	-52.553134	General
1bdi:ChainA:MET201	-59.521446	-31.726000	General
1bdi:ChainA:LYS202	-63.711960	-52.765562	General
1bdi:ChainA:ALA203	-49.393238	-36.462495	General
1bdi:ChainA:MET204	-69.468069	-49.356454	General
1bdi:ChainA:GLU205	-61.914399	-37.474543	General
1bdi:ChainA:GLU206	-60.952307	-25.416524	General
1bdi:ChainA:ALA207	-105.202161	4.793497	General
1bdi:ChainA:MET208	63.521556	27.767434	General
1bdi:ChainA:ILE209	-89.586402	140.763027	General
1bdi:ChainA:LYS210	-121.174161	105.009599	General
1bdi:ChainA:VAL211	-78.867951	125.261265	Pre-Pro
1bdi:ChainA:PRO212	-67.675833	135.285328	Proline
1bdi:ChainA:GLU213	-57.631864	-20.826059	General
1bdi:ChainA:SER214	-78.837160	2.670015	General
1bdi:ChainA:TRP215	-116.443925	12.469496	General
1bdi:ChainA:ILE216	-131.009527	115.543306	General
1bdi:ChainA:VAL217	-126.418021	127.603825	General
1bdi:ChainA:GLN218	-65.220709	137.961162	General
1bdi:ChainA:GLY219	-118.784002	175.782638	Glycine
1bdi:ChainA:ASP220	-120.980137	13.551728	General
1bdi:ChainA:PHE221	81.402034	1.810813	General
1bdi:ChainA:GLU222	-106.485053	131.012169	Pre-Pro
1bdi:ChainA:PRO223	-36.883914	-39.536781	Proline
1bdi:ChainA:GLU224	-59.142588	-39.462652	General
1bdi:ChainA:SER225	-65.143197	-33.524685	General
1bdi:ChainA:GLY226	-66.246313	-49.118673	Glycine
1bdi:ChainA:TYR227	-49.590679	-66.446190	General
1bdi:ChainA:ARG228	-45.954791	-51.390309	General
1bdi:ChainA:ALA229	-56.311391	-56.667499	General
1bdi:ChainA:MET230	-53.435316	-45.907817	General
1bdi:ChainA:GLN231	-58.140878	-47.291980	General
1bdi:ChainA:GLN232	-56.462283	-43.641691	General
1bdi:ChainA:ILE233	-65.345787	-65.623883	General
1bdi:ChainA:LEU234	-58.268780	-21.178125	General
1bdi:ChainA:SER235	-85.328311	57.127616	General
1bdi:ChainA:GLN236	-164.722061	143.738497	Pre-Pro
1bdi:ChainA:PRO237	-27.944311	-61.995977	Proline
1bdi:ChainA:HIS238	-108.357263	132.259302	General
1bdi:ChainA:ARG239	-135.999375	149.618044	Pre-Pro
1bdi:ChainA:PRO240	-68.038792	173.571688	Proline
1bdi:ChainA:THR241	-110.844232	-1.014937	General
1bdi:ChainA:ALA242	-156.797806	138.303604	General
1bdi:ChainA:VAL243	-126.078424	131.989097	General
1bdi:ChainA:PHE244	-102.168003	122.518625	General
1bdi:ChainA:CYS245	-106.251948	114.644530	General
1bdi:ChainA:GLY246	-35.854031	-29.205100	Glycine
1bdi:ChainA:GLY247	-162.108274	151.534995	Glycine
1bdi:ChainA:ASP248	-51.059838	-40.511918	General
1bdi:ChainA:ILE249	-72.334029	-36.711968	General
1bdi:ChainA:MET250	-62.169985	-39.051196	General
1bdi:ChainA:ALA251	-58.595335	-46.243333	General
1bdi:ChainA:MET252	-58.812232	-29.284147	General
1bdi:ChainA:GLY253	-71.510573	-54.020430	Glycine
1bdi:ChainA:ALA254	-49.178164	-38.311391	General
1bdi:ChainA:LEU255	-58.824571	-57.557539	General
1bdi:ChainA:CYS256	-45.024032	-65.759986	General
1bdi:ChainA:ALA257	-47.514448	-41.694163	General
1bdi:ChainA:ALA258	-62.329120	-36.403418	General
1bdi:ChainA:ASP259	-67.424045	-48.653347	General
1bdi:ChainA:GLU260	-65.714345	-12.709361	General
1bdi:ChainA:MET261	-105.643643	18.417673	General
1bdi:ChainA:GLY262	57.134770	19.662564	Glycine
1bdi:ChainA:LEU263	-89.822915	157.991549	General
1bdi:ChainA:ARG264	-108.547664	138.117286	General
1bdi:ChainA:VAL265	-120.374609	127.423130	Pre-Pro
1bdi:ChainA:PRO266	-95.701592	11.567733	Proline
1bdi:ChainA:GLN267	-48.843496	-45.659185	General
1bdi:ChainA:ASP268	-95.185248	-38.398237	General
1bdi:ChainA:VAL269	-135.365105	132.595194	General
1bdi:ChainA:SER270	-93.551218	150.510068	General
1bdi:ChainA:LEU271	-148.518879	133.873225	General
1bdi:ChainA:ILE272	-125.778046	139.890112	General
1bdi:ChainA:GLY273	-110.245997	-153.893745	Glycine
1bdi:ChainA:TYR274	-165.171015	126.748555	General
1bdi:ChainA:ASP275	140.956657	-43.023322	General
1bdi:ChainA:ASN276	65.018325	57.563684	General
1bdi:ChainA:VAL277	-69.045565	141.759056	General
1bdi:ChainA:ARG278	-22.869170	-42.918659	General
1bdi:ChainA:ASN279	-127.502736	45.875676	General
1bdi:ChainA:ALA280	-83.819010	-10.435940	General
1bdi:ChainA:ARG281	-80.961449	-19.114895	General
1bdi:ChainA:TYR282	-103.951506	16.943918	General
1bdi:ChainA:PHE283	-75.755475	171.612027	General
1bdi:ChainA:THR284	-133.390908	108.190597	Pre-Pro
1bdi:ChainA:PRO285	-74.387998	171.185610	Proline
1bdi:ChainA:ALA286	-54.758142	119.905463	General
1bdi:ChainA:LEU287	-67.486584	128.102359	General
1bdi:ChainA:THR288	-91.448126	126.821883	General
1bdi:ChainA:THR289	-149.893300	179.418448	General
1bdi:ChainA:ILE290	-97.477193	128.055535	General
1bdi:ChainA:HIS291	-93.246408	129.692201	General
1bdi:ChainA:GLN292	-106.448637	126.432405	Pre-Pro
1bdi:ChainA:PRO293	-68.621464	76.050600	Proline
1bdi:ChainA:LYS294	-67.112941	-47.343500	General
1bdi:ChainA:ASP295	-46.983477	-59.773453	General
1bdi:ChainA:SER296	-59.276395	-42.130499	General
1bdi:ChainA:LEU297	-54.543980	-49.945887	General
1bdi:ChainA:GLY298	-58.306937	-58.455839	Glycine
1bdi:ChainA:GLU299	-61.762409	-32.452504	General
1bdi:ChainA:THR300	-69.191903	-31.089276	General
1bdi:ChainA:ALA301	-71.865081	-47.726760	General
1bdi:ChainA:PHE302	-54.991466	-49.353339	General
1bdi:ChainA:ASN303	-50.836251	-55.717606	General
1bdi:ChainA:MET304	-54.656755	-47.928148	General
1bdi:ChainA:LEU305	-55.501661	-51.709419	General
1bdi:ChainA:LEU306	-49.702615	-47.103009	General
1bdi:ChainA:ASP307	-49.011379	-66.313848	General
1bdi:ChainA:ARG308	-49.904226	-43.047673	General
1bdi:ChainA:ILE309	-58.787250	-67.980094	General
1bdi:ChainA:VAL310	-73.919133	-51.873854	General
1bdi:ChainA:ASN311	-74.265876	14.426537	General
1bdi:ChainA:LYS312	38.605991	41.798503	General
1bdi:ChainA:ARG313	-68.405102	137.146602	General
1bdi:ChainA:GLU314	-100.838399	-45.587562	General
1bdi:ChainA:GLU315	-67.646799	150.420138	Pre-Pro
1bdi:ChainA:PRO316	-75.508022	163.896669	Proline
1bdi:ChainA:GLN317	-145.577018	167.355101	General
1bdi:ChainA:SER318	-156.481720	128.869224	General
1bdi:ChainA:ILE319	-122.476302	136.157108	General
1bdi:ChainA:GLU320	-93.888362	146.059726	General
1bdi:ChainA:VAL321	-128.560727	153.985223	General
1bdi:ChainA:HIS322	-123.458347	127.292640	Pre-Pro
1bdi:ChainA:PRO323	-74.191466	152.090459	Proline
1bdi:ChainA:ARG324	-147.964197	142.215767	General
1bdi:ChainA:LEU325	-61.995910	132.239590	General
1bdi:ChainA:ILE326	-124.958337	115.484372	General
1bdi:ChainA:GLU327	-88.598085	109.401695	General
1bdi:ChainA:ARG328	-107.401984	-121.948039	General
1bdi:ChainA:ARG329	-140.640443	21.655158	General
1bdi:ChainA:SER330	-84.434828	2.889935	General
1bdi:ChainA:VAL331	-125.510631	150.721780	General
1bdi:ChainA:ALA332	-140.270381	158.486005	General
1bdi:ChainA:ASP333	-55.508250	132.209481	General
1bdi:ChainA:GLY334	-89.357156	175.749270	Glycine
1bdi:ChainA:PRO335	-53.314960	-28.499304	Proline
1bdi:ChainA:PHE336	-100.943228	5.872590	General
1bdi:ChainA:ARG337	-48.347565	-44.115428	General
1bdi:ChainA:ASP338	-70.019341	-17.277855	General
1bdi:ChainA:TYR339	-103.957689	66.799206	General
