1mp9:ChainA:GLU6	-86.315158	137.250238	General
1mp9:ChainA:ILE7	-80.957757	115.760967	Pre-Pro
1mp9:ChainA:PRO8	-72.461394	151.510213	Proline
1mp9:ChainA:TYR9	-80.324419	116.657662	General
1mp9:ChainA:LYS10	-131.724093	19.620879	General
1mp9:ChainA:ALA11	-68.167210	139.761682	General
1mp9:ChainA:VAL12	-119.051479	126.752159	General
1mp9:ChainA:VAL13	-104.015887	136.325631	General
1mp9:ChainA:ASN14	-130.446560	129.000114	General
1mp9:ChainA:ILE15	-82.776765	122.485192	General
1mp9:ChainA:GLU16	-92.386387	-34.039323	General
1mp9:ChainA:ASN17	-166.960306	150.047147	General
1mp9:ChainA:ILE18	-126.849508	134.183653	General
1mp9:ChainA:VAL19	-113.368765	124.122190	General
1mp9:ChainA:ALA20	-133.724741	163.396010	General
1mp9:ChainA:THR21	-115.227293	139.956692	General
1mp9:ChainA:VAL22	-129.499609	116.339664	General
1mp9:ChainA:THR23	-90.802509	122.071157	General
1mp9:ChainA:LEU24	-94.437396	8.496026	General
1mp9:ChainA:ASP25	33.350446	68.622227	General
1mp9:ChainA:GLN26	173.471343	148.255268	General
1mp9:ChainA:THR27	-80.252077	144.917655	General
1mp9:ChainA:LEU28	-127.138472	142.115883	General
1mp9:ChainA:ASP29	-95.464971	101.681520	General
1mp9:ChainA:LEU30	-67.731118	-30.891450	General
1mp9:ChainA:TYR31	-62.313014	-46.891260	General
1mp9:ChainA:ALA32	-62.602273	-41.806115	General
1mp9:ChainA:MET33	-65.424376	-42.681201	General
1mp9:ChainA:GLU34	-58.675298	-42.637472	General
1mp9:ChainA:ARG35	-69.917451	-37.592638	General
1mp9:ChainA:SER36	-73.944212	-44.294676	General
1mp9:ChainA:VAL37	-90.274780	127.332599	Pre-Pro
1mp9:ChainA:PRO38	-70.316869	150.100676	Proline
1mp9:ChainA:ASN39	51.240015	41.903727	General
1mp9:ChainA:VAL40	-116.846410	167.781422	General
1mp9:ChainA:GLU41	-124.566996	137.383596	General
1mp9:ChainA:TYR42	-149.936098	108.018299	General
1mp9:ChainA:ASP43	-137.521290	93.889055	Pre-Pro
1mp9:ChainA:PRO44	-61.446994	-11.591308	Proline
1mp9:ChainA:ASP45	-78.419452	-16.508038	General
1mp9:ChainA:GLN46	-109.507727	-38.467673	General
1mp9:ChainA:PHE47	-153.928569	135.675495	Pre-Pro
1mp9:ChainA:PRO48	-64.519434	-18.069102	Proline
1mp9:ChainA:GLY49	-108.269617	158.655275	Glycine
1mp9:ChainA:LEU50	-82.883046	134.085418	General
1mp9:ChainA:ILE51	-102.274586	116.501289	General
1mp9:ChainA:PHE52	-113.108657	115.584447	General
1mp9:ChainA:ARG53	-108.745022	134.456238	General
1mp9:ChainA:LEU54	-110.460938	148.238292	General
1mp9:ChainA:GLU55	-110.307614	148.289931	General
1mp9:ChainA:SER56	30.682235	94.043149	Pre-Pro
1mp9:ChainA:PRO57	-74.839544	156.474708	Proline
1mp9:ChainA:LYS58	-72.041067	111.684333	General
1mp9:ChainA:ILE59	-135.744907	141.471336	General
1mp9:ChainA:THR60	-120.969288	136.591026	General
1mp9:ChainA:SER61	-121.603415	128.828226	General
1mp9:ChainA:LEU62	-110.022424	121.013018	General
1mp9:ChainA:ILE63	-109.600067	119.377781	General
1mp9:ChainA:PHE64	-100.214376	156.825441	General
1mp9:ChainA:LYS65	-54.061938	-30.601278	General
1mp9:ChainA:SER66	-70.745185	-6.493542	General
1mp9:ChainA:GLY67	90.072604	-4.370730	Glycine
1mp9:ChainA:LYS68	-75.709880	134.415662	General
1mp9:ChainA:MET69	-121.584497	132.602478	General
1mp9:ChainA:VAL70	-106.462859	126.707605	General
1mp9:ChainA:VAL71	-116.038556	128.117914	General
1mp9:ChainA:THR72	-132.527303	150.705651	General
1mp9:ChainA:GLY73	117.139581	-27.382692	Glycine
1mp9:ChainA:ALA74	-66.489036	145.383066	General
1mp9:ChainA:LYS75	-111.361641	6.684549	General
1mp9:ChainA:SER76	-157.951030	160.111306	General
1mp9:ChainA:THR77	-62.836568	-43.355281	General
1mp9:ChainA:ASP78	-58.454860	-42.210471	General
1mp9:ChainA:GLU79	-63.769333	-41.406592	General
1mp9:ChainA:LEU80	-60.658153	-50.275953	General
1mp9:ChainA:ILE81	-60.104278	-43.024442	General
1mp9:ChainA:LYS82	-65.052353	-39.881778	General
1mp9:ChainA:ALA83	-63.272016	-44.710267	General
1mp9:ChainA:VAL84	-61.522449	-46.060577	General
1mp9:ChainA:LYS85	-60.641563	-41.962464	General
1mp9:ChainA:ARG86	-62.426824	-45.762881	General
1mp9:ChainA:ILE87	-61.540594	-50.160530	General
1mp9:ChainA:ILE88	-59.285927	-40.685465	General
1mp9:ChainA:LYS89	-55.649237	-48.852936	General
1mp9:ChainA:THR90	-62.585364	-52.327855	General
1mp9:ChainA:LEU91	-51.618412	-37.902851	General
1mp9:ChainA:LYS92	-67.333744	-52.628315	General
1mp9:ChainA:LYS93	-50.524525	-24.337900	General
1mp9:ChainA:TYR94	-113.251838	22.494770	General
1mp9:ChainA:GLY95	128.450440	-30.196024	Glycine
1mp9:ChainA:MET96	-85.621023	149.560107	General
1mp9:ChainA:GLN97	-113.195657	151.402740	General
1mp9:ChainA:LEU98	-119.594610	129.986260	General
1mp9:ChainA:THR99	-78.207894	-43.545212	General
1mp9:ChainA:GLY100	-139.459395	-179.746610	Glycine
1mp9:ChainA:LYS101	-68.019114	122.889786	Pre-Pro
1mp9:ChainA:PRO102	-71.360870	140.583243	Proline
1mp9:ChainA:LYS103	-94.630657	149.406376	General
1mp9:ChainA:ILE104	-113.946302	121.881469	General
1mp9:ChainA:GLN105	-119.309278	127.262301	General
1mp9:ChainA:ILE106	-74.875763	127.120485	General
1mp9:ChainA:GLN107	-93.859938	-39.553277	General
1mp9:ChainA:ASN108	-161.194965	149.987257	General
1mp9:ChainA:ILE109	-124.720528	129.884442	General
1mp9:ChainA:VAL110	-111.652799	127.818197	General
1mp9:ChainA:ALA111	-132.737281	163.224286	General
1mp9:ChainA:SER112	-119.602574	164.417687	General
1mp9:ChainA:ALA113	-148.498780	155.760195	General
1mp9:ChainA:ASN114	-123.979843	113.359871	General
1mp9:ChainA:LEU115	-79.380218	-18.112534	General
1mp9:ChainA:HIS116	63.001546	34.937882	General
1mp9:ChainA:VAL117	-151.160051	158.285667	General
1mp9:ChainA:ILE118	-87.066332	141.286204	General
1mp9:ChainA:VAL119	-108.523544	128.594887	General
1mp9:ChainA:ASN120	-85.780321	97.739904	General
1mp9:ChainA:LEU121	-68.153318	-38.909959	General
1mp9:ChainA:ASP122	-58.417854	-42.926958	General
1mp9:ChainA:LYS123	-74.161101	-44.693328	General
1mp9:ChainA:ALA124	-62.156243	-37.157714	General
1mp9:ChainA:ALA125	-55.527332	-32.805037	General
1mp9:ChainA:PHE126	-102.243370	-0.519229	General
1mp9:ChainA:LEU127	-112.458928	-19.097341	General
1mp9:ChainA:LEU128	-89.397497	167.242754	General
1mp9:ChainA:GLU129	-97.217138	-166.959442	General
1mp9:ChainA:ASN130	13.412415	63.488821	General
1mp9:ChainA:ASN131	-141.690769	166.504508	General
1mp9:ChainA:MET132	-122.075436	127.317484	General
1mp9:ChainA:TYR133	-138.168821	95.009329	General
1mp9:ChainA:GLU134	-132.564541	82.068110	Pre-Pro
1mp9:ChainA:PRO135	-49.562613	-30.406139	Proline
1mp9:ChainA:GLU136	-73.774499	-14.787082	General
1mp9:ChainA:GLN137	-106.013844	-38.191840	General
1mp9:ChainA:PHE138	-148.749146	132.953263	Pre-Pro
1mp9:ChainA:PRO139	-69.320614	-14.118456	Proline
1mp9:ChainA:GLY140	-110.100958	-175.883112	Glycine
1mp9:ChainA:LEU141	-102.581683	131.464738	General
1mp9:ChainA:ILE142	-107.191122	128.156352	General
1mp9:ChainA:TYR143	-123.541566	121.682415	General
1mp9:ChainA:ARG144	-94.874255	108.437597	General
1mp9:ChainA:MET145	-95.421153	144.182097	General
1mp9:ChainA:ASP146	-94.107014	-40.270529	General
1mp9:ChainA:GLU147	-131.196475	105.910704	Pre-Pro
1mp9:ChainA:PRO148	-72.172808	172.570914	Proline
1mp9:ChainA:ARG149	-84.761845	85.283532	General
1mp9:ChainA:VAL150	-137.126290	166.930572	General
1mp9:ChainA:VAL151	-117.833018	135.006281	General
1mp9:ChainA:LEU152	-114.201689	138.791503	General
1mp9:ChainA:LEU153	-111.651158	124.000286	General
1mp9:ChainA:ILE154	-125.069202	122.635480	General
1mp9:ChainA:PHE155	-105.886503	156.746224	General
1mp9:ChainA:SER156	-58.986182	-26.293268	General
1mp9:ChainA:SER157	-73.322719	-11.122659	General
1mp9:ChainA:GLY158	101.518122	-9.625710	Glycine
1mp9:ChainA:LYS159	-71.974297	149.780615	General
1mp9:ChainA:MET160	-148.270802	156.050001	General
1mp9:ChainA:VAL161	-124.306626	134.817776	General
1mp9:ChainA:ILE162	-123.384221	124.049777	General
1mp9:ChainA:THR163	-134.410103	154.073793	General
1mp9:ChainA:GLY164	113.429484	-21.789295	Glycine
1mp9:ChainA:ALA165	-75.182185	151.217158	General
1mp9:ChainA:LYS166	-113.996731	-6.057563	General
1mp9:ChainA:ARG167	-134.181330	143.970751	General
1mp9:ChainA:GLU168	-61.251587	-34.946479	General
1mp9:ChainA:ASP169	-66.703392	-28.375747	General
1mp9:ChainA:GLU170	-65.815062	-40.182796	General
1mp9:ChainA:VAL171	-57.545823	-50.930385	General
1mp9:ChainA:HIS172	-63.624118	-33.947550	General
1mp9:ChainA:LYS173	-66.015617	-43.504302	General
1mp9:ChainA:ALA174	-62.459415	-40.302071	General
1mp9:ChainA:VAL175	-64.666122	-52.526508	General
1mp9:ChainA:LYS176	-58.958336	-37.183335	General
1mp9:ChainA:LYS177	-63.668214	-49.938447	General
1mp9:ChainA:ILE178	-69.320725	-31.692399	General
1mp9:ChainA:PHE179	-61.863837	-51.539090	General
1mp9:ChainA:ASP180	-60.055916	-40.186790	General
1mp9:ChainA:LYS181	-68.134554	-41.316081	General
1mp9:ChainA:LEU182	-62.267432	-37.044801	General
1mp9:ChainA:VAL183	-67.966253	-44.584841	General
1mp9:ChainA:GLU184	-56.199958	-44.822066	General
1mp9:ChainA:LEU185	-80.839883	4.955410	General
1mp9:ChainA:ASP186	55.238132	51.845209	General
1mp9:ChainA:CYS187	-113.843852	11.638986	General
1mp9:ChainA:VAL188	-127.737979	151.166163	General
1mp9:ChainA:LYS189	-127.531390	117.718561	Pre-Pro
1mp9:ChainA:PRO190	-83.506282	72.101652	Proline
1mp9:ChainA:VAL191	-62.787171	-13.648831	General
1mp9:ChainA:GLU192	-84.739692	-3.002063	General
1mp9:ChainA:GLU193	-104.924033	162.642977	General
1mp9:ChainA:GLU194	-72.224060	161.656609	General
1mp9:ChainA:GLU195	-109.092446	159.346507	General
1mp9:ChainA:LEU196	-62.680151	140.053869	General
1mp9:ChainB:PRO4	-57.912935	136.724791	Proline
1mp9:ChainB:ASP5	-72.800990	153.851245	General
1mp9:ChainB:GLU6	-70.821625	152.454113	General
1mp9:ChainB:ILE7	-116.435961	90.091717	Pre-Pro
1mp9:ChainB:PRO8	-67.088486	152.179164	Proline
1mp9:ChainB:TYR9	-69.455424	126.327318	General
1mp9:ChainB:LYS10	-139.921165	15.016739	General
1mp9:ChainB:ALA11	-65.197497	143.036933	General
1mp9:ChainB:VAL12	-120.142360	125.790660	General
1mp9:ChainB:VAL13	-101.664484	144.206253	General
1mp9:ChainB:ASN14	-134.676606	129.694344	General
1mp9:ChainB:ILE15	-82.799929	123.917866	General
1mp9:ChainB:GLU16	-93.809872	-34.383276	General
1mp9:ChainB:ASN17	-167.306174	149.449929	General
1mp9:ChainB:ILE18	-127.133921	139.879783	General
1mp9:ChainB:VAL19	-117.410978	126.987821	General
1mp9:ChainB:ALA20	-136.523264	160.721403	General
1mp9:ChainB:THR21	-116.856949	144.820524	General
1mp9:ChainB:VAL22	-127.052710	121.417356	General
1mp9:ChainB:THR23	-90.935731	108.507268	General
1mp9:ChainB:LEU24	-85.188662	140.575438	General
1mp9:ChainB:ASP25	-97.083022	80.370171	General
1mp9:ChainB:GLN26	177.800644	150.930605	General
1mp9:ChainB:THR27	-79.573560	149.442877	General
1mp9:ChainB:LEU28	-129.565089	142.672375	General
1mp9:ChainB:ASP29	-94.600167	103.011069	General
1mp9:ChainB:LEU30	-68.938360	-27.921709	General
1mp9:ChainB:TYR31	-63.686768	-48.432488	General
1mp9:ChainB:ALA32	-63.866926	-42.824898	General
1mp9:ChainB:MET33	-60.481034	-39.597267	General
1mp9:ChainB:GLU34	-65.289022	-37.102602	General
1mp9:ChainB:ARG35	-72.824574	-37.008415	General
1mp9:ChainB:SER36	-74.847991	-39.532692	General
1mp9:ChainB:VAL37	-93.558685	124.292053	Pre-Pro
1mp9:ChainB:PRO38	-68.669029	148.066179	Proline
1mp9:ChainB:ASN39	57.580568	37.086407	General
1mp9:ChainB:VAL40	-115.284956	165.179683	General
1mp9:ChainB:GLU41	-122.141516	129.806528	General
1mp9:ChainB:TYR42	-144.776973	112.373260	General
1mp9:ChainB:ASP43	-142.013314	95.683456	Pre-Pro
1mp9:ChainB:PRO44	-61.499445	-12.018242	Proline
1mp9:ChainB:ASP45	-78.023851	-22.412370	General
1mp9:ChainB:GLN46	-101.092695	-36.455080	General
1mp9:ChainB:PHE47	-158.592436	137.093074	Pre-Pro
1mp9:ChainB:PRO48	-67.395647	-16.545816	Proline
1mp9:ChainB:GLY49	-107.379545	160.948386	Glycine
1mp9:ChainB:LEU50	-86.271092	135.256481	General
1mp9:ChainB:ILE51	-101.366128	120.297444	General
1mp9:ChainB:PHE52	-119.747944	106.903611	General
1mp9:ChainB:ARG53	-104.182557	133.360593	General
1mp9:ChainB:LEU54	-106.945588	153.216013	General
1mp9:ChainB:GLU55	-118.100746	151.827656	General
1mp9:ChainB:SER56	39.006559	83.756359	Pre-Pro
1mp9:ChainB:PRO57	-84.953050	161.196535	Proline
1mp9:ChainB:LYS58	-71.296255	111.646528	General
1mp9:ChainB:ILE59	-131.370092	141.524453	General
1mp9:ChainB:THR60	-120.898738	134.129892	General
1mp9:ChainB:SER61	-121.242913	129.254676	General
1mp9:ChainB:LEU62	-109.718670	122.429404	General
1mp9:ChainB:ILE63	-112.735462	117.332326	General
1mp9:ChainB:PHE64	-101.013136	159.445887	General
1mp9:ChainB:LYS65	-53.791110	-33.257027	General
1mp9:ChainB:SER66	-67.053810	-10.623834	General
1mp9:ChainB:GLY67	94.359969	-3.934580	Glycine
1mp9:ChainB:LYS68	-75.245959	133.106331	General
1mp9:ChainB:MET69	-121.742019	126.809111	General
1mp9:ChainB:VAL70	-100.858921	127.954941	General
1mp9:ChainB:VAL71	-118.540938	126.912669	General
1mp9:ChainB:THR72	-131.556073	153.638445	General
1mp9:ChainB:GLY73	119.826276	-31.769819	Glycine
1mp9:ChainB:ALA74	-64.308762	143.910239	General
1mp9:ChainB:LYS75	-109.661709	5.916126	General
1mp9:ChainB:SER76	-156.704324	162.654548	General
1mp9:ChainB:THR77	-62.279566	-39.594978	General
1mp9:ChainB:ASP78	-63.790354	-42.957210	General
1mp9:ChainB:GLU79	-59.108295	-46.550764	General
1mp9:ChainB:LEU80	-55.731616	-50.934110	General
1mp9:ChainB:ILE81	-59.704681	-47.732322	General
1mp9:ChainB:LYS82	-60.529081	-33.632111	General
1mp9:ChainB:ALA83	-70.785214	-44.239323	General
1mp9:ChainB:VAL84	-62.254894	-37.329356	General
1mp9:ChainB:LYS85	-67.857209	-41.653172	General
1mp9:ChainB:ARG86	-62.389257	-46.022622	General
1mp9:ChainB:ILE87	-60.546346	-56.095533	General
1mp9:ChainB:ILE88	-56.840363	-36.869276	General
1mp9:ChainB:LYS89	-56.848866	-51.003451	General
1mp9:ChainB:THR90	-75.268988	-27.202761	General
1mp9:ChainB:LEU91	-58.972638	-42.126689	General
1mp9:ChainB:LYS92	-69.556779	-48.626331	General
1mp9:ChainB:LYS93	-48.625493	-23.891658	General
1mp9:ChainB:TYR94	-114.683884	29.475544	General
1mp9:ChainB:GLY95	108.748533	-20.228714	Glycine
1mp9:ChainB:MET96	-69.524281	128.400888	General
1mp9:ChainB:GLN97	-93.643859	122.970549	General
1mp9:ChainB:LEU98	-102.533733	119.465044	General
1mp9:ChainB:THR99	-52.507823	-102.683280	General
1mp9:ChainB:GLY100	-105.710358	-154.852255	Glycine
1mp9:ChainB:LYS101	-75.132560	123.761952	Pre-Pro
1mp9:ChainB:PRO102	-77.147758	137.548118	Proline
1mp9:ChainB:LYS103	-85.245812	146.068787	General
1mp9:ChainB:ILE104	-115.676622	127.576282	General
1mp9:ChainB:GLN105	-124.237531	123.285611	General
1mp9:ChainB:ILE106	-69.370992	127.151326	General
1mp9:ChainB:GLN107	-95.602780	-34.190909	General
1mp9:ChainB:ASN108	-165.158774	146.759093	General
1mp9:ChainB:ILE109	-120.330536	132.527124	General
1mp9:ChainB:VAL110	-111.981386	123.583786	General
1mp9:ChainB:ALA111	-128.251527	161.880362	General
1mp9:ChainB:SER112	-123.230737	162.342803	General
1mp9:ChainB:ALA113	-151.111372	153.376342	General
1mp9:ChainB:ASN114	-112.765516	120.380334	General
1mp9:ChainB:LEU115	-80.036408	-23.805397	General
1mp9:ChainB:HIS116	61.939664	36.414596	General
1mp9:ChainB:VAL117	-148.116172	159.677421	General
1mp9:ChainB:ILE118	-92.801022	132.681024	General
1mp9:ChainB:VAL119	-103.118672	130.120436	General
1mp9:ChainB:ASN120	-87.848048	96.795815	General
1mp9:ChainB:LEU121	-66.577011	-35.692131	General
1mp9:ChainB:ASP122	-61.444372	-42.077336	General
1mp9:ChainB:LYS123	-74.766577	-43.662342	General
1mp9:ChainB:ALA124	-62.063314	-37.620072	General
1mp9:ChainB:ALA125	-52.610846	-39.712757	General
1mp9:ChainB:PHE126	-96.716327	-2.720673	General
1mp9:ChainB:LEU127	-107.202170	-19.146241	General
1mp9:ChainB:LEU128	-97.228188	165.108039	General
1mp9:ChainB:GLU129	-105.009282	-176.399628	General
1mp9:ChainB:ASN130	46.994860	47.387468	General
1mp9:ChainB:ASN131	-145.746496	164.337522	General
1mp9:ChainB:MET132	-126.734692	133.749954	General
1mp9:ChainB:TYR133	-144.974639	90.335319	General
1mp9:ChainB:GLU134	-130.329851	88.234125	Pre-Pro
1mp9:ChainB:PRO135	-50.073520	-34.104893	Proline
1mp9:ChainB:GLU136	-61.799172	-28.258909	General
1mp9:ChainB:GLN137	-92.288838	-37.323727	General
1mp9:ChainB:PHE138	-156.699954	129.175384	Pre-Pro
1mp9:ChainB:PRO139	-65.176258	-20.211830	Proline
1mp9:ChainB:GLY140	-100.789215	179.423056	Glycine
1mp9:ChainB:LEU141	-99.756696	134.454357	General
1mp9:ChainB:ILE142	-108.165778	128.383646	General
1mp9:ChainB:TYR143	-121.940100	121.738475	General
1mp9:ChainB:ARG144	-95.014999	106.778156	General
1mp9:ChainB:MET145	-91.977341	143.756182	General
1mp9:ChainB:ASP146	-95.595311	-36.617893	General
1mp9:ChainB:GLU147	-133.029651	104.543705	Pre-Pro
1mp9:ChainB:PRO148	-72.358183	169.182927	Proline
1mp9:ChainB:ARG149	-82.590598	87.386365	General
1mp9:ChainB:VAL150	-138.325581	165.618701	General
1mp9:ChainB:VAL151	-115.774241	133.447686	General
1mp9:ChainB:LEU152	-111.778837	139.028801	General
1mp9:ChainB:LEU153	-112.448498	123.452182	General
1mp9:ChainB:ILE154	-122.670070	127.912120	General
1mp9:ChainB:PHE155	-106.444049	156.017680	General
1mp9:ChainB:SER156	-62.099548	-26.356379	General
1mp9:ChainB:SER157	-70.486608	-9.481008	General
1mp9:ChainB:GLY158	99.331347	-9.950025	Glycine
1mp9:ChainB:LYS159	-71.652178	142.130914	General
1mp9:ChainB:MET160	-138.923450	155.380068	General
1mp9:ChainB:VAL161	-124.005416	135.314728	General
1mp9:ChainB:ILE162	-125.403743	122.324591	General
1mp9:ChainB:THR163	-133.424217	155.292643	General
1mp9:ChainB:GLY164	112.508065	-20.909186	Glycine
1mp9:ChainB:ALA165	-76.404968	151.210937	General
1mp9:ChainB:LYS166	-114.351729	-3.267007	General
1mp9:ChainB:ARG167	-136.446206	143.575905	General
1mp9:ChainB:GLU168	-62.017380	-34.732350	General
1mp9:ChainB:ASP169	-65.444331	-30.960848	General
1mp9:ChainB:GLU170	-63.537187	-39.930425	General
1mp9:ChainB:VAL171	-57.551618	-50.217171	General
1mp9:ChainB:HIS172	-63.092337	-38.427925	General
1mp9:ChainB:LYS173	-60.326260	-46.909796	General
1mp9:ChainB:ALA174	-58.184961	-43.769719	General
1mp9:ChainB:VAL175	-63.795102	-50.372867	General
1mp9:ChainB:LYS176	-58.508974	-43.210289	General
1mp9:ChainB:LYS177	-59.527724	-49.298664	General
1mp9:ChainB:ILE178	-70.362931	-36.372929	General
1mp9:ChainB:PHE179	-60.002886	-51.524641	General
1mp9:ChainB:ASP180	-59.699569	-37.673775	General
1mp9:ChainB:LYS181	-66.202310	-45.640371	General
1mp9:ChainB:LEU182	-60.173199	-36.772506	General
1mp9:ChainB:VAL183	-68.199081	-46.698453	General
1mp9:ChainB:GLU184	-56.819748	-36.165447	General
1mp9:ChainB:LEU185	-86.036505	2.386955	General
1mp9:ChainB:ASP186	55.092257	51.372051	General
1mp9:ChainB:CYS187	-112.875475	7.680653	General
1mp9:ChainB:VAL188	-129.072008	155.084546	General
1mp9:ChainB:LYS189	-137.573581	150.180147	Pre-Pro
1mp9:ChainB:PRO190	-64.972525	153.114869	Proline
