1n1j:ChainA:TYR56	-133.064824	164.214337	General
1n1j:ChainA:LEU57	-74.200445	152.721831	Pre-Pro
1n1j:ChainA:PRO58	-52.283475	129.174042	Proline
1n1j:ChainA:ILE59	-56.154184	-35.879586	General
1n1j:ChainA:ALA60	-61.471220	-40.619261	General
1n1j:ChainA:ASN61	-66.616086	-44.565240	General
1n1j:ChainA:VAL62	-62.398504	-48.124680	General
1n1j:ChainA:ALA63	-60.218908	-37.437153	General
1n1j:ChainA:ARG64	-62.517950	-44.999368	General
1n1j:ChainA:ILE65	-65.957222	-40.659307	General
1n1j:ChainA:MET66	-60.802614	-45.573271	General
1n1j:ChainA:LYS67	-60.479542	-34.514728	General
1n1j:ChainA:ASN68	-70.344867	-14.126282	General
1n1j:ChainA:ALA69	-97.145179	0.024455	General
1n1j:ChainA:ILE70	-128.205977	170.936277	Pre-Pro
1n1j:ChainA:PRO71	-55.780280	151.703702	Proline
1n1j:ChainA:GLN72	-52.285264	-37.716032	General
1n1j:ChainA:THR73	-92.128562	3.014072	General
1n1j:ChainA:GLY74	-71.445194	155.892644	Glycine
1n1j:ChainA:LYS75	-124.326976	160.419050	General
1n1j:ChainA:ILE76	-131.727191	124.741338	General
1n1j:ChainA:ALA77	-67.206662	145.039496	General
1n1j:ChainA:LYS78	-54.219128	-43.017385	General
1n1j:ChainA:ASP79	-59.605779	-32.844623	General
1n1j:ChainA:ALA80	-74.183893	-36.323900	General
1n1j:ChainA:LYS81	-64.578997	-43.193430	General
1n1j:ChainA:GLU82	-64.878673	-34.470128	General
1n1j:ChainA:CYS83	-64.132505	-46.128607	General
1n1j:ChainA:VAL84	-64.403627	-36.812728	General
1n1j:ChainA:GLN85	-56.400748	-46.632162	General
1n1j:ChainA:GLU86	-60.168300	-46.808624	General
1n1j:ChainA:CYS87	-62.035146	-39.655161	General
1n1j:ChainA:VAL88	-63.856483	-43.609809	General
1n1j:ChainA:SER89	-65.603714	-35.780274	General
1n1j:ChainA:GLU90	-66.320633	-37.025639	General
1n1j:ChainA:PHE91	-63.079686	-50.337460	General
1n1j:ChainA:ILE92	-59.507326	-43.123608	General
1n1j:ChainA:SER93	-65.455712	-39.760595	General
1n1j:ChainA:PHE94	-60.775176	-51.964635	General
1n1j:ChainA:ILE95	-64.830546	-44.089993	General
1n1j:ChainA:THR96	-61.330815	-38.656977	General
1n1j:ChainA:SER97	-59.482456	-44.995223	General
1n1j:ChainA:GLU98	-69.723797	-37.952989	General
1n1j:ChainA:ALA99	-65.135773	-33.174118	General
1n1j:ChainA:SER100	-67.798050	-40.237064	General
1n1j:ChainA:GLU101	-63.754997	-46.503956	General
1n1j:ChainA:ARG102	-58.654552	-47.576459	General
1n1j:ChainA:CYS103	-54.505515	-49.354608	General
1n1j:ChainA:HIS104	-62.219856	-42.743289	General
1n1j:ChainA:GLN105	-64.888592	-27.471838	General
1n1j:ChainA:GLU106	-88.944753	13.555352	General
1n1j:ChainA:LYS107	61.451994	34.292311	General
1n1j:ChainA:ARG108	-120.060055	175.316929	General
1n1j:ChainA:LYS109	-128.376121	-22.227078	General
1n1j:ChainA:THR110	-101.483283	115.117685	General
1n1j:ChainA:ILE111	-64.556331	118.279908	General
1n1j:ChainA:ASN112	-104.151930	-177.495507	General
1n1j:ChainA:GLY113	-60.344842	-39.695415	Glycine
1n1j:ChainA:GLU114	-64.233969	-36.910430	General
1n1j:ChainA:ASP115	-63.583592	-42.057712	General
1n1j:ChainA:ILE116	-65.326076	-46.359348	General
1n1j:ChainA:LEU117	-67.119553	-35.879883	General
1n1j:ChainA:PHE118	-63.072490	-44.981735	General
1n1j:ChainA:ALA119	-61.092893	-44.267765	General
1n1j:ChainA:MET120	-62.206103	-41.282247	General
1n1j:ChainA:SER121	-68.428011	-39.757857	General
1n1j:ChainA:THR122	-70.039730	-34.385063	General
1n1j:ChainA:LEU123	-89.755216	5.909450	General
1n1j:ChainA:GLY124	102.614565	7.375263	Glycine
1n1j:ChainA:PHE125	-114.011660	36.218497	General
1n1j:ChainA:ASP126	-57.833445	-29.552967	General
1n1j:ChainA:SER127	-63.839018	-14.960977	General
1n1j:ChainA:TYR128	-81.587916	-24.607645	General
1n1j:ChainA:VAL129	-54.181608	-57.441881	General
1n1j:ChainA:GLU130	-60.668725	-45.779822	Pre-Pro
1n1j:ChainA:PRO131	-60.171302	-37.388754	Proline
1n1j:ChainA:LEU132	-69.403107	-40.361899	General
1n1j:ChainA:LYS133	-62.452391	-41.437081	General
1n1j:ChainA:LEU134	-64.315860	-42.463991	General
1n1j:ChainA:TYR135	-62.394489	-46.534028	General
1n1j:ChainA:LEU136	-65.525842	-38.010100	General
1n1j:ChainA:GLN137	-63.219406	-44.953359	General
1n1j:ChainA:LYS138	-67.070664	-34.833820	General
1n1j:ChainA:PHE139	-64.633613	-37.178592	General
1n1j:ChainA:ARG140	-96.673298	-7.447358	General
1n1j:ChainB:PRO44	-74.437688	124.840420	Proline
1n1j:ChainB:LEU45	-74.022299	-28.595366	General
1n1j:ChainB:ALA46	-61.767436	-36.037706	General
1n1j:ChainB:ARG47	-67.954642	-39.291798	General
1n1j:ChainB:ILE48	-63.196386	-42.015040	General
1n1j:ChainB:LYS49	-62.594491	-39.932612	General
1n1j:ChainB:LYS50	-63.638221	-40.544005	General
1n1j:ChainB:ILE51	-63.393282	-44.539012	General
1n1j:ChainB:MET52	-59.494366	-39.144596	General
1n1j:ChainB:LYS53	-77.405018	3.627271	General
1n1j:ChainB:LEU54	-68.808408	-23.581403	General
1n1j:ChainB:ASP55	-78.767371	113.377115	General
1n1j:ChainB:GLU56	-50.358118	-32.398662	General
1n1j:ChainB:ASP57	-82.888632	0.947274	General
1n1j:ChainB:VAL58	-106.289099	102.014048	General
1n1j:ChainB:LYS59	-115.137329	-25.548092	General
1n1j:ChainB:MET60	-126.481774	121.479979	General
1n1j:ChainB:ILE61	-126.227056	131.439964	General
1n1j:ChainB:SER62	-63.333430	155.644512	General
1n1j:ChainB:ALA63	-65.389660	-32.012960	General
1n1j:ChainB:GLU64	-75.322115	-22.620259	General
1n1j:ChainB:ALA65	-59.465807	-47.805682	Pre-Pro
1n1j:ChainB:PRO66	-63.135988	-30.342164	Proline
1n1j:ChainB:VAL67	-64.486232	-45.310060	General
1n1j:ChainB:LEU68	-61.841659	-40.588625	General
1n1j:ChainB:PHE69	-68.776056	-30.287156	General
1n1j:ChainB:ALA70	-61.119208	-44.516322	General
1n1j:ChainB:LYS71	-72.393941	-40.036443	General
1n1j:ChainB:ALA72	-61.305682	-40.482322	General
1n1j:ChainB:ALA73	-61.780827	-38.758649	General
1n1j:ChainB:GLN74	-65.208272	-46.162858	General
1n1j:ChainB:ILE75	-61.272804	-46.122859	General
1n1j:ChainB:PHE76	-62.094599	-50.555445	General
1n1j:ChainB:ILE77	-58.085537	-42.855073	General
1n1j:ChainB:THR78	-61.300461	-50.253478	General
1n1j:ChainB:GLU79	-66.110277	-39.927912	General
1n1j:ChainB:LEU80	-64.914530	-42.316495	General
1n1j:ChainB:THR81	-66.750854	-46.830985	General
1n1j:ChainB:LEU82	-56.337800	-45.379218	General
1n1j:ChainB:ARG83	-68.385080	-34.350866	General
1n1j:ChainB:ALA84	-68.211826	-39.591116	General
1n1j:ChainB:TRP85	-62.067080	-24.220114	General
1n1j:ChainB:ILE86	-59.051066	-42.305290	General
1n1j:ChainB:HIS87	-76.968992	-28.194358	General
1n1j:ChainB:THR88	-63.936599	-47.474553	General
1n1j:ChainB:GLU89	-67.365298	-36.851100	General
1n1j:ChainB:ASP90	-60.786785	-29.422064	General
1n1j:ChainB:ASN91	-93.768943	9.147815	General
1n1j:ChainB:LYS92	56.091744	32.706805	General
1n1j:ChainB:ARG93	-101.943640	162.049010	General
1n1j:ChainB:ARG94	-113.831794	-2.326019	General
1n1j:ChainB:THR95	-115.884176	121.469948	General
1n1j:ChainB:LEU96	-73.252639	126.911942	General
1n1j:ChainB:GLN97	-116.754726	162.321758	General
1n1j:ChainB:ARG98	-56.068123	-37.438984	General
1n1j:ChainB:ASN99	-65.377684	-24.774725	General
1n1j:ChainB:ASP100	-72.018456	-36.910388	General
1n1j:ChainB:ILE101	-69.092577	-45.363751	General
1n1j:ChainB:ALA102	-57.830453	-40.505915	General
1n1j:ChainB:MET103	-65.835481	-46.549983	General
1n1j:ChainB:ALA104	-57.010712	-38.605536	General
1n1j:ChainB:ILE105	-60.040124	-35.045524	General
1n1j:ChainB:THR106	-77.518722	-5.316855	General
1n1j:ChainB:LYS107	-110.105936	1.712230	General
1n1j:ChainB:PHE108	-134.135067	119.667297	General
1n1j:ChainB:ASP109	-55.703273	-33.075252	General
1n1j:ChainB:GLN110	-63.940937	-20.160925	General
1n1j:ChainB:PHE111	-101.185659	10.058390	General
1n1j:ChainB:ASP112	-51.164954	-39.126883	General
1n1j:ChainB:PHE113	-61.477543	-14.523027	General
1n1j:ChainB:LEU114	-99.578218	-2.767083	General
1n1j:ChainB:ILE115	-51.915460	-43.674127	General
1n1j:ChainB:ASP116	-87.551070	-9.301986	General
1n1j:ChainB:ILE117	-80.830530	-41.501067	General
1n1j:ChainB:VAL118	-132.710045	78.025407	Pre-Pro
1n1j:ChainB:PRO119	-77.753064	151.800951	Proline
