1oqj:ChainA:MET91	-114.016143	151.350714	General
1oqj:ChainA:GLU92	-94.461576	96.221262	General
1oqj:ChainA:ILE93	-59.255085	129.835430	General
1oqj:ChainA:ALA94	-152.821539	175.571405	General
1oqj:ChainA:TYR95	-143.726747	140.826313	Pre-Pro
1oqj:ChainA:PRO96	-77.677847	130.847663	Proline
1oqj:ChainA:ILE97	-129.131710	167.529888	General
1oqj:ChainA:THR98	-142.506561	164.903473	General
1oqj:ChainA:CYS99	-156.597999	116.100311	General
1oqj:ChainA:GLY100	63.666882	-126.407654	Glycine
1oqj:ChainA:GLU101	-107.217088	18.049231	General
1oqj:ChainA:SER102	-101.312846	142.393925	General
1oqj:ChainA:LYS103	-115.245187	142.938369	General
1oqj:ChainA:ALA104	-152.898507	179.789480	General
1oqj:ChainA:ILE105	-126.274207	126.354026	General
1oqj:ChainA:LEU106	-92.073696	119.267130	General
1oqj:ChainA:LEU107	-84.997435	104.540022	General
1oqj:ChainA:TRP108	-53.934982	-47.260987	General
1oqj:ChainA:LYS109	-68.534202	-20.407523	General
1oqj:ChainA:LYS110	-86.006701	-10.097503	General
1oqj:ChainA:PHE111	-79.157706	78.594189	General
1oqj:ChainA:VAL112	-102.588864	139.293707	General
1oqj:ChainA:CYS113	-55.139875	140.886113	Pre-Pro
1oqj:ChainA:PRO114	-88.305901	14.268706	Proline
1oqj:ChainA:GLY115	65.495693	-38.912181	Glycine
1oqj:ChainA:ILE116	-43.405545	-50.744572	General
1oqj:ChainA:ASN117	-109.145955	22.299835	General
1oqj:ChainA:VAL118	-95.243948	129.747781	General
1oqj:ChainA:LYS119	-76.036020	98.301358	General
1oqj:ChainA:CYS120	-140.440491	7.638584	General
1oqj:ChainA:VAL121	-116.110967	124.574389	General
1oqj:ChainA:LYS122	-92.825385	118.836805	General
1oqj:ChainA:PHE123	-138.421537	117.013930	General
1oqj:ChainA:ASN124	55.162448	44.152413	General
1oqj:ChainA:ASP125	64.397455	20.828527	General
1oqj:ChainA:GLN126	-123.519761	138.632190	General
1oqj:ChainA:LEU127	-89.302876	115.914159	General
1oqj:ChainA:ILE128	-129.360763	173.477817	General
1oqj:ChainA:SER129	-86.996420	160.893899	Pre-Pro
1oqj:ChainA:PRO130	-59.880848	-36.380405	Proline
1oqj:ChainA:LYS131	-61.220958	-44.002830	General
1oqj:ChainA:HIS132	-70.960810	-40.045955	General
1oqj:ChainA:PHE133	-59.150946	-48.372142	General
1oqj:ChainA:VAL134	-59.437749	-39.733432	General
1oqj:ChainA:HIS135	-65.069930	-48.030866	General
1oqj:ChainA:LEU136	-64.264966	-28.948390	General
1oqj:ChainA:ALA137	-80.658831	-7.573816	General
1oqj:ChainA:GLY138	84.918728	21.949767	Glycine
1oqj:ChainA:LYS139	-116.221162	22.851497	General
1oqj:ChainA:SER140	-63.959138	-25.623471	General
1oqj:ChainA:THR141	-67.418254	-7.888969	General
1oqj:ChainA:LEU142	-82.590424	-23.629605	General
1oqj:ChainA:LYS143	53.280018	41.410190	General
1oqj:ChainA:ASP144	-161.625218	80.207441	General
1oqj:ChainA:TRP145	-55.936918	-33.139153	General
1oqj:ChainA:LYS146	-67.481008	-22.991168	General
1oqj:ChainA:ARG147	-98.776978	-21.400416	General
1oqj:ChainA:ALA148	-75.869990	-37.211621	General
1oqj:ChainA:ILE149	-85.474543	136.610213	General
1oqj:ChainA:ARG150	-123.289165	152.195776	General
1oqj:ChainA:LEU151	-130.188273	112.643902	General
1oqj:ChainA:GLY152	62.952881	29.130060	Glycine
1oqj:ChainA:GLY153	84.627979	-9.214939	Glycine
1oqj:ChainA:ILE154	-97.308022	136.946702	General
1oqj:ChainA:MET155	-54.091474	132.985677	General
1oqj:ChainA:LEU156	-53.973018	-36.907492	General
1oqj:ChainA:ARG157	-48.843555	-45.683526	General
1oqj:ChainA:LYS158	-69.669787	-37.460169	General
1oqj:ChainA:MET159	-67.795665	-31.633787	General
1oqj:ChainA:MET160	-72.257095	-46.740603	General
1oqj:ChainA:ASP161	-62.343002	-29.731803	General
1oqj:ChainA:SER162	-71.057887	-16.531407	General
1oqj:ChainA:GLY163	84.642312	-7.452726	Glycine
1oqj:ChainA:GLN164	-79.387080	-33.034069	General
1oqj:ChainA:ILE165	-137.905686	61.755821	General
1oqj:ChainA:ASP166	-99.329707	176.162122	General
1oqj:ChainA:PHE167	-54.130558	143.815337	General
1oqj:ChainA:TYR168	-62.111489	127.026939	General
1oqj:ChainA:GLN169	59.200976	33.238524	General
1oqj:ChainA:HIS170	-57.464356	-28.514085	General
1oqj:ChainA:ASP171	-68.025524	-15.218645	General
1oqj:ChainA:LYS172	-123.757562	-23.366260	General
1oqj:ChainA:VAL173	-117.270769	106.762599	General
1oqj:ChainA:CYS174	-151.110226	146.051719	General
1oqj:ChainA:SER175	-97.359373	-11.016918	General
1oqj:ChainA:ASN176	70.435255	18.789143	General
1oqj:ChainA:THR177	-127.299003	5.177392	General
1oqj:ChainA:CYS178	-71.187317	-16.989749	General
1oqj:ChainB:MET91	-73.195175	133.867871	General
1oqj:ChainB:GLU92	-93.784893	104.346481	General
1oqj:ChainB:ILE93	-62.772255	122.590268	General
1oqj:ChainB:ALA94	-129.594265	122.712621	General
1oqj:ChainB:TYR95	-98.973233	121.448698	Pre-Pro
1oqj:ChainB:PRO96	-64.049079	131.947105	Proline
1oqj:ChainB:ILE97	-135.321765	165.724760	General
1oqj:ChainB:THR98	-144.573262	159.073482	General
1oqj:ChainB:CYS99	-141.663939	111.814065	General
1oqj:ChainB:GLY100	65.486202	-133.278213	Glycine
1oqj:ChainB:GLU101	-102.772562	13.373453	General
1oqj:ChainB:SER102	-88.133343	131.315408	General
1oqj:ChainB:LYS103	-103.041846	141.096856	General
1oqj:ChainB:ALA104	-152.800006	-177.073109	General
1oqj:ChainB:ILE105	-130.577518	136.472962	General
1oqj:ChainB:LEU106	-98.633130	115.593986	General
1oqj:ChainB:LEU107	-80.201952	100.634092	General
1oqj:ChainB:TRP108	-39.441208	-57.039628	General
1oqj:ChainB:LYS109	-60.238113	-27.103528	General
1oqj:ChainB:LYS110	-89.899898	-11.695022	General
1oqj:ChainB:PHE111	-78.188005	75.696243	General
1oqj:ChainB:VAL112	-106.164485	153.669160	General
1oqj:ChainB:CYS113	-52.718787	136.026852	Pre-Pro
1oqj:ChainB:PRO114	-90.844597	12.203263	Proline
1oqj:ChainB:GLY115	72.364597	-47.600548	Glycine
1oqj:ChainB:ILE116	-41.390892	-50.086813	General
1oqj:ChainB:ASN117	-107.781821	12.467214	General
1oqj:ChainB:VAL118	-90.007991	137.541521	General
1oqj:ChainB:LYS119	-77.310165	91.817665	General
1oqj:ChainB:CYS120	-133.925111	11.345453	General
1oqj:ChainB:VAL121	-118.388142	132.730257	General
1oqj:ChainB:LYS122	-103.233867	112.335611	General
1oqj:ChainB:PHE123	-136.679041	132.849545	General
1oqj:ChainB:ASN124	53.550159	36.306687	General
1oqj:ChainB:ASP125	64.624661	16.838754	General
1oqj:ChainB:GLN126	-117.743135	145.171731	General
1oqj:ChainB:LEU127	-88.985247	114.747217	General
1oqj:ChainB:ILE128	-134.138232	177.963543	General
1oqj:ChainB:SER129	-92.930374	158.033845	Pre-Pro
1oqj:ChainB:PRO130	-58.416522	-35.650749	Proline
1oqj:ChainB:LYS131	-64.430418	-43.674971	General
1oqj:ChainB:HIS132	-63.324056	-45.302419	General
1oqj:ChainB:PHE133	-56.347533	-46.051261	General
1oqj:ChainB:VAL134	-65.904386	-35.789206	General
1oqj:ChainB:HIS135	-62.844273	-48.746377	General
1oqj:ChainB:LEU136	-66.368905	-38.744792	General
1oqj:ChainB:ALA137	-99.457627	-16.042675	General
1oqj:ChainB:GLY138	-100.967927	7.836534	Glycine
1oqj:ChainB:LYS139	57.131350	37.077258	General
1oqj:ChainB:SER140	55.285217	34.124179	General
1oqj:ChainB:THR141	-80.921498	149.391412	General
1oqj:ChainB:LEU142	-78.377577	94.669911	General
1oqj:ChainB:LYS143	-158.283224	125.363762	General
1oqj:ChainB:ASP144	-50.396810	138.321818	General
1oqj:ChainB:TRP145	-53.006999	-34.646335	General
1oqj:ChainB:LYS146	-65.568923	-31.953456	General
1oqj:ChainB:ARG147	-84.721864	-28.991084	General
1oqj:ChainB:ALA148	-79.164199	-25.757510	General
1oqj:ChainB:ILE149	-94.610607	135.121282	General
1oqj:ChainB:ARG150	-116.592237	146.423850	General
1oqj:ChainB:LEU151	-125.885708	113.589743	General
1oqj:ChainB:GLY152	68.190569	22.187401	Glycine
1oqj:ChainB:GLY153	86.771524	-10.212059	Glycine
1oqj:ChainB:ILE154	-91.863257	139.562956	General
1oqj:ChainB:MET155	-62.112002	124.642147	General
1oqj:ChainB:LEU156	-57.852128	-39.355106	General
1oqj:ChainB:ARG157	-57.648890	-43.782092	General
1oqj:ChainB:LYS158	-67.771274	-36.914511	General
1oqj:ChainB:MET159	-65.831148	-40.688256	General
1oqj:ChainB:MET160	-71.134163	-41.247518	General
1oqj:ChainB:ASP161	-62.249529	-32.975369	General
1oqj:ChainB:SER162	-90.525116	-0.258937	General
1oqj:ChainB:GLY163	72.796751	16.046079	Glycine
1oqj:ChainB:GLN164	-76.695840	-8.779457	General
1oqj:ChainB:ILE165	-162.247331	149.721595	General
1oqj:ChainB:ASP166	-149.674469	169.261365	General
1oqj:ChainB:PHE167	-61.978010	148.979580	General
1oqj:ChainB:TYR168	-59.068247	129.409301	General
1oqj:ChainB:GLN169	52.257737	33.197340	General
1oqj:ChainB:HIS170	-55.663463	-33.477940	General
1oqj:ChainB:ASP171	-63.189779	-20.326355	General
1oqj:ChainB:LYS172	-117.202741	-18.839034	General
1oqj:ChainB:VAL173	-130.716454	104.390375	General
1oqj:ChainB:CYS174	-135.069634	134.516556	General
1oqj:ChainB:SER175	-85.529562	-6.983634	General
1oqj:ChainB:ASN176	65.453970	28.443033	General
1oqj:ChainB:THR177	-134.418364	10.247129	General
