1udv:ChainA:GLU3	-96.339922	60.511334	General
1udv:ChainA:LYS4	-81.985068	-147.288634	General
1udv:ChainA:LEU5	67.596319	-170.102340	General
1udv:ChainA:ASN6	-110.284457	91.677019	General
1udv:ChainA:GLU7	-98.132033	137.460506	General
1udv:ChainA:ILE8	-119.378122	124.411252	General
1udv:ChainA:VAL9	-90.186308	122.449432	General
1udv:ChainA:VAL10	-68.001236	110.831516	General
1udv:ChainA:ARG11	-87.063276	153.172192	General
1udv:ChainA:LYS12	-79.747867	-22.920352	General
1udv:ChainA:THR13	-88.037342	-10.258621	General
1udv:ChainA:LYS14	-109.975669	134.990069	General
1udv:ChainA:ASN15	-74.920767	165.207587	General
1udv:ChainA:VAL16	-53.963368	-45.254715	General
1udv:ChainA:GLU17	-63.306295	-36.554914	General
1udv:ChainA:ASP18	-62.353420	-46.997251	General
1udv:ChainA:HIS19	-59.593999	-44.766133	General
1udv:ChainA:VAL20	-58.284268	-46.511064	General
1udv:ChainA:LEU21	-65.735110	-35.002524	General
1udv:ChainA:ASP22	-64.161278	-40.593858	General
1udv:ChainA:VAL23	-65.684148	-43.644359	General
1udv:ChainA:ILE24	-63.418904	-32.338802	General
1udv:ChainA:VAL25	-60.588118	-38.959568	General
1udv:ChainA:LEU26	-69.070888	-53.056441	General
1udv:ChainA:PHE27	-47.664479	-48.416726	General
1udv:ChainA:ASN28	-61.954793	-24.173241	General
1udv:ChainA:GLN29	-94.601671	10.094130	General
1udv:ChainA:GLY30	102.069390	-5.227086	Glycine
1udv:ChainA:ILE31	-83.818204	92.332532	General
1udv:ChainA:ASP32	-76.118947	-17.344853	General
1udv:ChainA:GLU33	-124.137883	124.850571	General
1udv:ChainA:VAL34	-128.231946	147.885447	General
1udv:ChainA:ILE35	-115.728603	118.972409	General
1udv:ChainA:LEU36	-91.974692	125.069242	General
1udv:ChainA:LYS37	-117.626714	132.913472	General
1udv:ChainA:GLY38	-134.464717	130.323283	Glycine
1udv:ChainA:THR39	-117.949654	145.472801	General
1udv:ChainA:GLY40	59.560270	-128.652348	Glycine
1udv:ChainA:ARG41	-67.755537	-21.838165	General
1udv:ChainA:GLU42	-75.546085	-1.917540	General
1udv:ChainA:ILE43	-64.029820	-41.984513	General
1udv:ChainA:SER44	-61.090978	-43.640951	General
1udv:ChainA:LYS45	-61.601764	-42.027001	General
1udv:ChainA:ALA46	-57.587301	-41.771727	General
1udv:ChainA:VAL47	-65.837203	-40.107384	General
1udv:ChainA:ASP48	-58.539175	-41.418163	General
1udv:ChainA:VAL49	-62.893476	-46.271068	General
1udv:ChainA:TYR50	-58.676476	-47.491898	General
1udv:ChainA:ASN51	-58.225088	-40.899706	General
1udv:ChainA:SER52	-66.187709	-37.959228	General
1udv:ChainA:LEU53	-65.925959	-44.965705	General
1udv:ChainA:LYS54	-62.624617	-37.647831	General
1udv:ChainA:ASP55	-63.898111	-36.573622	General
1udv:ChainA:ARG56	-93.757928	-16.358948	General
1udv:ChainA:LEU57	-106.993966	-16.559401	General
1udv:ChainA:GLY58	47.562915	-124.316372	Glycine
1udv:ChainA:ASP59	-63.419992	-12.012864	General
1udv:ChainA:GLY60	-74.173587	-12.471772	Glycine
1udv:ChainA:VAL61	-132.484821	144.303860	General
1udv:ChainA:GLN62	-129.143201	138.142585	General
1udv:ChainA:LEU63	-87.871207	99.667937	General
1udv:ChainA:VAL64	-57.714441	-57.455727	General
1udv:ChainA:ASN65	-159.668038	166.264742	General
1udv:ChainA:VAL66	-123.211447	126.903816	General
1udv:ChainA:GLN67	-123.729058	122.840202	General
1udv:ChainA:THR68	-114.509198	148.522535	General
1udv:ChainA:GLY69	-163.300222	-164.706033	Glycine
1udv:ChainA:SER70	-139.631963	132.727645	General
1udv:ChainA:GLU71	-120.209094	-165.440087	General
1udv:ChainA:VAL72	-91.975648	-71.903798	General
1udv:ChainA:ARG73	63.331180	-149.610750	General
1udv:ChainA:ASP74	-35.546487	-87.711177	General
1udv:ChainA:ARG75	-136.799559	-19.693282	General
1udv:ChainA:ARG76	-123.944747	155.501406	General
1udv:ChainA:ARG77	-61.963621	116.010364	General
1udv:ChainA:ILE78	-109.553672	145.018655	General
1udv:ChainA:SER79	-79.627965	155.034403	General
1udv:ChainA:TYR80	-146.572139	160.882787	General
1udv:ChainA:ILE81	-137.091805	146.355436	General
1udv:ChainA:LEU82	-130.146590	118.814732	General
1udv:ChainA:LEU83	-109.010851	109.853917	General
1udv:ChainA:ARG84	-90.813555	121.802303	General
1udv:ChainA:LEU85	-112.107121	142.997116	General
1udv:ChainA:LYS86	-128.630633	128.285818	General
1udv:ChainA:ARG87	-81.430136	128.473155	General
1udv:ChainA:VAL88	-119.576402	144.438247	General
1udv:ChainB:LEU5	-124.101173	-14.745899	General
1udv:ChainB:ASN6	-119.504170	21.295087	General
1udv:ChainB:GLU7	-111.719737	134.615182	General
1udv:ChainB:ILE8	-110.654202	108.210709	General
1udv:ChainB:VAL9	-83.121935	114.838308	General
1udv:ChainB:VAL10	-66.914093	121.643334	General
1udv:ChainB:ARG11	-100.288702	148.348483	General
1udv:ChainB:LYS12	-63.921680	-36.178339	General
1udv:ChainB:THR13	-89.781662	6.260865	General
1udv:ChainB:LYS14	-118.578442	140.711325	General
1udv:ChainB:ASN15	-74.958222	166.031530	General
1udv:ChainB:VAL16	-53.691878	-50.908186	General
1udv:ChainB:GLU17	-59.366728	-32.466890	General
1udv:ChainB:ASP18	-63.465728	-41.612967	General
1udv:ChainB:HIS19	-69.248153	-37.921089	General
1udv:ChainB:VAL20	-57.419740	-49.298362	General
1udv:ChainB:LEU21	-59.934062	-33.686158	General
1udv:ChainB:ASP22	-63.258772	-37.841652	General
1udv:ChainB:VAL23	-66.645830	-58.429052	General
1udv:ChainB:ILE24	-47.783009	-39.951914	General
1udv:ChainB:VAL25	-60.565547	-41.073632	General
1udv:ChainB:LEU26	-69.688996	-44.701318	General
1udv:ChainB:PHE27	-57.129593	-43.069123	General
1udv:ChainB:ASN28	-67.463360	-26.666841	General
1udv:ChainB:GLN29	-74.518895	-3.394671	General
1udv:ChainB:GLY30	93.312779	9.603818	Glycine
1udv:ChainB:ILE31	-79.326811	125.607575	General
1udv:ChainB:ASP32	-72.331666	-47.551229	General
1udv:ChainB:GLU33	-127.413511	148.450255	General
1udv:ChainB:VAL34	-135.114279	144.081710	General
1udv:ChainB:ILE35	-104.276245	117.115094	General
1udv:ChainB:LEU36	-98.738254	111.661357	General
1udv:ChainB:LYS37	-115.019082	141.226533	General
1udv:ChainB:GLY38	-140.514420	138.870046	Glycine
1udv:ChainB:THR39	-127.513608	150.765366	General
1udv:ChainB:GLY40	59.862971	-132.398613	Glycine
1udv:ChainB:ARG41	-61.837392	-26.504063	General
1udv:ChainB:GLU42	-75.736763	-1.928181	General
1udv:ChainB:ILE43	-63.590668	-41.972067	General
1udv:ChainB:SER44	-60.235412	-44.687223	General
1udv:ChainB:LYS45	-63.743497	-37.463437	General
1udv:ChainB:ALA46	-60.447862	-39.650753	General
1udv:ChainB:VAL47	-71.652798	-33.307854	General
1udv:ChainB:ASP48	-62.589492	-42.608431	General
1udv:ChainB:VAL49	-62.459397	-39.670779	General
1udv:ChainB:TYR50	-65.261743	-51.095986	General
1udv:ChainB:ASN51	-60.340496	-27.666569	General
1udv:ChainB:SER52	-75.593783	-44.615137	General
1udv:ChainB:LEU53	-58.143131	-47.371383	General
1udv:ChainB:LYS54	-63.202841	-37.767849	General
1udv:ChainB:ASP55	-66.158912	-25.027129	General
1udv:ChainB:ARG56	-93.601323	-45.113911	General
1udv:ChainB:LEU57	-98.810827	-20.450273	General
1udv:ChainB:GLY58	50.078597	-133.278271	Glycine
1udv:ChainB:ASP59	-51.449015	-14.270187	General
1udv:ChainB:GLY60	-74.626443	-5.871544	Glycine
1udv:ChainB:VAL61	-136.143992	148.557688	General
1udv:ChainB:GLN62	-139.665277	135.597908	General
1udv:ChainB:LEU63	-89.093662	113.397724	General
1udv:ChainB:VAL64	-70.818588	-55.456101	General
1udv:ChainB:ASN65	-158.926293	163.040973	General
1udv:ChainB:VAL66	-120.746949	125.567784	General
1udv:ChainB:GLN67	-115.103581	125.512004	General
1udv:ChainB:THR68	-125.761336	146.683482	General
1udv:ChainB:GLY69	178.771850	-157.417483	Glycine
1udv:ChainB:SER70	-133.093992	150.797914	General
1udv:ChainB:GLU71	-135.367656	170.352271	General
1udv:ChainB:VAL72	-107.685683	123.257597	General
1udv:ChainB:ARG73	-129.826302	120.187481	General
1udv:ChainB:ASP74	59.551607	45.029496	General
1udv:ChainB:ARG75	55.573085	34.258312	General
1udv:ChainB:ARG76	-139.492543	148.974300	General
1udv:ChainB:ARG77	-89.307645	134.277690	General
1udv:ChainB:ILE78	-138.391002	141.949020	General
1udv:ChainB:SER79	-80.469332	155.005210	General
1udv:ChainB:TYR80	-143.520873	161.762575	General
1udv:ChainB:ILE81	-138.470324	144.205460	General
1udv:ChainB:LEU82	-131.343434	128.664490	General
1udv:ChainB:LEU83	-118.597597	112.004109	General
1udv:ChainB:ARG84	-88.827669	114.589738	General
1udv:ChainB:LEU85	-109.446965	138.291703	General
1udv:ChainB:LYS86	-110.704363	130.814060	General
1udv:ChainB:ARG87	-55.209247	-43.446915	General
1udv:ChainB:VAL88	57.869061	83.125599	General
