1ufi:ChainA:MET4	-70.216336	158.760724	Pre-Pro
1ufi:ChainA:PRO5	-63.660637	151.916892	Proline
1ufi:ChainA:VAL6	-91.997247	110.471736	Pre-Pro
1ufi:ChainA:PRO7	-80.355135	165.879008	Proline
1ufi:ChainA:SER8	-75.264591	171.007271	General
1ufi:ChainA:PHE9	-58.936433	-43.996766	General
1ufi:ChainA:GLY10	-68.372740	-43.100775	Glycine
1ufi:ChainA:GLU11	-60.107733	-48.928403	General
1ufi:ChainA:ALA12	-57.957418	-40.650569	General
1ufi:ChainA:MET13	-70.580189	-34.204145	General
1ufi:ChainA:ALA14	-60.239585	-49.156492	General
1ufi:ChainA:TYR15	-58.760399	-46.713593	General
1ufi:ChainA:PHE16	-58.617459	-37.036999	General
1ufi:ChainA:ALA17	-58.577677	-38.976363	General
1ufi:ChainA:MET18	-74.058056	-39.795830	General
1ufi:ChainA:VAL19	-55.677763	-44.927885	General
1ufi:ChainA:LYS20	-65.018441	-37.242093	General
1ufi:ChainA:ARG21	-64.573346	-39.903735	General
1ufi:ChainA:TYR22	-64.781253	-53.680973	General
1ufi:ChainA:LEU23	-62.495372	-47.343986	General
1ufi:ChainA:THR24	-74.945347	3.789574	General
1ufi:ChainA:SER25	-82.836658	-12.930909	General
1ufi:ChainA:PHE26	-101.354769	159.292775	Pre-Pro
1ufi:ChainA:PRO27	-62.940591	128.968558	Proline
1ufi:ChainA:ILE28	-121.198675	125.206251	General
1ufi:ChainA:ASP29	-77.142797	172.034956	General
1ufi:ChainA:ASP30	-66.675459	-27.510125	General
1ufi:ChainA:ARG31	-65.447644	-43.554890	General
1ufi:ChainA:VAL32	-63.027257	-44.985900	General
1ufi:ChainA:GLN33	-55.151910	-45.539493	General
1ufi:ChainA:SER34	-61.565813	-44.447326	General
1ufi:ChainA:HIS35	-59.799035	-40.129045	General
1ufi:ChainA:ILE36	-60.645512	-51.639105	General
1ufi:ChainA:LEU37	-64.223281	-36.538079	General
1ufi:ChainA:HIS38	-64.754488	-47.671906	General
1ufi:ChainA:LEU39	-65.647284	-36.862282	General
1ufi:ChainA:GLU40	-61.166129	-40.664693	General
1ufi:ChainA:HIS41	-66.626551	-44.629016	General
1ufi:ChainA:ASP42	-62.284695	-45.644021	General
1ufi:ChainA:LEU43	-55.415784	-42.368864	General
1ufi:ChainA:VAL44	-74.443875	-45.162789	General
1ufi:ChainA:HIS45	-86.104080	-31.379812	General
1ufi:ChainA:VAL46	-56.117691	-41.953968	General
1ufi:ChainA:THR47	-66.301038	-50.380990	General
1ufi:ChainA:ARG48	-55.111929	-38.334738	General
1ufi:ChainA:LYS49	-82.503312	-23.866367	General
1ufi:ChainB:VAL6	-78.908260	128.052873	Pre-Pro
1ufi:ChainB:PRO7	-57.239356	154.950987	Proline
1ufi:ChainB:SER8	-67.831500	164.258750	General
1ufi:ChainB:PHE9	-53.733204	-47.823697	General
1ufi:ChainB:GLY10	-56.442435	-50.287727	Glycine
1ufi:ChainB:GLU11	-55.623489	-47.091153	General
1ufi:ChainB:ALA12	-51.196682	-47.938549	General
1ufi:ChainB:MET13	-67.150946	-35.776039	General
1ufi:ChainB:ALA14	-65.109258	-46.332880	General
1ufi:ChainB:TYR15	-63.009054	-44.026842	General
1ufi:ChainB:PHE16	-60.739943	-44.217377	General
1ufi:ChainB:ALA17	-52.205351	-45.024151	General
1ufi:ChainB:MET18	-72.625796	-38.126003	General
1ufi:ChainB:VAL19	-58.790380	-41.603076	General
1ufi:ChainB:LYS20	-68.468018	-46.617621	General
1ufi:ChainB:ARG21	-53.899736	-43.438086	General
1ufi:ChainB:TYR22	-59.337831	-57.075624	General
1ufi:ChainB:LEU23	-56.449065	-39.088752	General
1ufi:ChainB:THR24	-80.752098	-6.882854	General
1ufi:ChainB:SER25	-77.236426	-9.730000	General
1ufi:ChainB:PHE26	-102.675457	157.114002	Pre-Pro
1ufi:ChainB:PRO27	-70.998684	118.025142	Proline
1ufi:ChainB:ILE28	-118.592829	152.105537	General
1ufi:ChainB:ASP29	-97.097835	-155.692468	General
1ufi:ChainB:ASP30	-76.912665	-28.801346	General
1ufi:ChainB:ARG31	-63.450057	-51.854808	General
1ufi:ChainB:VAL32	-63.358088	-40.629427	General
1ufi:ChainB:GLN33	-55.470248	-42.256953	General
1ufi:ChainB:SER34	-69.574998	-32.421096	General
1ufi:ChainB:HIS35	-66.289577	-36.225737	General
1ufi:ChainB:ILE36	-58.434410	-50.890017	General
1ufi:ChainB:LEU37	-65.906387	-38.347877	General
1ufi:ChainB:HIS38	-59.615207	-47.786805	General
1ufi:ChainB:LEU39	-71.132974	-34.130981	General
1ufi:ChainB:GLU40	-63.374034	-40.605357	General
1ufi:ChainB:HIS41	-58.652137	-52.628619	General
1ufi:ChainB:ASP42	-53.781960	-41.416441	General
1ufi:ChainB:LEU43	-61.919726	-37.643452	General
1ufi:ChainB:VAL44	-79.776619	-47.090936	General
1ufi:ChainB:HIS45	-79.114879	-35.191559	General
1ufi:ChainB:VAL46	-60.355587	-40.987833	General
1ufi:ChainB:THR47	-65.113383	-49.855651	General
1ufi:ChainB:ARG48	-57.663425	-52.680917	General
1ufi:ChainB:LYS49	-56.843125	-50.017094	General
1ufi:ChainC:HIS3	-85.981883	-4.461619	General
1ufi:ChainC:MET4	-63.829188	124.087401	Pre-Pro
1ufi:ChainC:PRO5	-64.485272	143.269700	Proline
1ufi:ChainC:VAL6	-84.886154	116.057703	Pre-Pro
1ufi:ChainC:PRO7	-63.223272	158.457565	Proline
1ufi:ChainC:SER8	-72.316852	166.911474	General
1ufi:ChainC:PHE9	-57.915803	-47.695265	General
1ufi:ChainC:GLY10	-66.138678	-41.080846	Glycine
1ufi:ChainC:GLU11	-59.134628	-45.712713	General
1ufi:ChainC:ALA12	-61.256796	-38.864331	General
1ufi:ChainC:MET13	-68.521662	-35.802574	General
1ufi:ChainC:ALA14	-64.944245	-40.970804	General
1ufi:ChainC:TYR15	-68.673585	-43.721214	General
1ufi:ChainC:PHE16	-54.457444	-41.387365	General
1ufi:ChainC:ALA17	-57.284289	-35.218091	General
1ufi:ChainC:MET18	-72.155894	-37.087104	General
1ufi:ChainC:VAL19	-58.801425	-48.889376	General
1ufi:ChainC:LYS20	-61.468728	-40.803330	General
1ufi:ChainC:ARG21	-58.115737	-41.313823	General
1ufi:ChainC:TYR22	-69.026820	-51.363408	General
1ufi:ChainC:LEU23	-60.623317	-37.107453	General
1ufi:ChainC:THR24	-86.028344	6.248082	General
1ufi:ChainC:SER25	-90.693802	-2.637378	General
1ufi:ChainC:PHE26	-110.153666	161.666957	Pre-Pro
1ufi:ChainC:PRO27	-72.953106	66.479112	Proline
1ufi:ChainC:ILE28	-73.350318	141.915136	General
1ufi:ChainC:ASP29	-78.686120	-170.695282	General
1ufi:ChainC:ASP30	-80.661875	-29.747404	General
1ufi:ChainC:ARG31	-58.675304	-54.326892	General
1ufi:ChainC:VAL32	-52.961265	-49.998437	General
1ufi:ChainC:GLN33	-52.552299	-43.460808	General
1ufi:ChainC:SER34	-68.716062	-33.247720	General
1ufi:ChainC:HIS35	-68.480716	-35.212934	General
1ufi:ChainC:ILE36	-65.577427	-48.628341	General
1ufi:ChainC:LEU37	-63.969978	-44.107403	General
1ufi:ChainC:HIS38	-61.409766	-41.048384	General
1ufi:ChainC:LEU39	-70.713906	-41.394743	General
1ufi:ChainC:GLU40	-60.843538	-37.935779	General
1ufi:ChainC:HIS41	-70.617143	-38.863401	General
1ufi:ChainC:ASP42	-55.293680	-35.948636	General
1ufi:ChainC:LEU43	-64.486368	-37.011960	General
1ufi:ChainC:VAL44	-70.925600	-49.999665	General
1ufi:ChainC:HIS45	-74.372981	-39.257346	General
1ufi:ChainC:VAL46	-59.609082	-40.499244	General
1ufi:ChainC:THR47	-63.833805	-45.000032	General
1ufi:ChainC:ARG48	-67.198165	-38.217207	General
1ufi:ChainD:MET4	-112.158442	97.988829	Pre-Pro
1ufi:ChainD:PRO5	-51.973466	147.527620	Proline
1ufi:ChainD:VAL6	-91.062977	129.472938	Pre-Pro
1ufi:ChainD:PRO7	-67.355933	155.304592	Proline
1ufi:ChainD:SER8	-65.149027	164.680537	General
1ufi:ChainD:PHE9	-48.131909	-46.904083	General
1ufi:ChainD:GLY10	-63.458185	-44.751656	Glycine
1ufi:ChainD:GLU11	-68.040715	-43.312871	General
1ufi:ChainD:ALA12	-59.885482	-43.697197	General
1ufi:ChainD:MET13	-61.619836	-39.042532	General
1ufi:ChainD:ALA14	-56.894534	-54.293693	General
1ufi:ChainD:TYR15	-58.294048	-44.114092	General
1ufi:ChainD:PHE16	-64.451238	-40.705210	General
1ufi:ChainD:ALA17	-60.327255	-36.123134	General
1ufi:ChainD:MET18	-64.281613	-36.808475	General
1ufi:ChainD:VAL19	-69.175847	-42.232091	General
1ufi:ChainD:LYS20	-63.921536	-42.560010	General
1ufi:ChainD:ARG21	-60.987728	-35.590691	General
1ufi:ChainD:TYR22	-66.167941	-49.159302	General
1ufi:ChainD:LEU23	-68.600179	-37.054862	General
1ufi:ChainD:THR24	-78.451073	-6.151335	General
1ufi:ChainD:SER25	-78.491689	0.086286	General
1ufi:ChainD:PHE26	-116.469913	158.871468	Pre-Pro
1ufi:ChainD:PRO27	-71.178181	60.919816	Proline
1ufi:ChainD:ILE28	-63.343760	147.110382	General
1ufi:ChainD:ASP29	-78.624802	-161.288961	General
1ufi:ChainD:ASP30	-101.888207	-3.372766	General
1ufi:ChainD:ARG31	-71.523734	-48.613932	General
1ufi:ChainD:VAL32	-57.251326	-46.662920	General
1ufi:ChainD:GLN33	-53.704680	-39.371033	General
1ufi:ChainD:SER34	-72.490493	-37.865645	General
1ufi:ChainD:HIS35	-62.680750	-39.692070	General
1ufi:ChainD:ILE36	-58.739585	-53.434535	General
1ufi:ChainD:LEU37	-53.052290	-48.816562	General
1ufi:ChainD:HIS38	-66.237443	-44.845370	General
1ufi:ChainD:LEU39	-66.165353	-38.793589	General
1ufi:ChainD:GLU40	-58.839937	-48.654873	General
1ufi:ChainD:HIS41	-51.134234	-48.255847	General
1ufi:ChainD:ASP42	-60.513229	-38.896375	General
1ufi:ChainD:LEU43	-57.050655	-39.829073	General
1ufi:ChainD:VAL44	-78.345744	-48.418677	General
1ufi:ChainD:HIS45	-76.168757	-30.643231	General
1ufi:ChainD:VAL46	-63.329089	-37.379352	General
1ufi:ChainD:THR47	-69.098780	-42.256840	General
