1uw7:ChainA:LEU-8	-63.779673	162.630255	General
1uw7:ChainA:GLU-7	-139.593486	172.988381	General
1uw7:ChainA:VAL-6	-165.257662	134.987876	General
1uw7:ChainA:LEU-5	-87.246479	135.442743	General
1uw7:ChainA:PHE-4	-101.331472	136.216529	General
1uw7:ChainA:GLN-3	-86.608488	104.760449	General
1uw7:ChainA:GLY-2	-91.015634	105.086361	Glycine
1uw7:ChainA:PRO-1	-13.471988	162.068748	Proline
1uw7:ChainA:ASN1	79.369819	14.558530	General
1uw7:ChainA:ASN2	63.022576	37.928113	General
1uw7:ChainA:GLU3	-100.373179	110.572683	General
1uw7:ChainA:LEU4	-92.662677	139.541636	General
1uw7:ChainA:SER5	-144.368140	128.998087	Pre-Pro
1uw7:ChainA:PRO6	-47.737352	126.287854	Proline
1uw7:ChainA:VAL7	-131.733542	123.242670	General
1uw7:ChainA:ALA8	-51.007445	133.349053	General
1uw7:ChainA:LEU9	-96.594834	98.722083	General
1uw7:ChainA:ARG10	-71.745900	156.559784	General
1uw7:ChainA:GLN11	-143.553427	142.311192	General
1uw7:ChainA:MET12	-147.486880	158.574290	General
1uw7:ChainA:SER13	-85.386044	159.428202	General
1uw7:ChainA:CYS14	-154.184540	167.250053	General
1uw7:ChainA:ALA15	-106.088316	94.362936	General
1uw7:ChainA:ALA16	-93.515096	171.516857	General
1uw7:ChainA:GLY17	-173.954943	-174.492875	Glycine
1uw7:ChainA:THR18	-86.178615	-27.184944	General
1uw7:ChainA:THR19	-123.735008	154.282183	General
1uw7:ChainA:GLN20	-58.781093	-46.751497	General
1uw7:ChainA:THR21	-54.894937	-48.269754	General
1uw7:ChainA:ALA22	-64.916717	-1.888531	General
1uw7:ChainA:CYS23	-79.397824	87.925898	General
1uw7:ChainA:THR24	-106.076231	-86.408613	General
1uw7:ChainA:ASP25	-88.720552	160.139344	General
1uw7:ChainA:ASP26	-68.133843	130.263186	General
1uw7:ChainA:ASN27	-133.025310	-2.762085	General
1uw7:ChainA:ALA28	-145.235032	172.286782	General
1uw7:ChainA:LEU29	-115.230325	134.113440	General
1uw7:ChainA:ALA30	-104.091638	132.693434	General
1uw7:ChainA:TYR31	-103.120916	128.190851	General
1uw7:ChainA:TYR32	-150.870993	178.064878	General
1uw7:ChainA:ASN33	-140.132261	152.517228	General
1uw7:ChainA:ASN34	-89.644098	120.611312	General
1uw7:ChainA:SER35	-112.247304	169.596515	General
1uw7:ChainA:LYS36	-20.152006	-48.612708	General
1uw7:ChainA:GLY37	-99.823810	106.181695	Glycine
1uw7:ChainA:GLY38	-36.411381	139.360612	Glycine
1uw7:ChainA:ARG39	70.394453	106.773020	General
1uw7:ChainA:PHE40	-135.708976	84.623543	General
1uw7:ChainA:VAL41	-68.637940	150.574770	General
1uw7:ChainA:LEU42	-121.824032	-50.928055	General
1uw7:ChainA:ALA43	-138.079092	158.894567	General
1uw7:ChainA:LEU44	-120.080359	127.620617	General
1uw7:ChainA:LEU45	-103.010017	126.963115	General
1uw7:ChainA:SER46	-152.178868	155.203135	General
1uw7:ChainA:ASP47	-79.880686	-8.208762	General
1uw7:ChainA:HIS48	-108.868362	153.270042	General
1uw7:ChainA:GLN49	-120.613481	10.291359	General
1uw7:ChainA:ASP50	-86.767703	-23.101823	General
1uw7:ChainA:LEU51	-53.181329	160.895639	General
1uw7:ChainA:LYS52	-156.884196	-26.674386	General
1uw7:ChainA:TRP53	-139.089998	154.999223	General
1uw7:ChainA:ALA54	-128.949297	152.513483	General
1uw7:ChainA:ARG55	-120.646499	121.216066	General
1uw7:ChainA:PHE56	-129.871492	117.266747	Pre-Pro
1uw7:ChainA:PRO57	-69.201841	133.857883	Proline
1uw7:ChainA:LYS58	-53.141993	141.160601	General
1uw7:ChainA:SER59	-70.124761	25.722746	General
1uw7:ChainA:ASP60	-131.742291	-20.787648	General
1uw7:ChainA:GLY61	86.030066	13.723100	Glycine
1uw7:ChainA:THR62	-71.665896	-73.805581	General
1uw7:ChainA:GLY63	-138.471859	-138.967452	Glycine
1uw7:ChainA:THR64	-139.832964	151.814197	General
1uw7:ChainA:ILE65	-120.767649	129.740791	General
1uw7:ChainA:TYR66	-109.229127	107.807231	General
1uw7:ChainA:THR67	-97.262819	145.631074	General
1uw7:ChainA:GLU68	-94.102051	137.303645	General
1uw7:ChainA:LEU69	-93.735293	152.369659	General
1uw7:ChainA:GLU70	-89.451165	178.583029	Pre-Pro
1uw7:ChainA:PRO71	-64.013422	156.018501	Proline
1uw7:ChainA:PRO72	-67.876847	163.153121	Proline
1uw7:ChainA:CYS73	-134.309342	98.750913	General
1uw7:ChainA:ARG74	-78.168844	142.440811	General
1uw7:ChainA:PHE75	-164.379295	163.390339	General
1uw7:ChainA:VAL76	-131.283492	141.616764	General
1uw7:ChainA:THR77	-133.271451	153.174184	General
1uw7:ChainA:ASP78	-62.920445	134.137747	General
1uw7:ChainA:THR79	-143.276026	143.094469	Pre-Pro
1uw7:ChainA:PRO80	-59.384099	152.566700	Proline
1uw7:ChainA:LYS81	75.253275	9.946680	General
1uw7:ChainA:GLY82	120.318299	150.528956	Glycine
1uw7:ChainA:PRO83	-75.033001	152.799810	Proline
1uw7:ChainA:LYS84	-131.414958	154.298861	General
1uw7:ChainA:VAL85	-98.049232	112.340428	General
1uw7:ChainA:LYS86	-99.554650	146.107164	General
1uw7:ChainA:TYR87	-109.965924	131.439091	General
1uw7:ChainA:LEU88	-102.971133	113.538223	General
1uw7:ChainA:TYR89	-101.564990	114.240405	General
1uw7:ChainA:PHE90	-87.317317	120.912667	General
1uw7:ChainA:ILE91	-46.427750	142.504160	General
1uw7:ChainA:LYS92	-58.701008	139.926143	General
1uw7:ChainA:GLY93	76.958294	4.543587	Glycine
1uw7:ChainA:LEU94	-57.492021	120.514409	General
1uw7:ChainA:ASN95	-38.410003	152.816337	General
1uw7:ChainA:ASN96	-74.380854	-24.759173	General
1uw7:ChainA:LEU97	-84.363700	-50.653288	General
1uw7:ChainA:ASN98	-55.764371	-44.323350	General
1uw7:ChainA:ARG99	-46.968854	-59.010510	General
1uw7:ChainA:GLY100	-57.246816	-57.296914	Glycine
1uw7:ChainA:MET101	-32.137345	-49.802996	General
1uw7:ChainA:VAL102	-70.048669	-54.936561	General
1uw7:ChainA:LEU103	-45.406949	-41.216366	General
1uw7:ChainA:GLY104	-83.868915	-18.247512	Glycine
1uw7:ChainA:SER105	-77.887282	-37.294132	General
1uw7:ChainA:LEU106	-109.958729	14.548566	General
1uw7:ChainA:ALA107	-60.012866	-44.158258	General
1uw7:ChainA:ALA108	-76.785639	-14.554681	General
1uw7:ChainA:THR109	-74.494309	-44.593675	General
1uw7:ChainA:VAL110	-66.540263	-24.170614	General
1uw7:ChainA:ARG111	-97.965224	76.426044	General
1uw7:ChainA:LEU112	-142.039546	75.095532	General
