1yo4:ChainA:PRO-1	-78.996176	155.720411	Proline
1yo4:ChainA:GLU1	-117.730361	107.391251	General
1yo4:ChainA:LEU2	-99.076471	91.950518	General
1yo4:ChainA:TYR3	-75.939059	119.561375	General
1yo4:ChainA:HIS4	-118.416908	157.272402	General
1yo4:ChainA:TYR5	-132.117005	149.822400	General
1yo4:ChainA:GLN6	-135.927360	132.918501	General
1yo4:ChainA:GLU7	-104.429907	127.607281	General
1yo4:ChainA:CYS8	-150.629015	150.085853	General
1yo4:ChainA:VAL9	-67.008252	127.022431	General
1yo4:ChainA:ARG10	-57.677580	108.378305	General
1yo4:ChainA:GLY11	129.677942	-24.482356	Glycine
1yo4:ChainA:THR12	-85.896939	-172.525855	General
1yo4:ChainA:THR13	-116.179706	120.269589	General
1yo4:ChainA:VAL14	-84.180835	151.517915	General
1yo4:ChainA:LEU15	-118.589280	77.911718	General
1yo4:ChainA:LEU16	-75.295459	123.452990	General
1yo4:ChainA:LYS17	-69.286402	128.518618	General
1yo4:ChainA:GLU18	-59.565210	112.099418	Pre-Pro
1yo4:ChainA:PRO19	-61.858672	-38.716436	Proline
1yo4:ChainA:CYS20	-143.456197	136.650555	Pre-Pro
1yo4:ChainA:PRO21	-62.836026	133.526480	Proline
1yo4:ChainA:SER22	55.810409	68.135165	General
1yo4:ChainA:GLY23	-115.464639	168.686684	Glycine
1yo4:ChainA:THR24	-94.038286	115.353283	General
1yo4:ChainA:TYR25	-80.586027	111.825328	General
1yo4:ChainA:GLU26	-105.103225	104.653120	General
1yo4:ChainA:GLY27	172.197120	165.406344	Glycine
1yo4:ChainA:ASN28	-86.577752	-18.657800	General
1yo4:ChainA:SER29	-67.014543	155.948592	Pre-Pro
1yo4:ChainA:PRO30	-65.469972	141.312567	Proline
1yo4:ChainA:PHE31	-114.390013	124.786008	General
1yo4:ChainA:HIS32	-138.040972	96.971257	Pre-Pro
1yo4:ChainA:PRO33	-60.974888	112.876189	Proline
1yo4:ChainA:LEU34	-100.844747	177.779403	General
1yo4:ChainA:ALA35	-66.115939	142.734747	General
1yo4:ChainA:ASP36	71.048754	38.870201	General
1yo4:ChainA:ASN37	56.453169	65.517409	General
1yo4:ChainA:LYS38	-134.689873	178.056541	General
1yo4:ChainA:PHE39	-144.358724	125.750123	General
1yo4:ChainA:ALA40	-83.350560	132.055036	General
1yo4:ChainA:LEU41	-136.678746	146.629112	General
1yo4:ChainA:THR42	-72.976685	115.886288	General
1yo4:ChainA:CYS43	-56.956817	109.101618	General
1yo4:ChainA:THR44	-156.342755	169.305583	General
1yo4:ChainA:SER45	-80.595252	87.777830	General
1yo4:ChainA:THR46	-143.342442	176.383389	General
1yo4:ChainA:HIS47	-144.324658	127.282944	General
1yo4:ChainA:PHE48	-125.874024	-169.001570	General
1yo4:ChainA:ALA49	-153.146663	156.640114	General
1yo4:ChainA:PHE50	-127.676704	111.667104	General
1yo4:ChainA:ALA51	-97.084079	113.584735	General
1yo4:ChainA:CYS52	-84.618352	159.657254	General
1yo4:ChainA:ALA53	-59.814570	-21.307490	General
1yo4:ChainA:ASP54	-70.021248	-25.786011	General
1yo4:ChainA:GLY55	108.003510	-6.988013	Glycine
1yo4:ChainA:THR56	-68.034413	123.046310	General
1yo4:ChainA:ARG57	-97.255286	107.931444	General
1yo4:ChainA:HIS58	-101.567088	94.445425	General
1yo4:ChainA:THR59	-69.793599	146.393547	General
1yo4:ChainA:TYR60	-135.870289	112.492069	General
1yo4:ChainA:GLN61	-90.437354	140.942926	General
1yo4:ChainA:LEU62	-112.896811	121.898719	General
1yo4:ChainA:ARG63	-106.091454	89.210510	General
1yo4:ChainA:ALA64	-60.303962	113.558891	General
1yo4:ChainA:ARG65	-87.735630	109.680417	General
1yo4:ChainA:SER66	-66.096916	-178.012211	General
1yo4:ChainA:VAL67	-58.109822	-31.353426	General
1yo4:ChainA:SER68	-109.348143	92.224885	Pre-Pro
1yo4:ChainA:PRO69	-77.017423	17.403869	Proline
1yo4:ChainA:LYS70	-122.876454	-65.177533	General
1yo4:ChainA:LEU71	63.018832	-85.994010	General
1yo4:ChainA:PHE72	56.181583	49.956701	General
1yo4:ChainA:ILE73	-87.306403	75.022858	General
1yo4:ChainA:ARG74	75.226312	-41.001554	General
1yo4:ChainA:GLN75	-126.480737	71.789017	General
1yo4:ChainA:GLU76	57.671552	-155.920169	General
1yo4:ChainA:GLU77	-60.542246	-58.235178	General
1yo4:ChainA:VAL78	-135.657072	-33.407969	General
1yo4:ChainA:GLN79	61.334458	-178.406662	General
1yo4:ChainA:GLN80	71.958645	-4.847377	General
1yo4:ChainA:GLU81	-114.213375	7.071486	General
1yo4:ChainA:LEU82	-132.888116	-79.492605	General
1yo4:ChainA:TYR83	-109.103770	75.360701	General
1yo4:ChainA:SER84	-97.045865	25.992691	General
1yo4:ChainA:PRO-1	-72.526798	170.726246	Proline
1yo4:ChainA:GLU1	-125.571377	107.275714	General
1yo4:ChainA:LEU2	-99.689709	96.222076	General
1yo4:ChainA:TYR3	-70.641151	140.726440	General
1yo4:ChainA:HIS4	-136.247574	151.534143	General
1yo4:ChainA:TYR5	-133.348669	133.250314	General
1yo4:ChainA:GLN6	-115.208923	112.217948	General
1yo4:ChainA:GLU7	-92.018332	99.362894	General
1yo4:ChainA:CYS8	-121.729399	138.411007	General
1yo4:ChainA:VAL9	-60.158230	127.206773	General
1yo4:ChainA:ARG10	-56.642790	126.211120	General
1yo4:ChainA:GLY11	121.385540	-26.749509	Glycine
1yo4:ChainA:THR12	-86.691147	-177.113482	General
1yo4:ChainA:THR13	-113.741589	115.024483	General
1yo4:ChainA:VAL14	-79.461418	144.739926	General
1yo4:ChainA:LEU15	-113.612127	82.111469	General
1yo4:ChainA:LEU16	-76.299980	124.766328	General
1yo4:ChainA:LYS17	-80.156925	123.780266	General
1yo4:ChainA:GLU18	-60.956720	118.909259	Pre-Pro
1yo4:ChainA:PRO19	-64.215095	-21.221662	Proline
1yo4:ChainA:CYS20	-141.574209	124.607061	Pre-Pro
1yo4:ChainA:PRO21	-75.268139	51.885370	Proline
1yo4:ChainA:SER22	174.563606	61.594302	General
1yo4:ChainA:GLY23	-109.906995	151.824474	Glycine
1yo4:ChainA:THR24	-109.401453	115.451171	General
1yo4:ChainA:TYR25	-80.343430	134.451018	General
1yo4:ChainA:GLU26	-118.598249	145.209567	General
1yo4:ChainA:GLY27	141.395901	-169.306164	Glycine
1yo4:ChainA:ASN28	-119.302177	15.993361	General
1yo4:ChainA:SER29	-112.808069	149.847044	Pre-Pro
1yo4:ChainA:PRO30	-68.368517	99.670995	Proline
1yo4:ChainA:PHE31	-58.856134	137.510240	General
1yo4:ChainA:HIS32	-141.252190	87.976505	Pre-Pro
1yo4:ChainA:PRO33	-63.196743	127.259300	Proline
1yo4:ChainA:LEU34	-126.034493	135.818960	General
1yo4:ChainA:ALA35	47.387449	-105.153724	General
1yo4:ChainA:ASP36	-77.462764	-88.021038	General
1yo4:ChainA:ASN37	-143.501857	57.265923	General
1yo4:ChainA:LYS38	-129.770943	176.979583	General
1yo4:ChainA:PHE39	-155.918049	138.059902	General
1yo4:ChainA:ALA40	-92.815674	134.355318	General
1yo4:ChainA:LEU41	-136.875264	144.140594	General
1yo4:ChainA:THR42	-75.072031	115.390354	General
1yo4:ChainA:CYS43	-54.205758	113.088971	General
1yo4:ChainA:THR44	-161.517278	172.599829	General
1yo4:ChainA:SER45	-78.116186	88.271941	General
1yo4:ChainA:THR46	-135.799904	157.264351	General
1yo4:ChainA:HIS47	-119.078951	126.498468	General
1yo4:ChainA:PHE48	-141.066630	-175.071031	General
1yo4:ChainA:ALA49	-159.250946	163.388933	General
1yo4:ChainA:PHE50	-136.570489	117.830293	General
1yo4:ChainA:ALA51	-106.672201	122.238316	General
1yo4:ChainA:CYS52	-97.558240	160.705925	General
1yo4:ChainA:ALA53	-62.138136	-22.254325	General
1yo4:ChainA:ASP54	-75.292540	-11.128320	General
1yo4:ChainA:GLY55	99.408289	-4.456887	Glycine
1yo4:ChainA:THR56	-81.957908	137.634835	General
1yo4:ChainA:ARG57	-109.992994	137.724153	General
1yo4:ChainA:HIS58	-130.267130	102.412940	General
1yo4:ChainA:THR59	-74.805240	136.891685	General
1yo4:ChainA:TYR60	-127.093972	114.913036	General
1yo4:ChainA:GLN61	-91.857513	146.401365	General
1yo4:ChainA:LEU62	-114.765463	123.261092	General
1yo4:ChainA:ARG63	-106.025294	85.208572	General
1yo4:ChainA:ALA64	-52.900575	113.677561	General
1yo4:ChainA:ARG65	-60.654826	-27.385119	General
1yo4:ChainA:SER66	-162.662123	-148.598788	General
1yo4:ChainA:VAL67	-103.682181	-176.336768	General
1yo4:ChainA:SER68	-54.574060	117.330682	Pre-Pro
1yo4:ChainA:PRO69	-60.881868	-55.629220	Proline
1yo4:ChainA:LYS70	-91.340569	-16.269448	General
1yo4:ChainA:LEU71	67.886964	150.621702	General
1yo4:ChainA:PHE72	61.021648	60.938515	General
1yo4:ChainA:ILE73	-80.677837	-64.842765	General
1yo4:ChainA:ARG74	-175.046942	1.042325	General
1yo4:ChainA:GLN75	-166.779108	-5.553460	General
1yo4:ChainA:GLU76	-93.711415	-92.895245	General
1yo4:ChainA:GLU77	-115.635216	65.128977	General
1yo4:ChainA:VAL78	-160.326801	-13.301481	General
1yo4:ChainA:GLN79	-106.734974	169.530428	General
1yo4:ChainA:GLN80	-69.287956	85.584467	General
1yo4:ChainA:GLU81	-74.196480	-50.661816	General
1yo4:ChainA:LEU82	-130.492694	-41.775548	General
1yo4:ChainA:TYR83	-128.460234	166.993760	General
1yo4:ChainA:SER84	-77.512209	77.462633	General
1yo4:ChainA:PRO-1	-77.346461	157.528731	Proline
1yo4:ChainA:GLU1	-113.363514	125.563313	General
1yo4:ChainA:LEU2	-138.102653	132.637277	General
1yo4:ChainA:TYR3	-104.144077	154.796805	General
1yo4:ChainA:HIS4	-141.761475	114.834017	General
1yo4:ChainA:TYR5	-104.720398	129.055547	General
1yo4:ChainA:GLN6	-116.388248	131.386471	General
1yo4:ChainA:GLU7	-103.924372	105.561978	General
1yo4:ChainA:CYS8	-124.414625	-179.317482	General
1yo4:ChainA:VAL9	-105.824218	131.368097	General
1yo4:ChainA:ARG10	-52.055368	117.170821	General
1yo4:ChainA:GLY11	108.647919	-17.869949	Glycine
1yo4:ChainA:THR12	-85.009030	152.060314	General
1yo4:ChainA:THR13	-83.536985	115.052598	General
1yo4:ChainA:VAL14	-87.911842	154.450504	General
1yo4:ChainA:LEU15	-124.129228	91.450130	General
1yo4:ChainA:LEU16	-98.299583	134.445931	General
1yo4:ChainA:LYS17	-81.308883	138.586683	General
1yo4:ChainA:GLU18	-65.589461	131.830914	Pre-Pro
1yo4:ChainA:PRO19	-68.405629	-23.467797	Proline
1yo4:ChainA:CYS20	-148.311776	142.790593	Pre-Pro
1yo4:ChainA:PRO21	-67.030273	-41.878102	Proline
1yo4:ChainA:SER22	-107.829157	105.285107	General
1yo4:ChainA:GLY23	-167.915599	-177.551116	Glycine
1yo4:ChainA:THR24	-126.790070	140.386490	General
1yo4:ChainA:TYR25	-84.327938	106.858100	General
1yo4:ChainA:GLU26	-93.877614	98.255437	General
1yo4:ChainA:GLY27	-176.051471	-168.768785	Glycine
1yo4:ChainA:ASN28	-99.795964	-6.331744	General
1yo4:ChainA:SER29	-85.443320	142.208944	Pre-Pro
1yo4:ChainA:PRO30	-62.201338	-37.191741	Proline
1yo4:ChainA:PHE31	68.903184	126.573075	General
1yo4:ChainA:HIS32	-123.612331	101.463490	Pre-Pro
1yo4:ChainA:PRO33	-58.782866	120.251604	Proline
1yo4:ChainA:LEU34	-99.968428	-98.429601	General
1yo4:ChainA:ALA35	-155.915247	160.684172	General
1yo4:ChainA:ASP36	58.634589	32.591602	General
1yo4:ChainA:ASN37	57.406228	47.090485	General
1yo4:ChainA:LYS38	-126.218443	164.828773	General
1yo4:ChainA:PHE39	-142.648246	149.974070	General
1yo4:ChainA:ALA40	-105.913321	138.301198	General
1yo4:ChainA:LEU41	-150.342566	154.807978	General
1yo4:ChainA:THR42	-80.890899	110.566547	General
1yo4:ChainA:CYS43	-57.132881	131.087205	General
1yo4:ChainA:THR44	-167.584955	155.849449	General
1yo4:ChainA:SER45	-62.596625	99.795819	General
1yo4:ChainA:THR46	-159.871709	169.140301	General
1yo4:ChainA:HIS47	-144.507802	129.813207	General
1yo4:ChainA:PHE48	-135.083526	-163.948666	General
1yo4:ChainA:ALA49	-152.590287	164.672050	General
1yo4:ChainA:PHE50	-129.064186	116.245232	General
1yo4:ChainA:ALA51	-100.376573	118.118996	General
1yo4:ChainA:CYS52	-95.091950	162.925229	General
1yo4:ChainA:ALA53	-62.399297	-19.903242	General
1yo4:ChainA:ASP54	-75.220612	-6.312445	General
1yo4:ChainA:GLY55	88.290705	-2.951174	Glycine
1yo4:ChainA:THR56	-72.245840	114.533223	General
1yo4:ChainA:ARG57	-90.862470	94.857841	General
1yo4:ChainA:HIS58	-90.393822	100.104043	General
1yo4:ChainA:THR59	-77.115729	132.961918	General
1yo4:ChainA:TYR60	-116.609595	132.078132	General
1yo4:ChainA:GLN61	-111.770486	149.397825	General
1yo4:ChainA:LEU62	-122.223906	109.440809	General
1yo4:ChainA:ARG63	-99.692829	81.325321	General
1yo4:ChainA:ALA64	-68.682608	116.187980	General
1yo4:ChainA:ARG65	-109.746974	105.394089	General
1yo4:ChainA:SER66	-79.450846	-167.614507	General
1yo4:ChainA:VAL67	88.544614	-50.783946	General
1yo4:ChainA:SER68	-147.241512	118.018749	Pre-Pro
1yo4:ChainA:PRO69	-69.610924	-61.791883	Proline
1yo4:ChainA:LYS70	-142.269774	123.746058	General
1yo4:ChainA:LEU71	-70.127119	167.058706	General
1yo4:ChainA:PHE72	-75.201733	93.868553	General
1yo4:ChainA:ILE73	-82.765932	-32.431201	General
1yo4:ChainA:ARG74	-141.721667	-75.182008	General
1yo4:ChainA:GLN75	-144.591353	55.370353	General
1yo4:ChainA:GLU76	-77.449691	-175.319000	General
1yo4:ChainA:GLU77	-63.764390	-15.048624	General
1yo4:ChainA:VAL78	-98.560621	1.777179	General
1yo4:ChainA:GLN79	-50.978383	113.442997	General
1yo4:ChainA:GLN80	-175.073594	36.389769	General
1yo4:ChainA:GLU81	-98.591893	-62.193560	General
1yo4:ChainA:LEU82	-125.051774	-43.138279	General
1yo4:ChainA:TYR83	-92.101346	117.927342	General
1yo4:ChainA:SER84	-66.746475	-39.659393	General
1yo4:ChainA:PRO-1	-81.926237	165.663320	Proline
1yo4:ChainA:GLU1	-124.941894	87.279695	General
1yo4:ChainA:LEU2	-75.704606	87.096685	General
1yo4:ChainA:TYR3	-77.678053	129.269733	General
1yo4:ChainA:HIS4	-129.811881	149.410320	General
1yo4:ChainA:TYR5	-123.082599	128.556619	General
1yo4:ChainA:GLN6	-110.082147	122.656366	General
1yo4:ChainA:GLU7	-106.989862	117.635248	General
1yo4:ChainA:CYS8	-139.913123	160.478458	General
1yo4:ChainA:VAL9	-74.428743	129.403530	General
1yo4:ChainA:ARG10	-59.487468	103.416592	General
1yo4:ChainA:GLY11	129.549295	-14.978906	Glycine
1yo4:ChainA:THR12	-90.034776	-173.072366	General
1yo4:ChainA:THR13	-119.803863	116.897257	General
1yo4:ChainA:VAL14	-82.494055	143.734517	General
1yo4:ChainA:LEU15	-121.954430	88.294240	General
1yo4:ChainA:LEU16	-86.758792	143.894839	General
1yo4:ChainA:LYS17	-79.469897	120.339578	General
1yo4:ChainA:GLU18	-63.525342	112.090649	Pre-Pro
1yo4:ChainA:PRO19	-71.967741	-18.865250	Proline
1yo4:ChainA:CYS20	-145.921117	129.335616	Pre-Pro
1yo4:ChainA:PRO21	-64.811951	140.413727	Proline
1yo4:ChainA:SER22	57.590024	65.648184	General
1yo4:ChainA:GLY23	-102.550986	153.469199	Glycine
1yo4:ChainA:THR24	-103.430437	118.413558	General
1yo4:ChainA:TYR25	-77.546141	113.768301	General
1yo4:ChainA:GLU26	-105.288309	92.414381	General
1yo4:ChainA:GLY27	165.723210	-166.905130	Glycine
1yo4:ChainA:ASN28	-97.754426	158.381781	General
1yo4:ChainA:SER29	72.371021	101.674965	Pre-Pro
1yo4:ChainA:PRO30	-57.855692	131.705132	Proline
1yo4:ChainA:PHE31	-88.645189	169.499416	General
1yo4:ChainA:HIS32	-135.766630	94.484135	Pre-Pro
1yo4:ChainA:PRO33	-68.751996	137.436682	Proline
1yo4:ChainA:LEU34	-121.611613	155.349358	General
1yo4:ChainA:ALA35	-72.909290	82.800545	General
1yo4:ChainA:ASP36	176.583682	23.968106	General
1yo4:ChainA:ASN37	52.387359	60.413372	General
1yo4:ChainA:LYS38	-140.756957	173.140204	General
1yo4:ChainA:PHE39	-155.476164	138.497147	General
1yo4:ChainA:ALA40	-101.268015	144.808693	General
1yo4:ChainA:LEU41	-147.944223	149.965229	General
1yo4:ChainA:THR42	-76.973273	118.352012	General
1yo4:ChainA:CYS43	-57.167055	109.631916	General
1yo4:ChainA:THR44	-160.826584	169.898336	General
1yo4:ChainA:SER45	-76.405043	112.501828	General
1yo4:ChainA:THR46	-167.261584	158.575423	General
1yo4:ChainA:HIS47	-122.944887	132.467447	General
1yo4:ChainA:PHE48	-138.621020	-172.258737	General
1yo4:ChainA:ALA49	-150.510186	150.533340	General
1yo4:ChainA:PHE50	-115.679068	105.157502	General
1yo4:ChainA:ALA51	-89.154041	115.418598	General
1yo4:ChainA:CYS52	-80.068571	160.442328	General
1yo4:ChainA:ALA53	-58.645836	-25.800256	General
1yo4:ChainA:ASP54	-86.636122	4.985715	General
1yo4:ChainA:GLY55	88.501979	-8.042060	Glycine
1yo4:ChainA:THR56	-66.289832	143.116988	General
1yo4:ChainA:ARG57	-121.202037	117.393420	General
1yo4:ChainA:HIS58	-107.653194	98.366026	General
1yo4:ChainA:THR59	-69.764335	140.324382	General
1yo4:ChainA:TYR60	-132.304986	116.358908	General
1yo4:ChainA:GLN61	-93.683701	149.460362	General
1yo4:ChainA:LEU62	-129.881619	128.614989	General
1yo4:ChainA:ARG63	-118.773987	95.794080	General
1yo4:ChainA:ALA64	-57.165964	97.809760	General
1yo4:ChainA:ARG65	-92.464815	9.495890	General
1yo4:ChainA:SER66	-146.866354	-169.913491	General
1yo4:ChainA:VAL67	-117.722434	179.271749	General
1yo4:ChainA:SER68	-59.094162	114.951315	Pre-Pro
1yo4:ChainA:PRO69	-71.381018	-26.850529	Proline
1yo4:ChainA:LYS70	-129.812207	149.866145	General
1yo4:ChainA:LEU71	-73.212706	154.605639	General
1yo4:ChainA:PHE72	66.298459	-88.351499	General
1yo4:ChainA:ILE73	60.285155	-82.067678	General
1yo4:ChainA:ARG74	-169.246477	107.146309	General
1yo4:ChainA:GLN75	57.794406	48.412797	General
1yo4:ChainA:GLU76	-92.340157	-178.759624	General
1yo4:ChainA:GLU77	-92.084634	-6.165547	General
1yo4:ChainA:VAL78	-122.230568	78.907755	General
1yo4:ChainA:GLN79	-130.702375	4.845326	General
1yo4:ChainA:GLN80	-80.788489	48.229057	General
1yo4:ChainA:GLU81	-100.687818	-0.087961	General
1yo4:ChainA:LEU82	-156.298557	97.106173	General
1yo4:ChainA:TYR83	61.422776	-84.510149	General
1yo4:ChainA:SER84	71.983623	-64.252464	General
1yo4:ChainA:PRO-1	-76.874542	172.578078	Proline
1yo4:ChainA:GLU1	-106.487840	145.777035	General
1yo4:ChainA:LEU2	-132.367476	104.120194	General
1yo4:ChainA:TYR3	-77.656560	134.084316	General
1yo4:ChainA:HIS4	-122.055702	159.209422	General
1yo4:ChainA:TYR5	-133.762157	128.515484	General
1yo4:ChainA:GLN6	-120.849142	141.152289	General
1yo4:ChainA:GLU7	-114.729302	108.910079	General
1yo4:ChainA:CYS8	-134.009150	152.862673	General
1yo4:ChainA:VAL9	-74.719538	125.661458	General
1yo4:ChainA:ARG10	-59.316322	98.422260	General
1yo4:ChainA:GLY11	141.749364	-20.749740	Glycine
1yo4:ChainA:THR12	-88.307468	-172.014882	General
1yo4:ChainA:THR13	-118.241826	117.288493	General
1yo4:ChainA:VAL14	-82.580200	136.220930	General
1yo4:ChainA:LEU15	-107.232115	82.342930	General
1yo4:ChainA:LEU16	-83.797371	126.007227	General
1yo4:ChainA:LYS17	-70.331588	127.706300	General
1yo4:ChainA:GLU18	-56.484861	119.541805	Pre-Pro
1yo4:ChainA:PRO19	-46.599466	-33.869341	Proline
1yo4:ChainA:CYS20	-138.778290	164.033724	Pre-Pro
1yo4:ChainA:PRO21	-60.434293	83.307402	Proline
1yo4:ChainA:SER22	65.565893	166.098201	General
1yo4:ChainA:GLY23	165.336263	-135.651503	Glycine
1yo4:ChainA:THR24	-126.278541	137.773800	General
1yo4:ChainA:TYR25	-91.194109	113.683534	General
1yo4:ChainA:GLU26	-98.255884	85.851784	General
1yo4:ChainA:GLY27	-157.719741	-179.714349	Glycine
1yo4:ChainA:ASN28	-95.309200	-61.369343	General
1yo4:ChainA:SER29	-67.551963	121.440642	Pre-Pro
1yo4:ChainA:PRO30	-59.735662	142.763080	Proline
1yo4:ChainA:PHE31	-112.575935	-172.311664	General
1yo4:ChainA:HIS32	-132.691575	98.208076	Pre-Pro
1yo4:ChainA:PRO33	-67.466654	115.875121	Proline
1yo4:ChainA:LEU34	-91.952960	-178.061443	General
1yo4:ChainA:ALA35	-107.559740	-11.214411	General
1yo4:ChainA:ASP36	-93.860820	39.208190	General
1yo4:ChainA:ASN37	53.576702	42.819672	General
1yo4:ChainA:LYS38	-145.071583	179.448732	General
1yo4:ChainA:PHE39	-159.615449	144.966563	General
1yo4:ChainA:ALA40	-100.548077	135.705504	General
1yo4:ChainA:LEU41	-138.026274	146.334712	General
1yo4:ChainA:THR42	-81.323052	114.344216	General
1yo4:ChainA:CYS43	-54.553263	128.059514	General
1yo4:ChainA:THR44	-165.284225	172.343557	General
1yo4:ChainA:SER45	-83.947706	97.141484	General
1yo4:ChainA:THR46	-155.221845	178.082094	General
1yo4:ChainA:HIS47	-145.645383	125.918266	General
1yo4:ChainA:PHE48	-130.379839	-162.190117	General
1yo4:ChainA:ALA49	-157.108083	156.143254	General
1yo4:ChainA:PHE50	-118.658098	113.628138	General
1yo4:ChainA:ALA51	-94.735029	110.582934	General
1yo4:ChainA:CYS52	-83.010185	159.828176	General
1yo4:ChainA:ALA53	-74.797927	37.675627	General
1yo4:ChainA:ASP54	-133.146697	-18.437714	General
1yo4:ChainA:GLY55	103.266749	-15.647371	Glycine
1yo4:ChainA:THR56	-75.949057	139.693692	General
1yo4:ChainA:ARG57	-114.280139	106.271653	General
1yo4:ChainA:HIS58	-101.174943	101.306461	General
1yo4:ChainA:THR59	-69.486111	142.042517	General
1yo4:ChainA:TYR60	-133.066865	126.362493	General
1yo4:ChainA:GLN61	-93.954105	149.935094	General
1yo4:ChainA:LEU62	-128.799436	114.090819	General
1yo4:ChainA:ARG63	-108.044322	87.959158	General
1yo4:ChainA:ALA64	-61.487934	121.849556	General
1yo4:ChainA:ARG65	-94.940417	59.200578	General
1yo4:ChainA:SER66	-66.045314	125.322937	General
1yo4:ChainA:VAL67	72.681151	-56.592178	General
1yo4:ChainA:SER68	-109.659680	89.714748	Pre-Pro
1yo4:ChainA:PRO69	-81.643833	-69.767049	Proline
1yo4:ChainA:LYS70	-109.491672	-9.685695	General
1yo4:ChainA:LEU71	67.290086	96.405642	General
1yo4:ChainA:PHE72	168.464034	-177.275757	General
1yo4:ChainA:ILE73	-64.154230	-30.369128	General
1yo4:ChainA:ARG74	-133.361561	23.894733	General
1yo4:ChainA:GLN75	66.296194	69.456593	General
1yo4:ChainA:GLU76	-76.535614	-78.631309	General
1yo4:ChainA:GLU77	-162.736995	-35.561691	General
1yo4:ChainA:VAL78	-151.358575	136.993957	General
1yo4:ChainA:GLN79	-128.841112	-134.948769	General
1yo4:ChainA:GLN80	-110.116558	-59.529588	General
1yo4:ChainA:GLU81	47.313229	-126.299029	General
1yo4:ChainA:LEU82	-100.878901	-39.879141	General
1yo4:ChainA:TYR83	-154.445608	27.309357	General
1yo4:ChainA:SER84	45.739265	42.451218	General
1yo4:ChainA:PRO-1	-74.123608	170.038412	Proline
1yo4:ChainA:GLU1	-120.993958	98.391193	General
1yo4:ChainA:LEU2	-94.291876	113.501872	General
1yo4:ChainA:TYR3	-71.228575	149.069245	General
1yo4:ChainA:HIS4	-146.486175	101.816718	General
1yo4:ChainA:TYR5	-101.836532	136.582537	General
1yo4:ChainA:GLN6	-124.720406	127.677851	General
1yo4:ChainA:GLU7	-97.123632	111.735038	General
1yo4:ChainA:CYS8	-131.278504	157.369968	General
1yo4:ChainA:VAL9	-77.337361	122.404614	General
1yo4:ChainA:ARG10	-57.452843	114.468142	General
1yo4:ChainA:GLY11	124.509847	-21.509278	Glycine
1yo4:ChainA:THR12	-92.183263	-177.212633	General
1yo4:ChainA:THR13	-108.726069	117.936323	General
1yo4:ChainA:VAL14	-84.842996	150.189203	General
1yo4:ChainA:LEU15	-132.156476	91.954916	General
1yo4:ChainA:LEU16	-94.490222	148.724144	General
1yo4:ChainA:LYS17	-86.661531	145.537066	General
1yo4:ChainA:GLU18	-75.829397	119.824852	Pre-Pro
1yo4:ChainA:PRO19	-58.443636	-22.480176	Proline
1yo4:ChainA:CYS20	-140.145958	146.073686	Pre-Pro
1yo4:ChainA:PRO21	-74.364985	53.141965	Proline
1yo4:ChainA:SER22	-163.378393	100.218801	General
1yo4:ChainA:GLY23	-95.261082	101.209949	Glycine
1yo4:ChainA:THR24	-113.885780	97.176381	General
1yo4:ChainA:TYR25	-69.611060	132.314996	General
1yo4:ChainA:GLU26	-124.395458	136.111535	General
1yo4:ChainA:GLY27	147.660907	-119.184225	Glycine
1yo4:ChainA:ASN28	-141.019542	-71.465960	General
1yo4:ChainA:SER29	-81.574455	112.228396	Pre-Pro
1yo4:ChainA:PRO30	-54.421563	134.891102	Proline
1yo4:ChainA:PHE31	-83.407798	-166.011662	General
1yo4:ChainA:HIS32	-147.534259	87.626119	Pre-Pro
1yo4:ChainA:PRO33	-67.092737	114.143907	Proline
1yo4:ChainA:LEU34	-137.096184	168.002880	General
1yo4:ChainA:ALA35	61.621959	-123.400920	General
1yo4:ChainA:ASP36	-70.840030	-76.766099	General
1yo4:ChainA:ASN37	-158.546819	54.318701	General
1yo4:ChainA:LYS38	-123.596863	156.547470	General
1yo4:ChainA:PHE39	-126.243055	128.789712	General
1yo4:ChainA:ALA40	-88.613791	138.347118	General
1yo4:ChainA:LEU41	-145.794776	154.049451	General
1yo4:ChainA:THR42	-82.689804	116.154290	General
1yo4:ChainA:CYS43	-52.335583	103.056221	General
1yo4:ChainA:THR44	-141.532690	158.758388	General
1yo4:ChainA:SER45	-77.034201	78.162235	General
1yo4:ChainA:THR46	-140.595651	161.678084	General
1yo4:ChainA:HIS47	-129.780806	150.722277	General
1yo4:ChainA:PHE48	-153.627205	-170.856710	General
1yo4:ChainA:ALA49	-142.926176	148.267773	General
1yo4:ChainA:PHE50	-114.740155	124.426038	General
1yo4:ChainA:ALA51	-109.578562	127.235500	General
1yo4:ChainA:CYS52	-100.012928	167.679610	General
1yo4:ChainA:ALA53	-68.157379	-18.890536	General
1yo4:ChainA:ASP54	-65.601518	-27.071587	General
1yo4:ChainA:GLY55	101.185329	5.105892	Glycine
1yo4:ChainA:THR56	-78.663547	137.133796	General
1yo4:ChainA:ARG57	-112.679769	139.226463	General
1yo4:ChainA:HIS58	-127.005676	110.127318	General
1yo4:ChainA:THR59	-77.472440	119.409607	General
1yo4:ChainA:TYR60	-106.424658	139.080650	General
1yo4:ChainA:GLN61	-125.985748	140.193921	General
1yo4:ChainA:LEU62	-114.851178	112.370857	General
1yo4:ChainA:ARG63	-95.330339	79.007410	General
1yo4:ChainA:ALA64	-68.467307	99.333187	General
1yo4:ChainA:ARG65	-83.890201	33.774541	General
1yo4:ChainA:SER66	48.370328	-139.572311	General
1yo4:ChainA:VAL67	-107.420732	91.762810	General
1yo4:ChainA:SER68	-46.321336	-45.599021	Pre-Pro
1yo4:ChainA:PRO69	-50.451259	-24.948859	Proline
1yo4:ChainA:LYS70	-109.087951	-25.354629	General
1yo4:ChainA:LEU71	67.502622	-88.399881	General
1yo4:ChainA:PHE72	65.513112	16.521181	General
1yo4:ChainA:ILE73	-117.609140	85.831641	General
1yo4:ChainA:ARG74	74.138200	-15.601847	General
1yo4:ChainA:GLN75	-122.295378	59.296392	General
1yo4:ChainA:GLU76	-54.287972	128.152740	General
1yo4:ChainA:GLU77	58.417733	39.725113	General
1yo4:ChainA:VAL78	78.838211	-29.114371	General
1yo4:ChainA:GLN79	62.628532	178.236560	General
1yo4:ChainA:GLN80	69.727663	6.752740	General
1yo4:ChainA:GLU81	-86.010574	-68.604217	General
1yo4:ChainA:LEU82	-113.524619	-80.120217	General
1yo4:ChainA:TYR83	-109.061896	-3.484827	General
1yo4:ChainA:SER84	68.155619	24.766102	General
1yo4:ChainA:PRO-1	-74.339307	160.006535	Proline
1yo4:ChainA:GLU1	-118.659168	109.162521	General
1yo4:ChainA:LEU2	-97.145239	75.857174	General
1yo4:ChainA:TYR3	-66.669472	125.406555	General
1yo4:ChainA:HIS4	-131.760701	152.146545	General
1yo4:ChainA:TYR5	-135.484834	138.720443	General
1yo4:ChainA:GLN6	-112.800193	115.470585	General
1yo4:ChainA:GLU7	-84.673858	83.974957	General
1yo4:ChainA:CYS8	-95.113874	162.350482	General
1yo4:ChainA:VAL9	-91.669112	113.545198	General
1yo4:ChainA:ARG10	-50.711430	130.248049	General
1yo4:ChainA:GLY11	97.843928	-23.484982	Glycine
1yo4:ChainA:THR12	-89.026579	153.578409	General
1yo4:ChainA:THR13	-83.914245	111.742741	General
1yo4:ChainA:VAL14	-76.542649	144.087647	General
1yo4:ChainA:LEU15	-117.417427	85.458113	General
1yo4:ChainA:LEU16	-94.535729	138.824278	General
1yo4:ChainA:LYS17	-80.411884	144.130445	General
1yo4:ChainA:GLU18	-64.032462	119.230236	Pre-Pro
1yo4:ChainA:PRO19	-74.358118	5.002191	Proline
1yo4:ChainA:CYS20	178.497178	149.929661	Pre-Pro
1yo4:ChainA:PRO21	-73.196091	149.129205	Proline
1yo4:ChainA:SER22	75.474876	-67.128439	General
1yo4:ChainA:GLY23	63.959146	150.152342	Glycine
1yo4:ChainA:THR24	-111.053166	103.140964	General
1yo4:ChainA:TYR25	-77.277755	110.052376	General
1yo4:ChainA:GLU26	-109.153142	76.909647	General
1yo4:ChainA:GLY27	-147.218576	-147.791584	Glycine
1yo4:ChainA:ASN28	-114.326155	-64.764804	General
1yo4:ChainA:SER29	-74.293859	117.712222	Pre-Pro
1yo4:ChainA:PRO30	-58.845299	127.434465	Proline
1yo4:ChainA:PHE31	-75.353286	179.852956	General
1yo4:ChainA:HIS32	-136.291935	99.539937	Pre-Pro
1yo4:ChainA:PRO33	-62.606333	113.835781	Proline
1yo4:ChainA:LEU34	-90.657752	-179.316484	General
1yo4:ChainA:ALA35	-74.721533	-30.354027	General
1yo4:ChainA:ASP36	-95.680618	36.702943	General
1yo4:ChainA:ASN37	52.775864	52.003341	General
1yo4:ChainA:LYS38	-128.071008	-177.356915	General
1yo4:ChainA:PHE39	-148.038449	132.327178	General
1yo4:ChainA:ALA40	-92.876236	130.980746	General
1yo4:ChainA:LEU41	-133.440729	135.144687	General
1yo4:ChainA:THR42	-70.124580	110.782568	General
1yo4:ChainA:CYS43	-55.914533	119.656481	General
1yo4:ChainA:THR44	-159.550871	160.303095	General
1yo4:ChainA:SER45	-64.547228	109.030727	General
1yo4:ChainA:THR46	-164.673248	166.987932	General
1yo4:ChainA:HIS47	-130.802269	140.134120	General
1yo4:ChainA:PHE48	-141.761104	-176.168879	General
1yo4:ChainA:ALA49	-146.849449	157.740210	General
1yo4:ChainA:PHE50	-139.635054	102.680731	General
1yo4:ChainA:ALA51	-96.952011	129.207267	General
1yo4:ChainA:CYS52	-76.054367	165.308815	General
1yo4:ChainA:ALA53	-59.396416	-22.262484	General
1yo4:ChainA:ASP54	-82.127213	-1.324816	General
1yo4:ChainA:GLY55	94.145805	-16.325043	Glycine
1yo4:ChainA:THR56	-61.580363	116.769719	General
1yo4:ChainA:ARG57	-102.428288	119.822300	General
1yo4:ChainA:HIS58	-112.292423	107.193712	General
1yo4:ChainA:THR59	-71.718119	145.885618	General
1yo4:ChainA:TYR60	-134.441011	114.002387	General
1yo4:ChainA:GLN61	-95.531074	142.323463	General
1yo4:ChainA:LEU62	-106.733441	120.479994	General
1yo4:ChainA:ARG63	-114.881145	81.490106	General
1yo4:ChainA:ALA64	-67.282883	112.592455	General
1yo4:ChainA:ARG65	-78.855896	125.664824	General
1yo4:ChainA:SER66	-71.655284	78.276810	General
1yo4:ChainA:VAL67	-146.243157	114.167040	General
1yo4:ChainA:SER68	-121.154315	105.987145	Pre-Pro
1yo4:ChainA:PRO69	-48.441426	-50.549894	Proline
1yo4:ChainA:LYS70	-123.797671	92.221500	General
1yo4:ChainA:LEU71	-81.372581	93.823380	General
1yo4:ChainA:PHE72	-77.032531	132.167505	General
1yo4:ChainA:ILE73	-97.312855	-24.723084	General
1yo4:ChainA:ARG74	-142.858340	-162.540359	General
1yo4:ChainA:GLN75	-66.256326	74.361112	General
1yo4:ChainA:GLU76	-83.902744	-141.025093	General
1yo4:ChainA:GLU77	-85.538898	-13.966903	General
1yo4:ChainA:VAL78	-100.520255	47.759314	General
1yo4:ChainA:GLN79	-109.795719	-46.557338	General
1yo4:ChainA:GLN80	59.279590	25.956467	General
1yo4:ChainA:GLU81	-86.115717	-22.909123	General
1yo4:ChainA:LEU82	-162.389429	-67.341377	General
1yo4:ChainA:TYR83	-76.855024	125.938395	General
1yo4:ChainA:SER84	-106.621216	-50.188633	General
1yo4:ChainA:PRO-1	-64.215699	156.713875	Proline
1yo4:ChainA:GLU1	-120.237041	116.427723	General
1yo4:ChainA:LEU2	-118.326055	99.273669	General
1yo4:ChainA:TYR3	-75.630105	136.606243	General
1yo4:ChainA:HIS4	-134.280482	144.284255	General
1yo4:ChainA:TYR5	-129.309243	137.265285	General
1yo4:ChainA:GLN6	-121.142221	115.887649	General
1yo4:ChainA:GLU7	-86.905902	121.207154	General
1yo4:ChainA:CYS8	-142.773552	153.314629	General
1yo4:ChainA:VAL9	-65.988561	123.602862	General
1yo4:ChainA:ARG10	-61.502857	107.636059	General
1yo4:ChainA:GLY11	132.532081	-20.759079	Glycine
1yo4:ChainA:THR12	-90.714090	-172.452505	General
1yo4:ChainA:THR13	-112.891576	120.130646	General
1yo4:ChainA:VAL14	-83.479558	148.338541	General
1yo4:ChainA:LEU15	-123.708173	86.963623	General
1yo4:ChainA:LEU16	-91.524689	154.318506	General
1yo4:ChainA:LYS17	-103.409639	135.175060	General
1yo4:ChainA:GLU18	-66.449019	120.100033	Pre-Pro
1yo4:ChainA:PRO19	-65.959411	-15.870431	Proline
1yo4:ChainA:CYS20	-142.512950	142.503135	Pre-Pro
1yo4:ChainA:PRO21	-81.045148	50.195687	Proline
1yo4:ChainA:SER22	-160.990450	76.671252	General
1yo4:ChainA:GLY23	-65.759076	117.015089	Glycine
1yo4:ChainA:THR24	-121.650561	78.384587	General
1yo4:ChainA:TYR25	-69.066552	130.859459	General
1yo4:ChainA:GLU26	-116.879950	104.829392	General
1yo4:ChainA:GLY27	167.999017	-159.360379	Glycine
1yo4:ChainA:ASN28	-123.890975	-39.749929	General
1yo4:ChainA:SER29	-57.335942	151.787179	Pre-Pro
1yo4:ChainA:PRO30	-58.101643	111.902239	Proline
1yo4:ChainA:PHE31	-83.603910	137.691699	General
1yo4:ChainA:HIS32	-145.281359	86.084635	Pre-Pro
1yo4:ChainA:PRO33	-61.872174	112.240608	Proline
1yo4:ChainA:LEU34	-117.595383	135.818354	General
1yo4:ChainA:ALA35	51.875030	-106.282986	General
1yo4:ChainA:ASP36	-63.623427	-87.448757	General
1yo4:ChainA:ASN37	-152.490181	53.018173	General
1yo4:ChainA:LYS38	-112.808335	-178.959630	General
1yo4:ChainA:PHE39	-154.023591	132.505499	General
1yo4:ChainA:ALA40	-95.108341	133.778014	General
1yo4:ChainA:LEU41	-137.247082	145.223484	General
1yo4:ChainA:THR42	-70.763019	114.145622	General
1yo4:ChainA:CYS43	-54.931704	106.514719	General
1yo4:ChainA:THR44	-149.505389	161.771900	General
1yo4:ChainA:SER45	-75.508245	92.614701	General
1yo4:ChainA:THR46	-151.570610	163.186167	General
1yo4:ChainA:HIS47	-137.232678	134.484377	General
1yo4:ChainA:PHE48	-142.867755	-163.656742	General
1yo4:ChainA:ALA49	-149.723744	156.202635	General
1yo4:ChainA:PHE50	-124.855919	122.492966	General
1yo4:ChainA:ALA51	-107.246276	157.304917	General
1yo4:ChainA:CYS52	-123.124129	173.927466	General
1yo4:ChainA:ALA53	-76.595106	4.781077	General
1yo4:ChainA:ASP54	-108.423886	13.178765	General
1yo4:ChainA:GLY55	76.482270	6.157011	Glycine
1yo4:ChainA:THR56	-68.417726	115.706634	General
1yo4:ChainA:ARG57	-106.648956	104.929248	General
1yo4:ChainA:HIS58	-104.911760	100.712000	General
1yo4:ChainA:THR59	-65.724142	137.869289	General
1yo4:ChainA:TYR60	-125.715218	114.832593	General
1yo4:ChainA:GLN61	-100.227506	139.192580	General
1yo4:ChainA:LEU62	-104.517458	121.710514	General
1yo4:ChainA:ARG63	-110.308197	82.363370	General
1yo4:ChainA:ALA64	-74.009173	118.439166	General
1yo4:ChainA:ARG65	-79.378611	4.532528	General
1yo4:ChainA:SER66	64.121881	-61.296712	General
1yo4:ChainA:VAL67	57.688038	-144.675671	General
1yo4:ChainA:SER68	-131.551249	79.528002	Pre-Pro
1yo4:ChainA:PRO69	-64.767276	-30.322442	Proline
1yo4:ChainA:LYS70	-100.811722	3.487526	General
1yo4:ChainA:LEU71	56.947814	-119.220875	General
1yo4:ChainA:PHE72	-92.365612	-177.210293	General
1yo4:ChainA:ILE73	-54.325691	-42.099570	General
1yo4:ChainA:ARG74	-111.073049	42.895001	General
1yo4:ChainA:GLN75	46.757867	50.330780	General
1yo4:ChainA:GLU76	-92.628707	-102.975571	General
1yo4:ChainA:GLU77	-137.262020	110.441150	General
1yo4:ChainA:VAL78	66.579674	88.957426	General
1yo4:ChainA:GLN79	-108.431538	-29.730183	General
1yo4:ChainA:GLN80	-111.010292	-95.858793	General
1yo4:ChainA:GLU81	52.643198	33.379557	General
1yo4:ChainA:LEU82	-177.450520	-153.793283	General
1yo4:ChainA:TYR83	-83.938454	13.629852	General
1yo4:ChainA:SER84	59.163090	64.431725	General
1yo4:ChainA:PRO-1	-66.538584	158.569580	Proline
1yo4:ChainA:GLU1	-103.369480	106.135633	General
1yo4:ChainA:LEU2	-97.408509	112.860036	General
1yo4:ChainA:TYR3	-77.389314	146.052804	General
1yo4:ChainA:HIS4	-142.252769	103.634448	General
1yo4:ChainA:TYR5	-100.005692	134.756734	General
1yo4:ChainA:GLN6	-121.961583	139.153172	General
1yo4:ChainA:GLU7	-110.880712	96.803567	General
1yo4:ChainA:CYS8	-122.965122	139.211597	General
1yo4:ChainA:VAL9	-64.515355	125.964456	General
1yo4:ChainA:ARG10	-57.709251	111.955414	General
1yo4:ChainA:GLY11	135.621974	-21.989928	Glycine
1yo4:ChainA:THR12	-92.960229	-173.462126	General
1yo4:ChainA:THR13	-119.256109	120.072437	General
1yo4:ChainA:VAL14	-82.645540	151.946765	General
1yo4:ChainA:LEU15	-130.686761	91.731424	General
1yo4:ChainA:LEU16	-102.059136	126.995264	General
1yo4:ChainA:LYS17	-70.209347	141.151994	General
1yo4:ChainA:GLU18	-68.100942	119.413400	Pre-Pro
1yo4:ChainA:PRO19	-63.530243	-22.994970	Proline
1yo4:ChainA:CYS20	-144.425444	128.685327	Pre-Pro
1yo4:ChainA:PRO21	-73.099808	148.534275	Proline
1yo4:ChainA:SER22	58.650604	49.879830	General
1yo4:ChainA:GLY23	-87.036045	-169.444581	Glycine
1yo4:ChainA:THR24	-133.982529	112.275479	General
1yo4:ChainA:TYR25	-67.601367	133.783999	General
1yo4:ChainA:GLU26	-130.046675	143.604244	General
1yo4:ChainA:GLY27	111.249135	-149.221248	Glycine
1yo4:ChainA:ASN28	-130.610514	89.232247	General
1yo4:ChainA:SER29	-145.967065	146.244111	Pre-Pro
1yo4:ChainA:PRO30	-51.832359	-49.027599	Proline
1yo4:ChainA:PHE31	66.084270	158.107960	General
1yo4:ChainA:HIS32	-169.148549	91.897574	Pre-Pro
1yo4:ChainA:PRO33	-59.661802	116.367546	Proline
1yo4:ChainA:LEU34	-97.369189	152.508355	General
1yo4:ChainA:ALA35	-49.406189	-48.716733	General
1yo4:ChainA:ASP36	-91.695530	30.057827	General
1yo4:ChainA:ASN37	73.660725	66.184758	General
1yo4:ChainA:LYS38	-139.971203	178.991769	General
1yo4:ChainA:PHE39	-145.217135	130.936927	General
1yo4:ChainA:ALA40	-97.046251	138.607893	General
1yo4:ChainA:LEU41	-143.446687	139.949050	General
1yo4:ChainA:THR42	-70.127950	114.484344	General
1yo4:ChainA:CYS43	-51.570023	115.151350	General
1yo4:ChainA:THR44	-154.162912	161.464529	General
1yo4:ChainA:SER45	-77.426814	90.645413	General
1yo4:ChainA:THR46	-146.295697	171.140804	General
1yo4:ChainA:HIS47	-143.780903	131.325772	General
1yo4:ChainA:PHE48	-142.903858	-164.964486	General
1yo4:ChainA:ALA49	-149.277854	149.969471	General
1yo4:ChainA:PHE50	-124.207885	112.215015	General
1yo4:ChainA:ALA51	-81.942589	157.210289	General
1yo4:ChainA:CYS52	-95.376534	-156.613969	General
1yo4:ChainA:ALA53	-74.323234	44.594141	General
1yo4:ChainA:ASP54	77.905452	0.265567	General
1yo4:ChainA:GLY55	-79.624270	-30.346001	Glycine
1yo4:ChainA:THR56	-161.587513	165.838929	General
1yo4:ChainA:ARG57	-125.378796	138.532847	General
1yo4:ChainA:HIS58	-129.286091	104.813421	General
1yo4:ChainA:THR59	-72.085556	125.067217	General
1yo4:ChainA:TYR60	-112.330713	129.253176	General
1yo4:ChainA:GLN61	-110.855342	145.242307	General
1yo4:ChainA:LEU62	-119.519560	113.922896	General
1yo4:ChainA:ARG63	-100.896067	86.558779	General
1yo4:ChainA:ALA64	-58.597533	111.608278	General
1yo4:ChainA:ARG65	-82.840579	61.063909	General
1yo4:ChainA:SER66	-59.383733	99.300250	General
1yo4:ChainA:VAL67	-150.279440	7.788615	General
1yo4:ChainA:SER68	56.626698	93.977977	Pre-Pro
1yo4:ChainA:PRO69	-67.148309	94.764913	Proline
1yo4:ChainA:LYS70	71.653732	-53.271227	General
1yo4:ChainA:LEU71	178.475091	-143.708523	General
1yo4:ChainA:PHE72	-103.776224	107.539074	General
1yo4:ChainA:ILE73	-76.008703	-4.647118	General
1yo4:ChainA:ARG74	-133.681047	174.855140	General
1yo4:ChainA:GLN75	-73.131403	78.812547	General
1yo4:ChainA:GLU76	-105.346952	-84.412290	General
1yo4:ChainA:GLU77	-137.174104	-62.382091	General
1yo4:ChainA:VAL78	-79.117632	60.293377	General
1yo4:ChainA:GLN79	-124.252139	-40.605531	General
1yo4:ChainA:GLN80	-88.802532	3.514564	General
1yo4:ChainA:GLU81	-77.507611	-20.676243	General
1yo4:ChainA:LEU82	-84.602431	-128.439244	General
1yo4:ChainA:TYR83	-112.438576	20.778338	General
1yo4:ChainA:SER84	56.681388	31.510455	General
1yo4:ChainA:PRO-1	-74.739537	168.289417	Proline
1yo4:ChainA:GLU1	-102.739184	109.921792	General
1yo4:ChainA:LEU2	-85.738840	122.660442	General
1yo4:ChainA:TYR3	-81.412937	139.324831	General
1yo4:ChainA:HIS4	-135.690027	149.620716	General
1yo4:ChainA:TYR5	-136.657302	132.742463	General
1yo4:ChainA:GLN6	-117.052662	141.376217	General
1yo4:ChainA:GLU7	-117.341300	115.322395	General
1yo4:ChainA:CYS8	-139.122463	149.361472	General
1yo4:ChainA:VAL9	-62.871198	129.831010	General
1yo4:ChainA:ARG10	-64.445673	103.144470	General
1yo4:ChainA:GLY11	137.933897	-19.111775	Glycine
1yo4:ChainA:THR12	-90.481006	-171.178828	General
1yo4:ChainA:THR13	-115.578796	123.943945	General
1yo4:ChainA:VAL14	-89.096637	153.832544	General
1yo4:ChainA:LEU15	-114.762057	75.251301	General
1yo4:ChainA:LEU16	-73.125379	134.988101	General
1yo4:ChainA:LYS17	-78.477598	128.593964	General
1yo4:ChainA:GLU18	-67.009038	110.494608	Pre-Pro
1yo4:ChainA:PRO19	-66.355431	-26.755520	Proline
1yo4:ChainA:CYS20	-142.273250	136.236754	Pre-Pro
1yo4:ChainA:PRO21	-59.198373	105.165585	Proline
1yo4:ChainA:SER22	76.036715	122.275975	General
1yo4:ChainA:GLY23	-170.540103	-163.806311	Glycine
1yo4:ChainA:THR24	-118.408516	122.348825	General
1yo4:ChainA:TYR25	-84.033079	104.019611	General
1yo4:ChainA:GLU26	-91.522272	70.251433	General
1yo4:ChainA:GLY27	-142.721321	166.319668	Glycine
1yo4:ChainA:ASN28	-77.644496	-19.852494	General
1yo4:ChainA:SER29	-107.839628	123.027062	Pre-Pro
1yo4:ChainA:PRO30	-64.332882	153.054978	Proline
1yo4:ChainA:PHE31	-115.505112	-179.559068	General
1yo4:ChainA:HIS32	-152.300990	101.638923	Pre-Pro
1yo4:ChainA:PRO33	-53.216621	105.610008	Proline
1yo4:ChainA:LEU34	-116.020535	136.535483	General
1yo4:ChainA:ALA35	53.013661	-113.743041	General
1yo4:ChainA:ASP36	-71.279740	-78.925042	General
1yo4:ChainA:ASN37	-153.144875	69.025455	General
1yo4:ChainA:LYS38	-140.574270	-175.074952	General
1yo4:ChainA:PHE39	-158.745173	126.624571	General
1yo4:ChainA:ALA40	-83.183161	130.500322	General
1yo4:ChainA:LEU41	-145.688718	154.134724	General
1yo4:ChainA:THR42	-77.894075	118.512460	General
1yo4:ChainA:CYS43	-53.710376	107.762694	General
1yo4:ChainA:THR44	-143.164784	154.806672	General
1yo4:ChainA:SER45	-78.371588	111.103290	General
1yo4:ChainA:THR46	-175.664233	173.170514	General
1yo4:ChainA:HIS47	-137.445206	125.174021	General
1yo4:ChainA:PHE48	-122.701151	-156.750956	General
1yo4:ChainA:ALA49	-158.828277	165.310913	General
1yo4:ChainA:PHE50	-137.765131	119.832036	General
1yo4:ChainA:ALA51	-103.401968	115.844040	General
1yo4:ChainA:CYS52	-82.495993	159.218464	General
1yo4:ChainA:ALA53	-67.838967	3.796546	General
1yo4:ChainA:ASP54	-95.067570	-16.011337	General
1yo4:ChainA:GLY55	102.953263	-9.918929	Glycine
1yo4:ChainA:THR56	-73.734332	139.460706	General
1yo4:ChainA:ARG57	-108.336489	145.511810	General
1yo4:ChainA:HIS58	-134.961894	110.232711	General
1yo4:ChainA:THR59	-78.087314	130.571454	General
1yo4:ChainA:TYR60	-119.872283	110.076946	General
1yo4:ChainA:GLN61	-92.243283	149.275324	General
1yo4:ChainA:LEU62	-135.933108	126.765661	General
1yo4:ChainA:ARG63	-109.569933	86.077396	General
1yo4:ChainA:ALA64	-69.520084	116.488759	General
1yo4:ChainA:ARG65	-78.366420	106.403140	General
1yo4:ChainA:SER66	-62.313219	-20.283796	General
1yo4:ChainA:VAL67	-90.199076	113.426684	General
1yo4:ChainA:SER68	-81.289990	131.554499	Pre-Pro
1yo4:ChainA:PRO69	-69.333115	-7.786200	Proline
1yo4:ChainA:LYS70	-121.341885	104.351893	General
1yo4:ChainA:LEU71	-143.068942	179.835497	General
1yo4:ChainA:PHE72	64.999536	-101.566083	General
1yo4:ChainA:ILE73	62.512224	-75.959037	General
1yo4:ChainA:ARG74	-163.770309	-28.775077	General
1yo4:ChainA:GLN75	-150.308268	-133.666710	General
1yo4:ChainA:GLU76	63.850974	-125.674411	General
1yo4:ChainA:GLU77	-81.989199	-11.809982	General
1yo4:ChainA:VAL78	-165.553498	113.238745	General
1yo4:ChainA:GLN79	-80.716479	-163.939927	General
1yo4:ChainA:GLN80	-57.735271	-11.172254	General
1yo4:ChainA:GLU81	59.928372	47.706740	General
1yo4:ChainA:LEU82	-174.762300	-153.938641	General
1yo4:ChainA:TYR83	-68.236803	-31.615799	General
1yo4:ChainA:SER84	75.509639	104.926904	General
