2ihe:ChainA:ARG3	-102.196056	-65.614435	General
2ihe:ChainA:GLY4	-98.293787	122.482917	Glycine
2ihe:ChainA:LEU5	-128.267153	135.402713	General
2ihe:ChainA:ASN6	-146.743109	96.028062	General
2ihe:ChainA:GLN7	-130.802788	130.137378	General
2ihe:ChainA:VAL8	-128.271367	133.378712	General
2ihe:ChainA:PHE9	-127.833452	124.773677	General
2ihe:ChainA:LEU10	-134.049354	156.198638	General
2ihe:ChainA:ILE11	-146.494518	111.562886	General
2ihe:ChainA:GLY12	-147.987928	179.450755	Glycine
2ihe:ChainA:THR13	-109.104581	137.700653	General
2ihe:ChainA:LEU14	-66.011037	130.872647	General
2ihe:ChainA:THR15	-96.869808	-1.643433	General
2ihe:ChainA:ALA16	-162.662134	163.649381	General
2ihe:ChainA:ARG17	-76.397346	125.594724	Pre-Pro
2ihe:ChainA:PRO18	-56.427431	139.653676	Proline
2ihe:ChainA:ASP19	-116.418369	115.461983	General
2ihe:ChainA:MET20	-59.468958	170.991290	General
2ihe:ChainA:ARG21	177.453170	146.607278	General
2ihe:ChainA:TYR22	-125.790305	158.771726	General
2ihe:ChainA:THR23	-90.259298	167.410239	Pre-Pro
2ihe:ChainA:PRO24	-55.864791	-35.831305	Proline
2ihe:ChainA:GLY25	-76.531069	-21.541134	Glycine
2ihe:ChainA:GLY26	124.370922	1.532862	Glycine
2ihe:ChainA:LEU27	-74.652227	125.140498	General
2ihe:ChainA:ALA28	-74.577004	134.977140	General
2ihe:ChainA:ILE29	-133.043957	122.508183	General
2ihe:ChainA:LEU30	-127.977441	119.270980	General
2ihe:ChainA:ASP31	-102.519837	128.214620	General
2ihe:ChainA:LEU32	-118.272468	130.394701	General
2ihe:ChainA:ASN33	-99.501799	112.741828	General
2ihe:ChainA:LEU34	-109.008093	146.605870	General
2ihe:ChainA:ALA35	-133.735729	151.535848	General
2ihe:ChainA:GLY36	-170.864726	-167.388931	Glycine
2ihe:ChainA:GLN37	-152.318160	151.861553	General
2ihe:ChainA:ASP38	-117.059511	139.241876	General
2ihe:ChainA:ALA39	-97.762269	87.861214	General
2ihe:ChainA:PHE40	-66.506074	-5.778143	General
2ihe:ChainA:THR41	-65.555297	166.189768	General
2ihe:ChainA:ASP42	-152.948328	-169.081253	General
2ihe:ChainA:GLU43	36.116931	-147.054012	General
2ihe:ChainA:SER44	-85.686783	59.955273	General
2ihe:ChainA:GLY45	85.592236	-131.431582	Glycine
2ihe:ChainA:GLN46	70.279978	-10.863958	General
2ihe:ChainA:GLU47	-140.429955	175.661498	General
2ihe:ChainA:ARG48	-140.707975	-150.111316	General
2ihe:ChainA:GLU49	-141.534094	133.349117	General
2ihe:ChainA:VAL50	-102.511918	150.953084	Pre-Pro
2ihe:ChainA:PRO51	-89.905426	156.870653	Proline
2ihe:ChainA:TRP52	-138.820212	143.817856	General
2ihe:ChainA:TYR53	-133.148839	112.374051	General
2ihe:ChainA:HIS54	-124.966362	130.253810	General
2ihe:ChainA:ARG55	-88.867655	125.337037	General
2ihe:ChainA:VAL56	-113.703359	137.644994	General
2ihe:ChainA:ARG57	-106.191764	129.830574	General
2ihe:ChainA:LEU58	-116.287532	132.983111	General
2ihe:ChainA:LEU59	-123.755866	156.956071	General
2ihe:ChainA:GLY60	72.930345	-158.450800	Glycine
2ihe:ChainA:ARG61	-47.611352	-31.832011	General
2ihe:ChainA:GLN62	-66.416624	-47.865167	General
2ihe:ChainA:ALA63	-59.057523	-36.214210	General
2ihe:ChainA:GLU64	-68.101507	-34.374817	General
2ihe:ChainA:MET65	-84.751359	-9.935362	General
2ihe:ChainA:TRP66	-119.496471	-35.932514	General
2ihe:ChainA:GLY67	-53.359743	55.625615	Glycine
2ihe:ChainA:ASP68	-178.301634	-27.192326	General
2ihe:ChainA:LEU69	-101.408909	-8.581143	General
2ihe:ChainA:LEU70	-87.569692	121.939215	General
2ihe:ChainA:GLU71	-100.986412	145.152380	General
2ihe:ChainA:LYS72	-54.576052	126.850568	General
2ihe:ChainA:GLY73	106.505612	-9.581192	Glycine
2ihe:ChainA:GLN74	-73.702362	138.203603	General
2ihe:ChainA:LEU75	-84.008958	128.355533	General
2ihe:ChainA:ILE76	-128.085542	141.295301	General
2ihe:ChainA:PHE77	-102.226384	130.000939	General
2ihe:ChainA:VAL78	-118.679678	136.584706	General
2ihe:ChainA:GLU79	-123.789383	117.188170	General
2ihe:ChainA:GLY80	-160.127240	-146.286274	Glycine
2ihe:ChainA:ARG81	-157.718981	166.406224	General
2ihe:ChainA:LEU82	-89.875380	133.936704	General
2ihe:ChainA:GLU83	-119.007273	125.424341	General
2ihe:ChainA:TYR84	-103.464818	130.582661	General
2ihe:ChainA:ARG85	-135.858567	136.014473	General
2ihe:ChainA:GLN86	-130.218462	151.275364	General
2ihe:ChainA:TRP87	-161.530020	-171.235158	General
2ihe:ChainA:GLU88	-120.185331	128.504091	General
2ihe:ChainA:LYS89	99.880758	-11.571106	General
2ihe:ChainA:ASP90	-159.903943	-51.224938	General
2ihe:ChainA:GLY91	-117.853047	-122.007801	Glycine
2ihe:ChainA:GLU92	-72.229753	-55.027560	General
2ihe:ChainA:LYS93	-162.702030	154.987861	General
2ihe:ChainA:LYS94	-24.569111	-30.141206	General
2ihe:ChainA:SER95	-153.595677	165.942865	General
2ihe:ChainA:GLU96	-157.959883	150.288203	General
2ihe:ChainA:VAL97	-120.085449	126.641493	General
2ihe:ChainA:GLN98	-130.478848	163.959792	General
2ihe:ChainA:VAL99	-93.194486	129.883252	General
2ihe:ChainA:ARG100	-110.683548	115.863614	General
2ihe:ChainA:ALA101	-84.064603	126.684109	General
2ihe:ChainA:GLU102	-87.981715	-34.743302	General
2ihe:ChainA:PHE103	-149.385470	161.628396	General
2ihe:ChainA:ILE104	-146.691294	153.887326	General
2ihe:ChainA:ASP105	-144.452811	106.908017	Pre-Pro
2ihe:ChainA:PRO106	-62.279555	140.284546	Proline
2ihe:ChainA:LEU107	-112.307060	154.566400	General
2ihe:ChainA:GLU108	-75.890473	135.193128	General
2ihe:ChainA:GLY109	-88.923822	6.954357	Glycine
2ihe:ChainA:ARG110	61.795065	-126.902886	General
2ihe:ChainA:LEU128	-132.505344	132.145968	General
2ihe:ChainA:ASN129	-147.095537	98.945283	General
2ihe:ChainA:GLN130	-135.041035	136.764350	General
2ihe:ChainA:VAL131	-132.309600	140.654612	General
2ihe:ChainA:ILE132	-135.153549	117.501744	General
2ihe:ChainA:LEU133	-130.533276	158.702960	General
2ihe:ChainA:MET134	-150.408551	122.786098	General
2ihe:ChainA:GLY135	-159.618079	-153.179574	Glycine
2ihe:ChainA:ASN136	-125.240169	146.770480	General
2ihe:ChainA:LEU137	-68.178230	138.753855	General
2ihe:ChainA:THR138	-95.233394	-12.159572	General
2ihe:ChainA:ARG139	-158.564959	170.364156	General
2ihe:ChainA:ASP140	-70.899258	149.125976	Pre-Pro
2ihe:ChainA:PRO141	-56.899449	154.943724	Proline
2ihe:ChainA:ASP142	-123.281148	96.872158	General
2ihe:ChainA:LEU143	-92.448472	133.752019	General
2ihe:ChainA:ARG144	-137.658650	167.702543	General
2ihe:ChainA:TYR145	-130.502317	142.509063	General
2ihe:ChainA:THR146	-83.081087	161.582905	Pre-Pro
2ihe:ChainA:PRO147	-48.589053	-45.058516	Proline
2ihe:ChainA:GLN148	-62.509616	-17.495719	General
2ihe:ChainA:GLY149	97.984330	25.398560	Glycine
2ihe:ChainA:THR150	-91.378045	125.400974	General
2ihe:ChainA:ALA151	-69.447673	132.272482	General
2ihe:ChainA:VAL152	-142.314285	133.017598	General
2ihe:ChainA:VAL153	-125.263266	144.235026	General
2ihe:ChainA:ARG154	-115.146020	129.467064	General
2ihe:ChainA:LEU155	-125.203513	143.359786	General
2ihe:ChainA:GLY156	-105.751767	124.189723	Glycine
2ihe:ChainA:LEU157	-122.206288	137.213541	General
2ihe:ChainA:ALA158	-108.508993	121.546333	General
2ihe:ChainA:VAL159	-122.939243	120.194528	General
2ihe:ChainA:ASN160	-131.774434	101.828356	General
2ihe:ChainA:THR171	-105.763979	143.267962	General
2ihe:ChainA:HIS172	-111.566560	130.018342	General
2ihe:ChainA:PHE173	-104.095500	123.667070	General
2ihe:ChainA:LEU174	-125.652172	150.352052	General
2ihe:ChainA:GLU175	-100.716911	137.850881	General
2ihe:ChainA:VAL176	-131.673296	146.127294	General
2ihe:ChainA:GLN177	-135.863265	139.106745	General
2ihe:ChainA:ALA178	-136.166793	152.817304	General
2ihe:ChainA:TRP179	-120.023378	163.916643	General
2ihe:ChainA:ARG180	47.794913	-127.049975	General
2ihe:ChainA:GLU181	-48.921907	-48.098198	General
2ihe:ChainA:LEU182	-61.698905	-41.027689	General
2ihe:ChainA:ALA183	-61.301297	-47.120430	General
2ihe:ChainA:GLU184	-64.689031	-32.765817	General
2ihe:ChainA:TRP185	-70.126885	-45.312287	General
2ihe:ChainA:ALA186	-65.332365	-22.317981	General
2ihe:ChainA:SER187	-67.498848	-14.404125	General
2ihe:ChainA:GLU188	-90.460830	-0.901389	General
2ihe:ChainA:LEU189	-79.769585	162.963841	General
2ihe:ChainA:ARG190	-123.649948	156.796062	General
2ihe:ChainA:LYS191	-56.077343	135.796274	General
2ihe:ChainA:GLY192	92.835886	-16.796777	Glycine
2ihe:ChainA:ASP193	-63.626179	151.025560	General
2ihe:ChainA:GLY194	-83.600988	146.037156	Glycine
2ihe:ChainA:LEU195	-143.792383	134.717314	General
2ihe:ChainA:LEU196	-104.563837	124.872108	General
2ihe:ChainA:VAL197	-119.153130	133.663477	General
2ihe:ChainA:ILE198	-133.832101	115.812509	General
2ihe:ChainA:GLY199	-164.213297	-145.312806	Glycine
2ihe:ChainA:ARG200	-133.116628	151.731846	General
2ihe:ChainA:LEU201	-83.473088	130.053002	General
2ihe:ChainA:VAL202	-129.306845	164.370733	General
2ihe:ChainA:ASN203	-105.259369	148.853132	General
2ihe:ChainA:PHE215	84.699468	134.479379	General
2ihe:ChainA:GLN216	-151.640600	143.334063	General
2ihe:ChainA:THR217	-98.702332	118.243510	General
2ihe:ChainA:ARG218	-132.003382	173.692783	General
2ihe:ChainA:VAL219	-106.935070	132.720285	General
2ihe:ChainA:GLU220	-101.346849	103.645235	General
2ihe:ChainA:ALA221	-66.501062	127.837667	General
2ihe:ChainA:LEU222	-104.329231	-20.850834	General
2ihe:ChainA:ARG223	-151.698813	142.219708	General
2ihe:ChainA:LEU224	-138.985854	139.672866	General
2ihe:ChainA:GLU225	-145.675965	150.093719	General
2ihe:ChainA:ARG226	-107.319957	114.571712	Pre-Pro
2ihe:ChainA:PRO227	-81.733811	126.898001	Proline
2ihe:ChainA:THR228	-66.046410	138.530977	General
2ihe:ChainA:ARG229	-57.834540	163.241408	General
2ihe:ChainA:GLY230	-62.410321	177.010583	Glycine
2ihe:ChainA:PRO231	-38.421301	150.075025	Proline
2ihe:ChainA:ALA232	-96.437109	109.066556	General
2ihe:ChainA:GLN233	-41.086704	-171.664939	General
2ihe:ChainA:ALA234	-71.286395	-51.774711	General
2ihe:ChainA:GLY235	85.939582	126.084134	Glycine
2ihe:ChainA:GLY236	-60.136961	-70.017312	Glycine
2ihe:ChainA:SER237	-101.075823	24.482060	General
2ihe:ChainA:ARG238	116.958026	-34.394007	Pre-Pro
