2jnw:ChainA:SER100	-79.559629	117.683532	General
2jnw:ChainA:ILE101	-17.839939	164.881422	General
2jnw:ChainA:ILE102	-135.644120	119.745219	General
2jnw:ChainA:VAL103	-115.843571	169.917592	General
2jnw:ChainA:SER104	-98.074432	137.580259	Pre-Pro
2jnw:ChainA:PRO105	-60.163643	-9.340811	Proline
2jnw:ChainA:ARG106	-84.260615	0.792189	General
2jnw:ChainA:GLN107	-108.545474	-0.170636	General
2jnw:ChainA:ARG108	-52.999054	-166.865467	General
2jnw:ChainA:GLY109	56.279538	-74.799731	Glycine
2jnw:ChainA:ASN110	-23.240718	112.077362	Pre-Pro
2jnw:ChainA:PRO111	-64.756102	-14.248733	Proline
2jnw:ChainA:VAL112	-55.047667	-35.397408	General
2jnw:ChainA:LEU113	-55.645708	-24.869345	General
2jnw:ChainA:LYS114	-69.338922	-21.374036	General
2jnw:ChainA:PHE115	-97.721236	2.539888	General
2jnw:ChainA:VAL116	-84.576482	77.660412	General
2jnw:ChainA:ARG117	-108.829843	-35.597026	General
2jnw:ChainA:ASN118	-75.569573	-13.927831	General
2jnw:ChainA:VAL119	-130.043975	147.049267	Pre-Pro
2jnw:ChainA:PRO120	-68.584132	134.933641	Proline
2jnw:ChainA:TRP121	-145.580085	153.952150	General
2jnw:ChainA:GLU122	-150.618033	154.773848	General
2jnw:ChainA:PHE123	-74.558032	130.839938	General
2jnw:ChainA:GLY124	-138.270407	162.560584	Glycine
2jnw:ChainA:ASP125	-85.868526	83.032142	General
2jnw:ChainA:VAL126	-124.312677	154.352808	General
2jnw:ChainA:ILE127	-58.907389	-47.935812	Pre-Pro
2jnw:ChainA:PRO128	-79.021063	-173.588764	Proline
2jnw:ChainA:ASP129	-83.632612	-48.202058	General
2jnw:ChainA:TYR130	-132.407080	129.697355	General
2jnw:ChainA:VAL131	-95.302056	118.479509	General
2jnw:ChainA:LEU132	-105.797640	-15.340161	General
2jnw:ChainA:GLY133	-166.293044	170.061667	Glycine
2jnw:ChainA:GLN134	-49.022080	-30.717747	General
2jnw:ChainA:SER135	-138.340195	21.184827	General
2jnw:ChainA:THR136	-109.902791	134.487581	General
2jnw:ChainA:CYS137	-151.941743	151.981159	General
2jnw:ChainA:ALA138	-122.047253	167.802662	General
2jnw:ChainA:LEU139	-137.601260	132.416968	General
2jnw:ChainA:PHE140	-104.336082	137.013147	General
2jnw:ChainA:LEU141	-138.851505	103.366198	General
2jnw:ChainA:SER142	-70.125108	17.042899	General
2jnw:ChainA:LEU143	49.330336	-67.854542	General
2jnw:ChainA:ARG144	-43.285012	-47.692138	General
2jnw:ChainA:TYR145	-67.459898	-29.396728	General
2jnw:ChainA:HIS146	-50.594736	-36.999698	General
2jnw:ChainA:ASN147	-67.711161	-62.154267	General
2jnw:ChainA:LEU148	-52.748643	104.925043	General
2jnw:ChainA:HIS149	43.093641	96.980028	Pre-Pro
2jnw:ChainA:PRO150	-96.881969	-148.343917	Proline
2jnw:ChainA:ASP151	61.705665	-26.166222	General
2jnw:ChainA:TYR152	-62.478171	-45.465583	General
2jnw:ChainA:ILE153	-61.665911	-36.941992	General
2jnw:ChainA:HIS154	-65.036178	-51.759609	General
2jnw:ChainA:GLY155	-65.012395	-12.438604	Glycine
2jnw:ChainA:ARG156	-85.460313	-36.087947	General
2jnw:ChainA:LEU157	-72.456250	-39.141950	General
2jnw:ChainA:GLN158	-62.511653	-33.763963	General
2jnw:ChainA:SER159	-65.385934	-46.613701	General
2jnw:ChainA:LEU160	-58.725001	-35.098455	General
2jnw:ChainA:GLY161	65.426837	-91.584684	Glycine
2jnw:ChainA:LYS162	-158.771918	17.861662	General
2jnw:ChainA:ASN163	-61.439804	-23.546561	General
2jnw:ChainA:PHE164	-121.728626	134.467464	General
2jnw:ChainA:ALA165	-62.636980	-66.862859	General
2jnw:ChainA:LEU166	-79.034127	104.736800	General
2jnw:ChainA:ARG167	-100.982170	134.395930	General
2jnw:ChainA:VAL168	-136.022309	143.172791	General
2jnw:ChainA:LEU169	-113.400763	99.347182	General
2jnw:ChainA:LEU170	-74.700938	120.305884	General
2jnw:ChainA:VAL171	-114.557055	127.325369	General
2jnw:ChainA:GLN172	-95.403011	109.502705	General
2jnw:ChainA:VAL173	-74.578635	82.962641	General
2jnw:ChainA:ASP174	-108.123935	34.978332	General
2jnw:ChainA:VAL175	-147.682931	140.369237	General
2jnw:ChainA:LYS176	-78.513917	143.820489	General
2jnw:ChainA:ASP177	66.634923	41.885730	Pre-Pro
2jnw:ChainA:PRO178	-69.348922	-29.531823	Proline
2jnw:ChainA:GLN179	-26.378475	-64.404694	General
2jnw:ChainA:GLN180	-40.966218	-59.526953	General
2jnw:ChainA:ALA181	-58.812793	-52.673794	General
2jnw:ChainA:LEU182	-44.217335	-47.380990	General
2jnw:ChainA:LYS183	-49.796954	-61.229554	General
2jnw:ChainA:GLU184	-68.470343	-19.680848	General
2jnw:ChainA:LEU185	-76.872384	-45.838173	General
2jnw:ChainA:ALA186	-55.449145	-46.050856	General
2jnw:ChainA:LYS187	-52.792344	-44.014188	General
2jnw:ChainA:MET188	-59.322631	-44.903755	General
2jnw:ChainA:CYS189	-66.071681	-33.293123	General
2jnw:ChainA:ILE190	-67.075227	-48.511248	General
2jnw:ChainA:LEU191	-57.889694	-47.266757	General
2jnw:ChainA:ALA192	-73.846914	-8.625838	General
2jnw:ChainA:ASP193	48.387384	47.816396	General
2jnw:ChainA:CYS194	-120.843781	152.190911	General
2jnw:ChainA:THR195	-73.646751	147.749572	General
2jnw:ChainA:LEU196	-107.171335	117.481611	General
2jnw:ChainA:ILE197	-115.869477	143.325762	General
2jnw:ChainA:LEU198	-117.738319	121.309773	General
2jnw:ChainA:ALA199	-115.987475	169.840256	General
2jnw:ChainA:TRP200	-132.207554	-8.555081	General
2jnw:ChainA:SER201	-137.186001	164.153137	Pre-Pro
2jnw:ChainA:PRO202	-69.712214	-22.317488	Proline
2jnw:ChainA:GLU203	-77.278744	-46.606721	General
2jnw:ChainA:GLU204	-52.930039	-52.203684	General
2jnw:ChainA:ALA205	-59.569133	-45.667157	General
2jnw:ChainA:GLY206	-49.626409	-40.855135	Glycine
2jnw:ChainA:ARG207	-62.329984	-49.201991	General
2jnw:ChainA:TYR208	-50.478561	-25.911860	General
2jnw:ChainA:LEU209	-79.742109	-49.942341	General
2jnw:ChainA:GLU210	-56.009613	-35.221072	General
2jnw:ChainA:THR211	-71.327645	-35.572632	General
2jnw:ChainA:TYR212	-78.330448	-28.213373	General
2jnw:ChainA:LYS213	-82.187897	-20.965131	General
2jnw:ChainB:ILE68	-126.349987	59.426465	General
2jnw:ChainB:ILE69	-109.853118	38.078598	General
2jnw:ChainB:ASP70	-29.457127	106.029518	General
2jnw:ChainB:THR71	-82.523976	-132.601693	General
2jnw:ChainB:GLY72	-129.469979	134.526386	Glycine
2jnw:ChainB:GLY73	152.522628	25.656305	Glycine
2jnw:ChainB:GLY74	52.905364	58.184789	Glycine
2jnw:ChainB:PHE75	-172.088867	131.247011	General
2jnw:ChainB:ILE76	-71.401138	130.496380	General
2jnw:ChainA:SER100	-79.559629	117.683532	General
2jnw:ChainA:ILE101	-17.839939	164.881422	General
2jnw:ChainA:ILE102	-135.644120	119.745219	General
2jnw:ChainA:VAL103	-115.843571	170.506184	General
2jnw:ChainA:SER104	-103.224622	138.532982	Pre-Pro
2jnw:ChainA:PRO105	-59.801878	-13.606766	Proline
2jnw:ChainA:ARG106	-76.186372	-7.456512	General
2jnw:ChainA:GLN107	-106.924189	3.276403	General
2jnw:ChainA:ARG108	-55.899146	-157.696409	General
2jnw:ChainA:GLY109	49.402502	-91.499167	Glycine
2jnw:ChainA:ASN110	-4.904989	109.151320	Pre-Pro
2jnw:ChainA:PRO111	-63.048997	-12.358420	Proline
2jnw:ChainA:VAL112	-55.321129	-35.397408	General
2jnw:ChainA:LEU113	-55.645708	-24.869345	General
2jnw:ChainA:LYS114	-69.338922	-21.374036	General
2jnw:ChainA:PHE115	-97.721236	2.539888	General
2jnw:ChainA:VAL116	-84.576482	77.660412	General
2jnw:ChainA:ARG117	-108.829843	-35.597026	General
2jnw:ChainA:ASN118	-75.569573	-13.927831	General
2jnw:ChainA:VAL119	-130.043975	147.049267	Pre-Pro
2jnw:ChainA:PRO120	-68.584132	134.933641	Proline
2jnw:ChainA:TRP121	-145.580085	153.952150	General
2jnw:ChainA:GLU122	-150.618033	154.773848	General
2jnw:ChainA:PHE123	-74.558032	130.839938	General
2jnw:ChainA:GLY124	-138.270407	162.560584	Glycine
2jnw:ChainA:ASP125	-85.868526	83.032142	General
2jnw:ChainA:VAL126	-124.312677	154.352808	General
2jnw:ChainA:ILE127	-58.907389	-47.935812	Pre-Pro
2jnw:ChainA:PRO128	-79.021063	-173.588764	Proline
2jnw:ChainA:ASP129	-83.632612	-48.202058	General
2jnw:ChainA:TYR130	-132.407080	129.697355	General
2jnw:ChainA:VAL131	-95.302056	118.479509	General
2jnw:ChainA:LEU132	-105.797640	-15.340161	General
2jnw:ChainA:GLY133	-166.293044	170.061667	Glycine
2jnw:ChainA:GLN134	-49.022080	-30.717747	General
2jnw:ChainA:SER135	-138.340195	21.184827	General
2jnw:ChainA:THR136	-109.902791	134.487581	General
2jnw:ChainA:CYS137	-151.941743	151.981159	General
2jnw:ChainA:ALA138	-122.047253	167.802662	General
2jnw:ChainA:LEU139	-137.601260	132.972948	General
2jnw:ChainA:PHE140	-102.987338	138.613392	General
2jnw:ChainA:LEU141	-140.857971	102.816635	General
2jnw:ChainA:SER142	-71.021906	17.146148	General
2jnw:ChainA:LEU143	49.748547	-67.575559	General
2jnw:ChainA:ARG144	-43.191749	-42.540391	General
2jnw:ChainA:TYR145	-71.663209	-32.671284	General
2jnw:ChainA:HIS146	-48.691082	-33.807381	General
2jnw:ChainA:ASN147	-66.713853	-64.517264	General
2jnw:ChainA:LEU148	-54.419840	113.655694	General
2jnw:ChainA:HIS149	42.243292	98.008308	Pre-Pro
2jnw:ChainA:PRO150	-94.721823	-53.982147	Proline
2jnw:ChainA:ASP151	-34.467572	-19.078426	General
2jnw:ChainA:TYR152	-54.449838	-48.585390	General
2jnw:ChainA:ILE153	-63.194811	-36.941992	General
2jnw:ChainA:HIS154	-65.036178	-51.759609	General
2jnw:ChainA:GLY155	-65.012395	-12.438604	Glycine
2jnw:ChainA:ARG156	-85.460313	-36.087947	General
2jnw:ChainA:LEU157	-72.456250	-39.141950	General
2jnw:ChainA:GLN158	-62.511653	-33.763963	General
2jnw:ChainA:SER159	-65.385934	-46.613701	General
2jnw:ChainA:LEU160	-58.725001	-35.098455	General
2jnw:ChainA:GLY161	65.426837	-91.584684	Glycine
2jnw:ChainA:LYS162	-158.771918	17.861662	General
2jnw:ChainA:ASN163	-61.439804	-23.546561	General
2jnw:ChainA:PHE164	-121.728626	134.467464	General
2jnw:ChainA:ALA165	-62.636980	-66.862859	General
2jnw:ChainA:LEU166	-79.034127	104.736800	General
2jnw:ChainA:ARG167	-100.982170	134.395930	General
2jnw:ChainA:VAL168	-136.022309	143.172791	General
2jnw:ChainA:LEU169	-113.400763	99.347182	General
2jnw:ChainA:LEU170	-74.700938	120.305884	General
2jnw:ChainA:VAL171	-114.557055	127.325369	General
2jnw:ChainA:GLN172	-95.403011	109.502705	General
2jnw:ChainA:VAL173	-74.578635	82.962641	General
2jnw:ChainA:ASP174	-108.123935	34.978332	General
2jnw:ChainA:VAL175	-147.682931	140.369237	General
2jnw:ChainA:LYS176	-78.513917	143.820489	General
2jnw:ChainA:ASP177	66.634923	41.885730	Pre-Pro
2jnw:ChainA:PRO178	-69.348922	-29.531823	Proline
2jnw:ChainA:GLN179	-26.378475	-64.404694	General
2jnw:ChainA:GLN180	-40.966218	-59.526953	General
2jnw:ChainA:ALA181	-58.812793	-52.673794	General
2jnw:ChainA:LEU182	-44.217335	-47.380990	General
2jnw:ChainA:LYS183	-49.796954	-61.229554	General
2jnw:ChainA:GLU184	-68.470343	-19.680848	General
2jnw:ChainA:LEU185	-76.872384	-45.838173	General
2jnw:ChainA:ALA186	-55.449145	-46.050856	General
2jnw:ChainA:LYS187	-52.792344	-44.014188	General
2jnw:ChainA:MET188	-59.322631	-44.903755	General
2jnw:ChainA:CYS189	-66.071681	-33.293123	General
2jnw:ChainA:ILE190	-67.075227	-48.511248	General
2jnw:ChainA:LEU191	-57.889694	-47.266757	General
2jnw:ChainA:ALA192	-73.846914	-8.625838	General
2jnw:ChainA:ASP193	48.387384	47.816396	General
2jnw:ChainA:CYS194	-120.843781	152.190911	General
2jnw:ChainA:THR195	-73.646751	147.749572	General
2jnw:ChainA:LEU196	-107.171335	117.481611	General
2jnw:ChainA:ILE197	-115.869477	143.325762	General
2jnw:ChainA:LEU198	-117.738319	121.309773	General
2jnw:ChainA:ALA199	-115.987475	169.840256	General
2jnw:ChainA:TRP200	-132.207554	-8.555081	General
2jnw:ChainA:SER201	-137.186001	164.153137	Pre-Pro
2jnw:ChainA:PRO202	-69.712214	-22.317488	Proline
2jnw:ChainA:GLU203	-77.278744	-46.606721	General
2jnw:ChainA:GLU204	-52.930039	-52.203684	General
2jnw:ChainA:ALA205	-59.569133	-45.667157	General
2jnw:ChainA:GLY206	-49.626409	-40.855135	Glycine
2jnw:ChainA:ARG207	-62.329984	-49.201991	General
2jnw:ChainA:TYR208	-50.478561	-25.911860	General
2jnw:ChainA:LEU209	-79.742109	-49.942341	General
2jnw:ChainA:GLU210	-56.009613	-35.221072	General
2jnw:ChainA:THR211	-71.327645	-35.572632	General
2jnw:ChainA:TYR212	-78.330448	-28.213373	General
2jnw:ChainA:LYS213	-82.187897	-20.965131	General
2jnw:ChainB:ILE68	-107.245579	-40.746659	General
2jnw:ChainB:ILE69	-26.590292	65.229515	General
2jnw:ChainB:ASP70	-68.155487	111.698647	General
2jnw:ChainB:THR71	-83.664645	-138.654414	General
2jnw:ChainB:GLY72	-123.708716	141.593595	Glycine
2jnw:ChainB:GLY73	147.923252	16.425230	Glycine
2jnw:ChainB:GLY74	57.780414	61.158327	Glycine
2jnw:ChainB:PHE75	-171.859532	129.299796	General
2jnw:ChainB:ILE76	-72.156208	123.222355	General
2jnw:ChainA:SER100	-79.559629	117.683532	General
2jnw:ChainA:ILE101	-17.839939	164.881422	General
2jnw:ChainA:ILE102	-135.644120	119.745219	General
2jnw:ChainA:VAL103	-115.843571	169.868441	General
2jnw:ChainA:SER104	-99.318715	138.528059	Pre-Pro
2jnw:ChainA:PRO105	-60.291600	-9.138332	Proline
2jnw:ChainA:ARG106	-80.465492	-2.780228	General
2jnw:ChainA:GLN107	-108.834422	0.482618	General
2jnw:ChainA:ARG108	-52.227232	-172.110622	General
2jnw:ChainA:GLY109	58.751558	-80.033899	Glycine
2jnw:ChainA:ASN110	-16.721028	106.270139	Pre-Pro
2jnw:ChainA:PRO111	-61.222991	-14.850433	Proline
2jnw:ChainA:VAL112	-54.791064	-35.397408	General
2jnw:ChainA:LEU113	-55.645708	-24.869345	General
2jnw:ChainA:LYS114	-69.338922	-21.374036	General
2jnw:ChainA:PHE115	-97.721236	2.539888	General
2jnw:ChainA:VAL116	-84.576482	77.660412	General
2jnw:ChainA:ARG117	-108.829843	-35.597026	General
2jnw:ChainA:ASN118	-75.569573	-13.927831	General
2jnw:ChainA:VAL119	-130.043975	147.049267	Pre-Pro
2jnw:ChainA:PRO120	-68.584132	134.933641	Proline
2jnw:ChainA:TRP121	-145.580085	153.952150	General
2jnw:ChainA:GLU122	-150.618033	154.773848	General
2jnw:ChainA:PHE123	-74.558032	130.839938	General
2jnw:ChainA:GLY124	-138.270407	162.560584	Glycine
2jnw:ChainA:ASP125	-85.868526	83.032142	General
2jnw:ChainA:VAL126	-124.312677	154.352808	General
2jnw:ChainA:ILE127	-58.907389	-47.935812	Pre-Pro
2jnw:ChainA:PRO128	-79.021063	-173.588764	Proline
2jnw:ChainA:ASP129	-83.632612	-48.202058	General
2jnw:ChainA:TYR130	-132.407080	129.697355	General
2jnw:ChainA:VAL131	-95.302056	118.479509	General
2jnw:ChainA:LEU132	-105.797640	-15.340161	General
2jnw:ChainA:GLY133	-166.293044	170.061667	Glycine
2jnw:ChainA:GLN134	-49.022080	-30.717747	General
2jnw:ChainA:SER135	-138.340195	21.184827	General
2jnw:ChainA:THR136	-109.902791	134.487581	General
2jnw:ChainA:CYS137	-151.941743	151.981159	General
2jnw:ChainA:ALA138	-122.047253	167.802662	General
2jnw:ChainA:LEU139	-137.601260	131.768422	General
2jnw:ChainA:PHE140	-102.435287	138.968521	General
2jnw:ChainA:LEU141	-141.489403	103.817823	General
2jnw:ChainA:SER142	-70.448423	10.528928	General
2jnw:ChainA:LEU143	56.350698	-66.350727	General
2jnw:ChainA:ARG144	-44.249255	-58.892452	General
2jnw:ChainA:TYR145	-55.118386	-27.934233	General
2jnw:ChainA:HIS146	-49.829092	-42.343945	General
2jnw:ChainA:ASN147	-68.443297	-46.146743	General
2jnw:ChainA:LEU148	-55.999700	-31.014203	General
2jnw:ChainA:HIS149	-148.464009	81.808418	Pre-Pro
2jnw:ChainA:PRO150	-76.928788	173.228899	Proline
2jnw:ChainA:ASP151	70.547800	-22.793616	General
2jnw:ChainA:TYR152	-65.720853	-52.638825	General
2jnw:ChainA:ILE153	-59.902609	-36.941992	General
2jnw:ChainA:HIS154	-65.036178	-51.759609	General
2jnw:ChainA:GLY155	-65.012395	-12.438604	Glycine
2jnw:ChainA:ARG156	-85.460313	-36.087947	General
2jnw:ChainA:LEU157	-72.456250	-39.141950	General
2jnw:ChainA:GLN158	-62.511653	-33.763963	General
2jnw:ChainA:SER159	-65.385934	-46.613701	General
2jnw:ChainA:LEU160	-58.725001	-35.098455	General
2jnw:ChainA:GLY161	65.426837	-91.584684	Glycine
2jnw:ChainA:LYS162	-158.771918	17.861662	General
2jnw:ChainA:ASN163	-61.439804	-23.546561	General
2jnw:ChainA:PHE164	-121.728626	134.467464	General
2jnw:ChainA:ALA165	-62.636980	-66.862859	General
2jnw:ChainA:LEU166	-79.034127	104.736800	General
2jnw:ChainA:ARG167	-100.982170	134.395930	General
2jnw:ChainA:VAL168	-136.022309	143.172791	General
2jnw:ChainA:LEU169	-113.400763	99.347182	General
2jnw:ChainA:LEU170	-74.700938	120.305884	General
2jnw:ChainA:VAL171	-114.557055	127.325369	General
2jnw:ChainA:GLN172	-95.403011	109.502705	General
2jnw:ChainA:VAL173	-74.578635	82.962641	General
2jnw:ChainA:ASP174	-108.123935	34.978332	General
2jnw:ChainA:VAL175	-147.682931	140.369237	General
2jnw:ChainA:LYS176	-78.513917	143.820489	General
2jnw:ChainA:ASP177	66.634923	41.885730	Pre-Pro
2jnw:ChainA:PRO178	-69.348922	-29.531823	Proline
2jnw:ChainA:GLN179	-26.378475	-64.404694	General
2jnw:ChainA:GLN180	-40.966218	-59.526953	General
2jnw:ChainA:ALA181	-58.812793	-52.673794	General
2jnw:ChainA:LEU182	-44.217335	-47.380990	General
2jnw:ChainA:LYS183	-49.796954	-61.229554	General
2jnw:ChainA:GLU184	-68.470343	-19.680848	General
2jnw:ChainA:LEU185	-76.872384	-45.838173	General
2jnw:ChainA:ALA186	-55.449145	-46.050856	General
2jnw:ChainA:LYS187	-52.792344	-44.014188	General
2jnw:ChainA:MET188	-59.322631	-44.903755	General
2jnw:ChainA:CYS189	-66.071681	-33.293123	General
2jnw:ChainA:ILE190	-67.075227	-48.511248	General
2jnw:ChainA:LEU191	-57.889694	-47.266757	General
2jnw:ChainA:ALA192	-73.846914	-8.625838	General
2jnw:ChainA:ASP193	48.387384	47.816396	General
2jnw:ChainA:CYS194	-120.843781	152.190911	General
2jnw:ChainA:THR195	-73.646751	147.749572	General
2jnw:ChainA:LEU196	-107.171335	117.481611	General
2jnw:ChainA:ILE197	-115.869477	143.325762	General
2jnw:ChainA:LEU198	-117.738319	121.309773	General
2jnw:ChainA:ALA199	-115.987475	169.840256	General
2jnw:ChainA:TRP200	-132.207554	-8.555081	General
2jnw:ChainA:SER201	-137.186001	164.153137	Pre-Pro
2jnw:ChainA:PRO202	-69.712214	-22.317488	Proline
2jnw:ChainA:GLU203	-77.278744	-46.606721	General
2jnw:ChainA:GLU204	-52.930039	-52.203684	General
2jnw:ChainA:ALA205	-59.569133	-45.667157	General
2jnw:ChainA:GLY206	-49.626409	-40.855135	Glycine
2jnw:ChainA:ARG207	-62.329984	-49.201991	General
2jnw:ChainA:TYR208	-50.478561	-25.911860	General
2jnw:ChainA:LEU209	-79.742109	-49.942341	General
2jnw:ChainA:GLU210	-56.009613	-35.221072	General
2jnw:ChainA:THR211	-71.327645	-35.572632	General
2jnw:ChainA:TYR212	-78.330448	-28.213373	General
2jnw:ChainA:LYS213	-82.187897	-20.965131	General
2jnw:ChainB:ILE68	-107.429817	68.873793	General
2jnw:ChainB:ILE69	-122.339683	40.555702	General
2jnw:ChainB:ASP70	-34.087232	118.043622	General
2jnw:ChainB:THR71	-91.908248	-128.433303	General
2jnw:ChainB:GLY72	-135.270004	128.161449	Glycine
2jnw:ChainB:GLY73	156.611954	25.622256	Glycine
2jnw:ChainB:GLY74	55.908117	55.846460	Glycine
2jnw:ChainB:PHE75	-169.963395	129.971736	General
2jnw:ChainB:ILE76	-68.784842	144.844400	General
2jnw:ChainA:SER100	-79.559629	117.683532	General
2jnw:ChainA:ILE101	-17.839939	164.881422	General
2jnw:ChainA:ILE102	-135.644120	119.745219	General
2jnw:ChainA:VAL103	-115.843571	171.296567	General
2jnw:ChainA:SER104	-104.132099	141.135312	Pre-Pro
2jnw:ChainA:PRO105	-60.016115	-14.325073	Proline
2jnw:ChainA:ARG106	-74.088256	-2.186318	General
2jnw:ChainA:GLN107	-108.998045	-5.010742	General
2jnw:ChainA:ARG108	-55.055210	-177.509487	General
2jnw:ChainA:GLY109	67.775578	-72.492860	Glycine
2jnw:ChainA:ASN110	-27.308264	111.306143	Pre-Pro
2jnw:ChainA:PRO111	-63.365562	-13.524589	Proline
2jnw:ChainA:VAL112	-55.704044	-35.397408	General
2jnw:ChainA:LEU113	-55.645708	-24.869345	General
2jnw:ChainA:LYS114	-69.338922	-21.374036	General
2jnw:ChainA:PHE115	-97.721236	2.539888	General
2jnw:ChainA:VAL116	-84.576482	77.660412	General
2jnw:ChainA:ARG117	-108.829843	-35.597026	General
2jnw:ChainA:ASN118	-75.569573	-13.927831	General
2jnw:ChainA:VAL119	-130.043975	147.049267	Pre-Pro
2jnw:ChainA:PRO120	-68.584132	134.933641	Proline
2jnw:ChainA:TRP121	-145.580085	153.952150	General
2jnw:ChainA:GLU122	-150.618033	154.773848	General
2jnw:ChainA:PHE123	-74.558032	130.839938	General
2jnw:ChainA:GLY124	-138.270407	162.560584	Glycine
2jnw:ChainA:ASP125	-85.868526	83.032142	General
2jnw:ChainA:VAL126	-124.312677	154.352808	General
2jnw:ChainA:ILE127	-58.907389	-47.935812	Pre-Pro
2jnw:ChainA:PRO128	-79.021063	-173.588764	Proline
2jnw:ChainA:ASP129	-83.632612	-48.202058	General
2jnw:ChainA:TYR130	-132.407080	129.697355	General
2jnw:ChainA:VAL131	-95.302056	118.479509	General
2jnw:ChainA:LEU132	-105.797640	-15.340161	General
2jnw:ChainA:GLY133	-166.293044	170.061667	Glycine
2jnw:ChainA:GLN134	-49.022080	-30.717747	General
2jnw:ChainA:SER135	-138.340195	21.184827	General
2jnw:ChainA:THR136	-109.902791	134.487581	General
2jnw:ChainA:CYS137	-151.941743	151.981159	General
2jnw:ChainA:ALA138	-122.047253	167.802662	General
2jnw:ChainA:LEU139	-137.601260	132.583250	General
2jnw:ChainA:PHE140	-103.134124	139.125759	General
2jnw:ChainA:LEU141	-143.155972	102.579134	General
2jnw:ChainA:SER142	-70.928219	15.383556	General
2jnw:ChainA:LEU143	51.734797	-69.786737	General
2jnw:ChainA:ARG144	-43.747704	-41.861573	General
2jnw:ChainA:TYR145	-70.826541	-32.513540	General
2jnw:ChainA:HIS146	-49.522092	-37.372770	General
2jnw:ChainA:ASN147	-66.189792	-58.817630	General
2jnw:ChainA:LEU148	-58.461069	113.707529	General
2jnw:ChainA:HIS149	43.227608	97.036066	Pre-Pro
2jnw:ChainA:PRO150	-94.174022	-61.006773	Proline
2jnw:ChainA:ASP151	-29.354458	-22.147595	General
2jnw:ChainA:TYR152	-50.523710	-49.561667	General
2jnw:ChainA:ILE153	-63.773550	-36.941992	General
2jnw:ChainA:HIS154	-65.036178	-51.759609	General
2jnw:ChainA:GLY155	-65.012395	-12.438604	Glycine
2jnw:ChainA:ARG156	-85.460313	-36.087947	General
2jnw:ChainA:LEU157	-72.456250	-39.141950	General
2jnw:ChainA:GLN158	-62.511653	-33.763963	General
2jnw:ChainA:SER159	-65.385934	-46.613701	General
2jnw:ChainA:LEU160	-58.725001	-35.098455	General
2jnw:ChainA:GLY161	65.426837	-91.584684	Glycine
2jnw:ChainA:LYS162	-158.771918	17.861662	General
2jnw:ChainA:ASN163	-61.439804	-23.546561	General
2jnw:ChainA:PHE164	-121.728626	134.467464	General
2jnw:ChainA:ALA165	-62.636980	-66.862859	General
2jnw:ChainA:LEU166	-79.034127	104.736800	General
2jnw:ChainA:ARG167	-100.982170	134.395930	General
2jnw:ChainA:VAL168	-136.022309	143.172791	General
2jnw:ChainA:LEU169	-113.400763	99.347182	General
2jnw:ChainA:LEU170	-74.700938	120.305884	General
2jnw:ChainA:VAL171	-114.557055	127.325369	General
2jnw:ChainA:GLN172	-95.403011	109.502705	General
2jnw:ChainA:VAL173	-74.578635	82.962641	General
2jnw:ChainA:ASP174	-108.123935	34.978332	General
2jnw:ChainA:VAL175	-147.682931	140.369237	General
2jnw:ChainA:LYS176	-78.513917	143.820489	General
2jnw:ChainA:ASP177	66.634923	41.885730	Pre-Pro
2jnw:ChainA:PRO178	-69.348922	-29.531823	Proline
2jnw:ChainA:GLN179	-26.378475	-64.404694	General
2jnw:ChainA:GLN180	-40.966218	-59.526953	General
2jnw:ChainA:ALA181	-58.812793	-52.673794	General
2jnw:ChainA:LEU182	-44.217335	-47.380990	General
2jnw:ChainA:LYS183	-49.796954	-61.229554	General
2jnw:ChainA:GLU184	-68.470343	-19.680848	General
2jnw:ChainA:LEU185	-76.872384	-45.838173	General
2jnw:ChainA:ALA186	-55.449145	-46.050856	General
2jnw:ChainA:LYS187	-52.792344	-44.014188	General
2jnw:ChainA:MET188	-59.322631	-44.903755	General
2jnw:ChainA:CYS189	-66.071681	-33.293123	General
2jnw:ChainA:ILE190	-67.075227	-48.511248	General
2jnw:ChainA:LEU191	-57.889694	-47.266757	General
2jnw:ChainA:ALA192	-73.846914	-8.625838	General
2jnw:ChainA:ASP193	48.387384	47.816396	General
2jnw:ChainA:CYS194	-120.843781	152.190911	General
2jnw:ChainA:THR195	-73.646751	147.749572	General
2jnw:ChainA:LEU196	-107.171335	117.481611	General
2jnw:ChainA:ILE197	-115.869477	143.325762	General
2jnw:ChainA:LEU198	-117.738319	121.309773	General
2jnw:ChainA:ALA199	-115.987475	169.840256	General
2jnw:ChainA:TRP200	-132.207554	-8.555081	General
2jnw:ChainA:SER201	-137.186001	164.153137	Pre-Pro
2jnw:ChainA:PRO202	-69.712214	-22.317488	Proline
2jnw:ChainA:GLU203	-77.278744	-46.606721	General
2jnw:ChainA:GLU204	-52.930039	-52.203684	General
2jnw:ChainA:ALA205	-59.569133	-45.667157	General
2jnw:ChainA:GLY206	-49.626409	-40.855135	Glycine
2jnw:ChainA:ARG207	-62.329984	-49.201991	General
2jnw:ChainA:TYR208	-50.478561	-25.911860	General
2jnw:ChainA:LEU209	-79.742109	-49.942341	General
2jnw:ChainA:GLU210	-56.009613	-35.221072	General
2jnw:ChainA:THR211	-71.327645	-35.572632	General
2jnw:ChainA:TYR212	-78.330448	-28.213373	General
2jnw:ChainA:LYS213	-82.187897	-20.965131	General
2jnw:ChainB:ILE68	-119.911267	28.949721	General
2jnw:ChainB:ILE69	-90.808863	45.326084	General
2jnw:ChainB:ASP70	-42.093539	103.157173	General
2jnw:ChainB:THR71	-78.153435	-136.741676	General
2jnw:ChainB:GLY72	-127.652547	137.032216	Glycine
2jnw:ChainB:GLY73	152.878878	23.475480	Glycine
2jnw:ChainB:GLY74	56.326540	57.465420	Glycine
2jnw:ChainB:PHE75	-172.823980	130.769331	General
2jnw:ChainB:ILE76	-71.454935	128.994126	General
2jnw:ChainA:SER100	-79.559629	117.683532	General
2jnw:ChainA:ILE101	-17.839939	164.881422	General
2jnw:ChainA:ILE102	-135.644120	119.745219	General
2jnw:ChainA:VAL103	-115.843571	170.934811	General
2jnw:ChainA:SER104	-101.668389	137.862308	Pre-Pro
2jnw:ChainA:PRO105	-59.928922	-9.707680	Proline
2jnw:ChainA:ARG106	-78.743336	-2.463579	General
2jnw:ChainA:GLN107	-109.372353	-0.007932	General
2jnw:ChainA:ARG108	-54.629362	-163.819436	General
2jnw:ChainA:GLY109	53.566951	-87.130790	Glycine
2jnw:ChainA:ASN110	-7.738849	109.432782	Pre-Pro
2jnw:ChainA:PRO111	-64.442829	-13.810848	Proline
2jnw:ChainA:VAL112	-55.640327	-35.397408	General
2jnw:ChainA:LEU113	-55.645708	-24.869345	General
2jnw:ChainA:LYS114	-69.338922	-21.374036	General
2jnw:ChainA:PHE115	-97.721236	2.539888	General
2jnw:ChainA:VAL116	-84.576482	77.660412	General
2jnw:ChainA:ARG117	-108.829843	-35.597026	General
2jnw:ChainA:ASN118	-75.569573	-13.927831	General
2jnw:ChainA:VAL119	-130.043975	147.049267	Pre-Pro
2jnw:ChainA:PRO120	-68.584132	134.933641	Proline
2jnw:ChainA:TRP121	-145.580085	153.952150	General
2jnw:ChainA:GLU122	-150.618033	154.773848	General
2jnw:ChainA:PHE123	-74.558032	130.839938	General
2jnw:ChainA:GLY124	-138.270407	162.560584	Glycine
2jnw:ChainA:ASP125	-85.868526	83.032142	General
2jnw:ChainA:VAL126	-124.312677	154.352808	General
2jnw:ChainA:ILE127	-58.907389	-47.935812	Pre-Pro
2jnw:ChainA:PRO128	-79.021063	-173.588764	Proline
2jnw:ChainA:ASP129	-83.632612	-48.202058	General
2jnw:ChainA:TYR130	-132.407080	129.697355	General
2jnw:ChainA:VAL131	-95.302056	118.479509	General
2jnw:ChainA:LEU132	-105.797640	-15.340161	General
2jnw:ChainA:GLY133	-166.293044	170.061667	Glycine
2jnw:ChainA:GLN134	-49.022080	-30.717747	General
2jnw:ChainA:SER135	-138.340195	21.184827	General
2jnw:ChainA:THR136	-109.902791	134.487581	General
2jnw:ChainA:CYS137	-151.941743	151.981159	General
2jnw:ChainA:ALA138	-122.047253	167.802662	General
2jnw:ChainA:LEU139	-137.601260	130.728576	General
2jnw:ChainA:PHE140	-109.976944	124.308481	General
2jnw:ChainA:LEU141	-130.852719	104.814266	General
2jnw:ChainA:SER142	-62.780870	176.990502	General
2jnw:ChainA:LEU143	-98.749411	-56.885800	General
2jnw:ChainA:ARG144	-39.683303	-59.315701	General
2jnw:ChainA:TYR145	-54.681281	-29.102407	General
2jnw:ChainA:HIS146	-52.715792	-37.194556	General
2jnw:ChainA:ASN147	-68.229199	-61.522978	General
2jnw:ChainA:LEU148	-52.008403	109.013539	General
2jnw:ChainA:HIS149	43.049197	98.723864	Pre-Pro
2jnw:ChainA:PRO150	-96.326091	-56.529612	Proline
2jnw:ChainA:ASP151	-30.535628	-22.344674	General
2jnw:ChainA:TYR152	-52.117704	-46.852877	General
2jnw:ChainA:ILE153	-63.390383	-36.941992	General
2jnw:ChainA:HIS154	-65.036178	-51.759609	General
2jnw:ChainA:GLY155	-65.012395	-12.438604	Glycine
2jnw:ChainA:ARG156	-85.460313	-36.087947	General
2jnw:ChainA:LEU157	-72.456250	-39.141950	General
2jnw:ChainA:GLN158	-62.511653	-33.763963	General
2jnw:ChainA:SER159	-65.385934	-46.613701	General
2jnw:ChainA:LEU160	-58.725001	-35.098455	General
2jnw:ChainA:GLY161	65.426837	-91.584684	Glycine
2jnw:ChainA:LYS162	-158.771918	17.861662	General
2jnw:ChainA:ASN163	-61.439804	-23.546561	General
2jnw:ChainA:PHE164	-121.728626	134.467464	General
2jnw:ChainA:ALA165	-62.636980	-66.862859	General
2jnw:ChainA:LEU166	-79.034127	104.736800	General
2jnw:ChainA:ARG167	-100.982170	134.395930	General
2jnw:ChainA:VAL168	-136.022309	143.172791	General
2jnw:ChainA:LEU169	-113.400763	99.347182	General
2jnw:ChainA:LEU170	-74.700938	120.305884	General
2jnw:ChainA:VAL171	-114.557055	127.325369	General
2jnw:ChainA:GLN172	-95.403011	109.502705	General
2jnw:ChainA:VAL173	-74.578635	82.962641	General
2jnw:ChainA:ASP174	-108.123935	34.978332	General
2jnw:ChainA:VAL175	-147.682931	140.369237	General
2jnw:ChainA:LYS176	-78.513917	143.820489	General
2jnw:ChainA:ASP177	66.634923	41.885730	Pre-Pro
2jnw:ChainA:PRO178	-69.348922	-29.531823	Proline
2jnw:ChainA:GLN179	-26.378475	-64.404694	General
2jnw:ChainA:GLN180	-40.966218	-59.526953	General
2jnw:ChainA:ALA181	-58.812793	-52.673794	General
2jnw:ChainA:LEU182	-44.217335	-47.380990	General
2jnw:ChainA:LYS183	-49.796954	-61.229554	General
2jnw:ChainA:GLU184	-68.470343	-19.680848	General
2jnw:ChainA:LEU185	-76.872384	-45.838173	General
2jnw:ChainA:ALA186	-55.449145	-46.050856	General
2jnw:ChainA:LYS187	-52.792344	-44.014188	General
2jnw:ChainA:MET188	-59.322631	-44.903755	General
2jnw:ChainA:CYS189	-66.071681	-33.293123	General
2jnw:ChainA:ILE190	-67.075227	-48.511248	General
2jnw:ChainA:LEU191	-57.889694	-47.266757	General
2jnw:ChainA:ALA192	-73.846914	-8.625838	General
2jnw:ChainA:ASP193	48.387384	47.816396	General
2jnw:ChainA:CYS194	-120.843781	152.190911	General
2jnw:ChainA:THR195	-73.646751	147.749572	General
2jnw:ChainA:LEU196	-107.171335	117.481611	General
2jnw:ChainA:ILE197	-115.869477	143.325762	General
2jnw:ChainA:LEU198	-117.738319	121.309773	General
2jnw:ChainA:ALA199	-115.987475	169.840256	General
2jnw:ChainA:TRP200	-132.207554	-8.555081	General
2jnw:ChainA:SER201	-137.186001	164.153137	Pre-Pro
2jnw:ChainA:PRO202	-69.712214	-22.317488	Proline
2jnw:ChainA:GLU203	-77.278744	-46.606721	General
2jnw:ChainA:GLU204	-52.930039	-52.203684	General
2jnw:ChainA:ALA205	-59.569133	-45.667157	General
2jnw:ChainA:GLY206	-49.626409	-40.855135	Glycine
2jnw:ChainA:ARG207	-62.329984	-49.201991	General
2jnw:ChainA:TYR208	-50.478561	-25.911860	General
2jnw:ChainA:LEU209	-79.742109	-49.942341	General
2jnw:ChainA:GLU210	-56.009613	-35.221072	General
2jnw:ChainA:THR211	-71.327645	-35.572632	General
2jnw:ChainA:TYR212	-78.330448	-28.213373	General
2jnw:ChainA:LYS213	-82.187897	-20.965131	General
2jnw:ChainB:ILE68	-125.362080	39.475719	General
2jnw:ChainB:ILE69	-93.082652	33.310331	General
2jnw:ChainB:ASP70	-28.787774	107.256016	General
2jnw:ChainB:THR71	-84.343448	-128.546900	General
2jnw:ChainB:GLY72	-136.721358	133.759304	Glycine
2jnw:ChainB:GLY73	153.282996	31.723472	Glycine
2jnw:ChainB:GLY74	49.403457	59.335624	Glycine
2jnw:ChainB:PHE75	-174.887548	130.481509	General
2jnw:ChainB:ILE76	-69.270070	135.751559	General
2jnw:ChainA:SER100	-79.559629	117.683532	General
2jnw:ChainA:ILE101	-17.839939	164.881422	General
2jnw:ChainA:ILE102	-135.644120	119.745219	General
2jnw:ChainA:VAL103	-115.843571	169.683054	General
2jnw:ChainA:SER104	-102.569999	142.823990	Pre-Pro
2jnw:ChainA:PRO105	-63.207489	-16.757078	Proline
2jnw:ChainA:ARG106	-72.638366	-8.441162	General
2jnw:ChainA:GLN107	-105.467966	1.888164	General
2jnw:ChainA:ARG108	-54.913720	-164.736035	General
2jnw:ChainA:GLY109	47.891911	-126.918085	Glycine
2jnw:ChainA:ASN110	39.365624	105.543339	Pre-Pro
2jnw:ChainA:PRO111	-63.351764	-13.376948	Proline
2jnw:ChainA:VAL112	-58.487059	-35.397408	General
2jnw:ChainA:LEU113	-55.645708	-24.869345	General
2jnw:ChainA:LYS114	-69.338922	-21.374036	General
2jnw:ChainA:PHE115	-97.721236	2.539888	General
2jnw:ChainA:VAL116	-84.576482	77.660412	General
2jnw:ChainA:ARG117	-108.829843	-35.597026	General
2jnw:ChainA:ASN118	-75.569573	-13.927831	General
2jnw:ChainA:VAL119	-130.043975	147.049267	Pre-Pro
2jnw:ChainA:PRO120	-68.584132	134.933641	Proline
2jnw:ChainA:TRP121	-145.580085	153.952150	General
2jnw:ChainA:GLU122	-150.618033	154.773848	General
2jnw:ChainA:PHE123	-74.558032	130.839938	General
2jnw:ChainA:GLY124	-138.270407	162.560584	Glycine
2jnw:ChainA:ASP125	-85.868526	83.032142	General
2jnw:ChainA:VAL126	-124.312677	154.352808	General
2jnw:ChainA:ILE127	-58.907389	-47.935812	Pre-Pro
2jnw:ChainA:PRO128	-79.021063	-173.588764	Proline
2jnw:ChainA:ASP129	-83.632612	-48.202058	General
2jnw:ChainA:TYR130	-132.407080	129.697355	General
2jnw:ChainA:VAL131	-95.302056	118.479509	General
2jnw:ChainA:LEU132	-105.797640	-15.340161	General
2jnw:ChainA:GLY133	-166.293044	170.061667	Glycine
2jnw:ChainA:GLN134	-49.022080	-30.717747	General
2jnw:ChainA:SER135	-138.340195	21.184827	General
2jnw:ChainA:THR136	-109.902791	134.487581	General
2jnw:ChainA:CYS137	-151.941743	151.981159	General
2jnw:ChainA:ALA138	-122.047253	167.802662	General
2jnw:ChainA:LEU139	-137.601260	132.666607	General
2jnw:ChainA:PHE140	-107.074192	129.661327	General
2jnw:ChainA:LEU141	-127.741352	104.687277	General
2jnw:ChainA:SER142	-69.877665	2.941878	General
2jnw:ChainA:LEU143	62.498635	-72.122504	General
2jnw:ChainA:ARG144	-37.031447	-57.521924	General
2jnw:ChainA:TYR145	-56.350293	-42.346034	General
2jnw:ChainA:HIS146	-38.123847	-37.566147	General
2jnw:ChainA:ASN147	-66.596910	-63.655429	General
2jnw:ChainA:LEU148	-40.517133	-26.542973	General
2jnw:ChainA:HIS149	-158.615360	99.762932	Pre-Pro
2jnw:ChainA:PRO150	-83.004058	-53.508421	Proline
2jnw:ChainA:ASP151	-49.771289	-19.430542	General
2jnw:ChainA:TYR152	-54.074017	-56.963660	General
2jnw:ChainA:ILE153	-63.233357	-36.941992	General
2jnw:ChainA:HIS154	-65.036178	-51.759609	General
2jnw:ChainA:GLY155	-65.012395	-12.438604	Glycine
2jnw:ChainA:ARG156	-85.460313	-36.087947	General
2jnw:ChainA:LEU157	-72.456250	-39.141950	General
2jnw:ChainA:GLN158	-62.511653	-33.763963	General
2jnw:ChainA:SER159	-65.385934	-46.613701	General
2jnw:ChainA:LEU160	-58.725001	-35.098455	General
2jnw:ChainA:GLY161	65.426837	-91.584684	Glycine
2jnw:ChainA:LYS162	-158.771918	17.861662	General
2jnw:ChainA:ASN163	-61.439804	-23.546561	General
2jnw:ChainA:PHE164	-121.728626	134.467464	General
2jnw:ChainA:ALA165	-62.636980	-66.862859	General
2jnw:ChainA:LEU166	-79.034127	104.736800	General
2jnw:ChainA:ARG167	-100.982170	134.395930	General
2jnw:ChainA:VAL168	-136.022309	143.172791	General
2jnw:ChainA:LEU169	-113.400763	99.347182	General
2jnw:ChainA:LEU170	-74.700938	120.305884	General
2jnw:ChainA:VAL171	-114.557055	127.325369	General
2jnw:ChainA:GLN172	-95.403011	109.502705	General
2jnw:ChainA:VAL173	-74.578635	82.962641	General
2jnw:ChainA:ASP174	-108.123935	34.978332	General
2jnw:ChainA:VAL175	-147.682931	140.369237	General
2jnw:ChainA:LYS176	-78.513917	143.820489	General
2jnw:ChainA:ASP177	66.634923	41.885730	Pre-Pro
2jnw:ChainA:PRO178	-69.348922	-29.531823	Proline
2jnw:ChainA:GLN179	-26.378475	-64.404694	General
2jnw:ChainA:GLN180	-40.966218	-59.526953	General
2jnw:ChainA:ALA181	-58.812793	-52.673794	General
2jnw:ChainA:LEU182	-44.217335	-47.380990	General
2jnw:ChainA:LYS183	-49.796954	-61.229554	General
2jnw:ChainA:GLU184	-68.470343	-19.680848	General
2jnw:ChainA:LEU185	-76.872384	-45.838173	General
2jnw:ChainA:ALA186	-55.449145	-46.050856	General
2jnw:ChainA:LYS187	-52.792344	-44.014188	General
2jnw:ChainA:MET188	-59.322631	-44.903755	General
2jnw:ChainA:CYS189	-66.071681	-33.293123	General
2jnw:ChainA:ILE190	-67.075227	-48.511248	General
2jnw:ChainA:LEU191	-57.889694	-47.266757	General
2jnw:ChainA:ALA192	-73.846914	-8.625838	General
2jnw:ChainA:ASP193	48.387384	47.816396	General
2jnw:ChainA:CYS194	-120.843781	152.190911	General
2jnw:ChainA:THR195	-73.646751	147.749572	General
2jnw:ChainA:LEU196	-107.171335	117.481611	General
2jnw:ChainA:ILE197	-115.869477	143.325762	General
2jnw:ChainA:LEU198	-117.738319	121.309773	General
2jnw:ChainA:ALA199	-115.987475	169.840256	General
2jnw:ChainA:TRP200	-132.207554	-8.555081	General
2jnw:ChainA:SER201	-137.186001	164.153137	Pre-Pro
2jnw:ChainA:PRO202	-69.712214	-22.317488	Proline
2jnw:ChainA:GLU203	-77.278744	-46.606721	General
2jnw:ChainA:GLU204	-52.930039	-52.203684	General
2jnw:ChainA:ALA205	-59.569133	-45.667157	General
2jnw:ChainA:GLY206	-49.626409	-40.855135	Glycine
2jnw:ChainA:ARG207	-62.329984	-49.201991	General
2jnw:ChainA:TYR208	-50.478561	-25.911860	General
2jnw:ChainA:LEU209	-79.742109	-49.942341	General
2jnw:ChainA:GLU210	-56.009613	-35.221072	General
2jnw:ChainA:THR211	-71.327645	-35.572632	General
2jnw:ChainA:TYR212	-78.330448	-28.213373	General
2jnw:ChainA:LYS213	-82.187897	-20.965131	General
2jnw:ChainB:ILE68	-83.414883	72.967084	General
2jnw:ChainB:ILE69	-121.840194	127.647291	General
2jnw:ChainB:ASP70	-25.369096	167.844563	General
2jnw:ChainB:THR71	-147.438170	-115.265632	General
2jnw:ChainB:GLY72	-153.032458	118.982444	Glycine
2jnw:ChainB:GLY73	162.103474	34.948013	Glycine
2jnw:ChainB:GLY74	51.230309	54.479736	Glycine
2jnw:ChainB:PHE75	-173.163028	117.982542	General
2jnw:ChainB:ILE76	-65.506345	131.726681	General
2jnw:ChainA:SER100	-79.559629	117.683532	General
2jnw:ChainA:ILE101	-17.839939	164.881422	General
2jnw:ChainA:ILE102	-135.644120	119.745219	General
2jnw:ChainA:VAL103	-115.843571	170.978693	General
2jnw:ChainA:SER104	-97.751148	138.983327	Pre-Pro
2jnw:ChainA:PRO105	-61.472533	-10.723552	Proline
2jnw:ChainA:ARG106	-88.007588	6.666646	General
2jnw:ChainA:GLN107	-110.702925	-3.970738	General
2jnw:ChainA:ARG108	-50.859279	-161.933575	General
2jnw:ChainA:GLY109	50.588058	-97.377063	Glycine
2jnw:ChainA:ASN110	-0.572726	108.920086	Pre-Pro
2jnw:ChainA:PRO111	-63.175478	-11.494981	Proline
2jnw:ChainA:VAL112	-56.629502	-35.397408	General
2jnw:ChainA:LEU113	-55.645708	-24.869345	General
2jnw:ChainA:LYS114	-69.338922	-21.374036	General
2jnw:ChainA:PHE115	-97.721236	2.539888	General
2jnw:ChainA:VAL116	-84.576482	77.660412	General
2jnw:ChainA:ARG117	-108.829843	-35.597026	General
2jnw:ChainA:ASN118	-75.569573	-13.927831	General
2jnw:ChainA:VAL119	-130.043975	147.049267	Pre-Pro
2jnw:ChainA:PRO120	-68.584132	134.933641	Proline
2jnw:ChainA:TRP121	-145.580085	153.952150	General
2jnw:ChainA:GLU122	-150.618033	154.773848	General
2jnw:ChainA:PHE123	-74.558032	130.839938	General
2jnw:ChainA:GLY124	-138.270407	162.560584	Glycine
2jnw:ChainA:ASP125	-85.868526	83.032142	General
2jnw:ChainA:VAL126	-124.312677	154.352808	General
2jnw:ChainA:ILE127	-58.907389	-47.935812	Pre-Pro
2jnw:ChainA:PRO128	-79.021063	-173.588764	Proline
2jnw:ChainA:ASP129	-83.632612	-48.202058	General
2jnw:ChainA:TYR130	-132.407080	129.697355	General
2jnw:ChainA:VAL131	-95.302056	118.479509	General
2jnw:ChainA:LEU132	-105.797640	-15.340161	General
2jnw:ChainA:GLY133	-166.293044	170.061667	Glycine
2jnw:ChainA:GLN134	-49.022080	-30.717747	General
2jnw:ChainA:SER135	-138.340195	21.184827	General
2jnw:ChainA:THR136	-109.902791	134.487581	General
2jnw:ChainA:CYS137	-151.941743	151.981159	General
2jnw:ChainA:ALA138	-122.047253	167.802662	General
2jnw:ChainA:LEU139	-137.601260	132.443005	General
2jnw:ChainA:PHE140	-106.247016	132.243785	General
2jnw:ChainA:LEU141	-135.432397	103.463013	General
2jnw:ChainA:SER142	-72.919913	41.887978	General
2jnw:ChainA:LEU143	30.747612	-66.955707	General
2jnw:ChainA:ARG144	-42.565781	-65.192914	General
2jnw:ChainA:TYR145	-52.587470	-23.618075	General
2jnw:ChainA:HIS146	-54.279895	-39.636895	General
2jnw:ChainA:ASN147	-62.931766	-65.247259	General
2jnw:ChainA:LEU148	-48.041697	108.009424	General
2jnw:ChainA:HIS149	45.425487	96.591727	Pre-Pro
2jnw:ChainA:PRO150	-95.269026	-48.079597	Proline
2jnw:ChainA:ASP151	-39.242125	-18.928068	General
2jnw:ChainA:TYR152	-53.295227	-50.178882	General
2jnw:ChainA:ILE153	-62.918857	-36.941992	General
2jnw:ChainA:HIS154	-65.036178	-51.759609	General
2jnw:ChainA:GLY155	-65.012395	-12.438604	Glycine
2jnw:ChainA:ARG156	-85.460313	-36.087947	General
2jnw:ChainA:LEU157	-72.456250	-39.141950	General
2jnw:ChainA:GLN158	-62.511653	-33.763963	General
2jnw:ChainA:SER159	-65.385934	-46.613701	General
2jnw:ChainA:LEU160	-58.725001	-35.098455	General
2jnw:ChainA:GLY161	65.426837	-91.584684	Glycine
2jnw:ChainA:LYS162	-158.771918	17.861662	General
2jnw:ChainA:ASN163	-61.439804	-23.546561	General
2jnw:ChainA:PHE164	-121.728626	134.467464	General
2jnw:ChainA:ALA165	-62.636980	-66.862859	General
2jnw:ChainA:LEU166	-79.034127	104.736800	General
2jnw:ChainA:ARG167	-100.982170	134.395930	General
2jnw:ChainA:VAL168	-136.022309	143.172791	General
2jnw:ChainA:LEU169	-113.400763	99.347182	General
2jnw:ChainA:LEU170	-74.700938	120.305884	General
2jnw:ChainA:VAL171	-114.557055	127.325369	General
2jnw:ChainA:GLN172	-95.403011	109.502705	General
2jnw:ChainA:VAL173	-74.578635	82.962641	General
2jnw:ChainA:ASP174	-108.123935	34.978332	General
2jnw:ChainA:VAL175	-147.682931	140.369237	General
2jnw:ChainA:LYS176	-78.513917	143.820489	General
2jnw:ChainA:ASP177	66.634923	41.885730	Pre-Pro
2jnw:ChainA:PRO178	-69.348922	-29.531823	Proline
2jnw:ChainA:GLN179	-26.378475	-64.404694	General
2jnw:ChainA:GLN180	-40.966218	-59.526953	General
2jnw:ChainA:ALA181	-58.812793	-52.673794	General
2jnw:ChainA:LEU182	-44.217335	-47.380990	General
2jnw:ChainA:LYS183	-49.796954	-61.229554	General
2jnw:ChainA:GLU184	-68.470343	-19.680848	General
2jnw:ChainA:LEU185	-76.872384	-45.838173	General
2jnw:ChainA:ALA186	-55.449145	-46.050856	General
2jnw:ChainA:LYS187	-52.792344	-44.014188	General
2jnw:ChainA:MET188	-59.322631	-44.903755	General
2jnw:ChainA:CYS189	-66.071681	-33.293123	General
2jnw:ChainA:ILE190	-67.075227	-48.511248	General
2jnw:ChainA:LEU191	-57.889694	-47.266757	General
2jnw:ChainA:ALA192	-73.846914	-8.625838	General
2jnw:ChainA:ASP193	48.387384	47.816396	General
2jnw:ChainA:CYS194	-120.843781	152.190911	General
2jnw:ChainA:THR195	-73.646751	147.749572	General
2jnw:ChainA:LEU196	-107.171335	117.481611	General
2jnw:ChainA:ILE197	-115.869477	143.325762	General
2jnw:ChainA:LEU198	-117.738319	121.309773	General
2jnw:ChainA:ALA199	-115.987475	169.840256	General
2jnw:ChainA:TRP200	-132.207554	-8.555081	General
2jnw:ChainA:SER201	-137.186001	164.153137	Pre-Pro
2jnw:ChainA:PRO202	-69.712214	-22.317488	Proline
2jnw:ChainA:GLU203	-77.278744	-46.606721	General
2jnw:ChainA:GLU204	-52.930039	-52.203684	General
2jnw:ChainA:ALA205	-59.569133	-45.667157	General
2jnw:ChainA:GLY206	-49.626409	-40.855135	Glycine
2jnw:ChainA:ARG207	-62.329984	-49.201991	General
2jnw:ChainA:TYR208	-50.478561	-25.911860	General
2jnw:ChainA:LEU209	-79.742109	-49.942341	General
2jnw:ChainA:GLU210	-56.009613	-35.221072	General
2jnw:ChainA:THR211	-71.327645	-35.572632	General
2jnw:ChainA:TYR212	-78.330448	-28.213373	General
2jnw:ChainA:LYS213	-82.187897	-20.965131	General
2jnw:ChainB:ILE68	-124.986360	33.128832	General
2jnw:ChainB:ILE69	-87.599793	39.347710	General
2jnw:ChainB:ASP70	-35.378588	108.864524	General
2jnw:ChainB:THR71	-85.192822	-122.512045	General
2jnw:ChainB:GLY72	-141.840437	132.758916	Glycine
2jnw:ChainB:GLY73	154.905689	25.250866	Glycine
2jnw:ChainB:GLY74	56.152435	55.327114	Glycine
2jnw:ChainB:PHE75	-170.086610	130.709600	General
2jnw:ChainB:ILE76	-73.407687	132.228862	General
2jnw:ChainA:SER100	-79.559629	117.683532	General
2jnw:ChainA:ILE101	-17.839939	164.881422	General
2jnw:ChainA:ILE102	-135.644120	119.745219	General
2jnw:ChainA:VAL103	-115.843571	172.146937	General
2jnw:ChainA:SER104	-98.279771	142.796581	Pre-Pro
2jnw:ChainA:PRO105	-66.400607	-12.215854	Proline
2jnw:ChainA:ARG106	-82.725978	-2.128320	General
2jnw:ChainA:GLN107	-107.415826	6.640624	General
2jnw:ChainA:ARG108	-52.653632	-166.221748	General
2jnw:ChainA:GLY109	46.515808	-110.589970	Glycine
2jnw:ChainA:ASN110	25.594446	97.357427	Pre-Pro
2jnw:ChainA:PRO111	-57.864933	-13.393841	Proline
2jnw:ChainA:VAL112	-58.103758	-35.397408	General
2jnw:ChainA:LEU113	-55.645708	-24.869345	General
2jnw:ChainA:LYS114	-69.338922	-21.374036	General
2jnw:ChainA:PHE115	-97.721236	2.539888	General
2jnw:ChainA:VAL116	-84.576482	77.660412	General
2jnw:ChainA:ARG117	-108.829843	-35.597026	General
2jnw:ChainA:ASN118	-75.569573	-13.927831	General
2jnw:ChainA:VAL119	-130.043975	147.049267	Pre-Pro
2jnw:ChainA:PRO120	-68.584132	134.933641	Proline
2jnw:ChainA:TRP121	-145.580085	153.952150	General
2jnw:ChainA:GLU122	-150.618033	154.773848	General
2jnw:ChainA:PHE123	-74.558032	130.839938	General
2jnw:ChainA:GLY124	-138.270407	162.560584	Glycine
2jnw:ChainA:ASP125	-85.868526	83.032142	General
2jnw:ChainA:VAL126	-124.312677	154.352808	General
2jnw:ChainA:ILE127	-58.907389	-47.935812	Pre-Pro
2jnw:ChainA:PRO128	-79.021063	-173.588764	Proline
2jnw:ChainA:ASP129	-83.632612	-48.202058	General
2jnw:ChainA:TYR130	-132.407080	129.697355	General
2jnw:ChainA:VAL131	-95.302056	118.479509	General
2jnw:ChainA:LEU132	-105.797640	-15.340161	General
2jnw:ChainA:GLY133	-166.293044	170.061667	Glycine
2jnw:ChainA:GLN134	-49.022080	-30.717747	General
2jnw:ChainA:SER135	-138.340195	21.184827	General
2jnw:ChainA:THR136	-109.902791	134.487581	General
2jnw:ChainA:CYS137	-151.941743	151.981159	General
2jnw:ChainA:ALA138	-122.047253	167.802662	General
2jnw:ChainA:LEU139	-137.601260	132.825515	General
2jnw:ChainA:PHE140	-103.515325	143.673454	General
2jnw:ChainA:LEU141	-146.240717	101.037752	General
2jnw:ChainA:SER142	-67.123372	5.555947	General
2jnw:ChainA:LEU143	61.297412	-70.376266	General
2jnw:ChainA:ARG144	-40.811845	-54.905018	General
2jnw:ChainA:TYR145	-52.842319	-43.531358	General
2jnw:ChainA:HIS146	-39.824592	-45.874219	General
2jnw:ChainA:ASN147	-67.155585	-51.928345	General
2jnw:ChainA:LEU148	-44.554588	-27.970432	General
2jnw:ChainA:HIS149	-172.015890	101.953166	Pre-Pro
2jnw:ChainA:PRO150	-87.876357	-169.127739	Proline
2jnw:ChainA:ASP151	67.977072	-23.949703	General
2jnw:ChainA:TYR152	-66.236530	-54.383594	General
2jnw:ChainA:ILE153	-60.154587	-36.941992	General
2jnw:ChainA:HIS154	-65.036178	-51.759609	General
2jnw:ChainA:GLY155	-65.012395	-12.438604	Glycine
2jnw:ChainA:ARG156	-85.460313	-36.087947	General
2jnw:ChainA:LEU157	-72.456250	-39.141950	General
2jnw:ChainA:GLN158	-62.511653	-33.763963	General
2jnw:ChainA:SER159	-65.385934	-46.613701	General
2jnw:ChainA:LEU160	-58.725001	-35.098455	General
2jnw:ChainA:GLY161	65.426837	-91.584684	Glycine
2jnw:ChainA:LYS162	-158.771918	17.861662	General
2jnw:ChainA:ASN163	-61.439804	-23.546561	General
2jnw:ChainA:PHE164	-121.728626	134.467464	General
2jnw:ChainA:ALA165	-62.636980	-66.862859	General
2jnw:ChainA:LEU166	-79.034127	104.736800	General
2jnw:ChainA:ARG167	-100.982170	134.395930	General
2jnw:ChainA:VAL168	-136.022309	143.172791	General
2jnw:ChainA:LEU169	-113.400763	99.347182	General
2jnw:ChainA:LEU170	-74.700938	120.305884	General
2jnw:ChainA:VAL171	-114.557055	127.325369	General
2jnw:ChainA:GLN172	-95.403011	109.502705	General
2jnw:ChainA:VAL173	-74.578635	82.962641	General
2jnw:ChainA:ASP174	-108.123935	34.978332	General
2jnw:ChainA:VAL175	-147.682931	140.369237	General
2jnw:ChainA:LYS176	-78.513917	143.820489	General
2jnw:ChainA:ASP177	66.634923	41.885730	Pre-Pro
2jnw:ChainA:PRO178	-69.348922	-29.531823	Proline
2jnw:ChainA:GLN179	-26.378475	-64.404694	General
2jnw:ChainA:GLN180	-40.966218	-59.526953	General
2jnw:ChainA:ALA181	-58.812793	-52.673794	General
2jnw:ChainA:LEU182	-44.217335	-47.380990	General
2jnw:ChainA:LYS183	-49.796954	-61.229554	General
2jnw:ChainA:GLU184	-68.470343	-19.680848	General
2jnw:ChainA:LEU185	-76.872384	-45.838173	General
2jnw:ChainA:ALA186	-55.449145	-46.050856	General
2jnw:ChainA:LYS187	-52.792344	-44.014188	General
2jnw:ChainA:MET188	-59.322631	-44.903755	General
2jnw:ChainA:CYS189	-66.071681	-33.293123	General
2jnw:ChainA:ILE190	-67.075227	-48.511248	General
2jnw:ChainA:LEU191	-57.889694	-47.266757	General
2jnw:ChainA:ALA192	-73.846914	-8.625838	General
2jnw:ChainA:ASP193	48.387384	47.816396	General
2jnw:ChainA:CYS194	-120.843781	152.190911	General
2jnw:ChainA:THR195	-73.646751	147.749572	General
2jnw:ChainA:LEU196	-107.171335	117.481611	General
2jnw:ChainA:ILE197	-115.869477	143.325762	General
2jnw:ChainA:LEU198	-117.738319	121.309773	General
2jnw:ChainA:ALA199	-115.987475	169.840256	General
2jnw:ChainA:TRP200	-132.207554	-8.555081	General
2jnw:ChainA:SER201	-137.186001	164.153137	Pre-Pro
2jnw:ChainA:PRO202	-69.712214	-22.317488	Proline
2jnw:ChainA:GLU203	-77.278744	-46.606721	General
2jnw:ChainA:GLU204	-52.930039	-52.203684	General
2jnw:ChainA:ALA205	-59.569133	-45.667157	General
2jnw:ChainA:GLY206	-49.626409	-40.855135	Glycine
2jnw:ChainA:ARG207	-62.329984	-49.201991	General
2jnw:ChainA:TYR208	-50.478561	-25.911860	General
2jnw:ChainA:LEU209	-79.742109	-49.942341	General
2jnw:ChainA:GLU210	-56.009613	-35.221072	General
2jnw:ChainA:THR211	-71.327645	-35.572632	General
2jnw:ChainA:TYR212	-78.330448	-28.213373	General
2jnw:ChainA:LYS213	-82.187897	-20.965131	General
2jnw:ChainB:ILE68	-130.302206	71.750354	General
2jnw:ChainB:ILE69	-137.062107	54.458475	General
2jnw:ChainB:ASP70	-40.797664	102.997523	General
2jnw:ChainB:THR71	-146.139858	150.426011	General
2jnw:ChainB:GLY72	105.555052	-110.237985	Glycine
2jnw:ChainB:GLY73	-153.878889	109.951989	Glycine
2jnw:ChainB:GLY74	41.677206	82.382964	Glycine
2jnw:ChainB:PHE75	177.065861	104.809323	General
2jnw:ChainB:ILE76	-53.156230	122.777179	General
2jnw:ChainA:SER100	-79.559629	117.683532	General
2jnw:ChainA:ILE101	-17.839939	164.881422	General
2jnw:ChainA:ILE102	-135.644120	119.745219	General
2jnw:ChainA:VAL103	-115.843571	171.160187	General
2jnw:ChainA:SER104	-103.429756	143.087764	Pre-Pro
2jnw:ChainA:PRO105	-60.902490	-10.253276	Proline
2jnw:ChainA:ARG106	-76.853348	-3.827278	General
2jnw:ChainA:GLN107	-106.856796	-7.474592	General
2jnw:ChainA:ARG108	-51.577680	-177.627832	General
2jnw:ChainA:GLY109	64.265937	-66.837153	Glycine
2jnw:ChainA:ASN110	-31.116801	113.075891	Pre-Pro
2jnw:ChainA:PRO111	-63.677943	-15.486474	Proline
2jnw:ChainA:VAL112	-55.514570	-35.397408	General
2jnw:ChainA:LEU113	-55.645708	-24.869345	General
2jnw:ChainA:LYS114	-69.338922	-21.374036	General
2jnw:ChainA:PHE115	-97.721236	2.539888	General
2jnw:ChainA:VAL116	-84.576482	77.660412	General
2jnw:ChainA:ARG117	-108.829843	-35.597026	General
2jnw:ChainA:ASN118	-75.569573	-13.927831	General
2jnw:ChainA:VAL119	-130.043975	147.049267	Pre-Pro
2jnw:ChainA:PRO120	-68.584132	134.933641	Proline
2jnw:ChainA:TRP121	-145.580085	153.952150	General
2jnw:ChainA:GLU122	-150.618033	154.773848	General
2jnw:ChainA:PHE123	-74.558032	130.839938	General
2jnw:ChainA:GLY124	-138.270407	162.560584	Glycine
2jnw:ChainA:ASP125	-85.868526	83.032142	General
2jnw:ChainA:VAL126	-124.312677	154.352808	General
2jnw:ChainA:ILE127	-58.907389	-47.935812	Pre-Pro
2jnw:ChainA:PRO128	-79.021063	-173.588764	Proline
2jnw:ChainA:ASP129	-83.632612	-48.202058	General
2jnw:ChainA:TYR130	-132.407080	129.697355	General
2jnw:ChainA:VAL131	-95.302056	118.479509	General
2jnw:ChainA:LEU132	-105.797640	-15.340161	General
2jnw:ChainA:GLY133	-166.293044	170.061667	Glycine
2jnw:ChainA:GLN134	-49.022080	-30.717747	General
2jnw:ChainA:SER135	-138.340195	21.184827	General
2jnw:ChainA:THR136	-109.902791	134.487581	General
2jnw:ChainA:CYS137	-151.941743	151.981159	General
2jnw:ChainA:ALA138	-122.047253	167.802662	General
2jnw:ChainA:LEU139	-137.601260	132.225605	General
2jnw:ChainA:PHE140	-103.115613	143.434928	General
2jnw:ChainA:LEU141	-146.403483	92.164027	General
2jnw:ChainA:SER142	-57.651959	17.426257	General
2jnw:ChainA:LEU143	46.839658	-71.589716	General
2jnw:ChainA:ARG144	-38.978973	-49.289741	General
2jnw:ChainA:TYR145	-61.807672	-35.666801	General
2jnw:ChainA:HIS146	-43.508554	-38.692738	General
2jnw:ChainA:ASN147	-63.859773	-61.830008	General
2jnw:ChainA:LEU148	-55.719596	107.837820	General
2jnw:ChainA:HIS149	48.828022	96.099568	Pre-Pro
2jnw:ChainA:PRO150	-94.699734	-46.537665	Proline
2jnw:ChainA:ASP151	-44.382819	-16.469067	General
2jnw:ChainA:TYR152	-55.932862	-50.906238	General
2jnw:ChainA:ILE153	-62.066508	-36.941992	General
2jnw:ChainA:HIS154	-65.036178	-51.759609	General
2jnw:ChainA:GLY155	-65.012395	-12.438604	Glycine
2jnw:ChainA:ARG156	-85.460313	-36.087947	General
2jnw:ChainA:LEU157	-72.456250	-39.141950	General
2jnw:ChainA:GLN158	-62.511653	-33.763963	General
2jnw:ChainA:SER159	-65.385934	-46.613701	General
2jnw:ChainA:LEU160	-58.725001	-35.098455	General
2jnw:ChainA:GLY161	65.426837	-91.584684	Glycine
2jnw:ChainA:LYS162	-158.771918	17.861662	General
2jnw:ChainA:ASN163	-61.439804	-23.546561	General
2jnw:ChainA:PHE164	-121.728626	134.467464	General
2jnw:ChainA:ALA165	-62.636980	-66.862859	General
2jnw:ChainA:LEU166	-79.034127	104.736800	General
2jnw:ChainA:ARG167	-100.982170	134.395930	General
2jnw:ChainA:VAL168	-136.022309	143.172791	General
2jnw:ChainA:LEU169	-113.400763	99.347182	General
2jnw:ChainA:LEU170	-74.700938	120.305884	General
2jnw:ChainA:VAL171	-114.557055	127.325369	General
2jnw:ChainA:GLN172	-95.403011	109.502705	General
2jnw:ChainA:VAL173	-74.578635	82.962641	General
2jnw:ChainA:ASP174	-108.123935	34.978332	General
2jnw:ChainA:VAL175	-147.682931	140.369237	General
2jnw:ChainA:LYS176	-78.513917	143.820489	General
2jnw:ChainA:ASP177	66.634923	41.885730	Pre-Pro
2jnw:ChainA:PRO178	-69.348922	-29.531823	Proline
2jnw:ChainA:GLN179	-26.378475	-64.404694	General
2jnw:ChainA:GLN180	-40.966218	-59.526953	General
2jnw:ChainA:ALA181	-58.812793	-52.673794	General
2jnw:ChainA:LEU182	-44.217335	-47.380990	General
2jnw:ChainA:LYS183	-49.796954	-61.229554	General
2jnw:ChainA:GLU184	-68.470343	-19.680848	General
2jnw:ChainA:LEU185	-76.872384	-45.838173	General
2jnw:ChainA:ALA186	-55.449145	-46.050856	General
2jnw:ChainA:LYS187	-52.792344	-44.014188	General
2jnw:ChainA:MET188	-59.322631	-44.903755	General
2jnw:ChainA:CYS189	-66.071681	-33.293123	General
2jnw:ChainA:ILE190	-67.075227	-48.511248	General
2jnw:ChainA:LEU191	-57.889694	-47.266757	General
2jnw:ChainA:ALA192	-73.846914	-8.625838	General
2jnw:ChainA:ASP193	48.387384	47.816396	General
2jnw:ChainA:CYS194	-120.843781	152.190911	General
2jnw:ChainA:THR195	-73.646751	147.749572	General
2jnw:ChainA:LEU196	-107.171335	117.481611	General
2jnw:ChainA:ILE197	-115.869477	143.325762	General
2jnw:ChainA:LEU198	-117.738319	121.309773	General
2jnw:ChainA:ALA199	-115.987475	169.840256	General
2jnw:ChainA:TRP200	-132.207554	-8.555081	General
2jnw:ChainA:SER201	-137.186001	164.153137	Pre-Pro
2jnw:ChainA:PRO202	-69.712214	-22.317488	Proline
2jnw:ChainA:GLU203	-77.278744	-46.606721	General
2jnw:ChainA:GLU204	-52.930039	-52.203684	General
2jnw:ChainA:ALA205	-59.569133	-45.667157	General
2jnw:ChainA:GLY206	-49.626409	-40.855135	Glycine
2jnw:ChainA:ARG207	-62.329984	-49.201991	General
2jnw:ChainA:TYR208	-50.478561	-25.911860	General
2jnw:ChainA:LEU209	-79.742109	-49.942341	General
2jnw:ChainA:GLU210	-56.009613	-35.221072	General
2jnw:ChainA:THR211	-71.327645	-35.572632	General
2jnw:ChainA:TYR212	-78.330448	-28.213373	General
2jnw:ChainA:LYS213	-82.187897	-20.965131	General
2jnw:ChainB:ILE68	-119.602199	52.727775	General
2jnw:ChainB:ILE69	-100.453344	41.415627	General
2jnw:ChainB:ASP70	-32.466108	122.124978	General
2jnw:ChainB:THR71	-95.521337	-124.717069	General
2jnw:ChainB:GLY72	-141.155927	129.174388	Glycine
2jnw:ChainB:GLY73	156.112966	26.268343	Glycine
2jnw:ChainB:GLY74	79.072868	-42.676560	Glycine
2jnw:ChainB:PHE75	-85.326909	148.022691	General
2jnw:ChainB:ILE76	-90.755307	131.956947	General
2jnw:ChainA:SER100	-79.559629	117.683532	General
2jnw:ChainA:ILE101	-17.839939	164.881422	General
2jnw:ChainA:ILE102	-135.644120	119.745219	General
2jnw:ChainA:VAL103	-115.843571	170.938928	General
2jnw:ChainA:SER104	-101.959882	139.764890	Pre-Pro
2jnw:ChainA:PRO105	-60.461734	-15.572252	Proline
2jnw:ChainA:ARG106	-72.603767	-10.201714	General
2jnw:ChainA:GLN107	-103.321919	1.142075	General
2jnw:ChainA:ARG108	-55.239408	-161.579108	General
2jnw:ChainA:GLY109	52.334106	-89.922263	Glycine
2jnw:ChainA:ASN110	-6.181847	115.178410	Pre-Pro
2jnw:ChainA:PRO111	-66.821010	-14.656317	Proline
2jnw:ChainA:VAL112	-55.750419	-35.397408	General
2jnw:ChainA:LEU113	-55.645708	-24.869345	General
2jnw:ChainA:LYS114	-69.338922	-21.374036	General
2jnw:ChainA:PHE115	-97.721236	2.539888	General
2jnw:ChainA:VAL116	-84.576482	77.660412	General
2jnw:ChainA:ARG117	-108.829843	-35.597026	General
2jnw:ChainA:ASN118	-75.569573	-13.927831	General
2jnw:ChainA:VAL119	-130.043975	147.049267	Pre-Pro
2jnw:ChainA:PRO120	-68.584132	134.933641	Proline
2jnw:ChainA:TRP121	-145.580085	153.952150	General
2jnw:ChainA:GLU122	-150.618033	154.773848	General
2jnw:ChainA:PHE123	-74.558032	130.839938	General
2jnw:ChainA:GLY124	-138.270407	162.560584	Glycine
2jnw:ChainA:ASP125	-85.868526	83.032142	General
2jnw:ChainA:VAL126	-124.312677	154.352808	General
2jnw:ChainA:ILE127	-58.907389	-47.935812	Pre-Pro
2jnw:ChainA:PRO128	-79.021063	-173.588764	Proline
2jnw:ChainA:ASP129	-83.632612	-48.202058	General
2jnw:ChainA:TYR130	-132.407080	129.697355	General
2jnw:ChainA:VAL131	-95.302056	118.479509	General
2jnw:ChainA:LEU132	-105.797640	-15.340161	General
2jnw:ChainA:GLY133	-166.293044	170.061667	Glycine
2jnw:ChainA:GLN134	-49.022080	-30.717747	General
2jnw:ChainA:SER135	-138.340195	21.184827	General
2jnw:ChainA:THR136	-109.902791	134.487581	General
2jnw:ChainA:CYS137	-151.941743	151.981159	General
2jnw:ChainA:ALA138	-122.047253	167.802662	General
2jnw:ChainA:LEU139	-137.601260	131.182412	General
2jnw:ChainA:PHE140	-98.643032	136.627794	General
2jnw:ChainA:LEU141	-140.105975	94.033146	General
2jnw:ChainA:SER142	-66.258165	172.691799	General
2jnw:ChainA:LEU143	-97.715364	-55.377669	General
2jnw:ChainA:ARG144	-40.375115	-58.206903	General
2jnw:ChainA:TYR145	-54.924731	-35.824392	General
2jnw:ChainA:HIS146	-45.042978	-38.460783	General
2jnw:ChainA:ASN147	-72.116589	-55.850033	General
2jnw:ChainA:LEU148	-37.845886	-31.332178	General
2jnw:ChainA:HIS149	-162.282405	94.814134	Pre-Pro
2jnw:ChainA:PRO150	-80.119809	-175.675742	Proline
2jnw:ChainA:ASP151	67.770307	-25.441336	General
2jnw:ChainA:TYR152	-63.320708	-53.160280	General
2jnw:ChainA:ILE153	-62.077034	-36.941992	General
2jnw:ChainA:HIS154	-65.036178	-51.759609	General
2jnw:ChainA:GLY155	-65.012395	-12.438604	Glycine
2jnw:ChainA:ARG156	-85.460313	-36.087947	General
2jnw:ChainA:LEU157	-72.456250	-39.141950	General
2jnw:ChainA:GLN158	-62.511653	-33.763963	General
2jnw:ChainA:SER159	-65.385934	-46.613701	General
2jnw:ChainA:LEU160	-58.725001	-35.098455	General
2jnw:ChainA:GLY161	65.426837	-91.584684	Glycine
2jnw:ChainA:LYS162	-158.771918	17.861662	General
2jnw:ChainA:ASN163	-61.439804	-23.546561	General
2jnw:ChainA:PHE164	-121.728626	134.467464	General
2jnw:ChainA:ALA165	-62.636980	-66.862859	General
2jnw:ChainA:LEU166	-79.034127	104.736800	General
2jnw:ChainA:ARG167	-100.982170	134.395930	General
2jnw:ChainA:VAL168	-136.022309	143.172791	General
2jnw:ChainA:LEU169	-113.400763	99.347182	General
2jnw:ChainA:LEU170	-74.700938	120.305884	General
2jnw:ChainA:VAL171	-114.557055	127.325369	General
2jnw:ChainA:GLN172	-95.403011	109.502705	General
2jnw:ChainA:VAL173	-74.578635	82.962641	General
2jnw:ChainA:ASP174	-108.123935	34.978332	General
2jnw:ChainA:VAL175	-147.682931	140.369237	General
2jnw:ChainA:LYS176	-78.513917	143.820489	General
2jnw:ChainA:ASP177	66.634923	41.885730	Pre-Pro
2jnw:ChainA:PRO178	-69.348922	-29.531823	Proline
2jnw:ChainA:GLN179	-26.378475	-64.404694	General
2jnw:ChainA:GLN180	-40.966218	-59.526953	General
2jnw:ChainA:ALA181	-58.812793	-52.673794	General
2jnw:ChainA:LEU182	-44.217335	-47.380990	General
2jnw:ChainA:LYS183	-49.796954	-61.229554	General
2jnw:ChainA:GLU184	-68.470343	-19.680848	General
2jnw:ChainA:LEU185	-76.872384	-45.838173	General
2jnw:ChainA:ALA186	-55.449145	-46.050856	General
2jnw:ChainA:LYS187	-52.792344	-44.014188	General
2jnw:ChainA:MET188	-59.322631	-44.903755	General
2jnw:ChainA:CYS189	-66.071681	-33.293123	General
2jnw:ChainA:ILE190	-67.075227	-48.511248	General
2jnw:ChainA:LEU191	-57.889694	-47.266757	General
2jnw:ChainA:ALA192	-73.846914	-8.625838	General
2jnw:ChainA:ASP193	48.387384	47.816396	General
2jnw:ChainA:CYS194	-120.843781	152.190911	General
2jnw:ChainA:THR195	-73.646751	147.749572	General
2jnw:ChainA:LEU196	-107.171335	117.481611	General
2jnw:ChainA:ILE197	-115.869477	143.325762	General
2jnw:ChainA:LEU198	-117.738319	121.309773	General
2jnw:ChainA:ALA199	-115.987475	169.840256	General
2jnw:ChainA:TRP200	-132.207554	-8.555081	General
2jnw:ChainA:SER201	-137.186001	164.153137	Pre-Pro
2jnw:ChainA:PRO202	-69.712214	-22.317488	Proline
2jnw:ChainA:GLU203	-77.278744	-46.606721	General
2jnw:ChainA:GLU204	-52.930039	-52.203684	General
2jnw:ChainA:ALA205	-59.569133	-45.667157	General
2jnw:ChainA:GLY206	-49.626409	-40.855135	Glycine
2jnw:ChainA:ARG207	-62.329984	-49.201991	General
2jnw:ChainA:TYR208	-50.478561	-25.911860	General
2jnw:ChainA:LEU209	-79.742109	-49.942341	General
2jnw:ChainA:GLU210	-56.009613	-35.221072	General
2jnw:ChainA:THR211	-71.327645	-35.572632	General
2jnw:ChainA:TYR212	-78.330448	-28.213373	General
2jnw:ChainA:LYS213	-82.187897	-20.965131	General
2jnw:ChainB:ILE68	-122.935756	73.524486	General
2jnw:ChainB:ILE69	-122.466540	25.691402	General
2jnw:ChainB:ASP70	-17.131708	103.079920	General
2jnw:ChainB:THR71	-86.039237	-139.434917	General
2jnw:ChainB:GLY72	-118.239600	137.279470	Glycine
2jnw:ChainB:GLY73	153.228480	23.620079	Glycine
2jnw:ChainB:GLY74	49.570237	60.403217	Glycine
2jnw:ChainB:PHE75	-173.725545	124.941556	General
2jnw:ChainB:ILE76	-64.478562	157.630083	General
