2wbt:ChainA:VAL6	-111.718700	157.124700	General
2wbt:ChainA:ASP7	-154.275960	73.162255	General
2wbt:ChainA:SER8	-61.029716	-36.202431	General
2wbt:ChainA:GLY9	-86.640103	14.390734	Glycine
2wbt:ChainA:SER10	-63.512442	143.171657	General
2wbt:ChainA:LYS11	-113.248615	15.949776	General
2wbt:ChainA:LYS12	-82.968572	-8.688846	General
2wbt:ChainA:TYR13	-57.921811	-30.872545	General
2wbt:ChainA:LEU14	-64.453642	-32.769665	General
2wbt:ChainA:SER15	-119.969346	17.513861	General
2wbt:ChainA:ASN16	-67.634911	138.230953	General
2wbt:ChainA:HIS17	-79.937451	-30.507553	General
2wbt:ChainA:LYS18	-63.083547	-22.689808	General
2wbt:ChainA:GLY19	100.892808	-142.429316	Glycine
2wbt:ChainA:ILE20	-73.024783	119.799154	General
2wbt:ChainA:PHE21	-88.535739	105.541694	General
2wbt:ChainA:ILE22	-96.735590	111.869910	General
2wbt:ChainA:HIS23	-68.367750	135.730353	General
2wbt:ChainA:VAL24	-144.982524	158.372882	General
2wbt:ChainA:THR25	-73.804837	-173.779354	General
2wbt:ChainA:LEU26	-80.191346	-31.977788	General
2wbt:ChainA:GLU27	-69.813566	-46.015149	General
2wbt:ChainA:GLU28	-84.994159	-23.028567	General
2wbt:ChainA:LEU29	-58.710775	-51.718065	General
2wbt:ChainA:LYS30	-67.926829	-39.024527	General
2wbt:ChainA:ARG31	-66.743801	-24.904509	General
2wbt:ChainA:TYR32	-74.022379	-46.106147	General
2wbt:ChainA:HIS33	-80.475412	16.128743	General
2wbt:ChainA:GLN34	-107.477538	-6.351216	General
2wbt:ChainA:LEU35	-74.843438	151.414266	General
2wbt:ChainA:THR36	-70.137827	155.599146	Pre-Pro
2wbt:ChainA:PRO37	-51.495286	-33.416920	Proline
2wbt:ChainA:GLU38	-69.009961	-35.761448	General
2wbt:ChainA:GLN39	-70.471889	-44.579756	General
2wbt:ChainA:LYS40	-58.806640	-36.730969	General
2wbt:ChainA:ARG41	-63.316181	-45.408630	General
2wbt:ChainA:LEU42	-61.438345	-40.064278	General
2wbt:ChainA:ILE43	-62.912170	-40.677279	General
2wbt:ChainA:ARG44	-65.948405	-44.396743	General
2wbt:ChainA:ALA45	-59.894954	-41.281631	General
2wbt:ChainA:ILE46	-64.507645	-48.350471	General
2wbt:ChainA:VAL47	-59.699371	-40.343584	General
2wbt:ChainA:LYS48	-62.856960	-44.314975	General
2wbt:ChainA:THR49	-61.780323	-43.241544	General
2wbt:ChainA:LEU50	-64.208919	-36.621712	General
2wbt:ChainA:ILE51	-63.422993	-41.174567	General
2wbt:ChainA:HIS52	-84.140980	-22.547080	General
2wbt:ChainA:ASN53	-130.364370	73.184167	Pre-Pro
2wbt:ChainA:PRO54	-65.033070	-8.579212	Proline
2wbt:ChainA:GLN55	-75.791490	-15.694896	General
2wbt:ChainA:LEU56	-67.681312	-20.607151	General
2wbt:ChainA:LEU57	-66.099306	-37.934957	General
2wbt:ChainA:ASP58	-75.388539	-17.988084	General
2wbt:ChainA:GLU59	-98.447906	1.867859	General
2wbt:ChainA:SER60	-72.150632	-42.777254	General
2wbt:ChainA:SER61	-50.907899	-42.236209	General
2wbt:ChainA:TYR62	-66.568298	-44.325680	General
2wbt:ChainA:LEU63	-61.807968	-45.744964	General
2wbt:ChainA:TYR64	-78.168706	-21.119220	General
2wbt:ChainA:ARG65	-78.076171	-32.633524	General
2wbt:ChainA:LEU66	-62.777154	-49.513274	General
2wbt:ChainA:LEU67	-64.519354	-40.755283	General
2wbt:ChainA:ALA68	-61.257966	-41.325191	General
2wbt:ChainA:SER69	-69.977161	-43.835863	General
2wbt:ChainA:LYS70	-59.869602	-26.976988	General
2wbt:ChainA:ALA71	-71.660470	-37.348144	General
2wbt:ChainA:ILE72	-69.953604	-39.775311	General
2wbt:ChainA:SER73	-156.312149	149.367967	General
2wbt:ChainA:GLN74	-65.808942	-29.610160	General
2wbt:ChainA:PHE75	-98.394014	97.753478	General
2wbt:ChainA:VAL76	-126.649670	147.186930	General
2wbt:ChainA:CYS77	-90.728426	126.476368	Pre-Pro
2wbt:ChainA:PRO78	-64.151322	-33.234329	Proline
2wbt:ChainA:LEU79	-76.042512	-41.254088	General
2wbt:ChainA:CYS80	-108.221086	-12.034629	General
2wbt:ChainA:LEU81	62.316696	29.990795	General
2wbt:ChainA:MET82	-102.779063	130.649125	Pre-Pro
2wbt:ChainA:PRO83	-74.405007	147.451424	Proline
2wbt:ChainA:PHE84	-128.226605	156.670705	General
2wbt:ChainA:SER85	-63.636330	-35.987301	General
2wbt:ChainA:SER86	-147.991596	173.997280	General
2wbt:ChainA:SER87	-68.398586	-33.314076	General
2wbt:ChainA:VAL88	-64.290453	-44.267077	General
2wbt:ChainA:SER89	-73.746723	-28.989376	General
2wbt:ChainA:LEU90	-65.302618	-45.475250	General
2wbt:ChainA:LYS91	-85.235534	-12.510205	General
2wbt:ChainA:GLN92	-67.444423	-39.392907	General
2wbt:ChainA:HIS93	-67.130463	-46.548364	General
2wbt:ChainA:ILE94	-65.332411	-42.721864	General
2wbt:ChainA:ARG95	-68.235825	-43.612444	General
2wbt:ChainA:TYR96	-111.794160	-24.878738	General
2wbt:ChainA:THR97	-115.199373	-22.102939	General
2wbt:ChainA:GLU98	-88.285727	111.878957	General
2wbt:ChainA:HIS99	-118.023425	7.434479	General
2wbt:ChainA:THR100	-70.657529	135.346841	General
2wbt:ChainA:LYS101	-101.063840	-11.277763	General
2wbt:ChainA:VAL102	-98.261413	137.963397	General
2wbt:ChainA:CYS103	-75.995470	122.776147	Pre-Pro
2wbt:ChainA:PRO104	-61.420811	-14.891555	Proline
2wbt:ChainA:VAL105	-94.384842	-60.283203	General
2wbt:ChainA:CYS106	-101.873634	-14.339956	General
2wbt:ChainA:LYS107	74.992446	22.705364	General
2wbt:ChainA:LYS108	-84.614994	145.144202	General
2wbt:ChainA:GLU109	-108.633567	157.345975	General
2wbt:ChainA:PHE110	-142.271801	167.020096	General
2wbt:ChainA:THR111	-70.269425	-52.677172	General
2wbt:ChainA:SER112	-118.390554	159.237342	General
2wbt:ChainA:THR113	-74.068262	-20.970007	General
2wbt:ChainA:ASP114	-68.627721	-34.664486	General
2wbt:ChainA:SER115	-69.416595	-34.775212	General
2wbt:ChainA:ALA116	-64.628094	-37.844870	General
2wbt:ChainA:LEU117	-64.426731	-53.821957	General
2wbt:ChainA:ASP118	-55.888659	-38.669476	General
2wbt:ChainA:HIS119	-63.909804	-48.021727	General
2wbt:ChainA:VAL120	-64.933712	-24.407256	General
2wbt:ChainA:CYS121	-84.413761	-44.913289	General
2wbt:ChainA:LYS122	-71.921833	-42.136368	General
2wbt:ChainA:LYS123	-111.040462	-2.780426	General
2wbt:ChainA:HIS124	-127.242244	-7.409345	General
2wbt:ChainA:ASN125	63.051289	31.885528	General
2wbt:ChainA:ILE126	-114.586710	109.220724	General
2wbt:ChainA:CYS127	-128.623767	145.599636	General
2wbt:ChainA:VAL128	-141.012074	147.392228	General
2wbt:ChainB:GLY19	-168.766564	-151.680410	Glycine
2wbt:ChainB:ILE20	-129.956268	148.462065	General
2wbt:ChainB:PHE21	-101.504348	120.531496	General
2wbt:ChainB:ILE22	-94.482592	116.338539	General
2wbt:ChainB:HIS23	-74.130414	72.623271	General
2wbt:ChainB:VAL24	-89.712562	158.529244	General
2wbt:ChainB:THR25	-74.428104	161.645592	General
2wbt:ChainB:LEU26	-59.533086	-37.313506	General
2wbt:ChainB:GLU27	-61.952934	-55.461803	General
2wbt:ChainB:GLU28	-58.669805	-28.449637	General
2wbt:ChainB:LEU29	-71.907514	-43.134568	General
2wbt:ChainB:LYS30	-74.992672	-30.259729	General
2wbt:ChainB:ARG31	-62.344011	-43.602970	General
2wbt:ChainB:TYR32	-58.005981	-50.089457	General
2wbt:ChainB:HIS33	-73.885038	-4.035415	General
2wbt:ChainB:GLN34	-90.914083	-7.575986	General
2wbt:ChainB:LEU35	-71.034355	158.703439	General
2wbt:ChainB:THR36	-72.591033	151.299114	Pre-Pro
2wbt:ChainB:PRO37	-46.385706	-38.416522	Proline
2wbt:ChainB:GLU38	-64.137512	-45.474023	General
2wbt:ChainB:GLN39	-64.009026	-38.241670	General
2wbt:ChainB:LYS40	-69.060598	-41.872654	General
2wbt:ChainB:ARG41	-72.909670	-29.416685	General
2wbt:ChainB:LEU42	-61.995642	-42.174333	General
2wbt:ChainB:ILE43	-61.534621	-51.766182	General
2wbt:ChainB:ARG44	-74.572146	-20.401243	General
2wbt:ChainB:ALA45	-70.001874	-34.859451	General
2wbt:ChainB:ILE46	-69.904390	-40.330364	General
2wbt:ChainB:VAL47	-71.264637	-29.767660	General
2wbt:ChainB:LYS48	-70.090324	-42.395107	General
2wbt:ChainB:THR49	-54.295377	-44.512727	General
2wbt:ChainB:LEU50	-69.363853	-36.109883	General
2wbt:ChainB:ILE51	-63.149112	-43.154711	General
2wbt:ChainB:HIS52	-73.899857	-31.105604	General
2wbt:ChainB:ASN53	-126.855285	71.019474	Pre-Pro
2wbt:ChainB:PRO54	-68.598326	-15.517905	Proline
2wbt:ChainB:GLN55	-65.106787	-23.013763	General
2wbt:ChainB:LEU56	-73.610949	-19.173510	General
2wbt:ChainB:LEU57	-58.561536	-46.992397	General
2wbt:ChainB:ASP58	-57.822187	-36.489640	General
2wbt:ChainB:GLU59	-91.529955	-39.213942	General
2wbt:ChainB:SER60	-68.657570	-36.128478	General
2wbt:ChainB:SER61	-54.305280	-46.461669	General
2wbt:ChainB:TYR62	-60.532900	-55.045656	General
2wbt:ChainB:LEU63	-63.886775	-41.810186	General
2wbt:ChainB:TYR64	-60.951348	-34.232428	General
2wbt:ChainB:ARG65	-79.306565	-31.594556	General
2wbt:ChainB:LEU66	-63.512544	-54.310870	General
2wbt:ChainB:LEU67	-61.682319	-32.474087	General
2wbt:ChainB:ALA68	-63.156830	-52.156254	General
2wbt:ChainB:SER69	-63.313211	-35.164265	General
2wbt:ChainB:LYS70	-65.130097	-28.263021	General
2wbt:ChainB:ALA71	-70.225795	-31.779506	General
2wbt:ChainB:ILE72	-75.012543	-50.198801	General
2wbt:ChainB:SER73	-147.193670	155.130516	General
2wbt:ChainB:GLN74	-64.887160	-31.554220	General
2wbt:ChainB:PHE75	-92.745831	93.848973	General
2wbt:ChainB:VAL76	-121.739286	144.967315	General
2wbt:ChainB:CYS77	-87.645816	121.766496	Pre-Pro
2wbt:ChainB:PRO78	-62.782832	-25.176802	Proline
2wbt:ChainB:LEU79	-86.970411	-46.830131	General
2wbt:ChainB:CYS80	-103.613840	-18.680407	General
2wbt:ChainB:LEU81	68.490729	36.319045	General
2wbt:ChainB:MET82	-103.774177	135.827130	Pre-Pro
2wbt:ChainB:PRO83	-76.640084	144.911081	Proline
2wbt:ChainB:PHE84	-124.686511	156.910679	General
2wbt:ChainB:SER85	-65.757641	-37.414179	General
2wbt:ChainB:SER86	-142.070676	168.057533	General
2wbt:ChainB:SER87	-71.941756	-27.320113	General
2wbt:ChainB:VAL88	-63.997274	-42.724452	General
2wbt:ChainB:SER89	-74.836572	-34.287284	General
2wbt:ChainB:LEU90	-62.814816	-38.518837	General
2wbt:ChainB:LYS91	-67.126342	-39.543645	General
2wbt:ChainB:GLN92	-71.343876	-34.618666	General
2wbt:ChainB:HIS93	-68.961196	-43.049196	General
2wbt:ChainB:ILE94	-65.746400	-36.380975	General
2wbt:ChainB:ARG95	-66.640748	-45.030628	General
2wbt:ChainB:TYR96	-122.716390	-16.799323	General
2wbt:ChainB:THR97	-117.096274	-5.531629	General
2wbt:ChainB:GLU98	-104.107360	111.591645	General
2wbt:ChainB:HIS99	-119.553187	14.015430	General
2wbt:ChainB:THR100	-63.574006	126.812940	General
2wbt:ChainB:LYS101	-107.481912	6.284927	General
2wbt:ChainB:VAL102	-129.311229	130.319561	General
2wbt:ChainB:CYS103	-73.141590	123.889672	Pre-Pro
2wbt:ChainB:PRO104	-66.482757	-25.346172	Proline
2wbt:ChainB:VAL105	-79.022787	-56.599370	General
2wbt:ChainB:CYS106	-102.129110	-16.941313	General
2wbt:ChainB:LYS107	76.972934	10.624686	General
2wbt:ChainB:LYS108	-65.278681	133.777930	General
2wbt:ChainB:GLU109	-96.991541	153.258898	General
2wbt:ChainB:PHE110	-134.833773	165.099594	General
2wbt:ChainB:THR111	-84.663576	-22.332530	General
2wbt:ChainB:SER112	-142.434514	147.559780	General
2wbt:ChainB:THR113	-69.429784	-29.916105	General
2wbt:ChainB:ASP114	-66.607613	-39.578990	General
2wbt:ChainB:SER115	-64.366626	-38.503362	General
2wbt:ChainB:ALA116	-64.538212	-44.135323	General
2wbt:ChainB:LEU117	-57.214660	-44.773917	General
2wbt:ChainB:ASP118	-64.676742	-43.511712	General
2wbt:ChainB:HIS119	-60.692864	-47.188750	General
2wbt:ChainB:VAL120	-61.639609	-36.936514	General
2wbt:ChainB:CYS121	-69.733340	-54.597490	General
2wbt:ChainB:LYS122	-63.753805	-50.079524	General
2wbt:ChainB:LYS123	-89.111164	-29.194453	General
2wbt:ChainB:HIS124	-115.826787	-7.477709	General
2wbt:ChainB:ASN125	81.502651	10.200936	General
2wbt:ChainB:ILE126	-102.513840	101.302453	General
2wbt:ChainB:CYS127	-123.381272	152.431841	General
