2wkc:ChainA:THR1	-135.281176	126.906170	General
2wkc:ChainA:ILE2	-120.314872	133.032864	General
2wkc:ChainA:ILE3	-120.277561	120.819597	General
2wkc:ChainA:THR4	-116.751312	109.306965	General
2wkc:ChainA:VAL5	-116.235751	129.334840	General
2wkc:ChainA:THR6	-107.732318	122.594863	General
2wkc:ChainA:ALA7	-145.846255	156.264567	General
2wkc:ChainA:GLN8	-87.324169	134.358214	General
2wkc:ChainA:ALA9	-75.629132	121.633782	General
2wkc:ChainA:ASN10	-140.432484	179.843475	General
2wkc:ChainA:GLU11	-58.195898	-26.106880	General
2wkc:ChainA:LYS12	-89.747781	-22.887190	General
2wkc:ChainA:ASN13	-118.142376	-5.096272	General
2wkc:ChainA:THR14	-127.475469	139.379740	General
2wkc:ChainA:ARG15	-144.810444	166.869885	General
2wkc:ChainA:THR16	-118.376236	125.905393	General
2wkc:ChainA:VAL17	-113.688820	125.342473	General
2wkc:ChainA:SER18	-74.814244	128.119738	General
2wkc:ChainA:THR19	-128.907671	-179.497889	General
2wkc:ChainA:ALA20	-68.995942	-18.851222	General
2wkc:ChainA:LYS21	-101.321489	4.133783	General
2wkc:ChainA:GLY22	109.268680	-163.037577	Glycine
2wkc:ChainA:ASP23	-78.980203	119.882360	General
2wkc:ChainA:LYS24	-103.996260	138.175621	General
2wkc:ChainA:LYS25	-103.040868	122.099947	General
2wkc:ChainA:ILE26	-111.125681	124.166817	General
2wkc:ChainA:ILE27	-101.935906	152.617126	General
2wkc:ChainA:SER28	-134.343615	113.888506	General
2wkc:ChainA:VAL29	-121.579424	146.278039	Pre-Pro
2wkc:ChainA:PRO30	-66.303202	134.895016	Proline
2wkc:ChainA:LEU31	-88.136778	-16.253682	General
2wkc:ChainA:PHE32	-156.023895	178.569874	General
2wkc:ChainA:GLU33	-106.441568	167.610309	General
2wkc:ChainA:LYS34	-142.865251	157.521164	General
2wkc:ChainA:GLU35	-63.830466	150.257612	General
2wkc:ChainA:LYS36	-67.327140	121.892946	General
2wkc:ChainA:GLY37	82.140545	35.398819	Glycine
2wkc:ChainA:SER38	-101.082180	148.247991	General
2wkc:ChainA:ASN39	-81.489449	-18.608651	General
2wkc:ChainA:VAL40	-60.396457	141.100335	General
2wkc:ChainA:LYS41	-97.058778	109.842836	General
2wkc:ChainA:VAL42	-67.585036	133.942907	General
2wkc:ChainA:ALA43	-70.894845	133.787115	General
2wkc:ChainA:TYR44	-114.954251	132.725215	General
2wkc:ChainA:GLY45	-104.186513	136.678665	Glycine
2wkc:ChainA:SER46	-95.027567	146.944167	General
2wkc:ChainA:ALA47	-151.574264	146.977908	General
2wkc:ChainA:PHE48	-75.996531	134.875227	General
2wkc:ChainA:LEU49	-93.144680	149.620852	Pre-Pro
2wkc:ChainA:PRO50	-69.592126	161.476616	Proline
2wkc:ChainA:ASP51	-58.330722	-32.174448	General
2wkc:ChainA:PHE52	-79.083966	-12.597459	General
2wkc:ChainA:ILE53	-77.987468	137.368908	General
2wkc:ChainA:GLN54	-124.482810	158.882104	General
2wkc:ChainA:LEU55	-55.211195	136.826748	General
2wkc:ChainA:GLY56	101.121733	-29.584190	Glycine
2wkc:ChainA:ASP57	-63.276801	146.489511	General
2wkc:ChainA:THR58	-110.644395	125.507258	General
2wkc:ChainA:VAL59	-123.538898	153.115954	General
2wkc:ChainA:THR60	-107.770586	119.929139	General
2wkc:ChainA:VAL61	-104.811919	125.406309	General
2wkc:ChainA:SER62	-142.860486	130.141503	General
2wkc:ChainA:GLY63	155.293220	-160.990427	Glycine
2wkc:ChainA:ARG64	-89.727277	155.936696	General
2wkc:ChainA:VAL65	-125.407007	132.387990	General
2wkc:ChainA:GLN66	-110.782504	137.454961	General
2wkc:ChainA:ALA67	-96.707287	128.099196	General
2wkc:ChainA:LYS68	-120.379592	149.584912	General
2wkc:ChainA:GLU69	-96.703913	136.546099	General
2wkc:ChainA:SER70	-148.543990	90.321199	General
2wkc:ChainA:GLY71	73.184639	-118.675376	Glycine
2wkc:ChainA:GLU72	-102.599424	-10.744253	General
2wkc:ChainA:TYR73	-84.796317	132.999321	General
2wkc:ChainA:VAL74	-101.883776	128.115870	General
2wkc:ChainA:ASN75	-100.920578	137.033403	General
2wkc:ChainA:TYR76	-114.159387	117.694817	General
2wkc:ChainA:ASN77	-119.453013	137.432362	General
2wkc:ChainA:PHE78	-71.937708	130.959958	General
2wkc:ChainA:VAL79	-96.857707	101.335447	General
2wkc:ChainA:PHE80	53.303337	52.329736	Pre-Pro
2wkc:ChainA:PRO81	-74.725351	168.561803	Proline
2wkc:ChainA:THR82	-83.460016	131.830549	General
2wkc:ChainA:VAL83	-124.918876	120.156020	General
2wkc:ChainA:GLU84	-133.916321	149.611573	General
2wkc:ChainA:LYS85	-91.642575	137.753796	General
2wkc:ChainA:VAL86	-91.227075	136.185366	General
2wkc:ChainA:PHE87	-88.968562	119.365005	General
2wkc:ChainA:ILE88	-119.426027	134.330776	General
2wkc:ChainB:THR1	-128.654006	130.325697	General
2wkc:ChainB:ILE2	-120.756937	132.095055	General
2wkc:ChainB:ILE3	-116.018736	126.676900	General
2wkc:ChainB:THR4	-118.198641	118.578810	General
2wkc:ChainB:VAL5	-126.028345	136.613804	General
2wkc:ChainB:THR6	-111.890806	126.981011	General
2wkc:ChainB:ALA7	-150.765029	148.679508	General
2wkc:ChainB:GLN8	-81.591342	135.095038	General
2wkc:ChainB:ALA9	-78.719923	117.242408	General
2wkc:ChainB:ASN10	-129.429492	-177.699492	General
2wkc:ChainB:GLU11	-65.168253	-22.222252	General
2wkc:ChainB:LYS12	-93.746538	-28.871735	General
2wkc:ChainB:ASN13	-104.626180	4.802785	General
2wkc:ChainB:THR14	-129.080937	138.447122	General
2wkc:ChainB:ARG15	-139.731380	145.306231	General
2wkc:ChainB:THR16	-94.055854	128.613035	General
2wkc:ChainB:VAL17	-127.274630	151.678914	General
2wkc:ChainB:SER18	-89.411149	126.962349	General
2wkc:ChainB:THR19	-117.957094	177.332386	General
2wkc:ChainB:ALA20	-71.055471	-20.016360	General
2wkc:ChainB:LYS21	-89.566277	-0.563537	General
2wkc:ChainB:GLY22	112.793619	-167.799713	Glycine
2wkc:ChainB:ASP23	-89.285387	130.110965	General
2wkc:ChainB:LYS24	-134.463613	156.644105	General
2wkc:ChainB:LYS25	-95.735741	135.354781	General
2wkc:ChainB:ILE26	-112.864327	129.303617	General
2wkc:ChainB:ILE27	-99.002066	141.994452	General
2wkc:ChainB:SER28	-112.275366	123.074510	General
2wkc:ChainB:VAL29	-128.269510	134.380449	Pre-Pro
2wkc:ChainB:PRO30	-57.240405	137.790878	Proline
2wkc:ChainB:LEU31	-93.086235	-9.738802	General
2wkc:ChainB:PHE32	-164.762271	-179.148615	General
2wkc:ChainB:GLU33	-105.306651	169.672396	General
2wkc:ChainB:LYS34	-131.156155	153.594667	General
2wkc:ChainB:GLU35	-67.234403	145.821684	General
2wkc:ChainB:LYS36	-50.201083	-43.887435	General
2wkc:ChainB:GLY37	-111.959204	39.877118	Glycine
2wkc:ChainB:SER38	-110.644489	129.427303	General
2wkc:ChainB:ASN39	-85.517906	72.934113	General
2wkc:ChainB:VAL40	-128.981638	148.101170	General
2wkc:ChainB:LYS41	-95.483235	141.672560	General
2wkc:ChainB:VAL42	-97.373357	134.257799	General
2wkc:ChainB:ALA43	-70.429282	139.113736	General
2wkc:ChainB:TYR44	-112.672331	132.110758	General
2wkc:ChainB:GLY45	-99.732133	143.944383	Glycine
2wkc:ChainB:SER46	-111.164095	142.389927	General
2wkc:ChainB:ALA47	-146.288585	146.533229	General
2wkc:ChainB:PHE48	-72.714134	136.043412	General
2wkc:ChainB:LEU49	-91.958560	146.875667	Pre-Pro
2wkc:ChainB:PRO50	-65.214419	155.516876	Proline
2wkc:ChainB:ASP51	-61.970759	-27.975537	General
2wkc:ChainB:PHE52	-78.375665	-17.545971	General
2wkc:ChainB:ILE53	-75.575581	144.206563	General
2wkc:ChainB:GLN54	-134.241608	156.384514	General
2wkc:ChainB:LEU55	-52.791168	128.103169	General
2wkc:ChainB:GLY56	107.859297	-30.675236	Glycine
2wkc:ChainB:ASP57	-66.767498	146.566529	General
2wkc:ChainB:THR58	-97.199096	135.382424	General
2wkc:ChainB:VAL59	-134.634423	145.340507	General
2wkc:ChainB:THR60	-104.472265	123.349260	General
2wkc:ChainB:VAL61	-112.945864	134.065710	General
2wkc:ChainB:SER62	-149.587890	126.692126	General
2wkc:ChainB:GLY63	165.207146	-168.843834	Glycine
2wkc:ChainB:ARG64	-64.897673	139.294528	General
2wkc:ChainB:VAL65	-113.265832	123.458110	General
2wkc:ChainB:GLN66	-113.176798	127.304311	General
2wkc:ChainB:ALA67	-83.970369	139.598853	General
2wkc:ChainB:LYS68	-144.026837	144.299009	General
2wkc:ChainB:GLU69	-97.151526	147.405023	General
2wkc:ChainB:SER70	-143.531650	108.081919	General
2wkc:ChainB:GLY71	61.568068	-121.987052	Glycine
2wkc:ChainB:GLU72	-99.555235	-2.392583	General
2wkc:ChainB:TYR73	-87.645227	140.822536	General
2wkc:ChainB:VAL74	-120.870214	113.863827	General
2wkc:ChainB:ASN75	-94.337048	137.367025	General
2wkc:ChainB:TYR76	-111.579997	119.045791	General
2wkc:ChainB:ASN77	-120.928638	124.391948	General
2wkc:ChainB:PHE78	-65.245724	130.127639	General
2wkc:ChainB:VAL79	-103.418210	106.993484	General
2wkc:ChainB:PHE80	42.844282	58.375879	Pre-Pro
2wkc:ChainB:PRO81	-69.137540	160.579038	Proline
2wkc:ChainB:THR82	-85.922979	127.430391	General
2wkc:ChainB:VAL83	-124.301507	123.071164	General
2wkc:ChainB:GLU84	-133.734838	155.138176	General
2wkc:ChainB:LYS85	-88.068574	144.365634	General
2wkc:ChainB:VAL86	-106.928468	129.378500	General
2wkc:ChainB:PHE87	-78.077095	124.477462	General
2wkc:ChainC:THR1	-122.071347	126.647987	General
2wkc:ChainC:ILE2	-112.843883	130.866804	General
2wkc:ChainC:ILE3	-118.405296	126.486836	General
2wkc:ChainC:THR4	-119.633382	113.392006	General
2wkc:ChainC:VAL5	-117.815380	140.926327	General
2wkc:ChainC:THR6	-114.402291	130.496804	General
2wkc:ChainC:ALA7	-154.850927	156.143073	General
2wkc:ChainC:GLN8	-93.782512	127.372709	General
2wkc:ChainC:ALA9	-70.007978	123.082213	General
2wkc:ChainC:ASN10	-144.470575	-173.774304	General
2wkc:ChainC:GLU11	-67.029093	-24.541127	General
2wkc:ChainC:LYS12	-83.777461	-42.997552	General
2wkc:ChainC:ASN13	-96.442972	1.957841	General
2wkc:ChainC:THR14	-115.981650	151.258706	General
2wkc:ChainC:ARG15	-150.426286	155.859357	General
2wkc:ChainC:THR16	-117.845763	131.612263	General
2wkc:ChainC:VAL17	-126.032844	146.312571	General
2wkc:ChainC:SER18	-87.807006	119.365990	General
2wkc:ChainC:THR19	-106.568175	-177.454503	General
2wkc:ChainC:ALA20	-51.769998	-36.553318	General
2wkc:ChainC:LYS21	-138.349688	96.045373	General
2wkc:ChainC:GLY22	95.563123	-168.872509	Glycine
2wkc:ChainC:ASP23	-107.583118	132.550558	General
2wkc:ChainC:LYS24	-120.591995	140.041727	General
2wkc:ChainC:LYS25	-87.398888	140.970714	General
2wkc:ChainC:ILE26	-123.746139	133.949737	General
2wkc:ChainC:ILE27	-108.260353	146.138177	General
2wkc:ChainC:SER28	-110.163063	109.412130	General
2wkc:ChainC:VAL29	-116.239619	147.149218	Pre-Pro
2wkc:ChainC:PRO30	-73.252358	139.230750	Proline
2wkc:ChainC:LEU31	-91.452119	-10.228313	General
2wkc:ChainC:PHE32	-162.503255	179.193769	General
2wkc:ChainC:GLU33	-108.781617	161.551356	General
2wkc:ChainC:LYS34	-141.383929	162.517716	General
2wkc:ChainC:GLU35	-69.695240	122.647337	General
2wkc:ChainC:LYS36	-54.353797	129.540638	General
2wkc:ChainC:GLY37	77.903780	13.841504	Glycine
2wkc:ChainC:SER38	-90.765855	153.980246	General
2wkc:ChainC:ASN39	-80.301347	-3.623827	General
2wkc:ChainC:VAL40	-80.244015	157.032383	General
2wkc:ChainC:LYS41	-102.450205	127.177456	General
2wkc:ChainC:VAL42	-101.740255	128.131799	General
2wkc:ChainC:ALA43	-73.395483	133.350968	General
2wkc:ChainC:TYR44	-107.223030	140.672708	General
2wkc:ChainC:GLY45	-110.743300	151.339860	Glycine
2wkc:ChainC:SER46	-100.887343	143.702133	General
2wkc:ChainC:ALA47	-148.779652	134.677115	General
2wkc:ChainC:PHE48	-65.909593	138.646161	General
2wkc:ChainC:LEU49	-98.525642	147.076560	Pre-Pro
2wkc:ChainC:PRO50	-62.117585	154.485130	Proline
2wkc:ChainC:ASP51	-66.854327	-26.047328	General
2wkc:ChainC:PHE52	-79.916933	-4.912895	General
2wkc:ChainC:ILE53	-88.741573	137.257440	General
2wkc:ChainC:GLN54	-120.399571	165.515552	General
2wkc:ChainC:LEU55	-62.493065	136.492596	General
2wkc:ChainC:GLY56	101.131744	-18.591019	Glycine
2wkc:ChainC:ASP57	-76.555038	148.249558	General
2wkc:ChainC:THR58	-97.297415	132.176466	General
2wkc:ChainC:VAL59	-127.774859	152.708574	General
2wkc:ChainC:THR60	-102.173003	122.766329	General
2wkc:ChainC:VAL61	-112.190937	124.711406	General
2wkc:ChainC:SER62	-140.508822	128.822072	General
2wkc:ChainC:GLY63	163.188522	-171.319904	Glycine
2wkc:ChainC:ARG64	-67.165895	148.638506	General
2wkc:ChainC:VAL65	-124.307135	136.550384	General
2wkc:ChainC:GLN66	-126.396535	129.463455	General
2wkc:ChainC:ALA67	-96.763232	124.972203	General
2wkc:ChainC:LYS68	-134.860055	151.187473	General
2wkc:ChainC:GLU69	-90.657640	138.790634	General
2wkc:ChainC:SER70	-132.096225	108.228639	General
2wkc:ChainC:GLY71	61.179458	-124.658703	Glycine
2wkc:ChainC:GLU72	-109.999385	24.163661	General
2wkc:ChainC:TYR73	-104.310729	141.977920	General
2wkc:ChainC:VAL74	-104.385812	111.019198	General
2wkc:ChainC:ASN75	-86.213672	131.778198	General
2wkc:ChainC:TYR76	-110.802535	120.828164	General
2wkc:ChainC:ASN77	-129.079203	135.442363	General
2wkc:ChainC:PHE78	-71.906575	138.563970	General
2wkc:ChainC:VAL79	-103.664481	109.822340	General
2wkc:ChainC:PHE80	40.208183	56.374217	Pre-Pro
2wkc:ChainC:PRO81	-71.180377	163.322783	Proline
2wkc:ChainC:THR82	-88.394163	127.960449	General
2wkc:ChainC:VAL83	-120.870093	130.380275	General
2wkc:ChainC:GLU84	-139.146370	138.090610	General
2wkc:ChainC:LYS85	-83.049235	137.378644	General
2wkc:ChainC:VAL86	-99.463369	128.133025	General
2wkc:ChainC:PHE87	-73.429854	121.734324	General
2wkc:ChainC:ILE88	-140.983015	125.753762	General
2wkc:ChainD:THR1	-131.125567	116.655731	General
2wkc:ChainD:ILE2	-107.259499	129.574955	General
2wkc:ChainD:ILE3	-115.808525	127.509529	General
2wkc:ChainD:THR4	-115.907347	120.376228	General
2wkc:ChainD:VAL5	-126.997534	131.921640	General
2wkc:ChainD:THR6	-109.685377	127.400835	General
2wkc:ChainD:ALA7	-150.728188	163.694087	General
2wkc:ChainD:GLN8	-96.546858	136.400883	General
2wkc:ChainD:ALA9	-81.425247	79.579522	General
2wkc:ChainD:ASN10	-90.509143	168.614781	General
2wkc:ChainD:GLU11	-65.082706	-22.619342	General
2wkc:ChainD:LYS12	-75.592743	-29.093086	General
2wkc:ChainD:ASN13	-118.256913	21.877951	General
2wkc:ChainD:THR14	-140.773755	129.012585	General
2wkc:ChainD:ARG15	-128.198912	155.112394	General
2wkc:ChainD:THR16	-102.075545	133.854915	General
2wkc:ChainD:VAL17	-132.605048	150.127503	General
2wkc:ChainD:SER18	-79.367772	123.792695	General
2wkc:ChainD:THR19	-110.155268	-178.563013	General
2wkc:ChainD:ALA20	-53.690978	-40.739336	General
2wkc:ChainD:LYS21	-128.423637	76.329199	General
2wkc:ChainD:GLY22	96.020118	176.671798	Glycine
2wkc:ChainD:ASP23	-73.153632	130.577631	General
2wkc:ChainD:LYS24	-133.977480	147.490843	General
2wkc:ChainD:LYS25	-89.250571	140.179264	General
2wkc:ChainD:ILE26	-118.774393	137.775423	General
2wkc:ChainD:ILE27	-111.726267	141.100345	General
2wkc:ChainD:SER28	-103.154387	126.646362	General
2wkc:ChainD:VAL29	-130.702220	141.024079	Pre-Pro
2wkc:ChainD:PRO30	-70.831465	142.186642	Proline
2wkc:ChainD:LEU31	-101.146356	-9.255293	General
2wkc:ChainD:PHE32	-163.574098	-179.282890	General
2wkc:ChainD:GLU33	-117.597540	160.506772	General
2wkc:ChainD:LYS34	-119.253145	163.542301	General
2wkc:ChainD:ASN39	-110.714322	30.913912	General
2wkc:ChainD:VAL40	-91.341999	149.658273	General
2wkc:ChainD:LYS41	-89.178640	120.246993	General
2wkc:ChainD:VAL42	-81.058732	135.269439	General
2wkc:ChainD:ALA43	-89.298386	136.132393	General
2wkc:ChainD:TYR44	-115.426572	132.959822	General
2wkc:ChainD:GLY45	-102.015197	150.474967	Glycine
2wkc:ChainD:SER46	-110.325143	145.397036	General
2wkc:ChainD:ALA47	-151.038572	137.285935	General
2wkc:ChainD:PHE48	-66.351544	146.604901	General
2wkc:ChainD:LEU49	-109.401309	141.737568	Pre-Pro
2wkc:ChainD:PRO50	-60.651206	155.050381	Proline
2wkc:ChainD:ASP51	-55.123176	-35.070525	General
2wkc:ChainD:PHE52	-72.194825	-18.911648	General
2wkc:ChainD:ILE53	-68.231929	126.403043	General
2wkc:ChainD:GLN54	-106.958627	153.307293	General
2wkc:ChainD:LEU55	-63.572117	124.379164	General
2wkc:ChainD:GLY56	115.071380	-28.723828	Glycine
2wkc:ChainD:ASP57	-63.125449	144.658887	General
2wkc:ChainD:THR58	-102.705985	125.648161	General
2wkc:ChainD:VAL59	-120.540966	154.169208	General
2wkc:ChainD:THR60	-105.837484	125.751984	General
2wkc:ChainD:VAL61	-111.333465	131.171464	General
2wkc:ChainD:SER62	-146.215998	131.136197	General
2wkc:ChainD:GLY63	156.486792	-169.023599	Glycine
2wkc:ChainD:ARG64	-69.092717	140.730752	General
2wkc:ChainD:VAL65	-112.743971	123.569432	General
2wkc:ChainD:GLN66	-110.314674	134.414982	General
2wkc:ChainD:ALA67	-93.617580	117.059182	General
2wkc:ChainD:LYS68	-106.525134	143.221308	General
2wkc:ChainD:VAL74	-118.277306	132.896473	General
2wkc:ChainD:ASN75	-125.856539	138.628616	General
2wkc:ChainD:TYR76	-99.627759	109.263115	General
2wkc:ChainD:ASN77	-119.210317	136.839226	General
2wkc:ChainD:PHE78	-77.050550	131.608728	General
2wkc:ChainD:VAL79	-97.175989	110.756478	General
2wkc:ChainD:PHE80	37.610801	63.564750	Pre-Pro
2wkc:ChainD:PRO81	-77.181532	158.977588	Proline
2wkc:ChainD:THR82	-79.668386	131.259920	General
2wkc:ChainD:VAL83	-130.005145	126.096814	General
2wkc:ChainD:GLU84	-139.271432	142.535885	General
2wkc:ChainD:LYS85	-75.105152	139.563003	General
2wkc:ChainD:VAL86	-101.080116	128.845065	General
2wkc:ChainD:PHE87	-86.675684	119.461813	General
2wkc:ChainD:ILE88	-131.093926	128.924377	General
2wkc:ChainD:THR89	-116.568743	176.148641	General
2wkc:ChainD:ASN90	-88.470620	140.591691	General
2wkc:ChainD:ASP91	-73.978198	156.046000	General
2wkc:ChainD:ASN92	-77.074680	6.069366	General
