2wyq:ChainA:ALA2	-56.873827	150.896600	General
2wyq:ChainA:VAL3	-117.348975	147.393113	General
2wyq:ChainA:THR4	-107.601111	131.161852	General
2wyq:ChainA:ILE5	-112.732475	134.265732	General
2wyq:ChainA:THR6	-108.625080	123.908404	General
2wyq:ChainA:LEU7	-108.400820	150.677432	General
2wyq:ChainA:LYS8	-129.942568	134.197848	General
2wyq:ChainA:THR9	-93.385238	171.225807	General
2wyq:ChainA:LEU10	-64.498044	-24.596563	General
2wyq:ChainA:GLN11	-84.957778	10.502841	General
2wyq:ChainA:GLN12	70.895439	22.918739	General
2wyq:ChainA:GLN13	-91.610346	141.195206	General
2wyq:ChainA:THR14	-118.424265	154.404616	General
2wyq:ChainA:PHE15	-168.008055	160.958743	General
2wyq:ChainA:LYS16	-116.566741	148.944630	General
2wyq:ChainA:ILE17	-131.340633	133.100695	General
2wyq:ChainA:ARG18	-102.032253	136.689881	General
2wyq:ChainA:MET19	-150.989932	169.363411	General
2wyq:ChainA:GLU20	-85.448618	152.608952	Pre-Pro
2wyq:ChainA:PRO21	-65.656641	-27.582993	Proline
2wyq:ChainA:ASP22	-85.912076	-10.426854	General
2wyq:ChainA:GLU23	-73.211514	146.803202	General
2wyq:ChainA:THR24	-86.326566	169.315648	General
2wyq:ChainA:VAL25	-52.398732	-40.386739	General
2wyq:ChainA:LYS26	-55.391320	-45.824346	General
2wyq:ChainA:VAL27	-60.598110	-40.736516	General
2wyq:ChainA:LEU28	-56.960043	-48.703395	General
2wyq:ChainA:LYS29	-59.663475	-42.580995	General
2wyq:ChainA:GLU30	-60.720431	-42.371815	General
2wyq:ChainA:LYS31	-62.894485	-41.033728	General
2wyq:ChainA:ILE32	-59.994359	-45.838326	General
2wyq:ChainA:GLU33	-61.438793	-40.560146	General
2wyq:ChainA:ALA34	-62.102908	-37.700644	General
2wyq:ChainA:GLU35	-80.649471	-37.544225	General
2wyq:ChainA:LYS36	-112.593337	-9.762909	General
2wyq:ChainA:GLY37	96.700367	147.698786	Glycine
2wyq:ChainA:ARG38	-65.230733	-27.475473	General
2wyq:ChainA:ASP39	-63.494610	-51.894408	General
2wyq:ChainA:ALA40	-101.943324	-22.495950	General
2wyq:ChainA:PHE41	-130.204075	47.945574	Pre-Pro
2wyq:ChainA:PRO42	-60.087017	139.498541	Proline
2wyq:ChainA:VAL43	-47.829505	-48.371600	General
2wyq:ChainA:ALA44	-66.019677	-21.762874	General
2wyq:ChainA:GLY45	-91.819209	-18.114121	Glycine
2wyq:ChainA:GLN46	-69.898897	135.879172	General
2wyq:ChainA:LYS47	-124.202600	123.417877	General
2wyq:ChainA:LEU48	-107.525184	131.166132	General
2wyq:ChainA:ILE49	-122.386593	126.962112	General
2wyq:ChainA:TYR50	-158.140633	136.691426	General
2wyq:ChainA:ALA51	55.066128	35.562702	General
2wyq:ChainA:GLY52	77.778330	12.269557	Glycine
2wyq:ChainA:LYS53	-123.685587	156.226327	General
2wyq:ChainA:ILE54	-97.100853	118.854946	General
2wyq:ChainA:LEU55	-73.955943	133.906415	General
2wyq:ChainA:SER56	-93.729685	137.097292	General
2wyq:ChainA:ASP57	-52.146371	-43.239028	General
2wyq:ChainA:ASP58	-91.734838	8.416509	General
2wyq:ChainA:VAL59	-84.755479	129.764502	Pre-Pro
2wyq:ChainA:PRO60	-59.223088	137.610400	Proline
2wyq:ChainA:ILE61	-56.797640	-35.217102	General
2wyq:ChainA:ARG62	-52.578146	-34.097727	General
2wyq:ChainA:ASP63	-66.660560	-17.825282	General
2wyq:ChainA:TYR64	-90.853841	-8.176972	General
2wyq:ChainA:ARG65	52.412344	52.743574	General
2wyq:ChainA:ILE66	-81.412928	121.754335	General
2wyq:ChainA:ASP67	-81.296540	130.622214	General
2wyq:ChainA:GLU68	-59.389444	-17.805844	General
2wyq:ChainA:LYS69	-97.128153	-5.539513	General
2wyq:ChainA:ASN70	-103.563706	173.356996	General
2wyq:ChainA:PHE71	-105.435803	137.990831	General
2wyq:ChainA:VAL72	-93.675920	122.607417	General
2wyq:ChainA:VAL73	-87.665730	130.717486	General
2wyq:ChainA:VAL74	-110.263508	117.180961	General
2wyq:ChainA:MET75	-115.211194	156.411654	General
2wyq:ChainA:VAL76	-126.143559	127.733805	General
