3a5u:ChainA:ALA2	50.648690	55.963093	General
3a5u:ChainA:GLY3	50.241689	-149.009960	Glycine
3a5u:ChainA:ASP4	-81.638019	166.098158	General
3a5u:ChainA:THR5	-94.140196	113.630267	General
3a5u:ChainA:THR6	-95.333786	167.361614	General
3a5u:ChainA:ILE7	-160.266168	144.042203	General
3a5u:ChainA:THR8	-119.076669	132.759951	General
3a5u:ChainA:VAL9	-126.360113	139.831665	General
3a5u:ChainA:VAL10	-120.219766	139.757449	General
3a5u:ChainA:GLY11	168.545967	-168.807158	Glycine
3a5u:ChainA:ASN12	-118.927662	140.863383	General
3a5u:ChainA:LEU13	-64.752689	128.025799	General
3a5u:ChainA:THR14	-68.056257	-20.651458	General
3a5u:ChainA:ALA15	-150.640836	-174.983090	General
3a5u:ChainA:ASP16	-73.165197	142.198088	Pre-Pro
3a5u:ChainA:PRO17	-60.240951	121.811592	Proline
3a5u:ChainA:GLU18	-71.558157	114.162481	General
3a5u:ChainA:LEU19	-99.904623	134.626136	General
3a5u:ChainA:ARG20	-144.487363	178.824183	General
3a5u:ChainA:PHE21	-138.628729	174.009451	General
3a5u:ChainA:THR22	-120.334880	151.007990	Pre-Pro
3a5u:ChainA:PRO23	-48.499621	-24.226813	Proline
3a5u:ChainA:SER24	-87.002651	-17.064294	General
3a5u:ChainA:GLY25	115.269046	-5.583919	Glycine
3a5u:ChainA:ALA26	-62.634351	127.469033	General
3a5u:ChainA:ALA27	-85.304710	140.881900	General
3a5u:ChainA:VAL28	-129.365689	134.148955	General
3a5u:ChainA:ALA29	-113.055952	140.899019	General
3a5u:ChainA:ASN30	-123.298235	147.061817	General
3a5u:ChainA:PHE31	-174.793997	173.147664	General
3a5u:ChainA:THR32	-131.316773	131.994678	General
3a5u:ChainA:VAL33	-94.411440	120.886535	General
3a5u:ChainA:ALA34	-91.568071	114.336541	General
3a5u:ChainA:SER35	-105.497161	112.700250	General
3a5u:ChainA:THR36	-102.692924	113.708011	Pre-Pro
3a5u:ChainA:PRO37	-62.625912	110.884657	Proline
3a5u:ChainA:ARG38	-86.517409	153.979519	General
3a5u:ChainA:MET39	42.305766	58.495427	General
3a5u:ChainA:PHE40	-127.699570	63.943738	General
3a5u:ChainA:ASP41	-39.822659	121.604087	General
3a5u:ChainA:ARG42	-130.974607	-46.703315	General
3a5u:ChainA:GLN43	-100.079781	-114.775314	General
3a5u:ChainA:SER44	-57.672829	167.703543	General
3a5u:ChainA:GLY45	-40.177060	-34.080998	Glycine
3a5u:ChainA:GLU46	-77.198693	-178.443288	General
3a5u:ChainA:TRP47	-133.700156	149.352596	General
3a5u:ChainA:LYS48	-166.299539	-144.130154	General
3a5u:ChainA:ASP49	-81.418722	146.484261	General
3a5u:ChainA:GLY50	-95.719341	171.360262	Glycine
3a5u:ChainA:GLU51	-53.030008	150.558169	General
3a5u:ChainA:ALA52	-100.064973	150.061225	General
3a5u:ChainA:LEU53	-107.386894	125.972102	General
3a5u:ChainA:PHE54	-116.095123	116.445731	General
3a5u:ChainA:LEU55	-121.315540	127.047844	General
3a5u:ChainA:ARG56	-80.843190	134.733796	General
3a5u:ChainA:CYS57	-113.050321	149.712112	General
3a5u:ChainA:ASN58	-124.756711	138.210309	General
3a5u:ChainA:ILE59	-141.554632	146.936046	General
3a5u:ChainA:TRP60	-117.636098	167.711696	General
3a5u:ChainA:ARG61	60.394269	-154.401310	General
3a5u:ChainA:GLU62	-39.383233	-53.925210	General
3a5u:ChainA:ALA63	-52.303103	-36.737139	General
3a5u:ChainA:ALA64	-62.506514	-43.352891	General
3a5u:ChainA:GLU65	-65.449532	-41.570552	General
3a5u:ChainA:ASN66	-64.205234	-42.198921	General
3a5u:ChainA:VAL67	-57.286122	-47.136996	General
3a5u:ChainA:ALA68	-70.092243	-32.666455	General
3a5u:ChainA:GLU69	-76.286678	-27.796016	General
3a5u:ChainA:SER70	-102.973422	-27.947223	General
3a5u:ChainA:LEU71	-115.268623	157.110442	General
3a5u:ChainA:THR72	-141.345833	-179.361588	General
3a5u:ChainA:ARG73	-50.134711	138.985731	General
3a5u:ChainA:GLY74	87.660655	-16.107523	Glycine
3a5u:ChainA:SER75	-59.861588	135.647805	General
3a5u:ChainA:ARG76	-85.849922	128.765733	General
3a5u:ChainA:VAL77	-135.420428	156.635990	General
3a5u:ChainA:ILE78	-112.235090	129.373652	General
3a5u:ChainA:VAL79	-133.270224	135.524944	General
3a5u:ChainA:THR80	-128.667148	142.933505	General
3a5u:ChainA:GLY81	-175.570628	-156.100145	Glycine
3a5u:ChainA:ARG82	-134.382539	137.462445	General
3a5u:ChainA:LEU83	-70.840641	127.972706	General
3a5u:ChainA:LYS84	-126.235300	140.432941	General
3a5u:ChainA:GLN85	-93.620880	147.364531	General
3a5u:ChainA:ARG86	-140.272343	129.900410	General
3a5u:ChainA:SER87	-82.186472	97.235743	General
3a5u:ChainA:ARG91	-135.974314	-68.851885	General
3a5u:ChainA:GLU92	-106.003472	77.247869	General
3a5u:ChainA:GLY93	156.947644	83.985301	Glycine
3a5u:ChainA:GLU94	-16.904322	-57.851301	General
3a5u:ChainA:LYS95	-147.254859	66.255523	General
3a5u:ChainA:ARG96	-49.300959	165.340835	General
3a5u:ChainA:THR97	-162.742027	113.235745	General
3a5u:ChainA:VAL98	-118.351708	148.891471	General
3a5u:ChainA:VAL99	-81.867188	156.107261	General
3a5u:ChainA:GLU100	-156.848086	154.750604	General
3a5u:ChainA:VAL101	-100.925346	131.491854	General
3a5u:ChainA:GLU102	-95.623406	100.344059	General
3a5u:ChainA:VAL103	-64.483826	136.337463	General
3a5u:ChainA:ASP104	-101.248880	-38.681078	General
3a5u:ChainA:GLU105	-153.518624	146.995934	General
3a5u:ChainA:ILE106	-148.188530	149.883650	General
3a5u:ChainA:GLY107	-160.919194	159.742875	Glycine
3a5u:ChainA:PRO108	-69.972809	136.421845	Proline
3a5u:ChainA:SER109	-72.440286	148.359282	General
3a5u:ChainA:LEU110	-102.046365	25.138653	General
3a5u:ChainA:ARG111	-70.041672	-40.752693	General
3a5u:ChainA:TYR112	-126.839943	11.721891	General
3a5u:ChainA:ALA113	-148.837669	157.595570	General
3a5u:ChainA:THR114	-105.747454	164.263669	General
3a5u:ChainA:ALA115	-150.685847	130.286883	General
3a5u:ChainA:LYS116	-86.645654	116.896526	General
3a5u:ChainA:VAL117	-92.077933	118.206029	General
3a5u:ChainA:ASN118	-139.636113	138.966866	General
3a5u:ChainB:ALA2	174.972860	97.358783	General
3a5u:ChainB:GLY3	32.048130	-155.539939	Glycine
3a5u:ChainB:ASP4	-109.123508	136.138207	General
3a5u:ChainB:THR5	-76.720059	115.818448	General
3a5u:ChainB:THR6	-91.832035	162.461335	General
3a5u:ChainB:ILE7	-154.835021	145.301709	General
3a5u:ChainB:THR8	-117.509122	132.029867	General
3a5u:ChainB:VAL9	-128.421002	137.326807	General
3a5u:ChainB:VAL10	-119.956302	135.481942	General
3a5u:ChainB:GLY11	172.874953	-164.312945	Glycine
3a5u:ChainB:ASN12	-117.199049	137.537867	General
3a5u:ChainB:LEU13	-57.599641	127.187072	General
3a5u:ChainB:THR14	-71.670363	-14.259127	General
3a5u:ChainB:ALA15	-159.360199	-176.726137	General
3a5u:ChainB:ASP16	-74.944096	144.961033	Pre-Pro
3a5u:ChainB:PRO17	-62.349711	124.215015	Proline
3a5u:ChainB:GLU18	-72.750408	117.188217	General
3a5u:ChainB:LEU19	-101.988769	131.853092	General
3a5u:ChainB:ARG20	-135.962493	-179.885971	General
3a5u:ChainB:PHE21	-131.690654	135.859168	General
3a5u:ChainB:THR22	-77.778416	155.673466	Pre-Pro
3a5u:ChainB:PRO23	-37.059928	-46.347810	Proline
3a5u:ChainB:SER24	-76.289662	-3.038418	General
3a5u:ChainB:GLY25	89.028642	30.118956	Glycine
3a5u:ChainB:ALA26	-84.629849	129.601532	General
3a5u:ChainB:ALA27	-69.611742	118.258709	General
3a5u:ChainB:VAL28	-121.666457	127.427681	General
3a5u:ChainB:ALA29	-111.165512	134.864904	General
3a5u:ChainB:ASN30	-119.997981	152.365477	General
3a5u:ChainB:PHE31	-177.709203	169.138555	General
3a5u:ChainB:THR32	-127.879379	133.724927	General
3a5u:ChainB:VAL33	-96.939319	120.917456	General
3a5u:ChainB:ALA34	-93.989751	114.726783	General
3a5u:ChainB:SER35	-107.641364	115.000003	General
3a5u:ChainB:THR36	-107.727010	112.843482	Pre-Pro
3a5u:ChainB:PRO37	-58.906681	116.800995	Proline
3a5u:ChainB:ARG38	-58.181222	-46.524259	General
3a5u:ChainB:GLU46	-58.948575	150.525033	General
3a5u:ChainB:TRP47	-75.158749	-143.851900	General
3a5u:ChainB:LYS48	-159.172267	-56.262541	General
3a5u:ChainB:ASP49	-107.018432	47.206509	General
3a5u:ChainB:GLY50	-42.548794	166.769346	Glycine
3a5u:ChainB:GLU51	-54.637514	111.291406	General
3a5u:ChainB:ALA52	-74.549726	152.799577	General
3a5u:ChainB:LEU53	-109.355947	132.022833	General
3a5u:ChainB:PHE54	-117.898241	116.412314	General
3a5u:ChainB:LEU55	-120.440379	127.966310	General
3a5u:ChainB:ARG56	-81.417813	137.835529	General
3a5u:ChainB:CYS57	-121.673371	149.376870	General
3a5u:ChainB:ASN58	-127.457368	137.761186	General
3a5u:ChainB:ILE59	-144.189989	145.534745	General
3a5u:ChainB:TRP60	-116.447403	169.241308	General
3a5u:ChainB:ARG61	50.175191	-146.332442	General
3a5u:ChainB:GLU62	-45.091091	-42.628732	General
3a5u:ChainB:ALA63	-62.694491	-37.729700	General
3a5u:ChainB:ALA64	-57.091307	-43.879956	General
3a5u:ChainB:GLU65	-62.985461	-45.774702	General
3a5u:ChainB:ASN66	-63.581066	-43.069284	General
3a5u:ChainB:VAL67	-58.415449	-47.370022	General
3a5u:ChainB:ALA68	-65.136047	-27.756241	General
3a5u:ChainB:GLU69	-87.015778	-23.689117	General
3a5u:ChainB:SER70	-107.676478	-25.434474	General
3a5u:ChainB:LEU71	-114.195525	155.519127	General
3a5u:ChainB:THR72	-144.200670	175.636981	General
3a5u:ChainB:ARG73	-48.903630	141.405149	General
3a5u:ChainB:GLY74	81.144379	-8.774148	Glycine
3a5u:ChainB:SER75	-63.350103	132.659923	General
3a5u:ChainB:ARG76	-83.751469	127.359641	General
3a5u:ChainB:VAL77	-133.305032	154.576094	General
3a5u:ChainB:ILE78	-106.478832	127.598544	General
3a5u:ChainB:VAL79	-132.150497	132.679365	General
3a5u:ChainB:THR80	-125.663004	142.928596	General
3a5u:ChainB:GLY81	-175.585676	-152.994856	Glycine
3a5u:ChainB:ARG82	-136.757700	135.630979	General
3a5u:ChainB:LEU83	-70.839794	133.271403	General
3a5u:ChainB:LYS84	-131.692347	141.802206	General
3a5u:ChainB:GLN85	-97.461786	145.935860	General
3a5u:ChainB:ARG86	-146.223554	136.876341	General
3a5u:ChainB:SER87	-104.749062	154.086351	General
3a5u:ChainB:PHE88	-157.124688	126.132705	General
3a5u:ChainB:GLU89	-50.761763	-70.324408	General
3a5u:ChainB:THR90	53.296812	74.818969	General
3a5u:ChainB:ARG91	67.377643	67.111571	General
3a5u:ChainB:ARG96	-117.982338	169.858077	General
3a5u:ChainB:THR97	-134.371301	118.669255	General
3a5u:ChainB:VAL98	-120.306685	145.651498	General
3a5u:ChainB:VAL99	-88.286808	138.849273	General
3a5u:ChainB:GLU100	-138.292100	159.462416	General
3a5u:ChainB:VAL101	-102.316551	127.617312	General
3a5u:ChainB:GLU102	-92.314034	99.143868	General
3a5u:ChainB:VAL103	-58.255948	140.103213	General
3a5u:ChainB:ASP104	-111.300604	-42.248821	General
3a5u:ChainB:GLU105	-146.736551	150.614621	General
3a5u:ChainB:ILE106	-152.466052	146.923288	General
3a5u:ChainB:GLY107	-158.565258	154.373862	Glycine
3a5u:ChainB:PRO108	-70.235711	140.593428	Proline
3a5u:ChainB:SER109	-78.359042	145.079450	General
3a5u:ChainB:LEU110	-96.713627	14.603442	General
3a5u:ChainB:ARG111	-67.237869	-40.348919	General
3a5u:ChainB:TYR112	-126.441189	16.514748	General
3a5u:ChainB:ALA113	-158.387907	161.997464	General
3a5u:ChainB:THR114	-114.476034	157.463900	General
3a5u:ChainB:ALA115	-141.451588	134.116517	General
3a5u:ChainB:LYS116	-99.736838	102.019869	General
3a5u:ChainB:VAL117	-79.856693	134.629070	General
3a5u:ChainB:ASN118	-110.367808	76.802590	General
