3aqq:ChainA:PRO42	-64.163962	117.145741	Proline
3aqq:ChainA:LEU43	-66.360963	111.339532	Pre-Pro
3aqq:ChainA:PRO44	-77.571070	77.559726	Proline
3aqq:ChainA:THR45	-66.387754	179.633325	General
3aqq:ChainA:ARG46	-86.246299	-26.746636	General
3aqq:ChainA:ARG47	-85.253803	25.635370	General
3aqq:ChainA:THR48	-147.252483	-19.039392	General
3aqq:ChainA:ARG49	-59.920424	122.062330	General
3aqq:ChainA:THR50	-57.060989	147.796418	General
3aqq:ChainA:PHE51	-36.975494	-54.275905	General
3aqq:ChainA:SER52	-73.886744	-43.812373	General
3aqq:ChainA:ALA53	-47.062593	-47.583278	General
3aqq:ChainA:THR54	-69.151780	-39.069458	General
3aqq:ChainA:VAL55	-70.589207	-41.378487	General
3aqq:ChainA:ARG56	-61.756188	-49.319447	General
3aqq:ChainA:ALA57	-49.493675	-54.909075	General
3aqq:ChainA:SER58	-61.131624	-19.437077	General
3aqq:ChainA:GLN59	-93.874897	-15.985471	General
3aqq:ChainA:GLY60	-62.891091	177.238493	Glycine
3aqq:ChainA:PRO61	-74.961274	166.504597	Proline
3aqq:ChainA:VAL62	-97.627786	128.547572	General
3aqq:ChainA:TYR63	-105.061306	152.133959	General
3aqq:ChainA:LYS64	-97.310494	146.634759	General
3aqq:ChainA:GLY65	-167.606219	-179.233286	Glycine
3aqq:ChainA:VAL66	-127.246295	142.366865	General
3aqq:ChainA:CYS67	-71.571888	113.007244	General
3aqq:ChainA:LYS68	-79.530868	-50.889196	General
3aqq:ChainA:CYS69	-136.706781	153.390031	General
3aqq:ChainA:PHE70	-168.337244	117.861524	General
3aqq:ChainA:CYS71	-110.366392	108.277703	General
3aqq:ChainA:ARG72	-50.480954	-44.945997	General
3aqq:ChainA:SER73	-70.869950	-13.473365	General
3aqq:ChainA:LYS74	-97.874798	-33.962414	General
3aqq:ChainA:GLY75	96.786720	3.608873	Glycine
3aqq:ChainA:HIS76	-144.189817	179.707014	General
3aqq:ChainA:GLY77	-171.227487	-162.118520	Glycine
3aqq:ChainA:PHE78	-134.944853	165.872294	General
3aqq:ChainA:ILE79	-134.589040	126.041312	General
3aqq:ChainA:THR80	-81.977371	113.764881	Pre-Pro
3aqq:ChainA:PRO81	-52.914641	145.316586	Proline
3aqq:ChainA:ALA82	-72.107741	174.113563	General
3aqq:ChainA:ASP83	52.774371	33.315812	General
3aqq:ChainA:GLY84	41.561806	145.644499	Glycine
3aqq:ChainA:GLY85	163.044367	177.255459	Glycine
3aqq:ChainA:PRO86	-64.578018	143.283630	Proline
3aqq:ChainA:ASP87	-67.864969	141.579417	General
3aqq:ChainA:ILE88	-94.441290	131.344367	General
3aqq:ChainA:PHE89	-66.409319	144.761349	General
3aqq:ChainA:LEU90	-135.234927	122.813626	General
3aqq:ChainA:HIS91	-104.951224	140.408516	General
3aqq:ChainA:ILE92	-53.234262	-29.104450	General
3aqq:ChainA:SER93	-71.653744	-19.643398	General
3aqq:ChainA:ASP94	-93.008239	3.561407	General
3aqq:ChainA:VAL95	-89.106658	143.365514	General
3aqq:ChainA:GLU96	-123.413255	135.935863	General
3aqq:ChainA:GLY97	112.823692	161.619252	Glycine
3aqq:ChainA:GLU98	-61.715672	-18.646815	General
3aqq:ChainA:TYR99	-95.667940	143.893528	General
3aqq:ChainA:VAL100	-81.965933	131.718583	Pre-Pro
3aqq:ChainA:PRO101	-68.997141	153.655001	Proline
3aqq:ChainA:VAL102	-142.416824	148.506246	General
3aqq:ChainA:GLU103	-52.748397	132.161429	General
3aqq:ChainA:GLY104	94.990511	-7.022890	Glycine
3aqq:ChainA:ASP105	-70.694690	136.816260	General
3aqq:ChainA:GLU106	-87.955640	140.668987	General
3aqq:ChainA:VAL107	-142.353091	153.984717	General
3aqq:ChainA:THR108	-122.237704	142.814827	General
3aqq:ChainA:TYR109	-157.759244	158.633873	General
3aqq:ChainA:LYS110	-108.727768	148.137791	General
3aqq:ChainA:MET111	-92.794230	147.530326	General
3aqq:ChainA:CYS112	-146.947950	106.072444	General
3aqq:ChainA:SER113	-54.292132	151.506050	General
3aqq:ChainA:ASN118	-136.313616	-123.866338	General
3aqq:ChainA:GLU119	-111.864874	-32.087202	General
3aqq:ChainA:LYS120	-29.924625	150.002848	General
3aqq:ChainA:LEU121	-121.405641	140.550202	General
3aqq:ChainA:GLN122	-122.783556	154.081676	General
3aqq:ChainA:ALA123	-105.178972	138.804397	General
3aqq:ChainA:VAL124	-133.382928	160.300531	General
3aqq:ChainA:GLU125	54.104029	56.598266	General
3aqq:ChainA:VAL126	-96.177822	121.797268	General
3aqq:ChainA:VAL127	-122.460554	130.062041	General
3aqq:ChainA:ILE128	-75.580233	122.679144	General
3aqq:ChainA:THR129	-95.341263	-46.502633	General
3aqq:ChainA:HIS130	-129.419174	133.072314	General
3aqq:ChainA:LEU131	-83.345095	132.404487	General
3aqq:ChainA:ALA132	-69.936021	119.939574	Pre-Pro
3aqq:ChainA:PRO133	-70.243254	139.926078	Proline
3aqq:ChainA:GLY134	111.249819	-51.931371	Glycine
3aqq:ChainA:THR135	-71.594025	157.469259	General
3aqq:ChainA:LYS136	-77.640370	133.221024	General
3aqq:ChainA:HIS137	-106.953570	138.552970	General
3aqq:ChainA:GLU138	-126.505313	147.913688	General
3aqq:ChainA:THR139	-94.142412	159.306252	General
3aqq:ChainA:TRP140	-58.915271	150.543551	General
3aqq:ChainC:PRO44	-76.097216	141.660830	Proline
3aqq:ChainC:THR45	-132.286386	-174.802320	General
3aqq:ChainC:ARG46	-71.778165	-38.117948	General
3aqq:ChainC:ARG47	-95.477269	40.372366	General
3aqq:ChainC:THR48	-152.392468	-23.900301	General
3aqq:ChainC:ARG49	-58.784042	131.132959	General
3aqq:ChainC:THR50	-63.062399	159.118549	General
3aqq:ChainC:PHE51	-49.233564	-52.212508	General
3aqq:ChainC:SER52	-66.818710	-43.906424	General
3aqq:ChainC:ALA53	-53.936501	-49.801034	General
3aqq:ChainC:THR54	-54.757440	-54.457757	General
3aqq:ChainC:VAL55	-56.294504	-47.739107	General
3aqq:ChainC:ARG56	-64.268575	-38.001558	General
3aqq:ChainC:ALA57	-68.655157	-53.533723	General
3aqq:ChainC:SER58	-50.708281	-12.583413	General
3aqq:ChainC:GLN59	-115.450336	1.462693	General
3aqq:ChainC:GLY60	-97.834158	-175.441275	Glycine
3aqq:ChainC:PRO61	-68.461190	164.785738	Proline
3aqq:ChainC:VAL62	-106.162245	115.357694	General
3aqq:ChainC:TYR63	-98.968770	151.603125	General
3aqq:ChainC:LYS64	-97.908445	155.428411	General
3aqq:ChainC:GLY65	-167.522556	-168.523249	Glycine
3aqq:ChainC:VAL66	-141.447869	131.005092	General
3aqq:ChainC:CYS67	-61.893281	107.724862	General
3aqq:ChainC:LYS68	-74.694970	-33.515886	General
3aqq:ChainC:CYS69	-171.103300	167.604696	General
3aqq:ChainC:PHE70	-167.376325	104.685644	General
3aqq:ChainC:CYS71	-94.191106	111.041679	General
3aqq:ChainC:ARG72	-58.727240	-49.212155	General
3aqq:ChainC:SER73	-54.003682	-34.492858	General
3aqq:ChainC:LYS74	-79.867244	-30.598053	General
3aqq:ChainC:GLY75	86.414789	31.098866	Glycine
3aqq:ChainC:HIS76	-171.447596	177.243872	General
3aqq:ChainC:GLY77	-173.132394	-153.224271	Glycine
3aqq:ChainC:PHE78	-137.470882	155.782065	General
3aqq:ChainC:ILE79	-118.394641	141.148867	General
3aqq:ChainC:THR80	-97.601961	125.117579	Pre-Pro
3aqq:ChainC:PRO81	-55.487652	134.750046	Proline
3aqq:ChainC:ALA82	-66.327479	148.887729	General
3aqq:ChainC:ASP83	82.137578	14.347088	General
3aqq:ChainC:GLY84	54.187015	158.517143	Glycine
3aqq:ChainC:GLY85	145.645614	179.270338	Glycine
3aqq:ChainC:PRO86	-63.521865	145.007212	Proline
3aqq:ChainC:ASP87	-66.444014	154.823787	General
3aqq:ChainC:ILE88	-114.029479	127.591496	General
3aqq:ChainC:PHE89	-60.433020	141.325386	General
3aqq:ChainC:LEU90	-137.246242	110.850650	General
3aqq:ChainC:HIS91	-97.698784	148.590165	General
3aqq:ChainC:ILE92	-61.327344	-32.914522	General
3aqq:ChainC:SER93	-66.448962	-11.666739	General
3aqq:ChainC:ASP94	-97.893455	-4.320188	General
3aqq:ChainC:VAL95	-84.190137	127.219565	General
3aqq:ChainC:GLU96	-105.046178	119.358035	General
3aqq:ChainC:GLY97	138.373680	171.374058	Glycine
3aqq:ChainC:GLU98	-74.631621	-16.883719	General
3aqq:ChainC:TYR99	-95.864652	133.855799	General
3aqq:ChainC:VAL100	-69.292406	141.645143	Pre-Pro
3aqq:ChainC:PRO101	-82.792482	152.900899	Proline
3aqq:ChainC:VAL102	-138.694104	144.852033	General
3aqq:ChainC:GLU103	-41.929918	120.174080	General
3aqq:ChainC:GLY104	104.265761	-15.670000	Glycine
3aqq:ChainC:ASP105	-60.180312	126.065220	General
3aqq:ChainC:GLU106	-73.180099	139.820513	General
3aqq:ChainC:VAL107	-145.274795	151.139701	General
3aqq:ChainC:THR108	-114.453682	152.616125	General
3aqq:ChainC:TYR109	-161.205055	164.097548	General
3aqq:ChainC:LYS110	-109.442547	153.732916	General
3aqq:ChainC:MET111	-108.997482	160.193471	General
3aqq:ChainC:CYS112	-161.620847	106.227336	General
3aqq:ChainC:SER113	-63.790102	145.770638	General
3aqq:ChainC:ASN118	-96.595996	-84.603949	General
3aqq:ChainC:GLU119	-172.053705	106.327913	General
3aqq:ChainC:LYS120	-110.645181	169.726982	General
3aqq:ChainC:LEU121	-107.487967	137.047184	General
3aqq:ChainC:GLN122	-120.835449	146.750076	General
3aqq:ChainC:ALA123	-92.259954	136.387161	General
3aqq:ChainC:VAL124	-135.517895	160.457802	General
3aqq:ChainC:GLU125	52.766966	60.720756	General
3aqq:ChainC:VAL126	-102.535121	117.237660	General
3aqq:ChainC:VAL127	-110.869410	126.529666	General
3aqq:ChainC:ILE128	-75.753145	119.909893	General
3aqq:ChainC:THR129	-101.500021	-44.329765	General
3aqq:ChainC:HIS130	-129.942454	136.014540	General
3aqq:ChainC:LEU131	-77.500476	149.193253	General
3aqq:ChainC:ALA132	-67.890309	116.375521	Pre-Pro
3aqq:ChainC:PRO133	-56.148325	-46.602604	Proline
3aqq:ChainC:GLY134	-58.984542	-58.606159	Glycine
3aqq:ChainC:THR135	-69.864197	171.291572	General
3aqq:ChainC:LYS136	-101.841760	134.751845	General
3aqq:ChainC:HIS137	-103.311583	130.877033	General
3aqq:ChainC:GLU138	-97.438749	167.343982	General
3aqq:ChainC:THR139	-103.219887	172.835961	General
3aqq:ChainC:TRP140	-67.775764	-30.121527	General
3aqq:ChainB:PRO44	-83.762845	158.184285	Proline
3aqq:ChainB:THR45	-131.953691	173.452797	General
3aqq:ChainB:ARG46	-48.152249	-54.112028	General
3aqq:ChainB:ARG47	-87.220201	38.530149	General
3aqq:ChainB:THR48	-145.450577	-23.662528	General
3aqq:ChainB:ARG49	-72.006429	123.219476	General
3aqq:ChainB:THR50	-53.486845	153.189597	General
3aqq:ChainB:PHE51	-43.081837	-53.636972	General
3aqq:ChainB:SER52	-82.876070	-29.092184	General
3aqq:ChainB:ALA53	-57.616036	-48.298026	General
3aqq:ChainB:THR54	-55.598987	-42.681042	General
3aqq:ChainB:VAL55	-64.874798	-54.685058	General
3aqq:ChainB:ARG56	-69.219540	-28.624821	General
3aqq:ChainB:ALA57	-62.236836	-60.037643	General
3aqq:ChainB:SER58	-49.094779	-31.053376	General
3aqq:ChainB:GLN59	-86.640089	-6.515574	General
3aqq:ChainB:GLY60	-83.273138	-179.513324	Glycine
3aqq:ChainB:PRO61	-74.924022	163.934513	Proline
3aqq:ChainB:VAL62	-102.343780	135.168198	General
3aqq:ChainB:TYR63	-111.863572	158.297229	General
3aqq:ChainB:LYS64	-107.648234	138.292920	General
3aqq:ChainB:GLY65	-145.486641	-173.416955	Glycine
3aqq:ChainB:VAL66	-132.114679	133.408761	General
3aqq:ChainB:CYS67	-62.608584	130.222687	General
3aqq:ChainB:LYS68	-107.096355	-31.249783	General
3aqq:ChainB:CYS69	-136.279450	174.386220	General
3aqq:ChainB:PHE70	160.490744	118.333337	General
3aqq:ChainB:CYS71	-122.422380	115.220469	General
3aqq:ChainB:ARG72	-68.240215	-38.158560	General
3aqq:ChainB:SER73	-48.196725	-39.584420	General
3aqq:ChainB:LYS74	-96.382078	-30.883915	General
3aqq:ChainB:GLY75	94.939990	8.775657	Glycine
3aqq:ChainB:HIS76	-143.794858	166.451682	General
3aqq:ChainB:GLY77	-153.802037	-158.212447	Glycine
3aqq:ChainB:PHE78	-144.847558	151.440730	General
3aqq:ChainB:ILE79	-119.389347	123.635791	General
3aqq:ChainB:THR80	-82.115706	126.809332	Pre-Pro
3aqq:ChainB:PRO81	-62.267032	142.803499	Proline
3aqq:ChainB:ALA82	-62.476381	156.849658	General
3aqq:ChainB:ASP83	69.896093	29.746496	General
3aqq:ChainB:GLY84	34.263678	-161.203026	Glycine
3aqq:ChainB:GLY85	105.047271	-169.659354	Glycine
3aqq:ChainB:PRO86	-62.011185	144.969379	Proline
3aqq:ChainB:ASP87	-78.071120	151.477004	General
3aqq:ChainB:ILE88	-106.501690	130.195340	General
3aqq:ChainB:PHE89	-52.909245	146.625124	General
3aqq:ChainB:LEU90	-143.875703	123.603884	General
3aqq:ChainB:HIS91	-108.897345	142.292408	General
3aqq:ChainB:ILE92	-55.001566	-31.962440	General
3aqq:ChainB:SER93	-73.145311	-17.748958	General
3aqq:ChainB:ASP94	-88.375086	0.160571	General
3aqq:ChainB:VAL95	-97.852731	126.003304	General
3aqq:ChainB:GLU96	-102.336268	168.004363	General
3aqq:ChainB:GLY97	82.504192	173.470180	Glycine
3aqq:ChainB:GLU98	-79.946797	-24.113604	General
3aqq:ChainB:TYR99	-86.594030	143.839328	General
3aqq:ChainB:VAL100	-78.745606	129.595902	Pre-Pro
3aqq:ChainB:PRO101	-60.131656	147.675198	Proline
3aqq:ChainB:VAL102	-138.014112	153.359329	General
3aqq:ChainB:GLU103	-47.824095	121.719366	General
3aqq:ChainB:GLY104	105.213754	-13.395984	Glycine
3aqq:ChainB:ASP105	-66.449590	130.038070	General
3aqq:ChainB:GLU106	-76.818949	140.330755	General
3aqq:ChainB:VAL107	-141.865767	143.285422	General
3aqq:ChainB:THR108	-96.437647	145.685037	General
3aqq:ChainB:TYR109	-152.970002	167.013419	General
3aqq:ChainB:LYS110	-108.809218	154.057797	General
3aqq:ChainB:MET111	-97.080616	159.387870	General
3aqq:ChainB:CYS112	-172.348139	146.911296	General
3aqq:ChainB:SER113	-98.784743	170.609879	General
3aqq:ChainB:ILE114	-115.753426	100.235351	Pre-Pro
3aqq:ChainB:PRO115	-67.691216	171.419606	Proline
3aqq:ChainB:PRO116	-77.096344	-7.426460	Proline
3aqq:ChainB:LYS117	-93.208283	-13.906657	General
3aqq:ChainB:ASN118	44.085901	65.155283	General
3aqq:ChainB:GLU119	-95.259897	-29.552017	General
3aqq:ChainB:LYS120	-135.171181	153.588808	General
3aqq:ChainB:LEU121	-93.172853	165.125637	General
3aqq:ChainB:GLN122	-154.396326	147.772331	General
3aqq:ChainB:ALA123	-95.962162	133.629311	General
3aqq:ChainB:VAL124	-134.282335	165.504950	General
3aqq:ChainB:GLU125	44.620133	65.709740	General
3aqq:ChainB:VAL126	-106.220910	119.107563	General
3aqq:ChainB:VAL127	-120.966222	126.320400	General
3aqq:ChainB:ILE128	-72.140962	117.156663	General
3aqq:ChainB:THR129	-100.848829	-33.698263	General
3aqq:ChainB:HIS130	-138.881041	127.916693	General
3aqq:ChainB:LEU131	-78.315758	135.573187	General
3aqq:ChainB:ALA132	-57.014528	113.106217	Pre-Pro
3aqq:ChainB:PRO133	-64.269551	-9.389241	Proline
3aqq:ChainB:GLY134	-128.163597	20.003458	Glycine
3aqq:ChainB:THR135	-119.806202	-7.244824	General
3aqq:ChainB:LYS136	62.185076	138.376465	General
3aqq:ChainB:HIS137	-126.206655	153.650637	General
3aqq:ChainB:GLU138	-121.312684	-176.345718	General
3aqq:ChainB:THR139	-133.419747	155.485135	General
3aqq:ChainB:TRP140	-56.796492	-28.423587	General
3aqq:ChainD:PRO44	-70.351926	140.613753	Proline
3aqq:ChainD:THR45	-114.577776	-178.057636	General
3aqq:ChainD:ARG46	-75.719576	-13.210623	General
3aqq:ChainD:ARG47	-104.409879	-15.288215	General
3aqq:ChainD:THR48	-101.020108	-23.448138	General
3aqq:ChainD:ARG49	-53.314912	120.723280	General
3aqq:ChainD:THR50	-51.948739	149.465856	General
3aqq:ChainD:PHE51	-49.986319	-51.255733	General
3aqq:ChainD:SER52	-59.865157	-55.104976	General
3aqq:ChainD:ALA53	-47.686141	-45.792480	General
3aqq:ChainD:THR54	-60.090846	-46.519959	General
3aqq:ChainD:VAL55	-54.969875	-60.737840	General
3aqq:ChainD:ARG56	-55.719355	-47.937586	General
3aqq:ChainD:ALA57	-45.078774	-56.394676	General
3aqq:ChainD:SER58	-66.328735	-29.722309	General
3aqq:ChainD:GLN59	-72.382436	-30.750360	General
3aqq:ChainD:GLY60	-67.470342	-176.386775	Glycine
3aqq:ChainD:PRO61	-71.851258	158.674372	Proline
3aqq:ChainD:VAL62	-98.492804	131.681430	General
3aqq:ChainD:TYR63	-111.329853	158.558548	General
3aqq:ChainD:LYS64	-96.842667	160.953165	General
3aqq:ChainD:GLY65	-173.937070	-177.091001	Glycine
3aqq:ChainD:VAL66	-134.211905	138.073897	General
3aqq:ChainD:CYS67	-61.948700	109.888860	General
3aqq:ChainD:LYS68	-71.595589	-54.307961	General
3aqq:ChainD:CYS69	-146.731337	174.161035	General
3aqq:ChainD:PHE70	-172.419112	134.294274	General
3aqq:ChainD:CYS71	-124.608517	103.083700	General
3aqq:ChainD:ARG72	-55.865215	-42.798917	General
3aqq:ChainD:SER73	-49.871696	-45.696738	General
3aqq:ChainD:LYS74	-84.476772	-16.045672	General
3aqq:ChainD:GLY75	73.519580	27.385892	Glycine
3aqq:ChainD:HIS76	-171.101626	154.052940	General
3aqq:ChainD:GLY77	-150.919066	-157.714653	Glycine
3aqq:ChainD:PHE78	-130.482710	157.968792	General
3aqq:ChainD:ILE79	-119.853951	129.415564	General
3aqq:ChainD:THR80	-87.874391	119.972681	Pre-Pro
3aqq:ChainD:PRO81	-59.865738	141.508802	Proline
3aqq:ChainD:ALA82	-74.072446	-49.873490	General
3aqq:ChainD:ASP83	-41.462173	-69.887418	General
3aqq:ChainD:GLY84	151.382346	150.820909	Glycine
3aqq:ChainD:GLY85	124.635224	177.979749	Glycine
3aqq:ChainD:PRO86	-45.958434	145.825210	Proline
3aqq:ChainD:ASP87	-69.150372	140.027064	General
3aqq:ChainD:ILE88	-95.744925	128.991977	General
3aqq:ChainD:PHE89	-60.912405	152.230381	General
3aqq:ChainD:LEU90	-147.138120	113.081293	General
3aqq:ChainD:HIS91	-92.539063	150.009238	General
3aqq:ChainD:ILE92	-55.212015	-45.525215	General
3aqq:ChainD:SER93	-48.841693	-30.467188	General
3aqq:ChainD:ASP94	-85.607015	-1.426954	General
3aqq:ChainD:VAL95	-85.034174	124.498818	General
3aqq:ChainD:GLU96	-107.530173	147.412882	General
3aqq:ChainD:GLY97	113.681438	168.934531	Glycine
3aqq:ChainD:GLU98	-75.144234	-19.653100	General
3aqq:ChainD:TYR99	-91.506892	141.164088	General
3aqq:ChainD:VAL100	-79.572671	133.020629	Pre-Pro
3aqq:ChainD:PRO101	-67.123706	139.936397	Proline
3aqq:ChainD:VAL102	-124.339123	143.403678	General
3aqq:ChainD:GLU103	-48.548389	123.997734	General
3aqq:ChainD:GLY104	96.784030	-12.391560	Glycine
3aqq:ChainD:ASP105	-58.079680	132.888473	General
3aqq:ChainD:GLU106	-93.283179	136.655561	General
3aqq:ChainD:VAL107	-136.467697	142.084061	General
3aqq:ChainD:THR108	-99.556834	153.855841	General
3aqq:ChainD:TYR109	-165.905499	158.267943	General
3aqq:ChainD:LYS110	-101.402130	163.502467	General
3aqq:ChainD:MET111	-106.521570	157.904157	General
3aqq:ChainD:CYS112	-148.508007	154.260235	General
3aqq:ChainD:SER113	-113.675775	141.679778	General
3aqq:ChainD:ILE114	-87.586963	120.058824	Pre-Pro
3aqq:ChainD:PRO115	-71.619602	149.469173	Proline
3aqq:ChainD:GLU119	64.074928	-93.261751	General
3aqq:ChainD:LYS120	-41.215614	148.219020	General
3aqq:ChainD:LEU121	-113.014231	167.906425	General
3aqq:ChainD:GLN122	-144.813559	161.878300	General
3aqq:ChainD:ALA123	-114.546483	132.548891	General
3aqq:ChainD:VAL124	-126.445381	158.777332	General
3aqq:ChainD:GLU125	51.943350	66.410149	General
3aqq:ChainD:VAL126	-103.336410	112.247228	General
3aqq:ChainD:VAL127	-110.183332	129.589256	General
3aqq:ChainD:ILE128	-79.713429	102.957579	General
3aqq:ChainD:THR129	-82.910655	-26.972084	General
3aqq:ChainD:HIS130	-144.694522	122.615576	General
3aqq:ChainD:LEU131	-76.525302	130.028660	General
3aqq:ChainD:ALA132	-62.007960	123.919392	Pre-Pro
3aqq:ChainD:PRO133	-73.074499	-34.338458	Proline
3aqq:ChainD:GLY134	-69.349606	-56.433132	Glycine
3aqq:ChainD:THR135	-81.391131	177.118913	General
3aqq:ChainD:LYS136	-83.368157	141.020261	General
3aqq:ChainD:HIS137	-108.459934	131.305568	General
3aqq:ChainD:GLU138	-114.541668	177.194365	General
3aqq:ChainD:THR139	-136.753229	153.724821	General
3aqq:ChainD:TRP140	-55.864433	140.182667	General
