3ez2:ChainA:GLN6	-67.810587	-23.382549	General
3ez2:ChainA:LEU7	-59.949914	-37.190095	General
3ez2:ChainA:HIS8	-70.322663	-41.195096	General
3ez2:ChainA:LYS9	-57.829579	-52.111419	General
3ez2:ChainA:VAL10	-69.258129	-35.561312	General
3ez2:ChainA:ALA11	-59.552527	-42.237063	General
3ez2:ChainA:GLN12	-67.888217	-36.478943	General
3ez2:ChainA:ARG13	-67.379197	-37.268357	General
3ez2:ChainA:ALA14	-59.767039	-49.908815	General
3ez2:ChainA:ASN15	-54.151335	-44.703840	General
3ez2:ChainA:ARG16	-64.251619	-41.509236	General
3ez2:ChainA:MET17	-63.624901	-28.453997	General
3ez2:ChainA:LEU18	-59.580521	-49.730254	General
3ez2:ChainA:ASN19	-59.943861	-41.106512	General
3ez2:ChainA:VAL20	-64.182712	-38.365278	General
3ez2:ChainA:LEU21	-73.288475	-40.703529	General
3ez2:ChainA:THR22	-58.186700	-36.209149	General
3ez2:ChainA:GLU23	-71.028613	-33.063277	General
3ez2:ChainA:GLN24	-71.348103	-35.610914	General
3ez2:ChainA:VAL25	-76.709236	-42.482476	General
3ez2:ChainA:GLN26	-66.677029	-8.679793	General
3ez2:ChainA:LEU27	-102.659510	9.849985	General
3ez2:ChainA:GLN28	-109.115119	-25.204401	General
3ez2:ChainA:PHE37	-51.818815	132.910826	General
3ez2:ChainA:TYR38	-78.264288	-23.421840	General
3ez2:ChainA:GLN39	-71.470200	123.283596	General
3ez2:ChainA:VAL40	-135.312454	160.951022	General
3ez2:ChainA:TYR41	-124.681521	139.232675	General
3ez2:ChainA:ALA42	-71.811733	149.569813	General
3ez2:ChainA:LYS43	-53.467125	-48.783170	General
3ez2:ChainA:ALA44	-57.935086	-25.427531	General
3ez2:ChainA:ALA45	-72.697718	-16.070777	General
3ez2:ChainA:LEU46	-67.995569	-24.465684	General
3ez2:ChainA:ALA47	-61.580772	-25.865325	General
3ez2:ChainA:LYS48	-70.680406	-15.130860	General
3ez2:ChainA:LEU49	-81.156988	156.527999	Pre-Pro
3ez2:ChainA:PRO50	-59.125476	136.370558	Proline
3ez2:ChainA:LEU51	73.452722	-6.388396	General
3ez2:ChainA:LEU52	-105.158224	145.895265	General
3ez2:ChainA:THR53	-133.091189	163.607622	General
3ez2:ChainA:ARG54	-52.786204	-45.312066	General
3ez2:ChainA:ALA55	-66.612760	-46.802724	General
3ez2:ChainA:ASN56	-74.135410	-22.065218	General
3ez2:ChainA:VAL57	-72.570295	-43.554898	General
3ez2:ChainA:ASP58	-63.916905	-37.898374	General
3ez2:ChainA:TYR59	-63.895406	-52.519695	General
3ez2:ChainA:ALA60	-62.101358	-40.766496	General
3ez2:ChainA:VAL61	-61.060366	-49.945939	General
3ez2:ChainA:SER62	-64.665766	-33.725152	General
3ez2:ChainA:GLU63	-69.653688	-41.104300	General
3ez2:ChainA:MET64	-65.644938	-41.575153	General
3ez2:ChainA:GLU65	-65.870564	-38.335067	General
3ez2:ChainA:GLU66	-60.020945	-40.470688	General
3ez2:ChainA:LYS67	-68.514255	-22.478503	General
3ez2:ChainA:GLY68	126.483643	-1.878112	Glycine
3ez2:ChainA:TYR69	-68.050517	141.404798	General
3ez2:ChainA:VAL70	-120.903702	114.646976	General
3ez2:ChainA:PHE71	-79.540847	153.144336	General
3ez2:ChainA:ASP72	-70.159018	140.621240	General
3ez2:ChainA:LYS73	-136.780992	156.945489	General
3ez2:ChainA:ARG74	-145.211867	138.574979	Pre-Pro
3ez2:ChainA:PRO75	-57.744039	126.276542	Proline
3ez2:ChainA:ALA76	-117.698258	76.256568	General
3ez2:ChainA:GLY77	70.692639	-99.369738	Glycine
3ez2:ChainA:SER78	-81.165509	-87.781313	General
3ez2:ChainA:SER79	-72.222825	154.850384	General
3ez2:ChainA:MET80	-91.583940	146.304109	General
3ez2:ChainA:LYS81	-123.755198	159.032601	General
3ez2:ChainA:TYR82	-65.666255	140.158992	General
3ez2:ChainA:ALA83	-127.941446	82.212865	General
3ez2:ChainA:MET84	-64.329627	124.497588	General
3ez2:ChainA:SER85	-86.896653	170.720378	General
3ez2:ChainA:ILE86	-59.178349	-42.087914	General
3ez2:ChainA:GLN87	-63.121902	-38.020502	General
3ez2:ChainA:ASN88	-60.066306	-42.934225	General
3ez2:ChainA:ILE89	-66.867135	-45.543979	General
3ez2:ChainA:ILE90	-57.519833	-40.377718	General
3ez2:ChainA:ASP91	-68.517861	-30.862996	General
3ez2:ChainA:ILE92	-69.136328	-43.416626	General
3ez2:ChainA:TYR93	-61.049014	-41.849269	General
3ez2:ChainA:GLU94	-63.255866	-49.977109	General
3ez2:ChainA:HIS95	-53.622023	-39.111687	General
3ez2:ChainA:ARG96	-80.531425	12.040060	General
3ez2:ChainA:GLY97	73.965214	19.092729	Glycine
3ez2:ChainA:VAL98	-85.505057	123.190336	Pre-Pro
3ez2:ChainA:PRO99	-68.218238	162.413752	Proline
3ez2:ChainA:LYS100	-101.176095	167.282983	General
3ez2:ChainA:TYR101	-55.178376	-45.288880	General
3ez2:ChainA:ARG102	-60.531892	-12.239914	General
3ez2:ChainA:ASP103	-79.382336	-13.729544	General
3ez2:ChainA:ARG104	-119.353145	-20.974371	General
3ez2:ChainA:TYR105	-120.473572	125.566828	General
3ez2:ChainA:SER106	-100.174305	5.589443	General
3ez2:ChainA:GLU107	-139.809993	139.661240	General
3ez2:ChainA:ALA108	-55.821452	136.750155	General
3ez2:ChainA:TYR109	-99.484730	128.749891	General
3ez2:ChainA:VAL110	-95.419177	119.723487	General
3ez2:ChainA:ILE111	-107.613568	134.677961	General
3ez2:ChainA:PHE112	-129.810757	104.193885	General
3ez2:ChainA:ILE113	-85.781406	113.493682	General
3ez2:ChainA:SER114	-134.587932	153.353292	General
3ez2:ChainA:ASN115	175.676157	126.013607	General
3ez2:ChainA:LEU116	-64.273214	-21.399475	General
3ez2:ChainA:LYS117	-79.035874	126.064608	General
3ez2:ChainA:GLY118	-85.437056	164.343118	Glycine
3ez2:ChainA:GLY119	67.727006	17.407947	Glycine
3ez2:ChainA:VAL120	-94.264056	4.798577	General
3ez2:ChainA:SER121	93.109466	22.817276	General
3ez2:ChainA:LYS122	-57.422524	-50.814288	General
3ez2:ChainA:THR123	-66.009472	-49.842439	General
3ez2:ChainA:VAL124	-63.258868	-40.983543	General
3ez2:ChainA:SER125	-68.868651	-35.993060	General
3ez2:ChainA:THR126	-62.533105	-53.347101	General
3ez2:ChainA:VAL127	-71.905427	-27.338330	General
3ez2:ChainA:SER128	-70.747532	-42.077361	General
3ez2:ChainA:LEU129	-60.647711	-43.971963	General
3ez2:ChainA:ALA130	-63.056630	-51.564380	General
3ez2:ChainA:HIS131	-68.342966	-41.796710	General
3ez2:ChainA:ALA132	-69.339057	-32.168619	General
3ez2:ChainA:MET133	-68.147315	-46.047611	General
3ez2:ChainA:ARG134	-50.753220	-55.127014	General
3ez2:ChainA:ALA135	-98.478807	10.422535	General
3ez2:ChainA:HIS136	-61.634047	130.591676	Pre-Pro
3ez2:ChainA:PRO137	-46.994583	-40.262857	Proline
3ez2:ChainA:HIS138	-90.544818	7.334094	General
3ez2:ChainA:LEU139	-125.677129	0.106742	General
3ez2:ChainA:LEU140	-55.389158	-39.618253	General
3ez2:ChainA:MET141	-62.772911	-16.539515	General
3ez2:ChainA:GLU142	-79.115811	-20.033339	General
3ez2:ChainA:ASP143	46.905822	56.780382	General
3ez2:ChainA:LEU144	-69.265776	131.469866	General
3ez2:ChainA:ARG145	-103.769242	118.121545	General
3ez2:ChainA:ILE146	-129.007082	133.451789	General
3ez2:ChainA:LEU147	-119.820412	133.812122	General
3ez2:ChainA:VAL148	-111.237543	122.277758	General
3ez2:ChainA:ILE149	-101.390396	117.374595	General
3ez2:ChainA:ASP150	-91.587460	122.170189	General
3ez2:ChainA:LEU151	-120.540554	17.796475	General
3ez2:ChainA:ASP152	-103.345166	119.945257	Pre-Pro
3ez2:ChainA:PRO153	-55.085039	-25.265649	Proline
3ez2:ChainA:GLN154	-69.875049	-14.418943	General
3ez2:ChainA:SER155	50.932357	39.324048	General
3ez2:ChainA:SER156	-64.840058	-41.201327	General
3ez2:ChainA:ALA157	-63.058436	-42.662801	General
3ez2:ChainA:THR158	-53.529746	-51.240363	General
3ez2:ChainA:MET159	-63.195551	-35.399859	General
3ez2:ChainA:PHE160	-70.158383	-42.972872	General
3ez2:ChainA:LEU161	-76.769617	-28.394949	General
3ez2:ChainA:SER162	-100.268531	176.157568	General
3ez2:ChainA:HIS163	-101.559745	125.213204	General
3ez2:ChainA:LYS164	-24.461081	-54.422376	General
3ez2:ChainA:HIS165	-97.137669	35.987481	General
3ez2:ChainA:SER166	-112.031005	-50.313006	General
3ez2:ChainA:ILE167	-93.283097	-30.687148	General
3ez2:ChainA:GLY168	52.065363	-105.418823	Glycine
3ez2:ChainA:ILE169	-106.429362	118.070896	General
3ez2:ChainA:VAL170	-96.879950	132.181947	General
3ez2:ChainA:ASN171	-113.825181	-38.413124	General
3ez2:ChainA:ALA172	-84.965183	94.429221	General
3ez2:ChainA:THR173	-105.535990	171.041032	General
3ez2:ChainA:SER174	-57.473236	-44.660235	General
3ez2:ChainA:ALA175	-61.598177	-40.775913	General
3ez2:ChainA:GLN176	-63.315996	-41.976344	General
3ez2:ChainA:ALA177	-61.050936	-42.498344	General
3ez2:ChainA:MET178	-58.134531	-45.130298	General
3ez2:ChainA:LEU179	-73.975054	-42.983730	General
3ez2:ChainA:GLN180	-68.625418	-27.478085	General
3ez2:ChainA:ASN181	53.184357	68.071623	General
3ez2:ChainA:VAL182	-95.150738	-179.047783	General
3ez2:ChainA:SER183	-84.147513	157.109659	General
3ez2:ChainA:ARG184	-45.614766	-46.886925	General
3ez2:ChainA:GLU185	-61.450868	-42.947771	General
3ez2:ChainA:GLU186	-67.464645	-38.263374	General
3ez2:ChainA:LEU187	-57.677027	-52.418506	General
3ez2:ChainA:LEU188	-63.401291	-39.314928	General
3ez2:ChainA:GLU189	-82.693912	-40.610766	General
3ez2:ChainA:GLU190	-112.133760	-10.704881	General
3ez2:ChainA:PHE191	-111.662619	-30.898590	General
3ez2:ChainA:ILE192	-93.865967	138.978745	General
3ez2:ChainA:VAL193	-128.261216	146.216598	Pre-Pro
3ez2:ChainA:PRO194	-75.230091	144.997484	Proline
3ez2:ChainA:SER195	-89.764912	-177.010492	General
3ez2:ChainA:VAL196	-62.715869	-26.398748	General
3ez2:ChainA:VAL197	-102.523357	116.718466	Pre-Pro
3ez2:ChainA:PRO198	-59.059029	137.193988	Proline
3ez2:ChainA:GLY199	103.734089	-16.895826	Glycine
3ez2:ChainA:VAL200	-117.711641	125.252185	General
3ez2:ChainA:ASP201	-119.143312	161.586130	General
3ez2:ChainA:VAL202	-131.751412	140.266208	General
3ez2:ChainA:MET203	-103.116703	110.570454	Pre-Pro
3ez2:ChainA:PRO204	-73.665520	172.685984	Proline
3ez2:ChainA:ALA205	-130.241484	170.530247	General
3ez2:ChainA:SER206	-155.455044	165.304879	General
3ez2:ChainA:ILE207	-56.433988	-27.649560	General
3ez2:ChainA:ASP208	-64.182662	-22.733855	General
3ez2:ChainA:ASP209	-66.487344	-16.861728	General
3ez2:ChainA:ALA210	-63.141994	-34.825440	General
3ez2:ChainA:PHE211	-72.968360	-29.882166	General
3ez2:ChainA:ILE212	-67.364418	-45.295066	General
3ez2:ChainA:ALA213	-60.114448	-42.457042	General
3ez2:ChainA:SER214	-58.662034	-45.595380	General
3ez2:ChainA:ASP215	-103.290656	26.134968	General
3ez2:ChainA:TRP216	-48.415725	-49.185628	General
3ez2:ChainA:ARG217	-48.469426	-64.189347	General
3ez2:ChainA:GLU218	-63.126720	-36.234621	General
3ez2:ChainA:LEU219	-66.362572	-32.166845	General
3ez2:ChainA:CYS220	-73.815325	-36.558722	General
3ez2:ChainA:ASN221	-63.359563	-39.457997	General
3ez2:ChainA:GLU222	-73.386895	-54.033885	General
3ez2:ChainA:HIS223	-93.898347	-16.900046	General
3ez2:ChainA:LEU224	-130.080580	47.741176	Pre-Pro
3ez2:ChainA:PRO225	-46.475200	123.369338	Proline
3ez2:ChainA:GLY226	87.761401	-18.936115	Glycine
3ez2:ChainA:GLN227	-75.148654	134.877410	General
3ez2:ChainA:ASN228	-56.844057	125.762652	General
3ez2:ChainA:ILE229	-62.816646	-19.528419	General
3ez2:ChainA:HIS230	-93.833946	-11.706760	General
3ez2:ChainA:ALA231	-102.948615	6.320328	General
3ez2:ChainA:VAL232	-61.550648	-42.133082	General
3ez2:ChainA:LEU233	-67.744668	-49.369352	General
3ez2:ChainA:LYS234	-58.368114	-44.613745	General
3ez2:ChainA:GLU235	-83.428936	-41.113066	General
3ez2:ChainA:ASN236	-89.291342	-6.913088	General
3ez2:ChainA:VAL237	-131.760117	-64.753352	General
3ez2:ChainA:ILE238	-61.244429	-44.463947	General
3ez2:ChainA:ASP239	-61.034353	-26.246095	General
3ez2:ChainA:LYS240	-81.732289	-14.347191	General
3ez2:ChainA:LEU241	-111.618340	0.545977	General
3ez2:ChainA:LYS242	-48.543645	-28.858842	General
3ez2:ChainA:SER243	-97.530174	-8.687101	General
3ez2:ChainA:ASP244	-93.139520	-13.217852	General
3ez2:ChainA:TYR245	-138.155987	152.351055	General
3ez2:ChainA:ASP246	-88.167089	-41.806253	General
3ez2:ChainA:PHE247	-128.238485	138.136196	General
3ez2:ChainA:ILE248	-126.594663	119.013389	General
3ez2:ChainA:LEU249	-108.748039	128.544182	General
3ez2:ChainA:VAL250	-105.588096	133.058133	General
3ez2:ChainA:ASP251	-127.147945	126.251988	General
3ez2:ChainA:SER252	-127.409645	178.440174	General
3ez2:ChainA:GLY253	-81.771186	179.242157	Glycine
3ez2:ChainA:PRO254	-80.580914	-0.145061	Proline
3ez2:ChainA:HIS255	-64.333190	128.179314	General
3ez2:ChainA:LEU256	-83.100357	83.712586	General
3ez2:ChainA:ASP257	-135.394373	-161.731067	General
3ez2:ChainA:ALA258	-58.344924	-39.659679	General
3ez2:ChainA:PHE259	-64.219765	-51.770465	General
3ez2:ChainA:LEU260	-56.821347	-39.963672	General
3ez2:ChainA:LYS261	-70.161158	-39.082043	General
3ez2:ChainA:ASN262	-67.948892	-36.196470	General
3ez2:ChainA:ALA263	-63.715397	-46.774290	General
3ez2:ChainA:LEU264	-57.202156	-45.895676	General
3ez2:ChainA:ALA265	-69.070039	-13.817586	General
3ez2:ChainA:SER266	-105.049416	-11.431934	General
3ez2:ChainA:ALA267	-75.923251	144.333853	General
3ez2:ChainA:ASN268	-93.381258	-27.373123	General
3ez2:ChainA:ILE269	-151.833510	150.413121	General
3ez2:ChainA:LEU270	-122.996463	146.120469	General
3ez2:ChainA:PHE271	-127.262882	144.401964	General
3ez2:ChainA:THR272	-118.031224	114.400067	Pre-Pro
3ez2:ChainA:PRO273	-77.002823	131.967845	Proline
3ez2:ChainA:LEU274	-106.666309	113.332285	Pre-Pro
3ez2:ChainA:PRO275	-71.344464	144.391125	Proline
3ez2:ChainA:PRO276	-80.536685	-21.162548	Proline
3ez2:ChainA:ALA277	-71.917265	132.949625	General
3ez2:ChainA:THR278	-41.907417	-48.563245	General
3ez2:ChainA:VAL279	-68.453974	-38.220752	General
3ez2:ChainA:ASP280	-71.997007	-34.537418	General
3ez2:ChainA:PHE281	-65.320670	-41.891369	General
3ez2:ChainA:HIS282	-62.357847	-45.511888	General
3ez2:ChainA:SER283	-63.280706	-37.946773	General
3ez2:ChainA:SER284	-63.529486	-39.532715	General
3ez2:ChainA:LEU285	-62.503615	-31.193784	General
3ez2:ChainA:LYS286	-65.726717	-36.143991	General
3ez2:ChainA:TYR287	-67.282985	-49.266893	General
3ez2:ChainA:VAL288	-56.480616	-41.022776	General
3ez2:ChainA:ALA289	-68.290912	-22.297092	General
3ez2:ChainA:ARG290	-102.878341	-1.844513	General
3ez2:ChainA:LEU291	-50.130399	-53.129207	Pre-Pro
3ez2:ChainA:PRO292	-57.384214	-29.438777	Proline
3ez2:ChainA:GLU293	-67.811578	-38.976589	General
3ez2:ChainA:LEU294	-69.283211	-40.638987	General
3ez2:ChainA:VAL295	-66.189788	-42.155873	General
3ez2:ChainA:LYS296	-58.866544	-50.857559	General
3ez2:ChainA:LEU297	-51.606976	-43.930139	General
3ez2:ChainA:ILE298	-62.381873	-51.581728	General
3ez2:ChainA:SER299	-57.324878	-57.839501	General
3ez2:ChainA:ASP300	-47.835301	-34.625029	General
3ez2:ChainA:GLU301	-110.463171	30.476610	General
3ez2:ChainA:GLY302	156.584306	-109.740352	Glycine
3ez2:ChainA:CYS303	-95.154082	159.220137	General
3ez2:ChainA:GLU304	-96.042254	144.060909	General
3ez2:ChainA:CYS305	-91.570540	129.518481	General
3ez2:ChainA:GLN306	-88.624872	34.119470	General
3ez2:ChainA:LEU307	-61.223070	112.723219	General
3ez2:ChainA:ALA308	-68.727654	-87.961538	General
3ez2:ChainA:THR309	-130.987099	178.918715	General
3ez2:ChainA:ASN310	-125.247473	113.596131	General
3ez2:ChainA:ILE311	-96.364433	132.440248	General
3ez2:ChainA:GLY312	-103.069903	147.063036	Glycine
3ez2:ChainA:PHE313	-146.378956	137.175314	General
3ez2:ChainA:MET314	-69.685206	140.663938	General
3ez2:ChainA:SER315	-131.135360	133.590924	General
3ez2:ChainA:LYS316	69.400848	33.275818	General
3ez2:ChainA:LEU317	-70.898562	136.711918	General
3ez2:ChainA:SER318	-123.031895	161.711734	General
3ez2:ChainA:ASN319	-79.385345	63.625837	General
3ez2:ChainA:LYS320	-125.076854	140.396971	General
3ez2:ChainA:ALA321	-42.369708	-53.893177	General
3ez2:ChainA:ASP322	-61.593218	-37.707520	General
3ez2:ChainA:HIS323	-65.054843	-44.932899	General
3ez2:ChainA:LYS324	-62.849003	-35.461741	General
3ez2:ChainA:TYR325	-64.942140	-47.068680	General
3ez2:ChainA:CYS326	-67.076678	-33.703520	General
3ez2:ChainA:HIS327	-59.733620	-45.787375	General
3ez2:ChainA:SER328	-54.622936	-45.476031	General
3ez2:ChainA:LEU329	-67.044312	-37.824985	General
3ez2:ChainA:ALA330	-63.143213	-45.094517	General
3ez2:ChainA:LYS331	-56.054011	-38.133003	General
3ez2:ChainA:GLU332	-66.464504	-41.808401	General
3ez2:ChainA:VAL333	-71.380072	-46.858099	General
3ez2:ChainA:PHE334	-87.802824	-24.468768	General
3ez2:ChainA:GLY335	51.920157	-118.937407	Glycine
3ez2:ChainA:GLY336	-62.846736	-30.570128	Glycine
3ez2:ChainA:ASP337	-81.424612	17.381931	General
3ez2:ChainA:MET338	-95.452949	134.066831	General
3ez2:ChainA:LEU339	-75.154979	142.903465	General
3ez2:ChainA:ASP340	-80.695124	-7.518152	General
3ez2:ChainA:VAL341	-117.351528	147.217778	General
3ez2:ChainA:PHE342	-125.897011	171.428674	General
3ez2:ChainA:LEU343	-107.773029	106.698252	Pre-Pro
3ez2:ChainA:PRO344	-69.197264	155.579390	Proline
3ez2:ChainA:ARG345	-81.173791	127.193275	General
3ez2:ChainA:LEU346	-142.101947	148.408888	General
3ez2:ChainA:ASP347	-56.700404	-39.701663	General
3ez2:ChainA:GLY348	-54.408567	-47.326034	Glycine
3ez2:ChainA:PHE349	-61.837126	-42.270000	General
3ez2:ChainA:GLU350	-60.458419	-54.674663	General
3ez2:ChainA:ARG351	-60.591051	-47.606990	General
3ez2:ChainA:CYS352	-61.601264	-36.967713	General
3ez2:ChainA:GLY353	-58.468309	-39.713947	Glycine
3ez2:ChainA:GLU354	-56.820742	-47.001647	General
3ez2:ChainA:SER355	-93.475401	17.912215	General
3ez2:ChainA:PHE356	53.208100	48.408025	General
3ez2:ChainA:ASP357	-116.955562	153.588982	General
3ez2:ChainA:THR358	-91.691142	150.933853	General
3ez2:ChainA:VAL359	-69.216257	-13.715597	General
3ez2:ChainA:ILE360	-85.290302	-41.639778	General
3ez2:ChainA:SER361	-79.717061	-20.466354	General
3ez2:ChainA:ALA362	-57.871618	126.158178	General
3ez2:ChainA:ASN363	-74.810396	114.960684	Pre-Pro
3ez2:ChainA:PRO364	-53.877176	-30.024297	Proline
3ez2:ChainA:ALA365	-69.644044	-22.626835	General
3ez2:ChainA:THR366	-102.123515	-23.266102	General
3ez2:ChainA:TYR367	-47.965411	116.682056	General
3ez2:ChainA:VAL368	-88.247936	80.013910	General
3ez2:ChainA:GLY369	171.959956	-173.618461	Glycine
3ez2:ChainA:SER370	-67.105135	140.086909	General
3ez2:ChainA:ALA371	-66.233938	-37.088571	General
3ez2:ChainA:ASP372	-64.182053	-39.213482	General
3ez2:ChainA:ALA373	-60.996795	-44.708149	General
3ez2:ChainA:LEU374	-61.643948	-49.621093	General
3ez2:ChainA:LYS375	-56.351498	-49.178056	General
3ez2:ChainA:ASN376	-60.598492	-36.307633	General
3ez2:ChainA:ALA377	-74.010298	-36.997648	General
3ez2:ChainA:ARG378	-59.479475	-49.422652	General
3ez2:ChainA:ILE379	-59.996972	-38.899486	General
3ez2:ChainA:ALA380	-62.519927	-44.844545	General
3ez2:ChainA:ALA381	-64.840137	-38.515018	General
3ez2:ChainA:GLU382	-67.311163	-46.141559	General
3ez2:ChainA:ASP383	-61.077465	-41.289801	General
3ez2:ChainA:PHE384	-65.877793	-42.528598	General
3ez2:ChainA:ALA385	-66.752851	-37.164788	General
3ez2:ChainA:LYS386	-67.014092	-42.290384	General
3ez2:ChainA:ALA387	-61.416138	-44.057521	General
3ez2:ChainA:VAL388	-65.996888	-43.238339	General
3ez2:ChainA:PHE389	-59.022687	-45.496278	General
3ez2:ChainA:ASP390	-68.875707	-33.845484	General
3ez2:ChainA:ARG391	-67.174826	-40.432385	General
3ez2:ChainA:ILE392	-67.437528	-35.565515	General
3ez2:ChainA:GLU393	-60.815214	-46.848654	General
3ez2:ChainA:PHE394	-57.753328	-43.133660	General
3ez2:ChainA:ILE395	-66.786689	-38.924233	General
3ez2:ChainA:ARG396	-84.746157	-17.613876	General
3ez2:ChainA:SER397	-90.049792	-4.457670	General
3ez2:ChainB:GLN6	-68.974018	-4.650809	General
3ez2:ChainB:LEU7	-66.590492	-37.779117	General
3ez2:ChainB:HIS8	-70.254000	-40.195637	General
3ez2:ChainB:LYS9	-63.707703	-44.623719	General
3ez2:ChainB:VAL10	-61.998355	-41.718638	General
3ez2:ChainB:ALA11	-60.194941	-47.655067	General
3ez2:ChainB:GLN12	-54.013021	-52.441539	General
3ez2:ChainB:ARG13	-62.879376	-33.679957	General
3ez2:ChainB:ALA14	-65.519047	-43.212956	General
3ez2:ChainB:ASN15	-61.086997	-45.558085	General
3ez2:ChainB:ARG16	-62.341839	-40.187780	General
3ez2:ChainB:MET17	-65.845547	-37.971936	General
3ez2:ChainB:LEU18	-55.206382	-52.179926	General
3ez2:ChainB:ASN19	-59.067308	-39.950589	General
3ez2:ChainB:VAL20	-62.265734	-53.335585	General
3ez2:ChainB:LEU21	-64.786190	-30.806485	General
3ez2:ChainB:THR22	-58.834314	-50.153407	General
3ez2:ChainB:GLU23	-59.645549	-45.581861	General
3ez2:ChainB:GLN24	-61.910326	-32.499405	General
3ez2:ChainB:VAL25	-76.079882	-47.463404	General
3ez2:ChainB:GLN26	-57.059761	-35.270785	General
3ez2:ChainB:LEU27	-73.310723	-29.308332	General
3ez2:ChainB:GLN28	-82.530852	-12.534071	General
3ez2:ChainB:LYS29	-57.487875	139.599201	General
3ez2:ChainB:ASP30	-121.387606	121.721271	General
3ez2:ChainB:GLU31	-66.317540	137.308269	General
3ez2:ChainB:LEU32	-82.194269	138.646252	General
3ez2:ChainB:HIS33	-110.415098	120.682401	General
3ez2:ChainB:ALA34	-52.781587	-38.706441	General
3ez2:ChainB:ASN35	-75.575641	10.417731	General
3ez2:ChainB:GLU36	-97.408886	-14.515618	General
3ez2:ChainB:PHE37	-50.047363	131.470384	General
3ez2:ChainB:TYR38	-65.529478	-37.365731	General
3ez2:ChainB:GLN39	-56.237713	120.230787	General
3ez2:ChainB:VAL40	-136.283173	151.875384	General
3ez2:ChainB:TYR41	-114.790478	149.285664	General
3ez2:ChainB:ALA42	-75.290525	149.087821	General
3ez2:ChainB:LYS43	-56.693792	-40.995108	General
3ez2:ChainB:ALA44	-65.104380	-28.565275	General
3ez2:ChainB:ALA45	-71.360757	-19.226905	General
3ez2:ChainB:LEU46	-61.332220	-31.639522	General
3ez2:ChainB:ALA47	-63.577578	-15.624323	General
3ez2:ChainB:LYS48	-81.317105	-15.156908	General
3ez2:ChainB:LEU49	-79.131111	153.809131	Pre-Pro
3ez2:ChainB:PRO50	-52.832547	137.201754	Proline
3ez2:ChainB:LEU51	71.736055	-5.102068	General
3ez2:ChainB:LEU52	-105.427124	156.568138	General
3ez2:ChainB:THR53	-141.728491	162.408425	General
3ez2:ChainB:ARG54	-54.542775	-46.738678	General
3ez2:ChainB:ALA55	-70.748891	-44.900307	General
3ez2:ChainB:ASN56	-70.494008	-20.604743	General
3ez2:ChainB:VAL57	-74.241742	-45.366706	General
3ez2:ChainB:ASP58	-58.649833	-43.468443	General
3ez2:ChainB:TYR59	-64.844529	-42.827526	General
3ez2:ChainB:ALA60	-63.156578	-45.789004	General
3ez2:ChainB:VAL61	-60.199620	-47.345893	General
3ez2:ChainB:SER62	-62.272552	-46.085138	General
3ez2:ChainB:GLU63	-63.235977	-36.963273	General
3ez2:ChainB:MET64	-70.133475	-44.477456	General
3ez2:ChainB:GLU65	-61.735274	-35.092600	General
3ez2:ChainB:GLU66	-66.035709	-29.842625	General
3ez2:ChainB:LYS67	-86.490617	3.821604	General
3ez2:ChainB:GLY68	101.388703	-2.584541	Glycine
3ez2:ChainB:TYR69	-71.852335	135.860755	General
3ez2:ChainB:VAL70	-118.667088	123.237265	General
3ez2:ChainB:PHE71	-96.189592	139.604137	General
3ez2:ChainB:ASP72	-67.099483	142.807111	General
3ez2:ChainB:LYS73	-128.910786	151.598869	General
3ez2:ChainB:ARG74	-136.899528	145.636108	Pre-Pro
3ez2:ChainB:PRO75	-64.339082	134.955089	Proline
3ez2:ChainB:ALA76	-136.414430	64.308131	General
3ez2:ChainB:GLY77	81.237317	-107.590432	Glycine
3ez2:ChainB:SER78	-83.591899	-3.969258	General
3ez2:ChainB:SER79	-155.869024	160.727731	General
3ez2:ChainB:MET80	-82.589433	143.911165	General
3ez2:ChainB:LYS81	-133.858290	145.294524	General
3ez2:ChainB:TYR82	-59.625530	143.021116	General
3ez2:ChainB:ALA83	-125.650129	88.297829	General
3ez2:ChainB:MET84	-76.179413	120.135906	General
3ez2:ChainB:SER85	-83.242394	169.460952	General
3ez2:ChainB:ILE86	-65.593784	-35.758668	General
3ez2:ChainB:GLN87	-63.259327	-35.909171	General
3ez2:ChainB:ASN88	-63.666324	-39.415294	General
3ez2:ChainB:ILE89	-68.294018	-42.524529	General
3ez2:ChainB:ILE90	-57.848364	-43.308776	General
3ez2:ChainB:ASP91	-67.783555	-28.718642	General
3ez2:ChainB:ILE92	-72.284026	-42.372415	General
3ez2:ChainB:TYR93	-59.720699	-40.639762	General
3ez2:ChainB:GLU94	-67.131533	-40.654772	General
3ez2:ChainB:HIS95	-57.763863	-38.804937	General
3ez2:ChainB:ARG96	-78.319312	3.906665	General
3ez2:ChainB:GLY97	76.427704	20.743280	Glycine
3ez2:ChainB:VAL98	-84.886992	121.269523	Pre-Pro
3ez2:ChainB:PRO99	-63.399737	161.680960	Proline
3ez2:ChainB:LYS100	-104.970259	171.692174	General
3ez2:ChainB:TYR101	-56.316160	-45.069708	General
3ez2:ChainB:ARG102	-64.737058	-11.575574	General
3ez2:ChainB:ASP103	-82.150830	-18.146578	General
3ez2:ChainB:ARG104	-114.181645	-10.479125	General
3ez2:ChainB:TYR105	-129.951098	124.762661	General
3ez2:ChainB:SER106	-102.269504	7.073370	General
3ez2:ChainB:GLU107	-141.075903	139.815909	General
3ez2:ChainB:ALA108	-53.294842	145.516290	General
3ez2:ChainB:TYR109	-107.983526	123.828871	General
3ez2:ChainB:VAL110	-94.376063	121.587436	General
3ez2:ChainB:ILE111	-109.866423	136.468880	General
3ez2:ChainB:PHE112	-132.693105	106.090226	General
3ez2:ChainB:ILE113	-86.605151	112.274622	General
3ez2:ChainB:SER114	-134.444248	147.684508	General
3ez2:ChainB:ASN115	-179.307768	120.505780	General
3ez2:ChainB:LEU116	-63.685589	-19.491660	General
3ez2:ChainB:LYS117	-79.487268	128.291779	General
3ez2:ChainB:GLY118	-86.110765	162.502164	Glycine
3ez2:ChainB:GLY119	68.125984	21.670002	Glycine
3ez2:ChainB:VAL120	-92.587940	0.272274	General
3ez2:ChainB:SER121	95.674636	21.739737	General
3ez2:ChainB:LYS122	-52.690053	-50.848330	General
3ez2:ChainB:THR123	-67.562806	-52.692277	General
3ez2:ChainB:VAL124	-60.363998	-37.670252	General
3ez2:ChainB:SER125	-64.144002	-47.708989	General
3ez2:ChainB:THR126	-58.475569	-50.690258	General
3ez2:ChainB:VAL127	-68.970131	-38.094168	General
3ez2:ChainB:SER128	-71.579751	-38.949305	General
3ez2:ChainB:LEU129	-62.343489	-45.524179	General
3ez2:ChainB:ALA130	-61.315294	-54.894184	General
3ez2:ChainB:HIS131	-65.420611	-45.667145	General
3ez2:ChainB:ALA132	-66.154351	-30.187903	General
3ez2:ChainB:MET133	-74.113757	-43.789148	General
3ez2:ChainB:ARG134	-59.389792	-45.025291	General
3ez2:ChainB:ALA135	-102.845820	20.249852	General
3ez2:ChainB:HIS136	-68.987182	128.850066	Pre-Pro
3ez2:ChainB:PRO137	-51.175993	-28.480712	Proline
3ez2:ChainB:HIS138	-101.807093	0.160692	General
3ez2:ChainB:LEU139	-119.421228	13.077783	General
3ez2:ChainB:LEU140	-65.899636	-33.043798	General
3ez2:ChainB:MET141	-66.617873	-13.535352	General
3ez2:ChainB:GLU142	-77.707751	-17.040000	General
3ez2:ChainB:ASP143	42.627714	57.615425	General
3ez2:ChainB:LEU144	-67.310086	146.210447	General
3ez2:ChainB:ARG145	-119.504659	118.667269	General
3ez2:ChainB:ILE146	-130.557172	135.853347	General
3ez2:ChainB:LEU147	-121.226098	135.845511	General
3ez2:ChainB:VAL148	-113.215874	121.828550	General
3ez2:ChainB:ILE149	-99.855101	112.442434	General
3ez2:ChainB:ASP150	-89.654481	115.446858	General
3ez2:ChainB:LEU151	-114.981743	23.122934	General
3ez2:ChainB:ASP152	-104.118268	116.901788	Pre-Pro
3ez2:ChainB:PRO153	-53.533130	-25.925324	Proline
3ez2:ChainB:GLN154	-67.599735	-14.475967	General
3ez2:ChainB:SER155	48.040000	42.701025	General
3ez2:ChainB:SER156	-64.741477	-43.810160	General
3ez2:ChainB:ALA157	-59.390180	-46.487060	General
3ez2:ChainB:THR158	-54.721363	-43.451938	General
3ez2:ChainB:MET159	-68.138832	-40.629630	General
3ez2:ChainB:PHE160	-64.196182	-38.395899	General
3ez2:ChainB:LEU161	-77.066198	-31.857052	General
3ez2:ChainB:SER162	-101.307432	173.625043	General
3ez2:ChainB:HIS163	-96.238534	145.385852	General
3ez2:ChainB:LYS164	-41.555199	-49.937476	General
3ez2:ChainB:HIS165	-100.743528	9.287062	General
3ez2:ChainB:SER166	-84.926047	-34.961017	General
3ez2:ChainB:ILE167	-91.637008	-36.759786	General
3ez2:ChainB:GLY168	76.495164	-163.111696	Glycine
3ez2:ChainB:ILE169	-79.116782	124.837768	General
3ez2:ChainB:VAL170	-86.483576	135.549210	General
3ez2:ChainB:ASN171	-129.213095	-43.170966	General
3ez2:ChainB:ALA172	-81.899644	90.126173	General
3ez2:ChainB:THR173	-103.398270	168.199385	General
3ez2:ChainB:SER174	-53.842469	-47.527871	General
3ez2:ChainB:ALA175	-60.614088	-43.481727	General
3ez2:ChainB:GLN176	-60.721128	-45.889637	General
3ez2:ChainB:ALA177	-58.769657	-39.125546	General
3ez2:ChainB:MET178	-62.395845	-36.929787	General
3ez2:ChainB:LEU179	-82.093747	-36.525782	General
3ez2:ChainB:GLN180	-73.779937	-24.840947	General
3ez2:ChainB:ASN181	48.630719	63.729229	General
3ez2:ChainB:VAL182	-92.787459	178.963160	General
3ez2:ChainB:SER183	-79.125706	166.192064	General
3ez2:ChainB:ARG184	-52.444734	-49.412533	General
3ez2:ChainB:GLU185	-62.623596	-37.751921	General
3ez2:ChainB:GLU186	-69.132524	-35.897911	General
3ez2:ChainB:LEU187	-62.061072	-48.301945	General
3ez2:ChainB:LEU188	-64.863303	-32.189276	General
3ez2:ChainB:GLU189	-95.993527	-35.595229	General
3ez2:ChainB:GLU190	-105.245080	-20.094003	General
3ez2:ChainB:PHE191	-109.809429	-40.628850	General
3ez2:ChainB:ILE192	-77.753133	135.608276	General
3ez2:ChainB:VAL193	-128.053555	145.819011	Pre-Pro
3ez2:ChainB:PRO194	-76.747193	145.569153	Proline
3ez2:ChainB:SER195	-90.912129	179.056765	General
3ez2:ChainB:VAL196	-60.271665	-26.199894	General
3ez2:ChainB:VAL197	-100.319785	114.529607	Pre-Pro
3ez2:ChainB:PRO198	-55.092490	139.149383	Proline
3ez2:ChainB:GLY199	98.214924	-17.962487	Glycine
3ez2:ChainB:VAL200	-115.703243	120.064885	General
3ez2:ChainB:ASP201	-112.876017	166.844816	General
3ez2:ChainB:VAL202	-138.301319	138.849644	General
3ez2:ChainB:MET203	-101.999290	107.968995	Pre-Pro
3ez2:ChainB:PRO204	-71.165496	169.287690	Proline
3ez2:ChainB:ALA205	-128.556370	167.052910	General
3ez2:ChainB:SER206	-152.120153	166.151831	General
3ez2:ChainB:ILE207	-59.170967	-28.131980	General
3ez2:ChainB:ASP208	-58.957058	-26.124675	General
3ez2:ChainB:ASP209	-65.089661	-17.620034	General
3ez2:ChainB:ALA210	-64.342855	-33.989046	General
3ez2:ChainB:PHE211	-73.893269	-29.629691	General
3ez2:ChainB:ILE212	-71.007627	-42.679005	General
3ez2:ChainB:ALA213	-62.909790	-36.323522	General
3ez2:ChainB:SER214	-66.810574	-45.136377	General
3ez2:ChainB:ASP215	-97.849665	20.945421	General
3ez2:ChainB:TRP216	-42.148505	-59.313475	General
3ez2:ChainB:ARG217	-55.359852	-44.752378	General
3ez2:ChainB:GLU218	-69.514324	-38.605239	General
3ez2:ChainB:LEU219	-65.042448	-38.684885	General
3ez2:ChainB:CYS220	-65.582037	-48.902119	General
3ez2:ChainB:ASN221	-57.148546	-38.267299	General
3ez2:ChainB:GLU222	-76.975638	-48.437574	General
3ez2:ChainB:HIS223	-94.863231	-18.048654	General
3ez2:ChainB:LEU224	-132.492056	49.282083	Pre-Pro
3ez2:ChainB:PRO225	-45.468054	121.132694	Proline
3ez2:ChainB:GLY226	89.443684	-10.073517	Glycine
3ez2:ChainB:GLN227	-87.518639	136.987329	General
3ez2:ChainB:ASN228	-53.550172	128.302474	General
3ez2:ChainB:ILE229	-71.498120	-8.184444	General
3ez2:ChainB:HIS230	-99.202974	-16.801097	General
3ez2:ChainB:ALA231	-96.325515	4.793844	General
3ez2:ChainB:VAL232	-64.065602	-47.074416	General
3ez2:ChainB:LEU233	-64.372742	-46.005220	General
3ez2:ChainB:LYS234	-61.147000	-47.707311	General
3ez2:ChainB:GLU235	-81.030880	-37.398327	General
3ez2:ChainB:ASN236	-91.469706	-9.652182	General
3ez2:ChainB:VAL237	-131.122814	-69.478346	General
3ez2:ChainB:ILE238	-57.673631	-47.687925	General
3ez2:ChainB:ASP239	-59.873439	-25.167487	General
3ez2:ChainB:LYS240	-82.311970	-18.642390	General
3ez2:ChainB:LEU241	-105.699426	8.624432	General
3ez2:ChainB:LYS242	-54.882293	-30.896672	General
3ez2:ChainB:SER243	-91.823307	-11.875915	General
3ez2:ChainB:ASP244	-92.459026	-18.979675	General
3ez2:ChainB:TYR245	-132.867126	154.637795	General
3ez2:ChainB:ASP246	-88.800553	-38.945845	General
3ez2:ChainB:PHE247	-132.619054	143.207683	General
3ez2:ChainB:ILE248	-129.808150	118.080663	General
3ez2:ChainB:LEU249	-109.432244	138.959198	General
3ez2:ChainB:VAL250	-112.733657	136.189890	General
3ez2:ChainB:ASP251	-130.924381	122.839497	General
3ez2:ChainB:SER252	-128.745551	173.669648	General
3ez2:ChainB:GLY253	-73.441111	174.617528	Glycine
3ez2:ChainB:PRO254	-86.579116	50.475349	Proline
3ez2:ChainB:HIS255	-121.002620	136.468363	General
3ez2:ChainB:LEU256	-84.072556	81.498834	General
3ez2:ChainB:ASP257	-134.283042	-162.666090	General
3ez2:ChainB:ALA258	-63.559451	-34.420484	General
3ez2:ChainB:PHE259	-66.775861	-41.270925	General
3ez2:ChainB:LEU260	-70.157577	-35.541476	General
3ez2:ChainB:LYS261	-71.868296	-34.681083	General
3ez2:ChainB:ASN262	-69.331724	-32.634864	General
3ez2:ChainB:ALA263	-71.114600	-44.403996	General
3ez2:ChainB:LEU264	-59.704500	-41.155681	General
3ez2:ChainB:ALA265	-70.229083	-19.287223	General
3ez2:ChainB:SER266	-97.638648	-20.793909	General
3ez2:ChainB:ALA267	-71.358974	150.444868	General
3ez2:ChainB:ASN268	-97.265486	-25.279839	General
3ez2:ChainB:ILE269	-151.529776	153.052627	General
3ez2:ChainB:LEU270	-121.856212	145.545190	General
3ez2:ChainB:PHE271	-125.369908	141.200895	General
3ez2:ChainB:THR272	-117.577369	109.768464	Pre-Pro
3ez2:ChainB:PRO273	-70.408075	130.334990	Proline
3ez2:ChainB:LEU274	-113.070848	114.671659	Pre-Pro
3ez2:ChainB:PRO275	-71.451764	149.640175	Proline
3ez2:ChainB:PRO276	-77.699948	-23.661241	Proline
3ez2:ChainB:ALA277	-75.044128	136.005017	General
3ez2:ChainB:THR278	-41.034479	-56.655894	General
3ez2:ChainB:VAL279	-67.116109	-35.793638	General
3ez2:ChainB:ASP280	-69.984134	-39.918777	General
3ez2:ChainB:PHE281	-64.415797	-40.889420	General
3ez2:ChainB:HIS282	-59.601015	-47.528444	General
3ez2:ChainB:SER283	-63.717004	-36.156988	General
3ez2:ChainB:SER284	-65.671844	-40.780322	General
3ez2:ChainB:LEU285	-64.321361	-28.053265	General
3ez2:ChainB:LYS286	-66.594609	-37.698563	General
3ez2:ChainB:TYR287	-66.430934	-46.094455	General
3ez2:ChainB:VAL288	-60.732927	-34.671917	General
3ez2:ChainB:ALA289	-73.308226	-29.930199	General
3ez2:ChainB:ARG290	-89.034675	-5.391156	General
3ez2:ChainB:LEU291	-53.307452	-53.684787	Pre-Pro
3ez2:ChainB:PRO292	-49.821261	-45.844283	Proline
3ez2:ChainB:GLU293	-58.515526	-40.943960	General
3ez2:ChainB:LEU294	-64.202573	-48.195212	General
3ez2:ChainB:VAL295	-62.100186	-42.297912	General
3ez2:ChainB:LYS296	-59.488760	-44.226966	General
3ez2:ChainB:LEU297	-58.068862	-40.427525	General
3ez2:ChainB:ILE298	-68.977351	-37.001293	General
3ez2:ChainB:SER299	-65.890218	-39.851099	General
3ez2:ChainB:ASP300	-68.185144	-34.225244	General
3ez2:ChainB:GLU301	-106.904443	41.392161	General
3ez2:ChainB:GLY302	142.439013	-106.245751	Glycine
3ez2:ChainB:CYS303	-92.751892	156.743894	General
3ez2:ChainB:GLU304	-94.081196	141.589321	General
3ez2:ChainB:CYS305	-88.274946	144.269116	General
3ez2:ChainB:GLN306	-106.273811	26.874068	General
3ez2:ChainB:LEU307	-57.543731	112.020547	General
3ez2:ChainB:ALA308	-60.173957	-72.103834	General
3ez2:ChainB:THR309	-146.000138	-179.034651	General
3ez2:ChainB:ASN310	-132.542924	108.471102	General
3ez2:ChainB:ILE311	-91.792816	127.029688	General
3ez2:ChainB:GLY312	-96.454373	148.433963	Glycine
3ez2:ChainB:PHE313	-146.968688	141.929864	General
3ez2:ChainB:MET314	-73.001047	131.976962	General
3ez2:ChainB:SER315	-124.520453	135.143059	General
3ez2:ChainB:LYS316	63.974323	34.336734	General
3ez2:ChainB:LEU317	-73.114386	136.741621	General
3ez2:ChainB:SER318	-119.042567	151.164251	General
3ez2:ChainB:ASN319	-75.444518	64.704783	General
3ez2:ChainB:LYS320	-111.831732	168.155479	General
3ez2:ChainB:ALA321	-71.937248	-50.376625	General
3ez2:ChainB:ASP322	-63.595248	-34.730624	General
3ez2:ChainB:HIS323	-68.607549	-44.035620	General
3ez2:ChainB:LYS324	-53.864438	-38.705273	General
3ez2:ChainB:TYR325	-66.049957	-50.090152	General
3ez2:ChainB:CYS326	-62.966548	-30.985852	General
3ez2:ChainB:HIS327	-63.332840	-33.621473	General
3ez2:ChainB:SER328	-70.606294	-39.689212	General
3ez2:ChainB:LEU329	-68.601214	-33.933793	General
3ez2:ChainB:ALA330	-65.164935	-40.556359	General
3ez2:ChainB:LYS331	-61.341631	-44.742919	General
3ez2:ChainB:GLU332	-60.446192	-42.219835	General
3ez2:ChainB:VAL333	-70.637093	-54.512513	General
3ez2:ChainB:PHE334	-82.246323	-26.625360	General
3ez2:ChainB:GLY335	54.629175	-118.980436	Glycine
3ez2:ChainB:GLY336	-67.381671	-18.011857	Glycine
3ez2:ChainB:ASP337	-92.557881	15.950014	General
3ez2:ChainB:MET338	-92.610138	134.386667	General
3ez2:ChainB:LEU339	-76.039645	148.604954	General
3ez2:ChainB:ASP340	-81.787995	-18.577457	General
3ez2:ChainB:VAL341	-103.402548	149.302820	General
3ez2:ChainB:PHE342	-125.370857	169.677437	General
3ez2:ChainB:LEU343	-107.243379	109.114392	Pre-Pro
3ez2:ChainB:PRO344	-77.179045	158.345383	Proline
3ez2:ChainB:ARG345	-75.949018	130.950772	General
3ez2:ChainB:LEU346	-146.615349	147.227224	General
3ez2:ChainB:ASP347	-59.314218	-34.486439	General
3ez2:ChainB:GLY348	-54.624803	-49.062501	Glycine
3ez2:ChainB:PHE349	-61.766155	-43.514775	General
3ez2:ChainB:GLU350	-63.840131	-45.971815	General
3ez2:ChainB:ARG351	-65.529987	-50.573779	General
3ez2:ChainB:CYS352	-57.478098	-36.533145	General
3ez2:ChainB:GLY353	-60.005874	-33.476087	Glycine
3ez2:ChainB:GLU354	-68.587453	-29.619757	General
3ez2:ChainB:SER355	-102.096515	7.909541	General
3ez2:ChainB:PHE356	57.064513	45.745527	General
3ez2:ChainB:ASP357	-112.480225	153.067231	General
3ez2:ChainB:THR358	-97.148275	153.442876	General
3ez2:ChainB:VAL359	-73.247738	-7.599721	General
3ez2:ChainB:ILE360	-86.570884	-43.591150	General
3ez2:ChainB:SER361	-78.420303	-27.281617	General
3ez2:ChainB:ALA362	-53.745557	123.714462	General
3ez2:ChainB:ASN363	-77.914663	119.808918	Pre-Pro
3ez2:ChainB:PRO364	-58.783823	-21.276924	Proline
3ez2:ChainB:ALA365	-78.394434	-7.773116	General
3ez2:ChainB:THR366	-119.834271	-19.962086	General
3ez2:ChainB:TYR367	-53.443266	125.778508	General
3ez2:ChainB:VAL368	-97.146626	60.378458	General
3ez2:ChainB:GLY369	-160.397965	-176.623300	Glycine
3ez2:ChainB:SER370	-70.940768	142.322567	General
3ez2:ChainB:ALA371	-61.285754	-37.746072	General
3ez2:ChainB:ASP372	-62.241499	-37.659023	General
3ez2:ChainB:ALA373	-61.725385	-48.239411	General
3ez2:ChainB:LEU374	-62.850530	-45.848161	General
3ez2:ChainB:LYS375	-58.866951	-44.497514	General
3ez2:ChainB:ASN376	-61.718414	-42.940679	General
3ez2:ChainB:ALA377	-72.330470	-30.461718	General
3ez2:ChainB:ARG378	-66.039879	-44.938488	General
3ez2:ChainB:ILE379	-61.643075	-39.046160	General
3ez2:ChainB:ALA380	-64.338388	-39.729554	General
3ez2:ChainB:ALA381	-67.046677	-43.096809	General
3ez2:ChainB:GLU382	-61.180757	-42.251248	General
3ez2:ChainB:ASP383	-64.765826	-41.467128	General
3ez2:ChainB:PHE384	-65.105442	-46.422090	General
3ez2:ChainB:ALA385	-63.495493	-36.366158	General
3ez2:ChainB:LYS386	-69.429507	-38.760134	General
3ez2:ChainB:ALA387	-62.988688	-43.846617	General
3ez2:ChainB:VAL388	-64.704340	-42.543241	General
3ez2:ChainB:PHE389	-61.195330	-46.980264	General
3ez2:ChainB:ASP390	-62.694104	-38.826572	General
3ez2:ChainB:ARG391	-66.151432	-44.981940	General
3ez2:ChainB:ILE392	-66.159530	-34.239903	General
3ez2:ChainB:GLU393	-63.610413	-43.090838	General
3ez2:ChainB:PHE394	-59.413707	-49.656901	General
3ez2:ChainB:ILE395	-60.848282	-46.924336	General
3ez2:ChainB:ARG396	-71.781964	-22.741382	General
3ez2:ChainB:SER397	-101.938361	2.120118	General
