3fhw:ChainA:THR3	-143.356703	121.686708	General
3fhw:ChainA:LEU4	-110.796367	125.014904	General
3fhw:ChainA:GLU5	-106.669048	128.103418	General
3fhw:ChainA:LEU6	-139.897454	133.383706	General
3fhw:ChainA:SER7	-86.521845	134.151131	General
3fhw:ChainA:ALA8	-154.249016	160.647023	General
3fhw:ChainA:ARG9	-114.261252	144.666144	General
3fhw:ChainA:VAL10	-74.933771	109.741337	General
3fhw:ChainA:LEU11	-85.498723	-42.943976	General
3fhw:ChainA:GLU12	-138.168076	145.229674	General
3fhw:ChainA:CYS13	-130.134212	116.209555	General
3fhw:ChainA:GLY14	-69.797974	167.808847	Glycine
3fhw:ChainA:HIS18	-144.027326	153.006151	General
3fhw:ChainA:THR19	-74.655778	160.875666	Pre-Pro
3fhw:ChainA:PRO20	-52.083430	-25.187066	Proline
3fhw:ChainA:ALA21	-87.972113	2.790988	General
3fhw:ChainA:GLY22	90.896598	8.192120	Glycine
3fhw:ChainA:LEU23	-80.779591	136.643785	Pre-Pro
3fhw:ChainA:PRO24	-49.796652	137.609317	Proline
3fhw:ChainA:ALA25	-142.450243	137.777766	General
3fhw:ChainA:LEU26	-139.479993	125.984933	General
3fhw:ChainA:GLU27	-97.218041	134.716308	General
3fhw:ChainA:LEU28	-123.696759	147.931244	General
3fhw:ChainA:LEU29	-102.889038	121.561584	General
3fhw:ChainA:LEU30	-114.552140	141.629398	General
3fhw:ChainA:VAL31	-118.561730	130.836394	General
3fhw:ChainA:HIS32	-116.452501	134.344084	General
3fhw:ChainA:GLU33	-136.178974	128.214204	General
3fhw:ChainA:SER34	-165.291511	170.715797	General
3fhw:ChainA:GLU35	-108.510831	130.230786	General
3fhw:ChainA:VAL36	-118.088324	175.729558	General
3fhw:ChainA:VAL37	-111.246970	125.816622	General
3fhw:ChainA:GLU38	-132.910730	122.703336	General
3fhw:ChainA:ALA39	47.387052	58.177855	General
3fhw:ChainA:ARG44	-98.545816	146.710713	General
3fhw:ChainA:VAL45	-123.378023	132.670813	General
3fhw:ChainA:GLU46	-121.093719	123.257138	General
3fhw:ChainA:LEU47	-133.499457	122.717409	General
3fhw:ChainA:THR48	-102.068094	131.515707	General
3fhw:ChainA:ILE49	-145.253484	132.932935	General
3fhw:ChainA:SER50	-74.507824	143.190994	General
3fhw:ChainA:ALA51	-134.824505	151.462566	General
3fhw:ChainA:VAL52	-136.311325	135.796926	General
3fhw:ChainA:ALA53	-116.583326	136.754856	General
3fhw:ChainA:LEU54	-115.831577	154.450653	General
3fhw:ChainA:GLY55	70.926512	-136.406922	Glycine
3fhw:ChainA:ASP56	-63.710889	-35.934373	General
3fhw:ChainA:LEU57	-65.042089	-36.888944	General
3fhw:ChainA:ALA58	-60.577909	-44.800223	General
3fhw:ChainA:LEU59	-60.554016	-45.348019	General
3fhw:ChainA:LEU60	-60.843979	-43.400186	General
3fhw:ChainA:LEU61	-81.119606	-1.744130	General
3fhw:ChainA:ALA62	-54.683113	135.407569	General
3fhw:ChainA:ASP63	60.279705	28.154397	General
3fhw:ChainA:THR64	-59.119003	121.898391	Pre-Pro
3fhw:ChainA:PRO65	-52.931175	144.615818	Proline
3fhw:ChainA:LEU66	-63.754185	140.088700	General
3fhw:ChainA:GLY67	94.195005	-14.007289	Glycine
3fhw:ChainA:THR68	-53.843394	132.729028	General
3fhw:ChainA:VAL72	-129.813725	158.516948	General
3fhw:ChainA:GLN73	-145.246616	138.953426	General
3fhw:ChainA:GLY74	-173.268747	-161.090966	Glycine
3fhw:ChainA:PHE75	-109.477527	152.741879	General
3fhw:ChainA:LEU76	-92.963142	144.159471	General
3fhw:ChainA:ALA77	-150.708008	153.362189	Pre-Pro
3fhw:ChainA:PRO78	-56.448334	145.513838	Proline
3fhw:ChainA:ALA79	-64.643245	-38.379341	General
3fhw:ChainA:ARG80	-146.077035	163.913162	General
3fhw:ChainA:LYS81	-55.679615	121.545124	General
3fhw:ChainA:ASP82	81.098772	9.409624	General
3fhw:ChainA:SER83	-83.285642	155.527717	General
3fhw:ChainA:VAL84	-85.533944	-37.091582	General
3fhw:ChainA:LYS85	-55.623413	128.729930	General
3fhw:ChainA:VAL86	-99.392734	157.679364	General
3fhw:ChainA:LYS87	-130.974113	140.795303	General
3fhw:ChainA:LEU88	-84.645551	118.990024	General
3fhw:ChainA:HIS89	-89.535550	104.040549	General
3fhw:ChainA:LEU90	-68.194435	129.574173	General
3fhw:ChainA:GLN91	-112.659555	-27.379401	General
3fhw:ChainA:GLN92	-142.324374	145.895686	General
3fhw:ChainA:ALA93	-153.053951	132.701968	General
3fhw:ChainA:ARG94	-137.955552	142.555401	General
3fhw:ChainA:ARG95	-78.635381	145.991491	General
3fhw:ChainA:ILE96	-79.121817	88.638744	General
3fhw:ChainA:ALA97	-69.257428	140.515981	General
3fhw:ChainA:GLY98	-131.660787	-174.233378	Glycine
3fhw:ChainB:THR3	-143.022900	122.734648	General
3fhw:ChainB:LEU4	-108.599049	129.082058	General
3fhw:ChainB:GLU5	-112.492090	127.006414	General
3fhw:ChainB:LEU6	-141.508335	133.895699	General
3fhw:ChainB:SER7	-89.142353	135.175549	General
3fhw:ChainB:ALA8	-156.223449	161.557056	General
3fhw:ChainB:ARG9	-116.627352	147.331425	General
3fhw:ChainB:VAL10	-77.510108	118.174185	General
3fhw:ChainB:LEU11	-96.121156	-35.026082	General
3fhw:ChainB:GLU12	-141.133584	140.567007	General
3fhw:ChainB:CYS13	-127.128815	121.017475	General
3fhw:ChainB:GLY14	-70.221244	172.071092	Glycine
3fhw:ChainB:HIS18	-142.181316	153.939313	General
3fhw:ChainB:THR19	-76.075674	159.241665	Pre-Pro
3fhw:ChainB:PRO20	-50.839168	-28.487282	Proline
3fhw:ChainB:ALA21	-87.590785	4.776523	General
3fhw:ChainB:GLY22	90.052000	9.978804	Glycine
3fhw:ChainB:LEU23	-80.964874	139.907872	Pre-Pro
3fhw:ChainB:PRO24	-49.577140	137.801021	Proline
3fhw:ChainB:ALA25	-142.996594	138.979793	General
3fhw:ChainB:LEU26	-141.423198	130.796718	General
3fhw:ChainB:GLU27	-105.916852	134.752168	General
3fhw:ChainB:LEU28	-121.169690	154.005226	General
3fhw:ChainB:LEU29	-107.328956	123.574354	General
3fhw:ChainB:LEU30	-116.793082	140.578859	General
3fhw:ChainB:VAL31	-116.294606	131.835538	General
3fhw:ChainB:HIS32	-113.967632	132.013937	General
3fhw:ChainB:GLU33	-136.557013	121.925758	General
3fhw:ChainB:SER34	-157.951482	177.419934	General
3fhw:ChainB:GLU35	-120.246472	137.913381	General
3fhw:ChainB:VAL36	-124.205559	-179.446239	General
3fhw:ChainB:VAL37	-103.899994	117.151928	General
3fhw:ChainB:GLU38	-123.071320	105.192813	General
3fhw:ChainB:ALA39	-53.188245	115.523237	General
3fhw:ChainB:ARG44	-91.890140	133.059418	General
3fhw:ChainB:VAL45	-121.871648	129.218790	General
3fhw:ChainB:GLU46	-124.469426	117.955717	General
3fhw:ChainB:LEU47	-127.192808	127.255701	General
3fhw:ChainB:THR48	-106.484502	129.907713	General
3fhw:ChainB:ILE49	-143.924846	136.202182	General
3fhw:ChainB:SER50	-78.881241	140.816901	General
3fhw:ChainB:ALA51	-130.816077	146.077780	General
3fhw:ChainB:VAL52	-132.037162	134.125322	General
3fhw:ChainB:ALA53	-114.892510	140.722636	General
3fhw:ChainB:LEU54	-120.980948	152.880444	General
3fhw:ChainB:GLY55	71.756569	-135.450904	Glycine
3fhw:ChainB:ASP56	-65.320772	-34.854497	General
3fhw:ChainB:LEU57	-65.147538	-36.171338	General
3fhw:ChainB:ALA58	-60.502590	-46.169153	General
3fhw:ChainB:LEU59	-62.177352	-43.767445	General
3fhw:ChainB:LEU60	-60.288957	-38.686672	General
3fhw:ChainB:LEU61	-85.538204	-6.083956	General
3fhw:ChainB:ALA62	-50.035541	134.897082	General
3fhw:ChainB:ASP63	61.567455	28.530687	General
3fhw:ChainB:THR64	-60.511576	123.244254	Pre-Pro
3fhw:ChainB:PRO65	-57.125999	141.400457	Proline
3fhw:ChainB:LEU66	-62.170077	137.737116	General
3fhw:ChainB:GLY67	99.337972	-14.639920	Glycine
3fhw:ChainB:THR68	-57.001444	127.764471	General
3fhw:ChainB:VAL72	-122.655956	159.052331	General
3fhw:ChainB:GLN73	-145.574359	143.062751	General
3fhw:ChainB:GLY74	178.541652	-166.938346	Glycine
3fhw:ChainB:PHE75	-103.782594	150.422252	General
3fhw:ChainB:LEU76	-91.046099	143.595808	General
3fhw:ChainB:ALA77	-151.775061	150.728479	Pre-Pro
3fhw:ChainB:PRO78	-61.728023	149.849370	Proline
3fhw:ChainB:ALA79	-63.287350	-32.597460	General
3fhw:ChainB:ARG80	-164.129164	176.298552	General
3fhw:ChainB:LYS81	-55.521264	127.874195	General
3fhw:ChainB:ASP82	61.511866	12.023218	General
3fhw:ChainB:SER83	-69.586244	143.771474	General
3fhw:ChainB:VAL84	-88.637559	-15.677812	General
3fhw:ChainB:LYS85	-78.543509	129.793882	General
3fhw:ChainB:VAL86	-104.027570	158.960691	General
3fhw:ChainB:LYS87	-134.901674	135.404334	General
3fhw:ChainB:LEU88	-84.557742	118.683131	General
3fhw:ChainB:HIS89	-90.716702	102.396976	General
3fhw:ChainB:LEU90	-63.601211	129.394605	General
3fhw:ChainB:GLN91	-113.840447	-26.598064	General
3fhw:ChainB:GLN92	-141.900552	143.885863	General
3fhw:ChainB:ALA93	-149.586623	135.818010	General
3fhw:ChainB:ARG94	-140.006114	137.458833	General
3fhw:ChainB:ARG95	-72.987902	146.263144	General
3fhw:ChainB:ILE96	-80.273500	94.779171	General
3fhw:ChainB:ALA97	-73.146076	136.753670	General
3fhw:ChainB:GLY98	-127.580056	-177.511329	Glycine
