3hth:ChainA:GLU8	-88.699206	-8.905602	General
3hth:ChainA:ARG9	-87.784092	-38.752980	General
3hth:ChainA:ARG10	-58.324838	-44.053785	General
3hth:ChainA:GLN11	-66.664406	-36.349554	General
3hth:ChainA:ARG12	-68.834102	-34.400934	General
3hth:ChainA:ILE13	-69.670503	-36.647551	General
3hth:ChainA:ILE14	-65.939391	-63.360324	General
3hth:ChainA:ASP15	-42.306659	-34.431288	General
3hth:ChainA:ALA16	-66.866920	-51.533066	General
3hth:ChainA:ALA17	-55.915897	-42.823856	General
3hth:ChainA:ILE18	-59.880940	-32.385844	General
3hth:ChainA:ARG19	-74.527049	-42.050616	General
3hth:ChainA:VAL20	-58.055261	-47.196506	General
3hth:ChainA:VAL21	-66.739742	-46.133876	General
3hth:ChainA:GLY22	-52.381915	-25.128838	Glycine
3hth:ChainA:GLN23	-110.477081	-41.462378	General
3hth:ChainA:LYS24	-108.842528	4.573460	General
3hth:ChainA:GLY25	65.537666	179.229913	Glycine
3hth:ChainA:ILE26	-57.338340	-25.923963	General
3hth:ChainA:ALA27	-60.631660	-40.976844	General
3hth:ChainA:GLY28	-73.444097	-9.934771	Glycine
3hth:ChainA:LEU29	-76.944592	106.979411	General
3hth:ChainA:SER30	-135.849248	30.895227	General
3hth:ChainA:HIS31	63.591228	-31.196866	General
3hth:ChainA:ARG32	-103.083809	-24.906417	General
3hth:ChainA:THR33	-75.230747	-39.035885	General
3hth:ChainA:VAL34	-67.974906	-60.521463	General
3hth:ChainA:ALA35	-49.126500	-28.762512	General
3hth:ChainA:ALA36	-79.007878	-39.238581	General
3hth:ChainA:GLU37	-72.658901	-29.731601	General
3hth:ChainA:ALA38	-98.824934	10.250756	General
3hth:ChainA:ASP39	42.142395	63.161742	General
3hth:ChainA:VAL40	-130.811100	151.581490	Pre-Pro
3hth:ChainA:PRO41	-49.440268	126.869680	Proline
3hth:ChainA:LEU42	-48.122975	132.164388	General
3hth:ChainA:GLY43	83.670481	-25.764038	Glycine
3hth:ChainA:SER44	-51.142531	-25.581384	General
3hth:ChainA:THR45	-64.930958	-28.212741	General
3hth:ChainA:THR46	-69.187043	-22.967040	General
3hth:ChainA:TYR47	-65.736855	-33.901295	General
3hth:ChainA:HIS48	-96.413368	-39.622096	General
3hth:ChainA:PHE49	-125.710732	105.204163	General
3hth:ChainA:ALA50	-59.002593	-69.306561	General
3hth:ChainA:THR51	-91.962396	162.273707	General
3hth:ChainA:LEU52	-62.836237	-34.753689	General
3hth:ChainA:ASP53	-54.718440	-41.639323	General
3hth:ChainA:ASP54	-66.361977	-39.684978	General
3hth:ChainA:LEU55	-57.048547	-58.628417	General
3hth:ChainA:MET56	-56.799658	-41.491141	General
3hth:ChainA:VAL57	-61.268012	-35.277563	General
3hth:ChainA:ALA58	-72.270863	-47.153135	General
3hth:ChainA:ALA59	-58.016496	-44.025440	General
3hth:ChainA:LEU60	-67.677173	-38.500102	General
3hth:ChainA:ARG61	-66.178021	-30.925449	General
3hth:ChainA:GLN62	-81.271202	-41.955595	General
3hth:ChainA:ALA63	-66.717629	-39.252124	General
3hth:ChainA:ASN64	-57.703444	-13.280194	General
3hth:ChainA:GLU65	-79.353807	-18.640481	General
3hth:ChainA:GLY66	-50.186535	-51.481323	Glycine
3hth:ChainA:PHE67	-54.545192	-37.064405	General
3hth:ChainA:ALA68	-63.038080	-39.174063	General
3hth:ChainA:ARG69	-61.103619	-47.736329	General
3hth:ChainA:VAL70	-62.573924	-24.237996	General
3hth:ChainA:VAL71	-78.029820	-29.177814	General
3hth:ChainA:ALA72	-70.795281	-44.273216	General
3hth:ChainA:ALA73	-75.536473	-2.339190	General
3hth:ChainA:HIS74	-133.959460	80.990670	Pre-Pro
3hth:ChainA:PRO75	-61.990191	-24.178840	Proline
3hth:ChainA:ALA76	-54.085419	-15.749754	General
3hth:ChainA:LEU77	-90.636934	-19.991261	General
3hth:ChainA:SER78	-92.204796	-13.006702	General
3hth:ChainA:ASP79	-70.913122	104.571715	Pre-Pro
3hth:ChainA:PRO80	-53.058919	-22.991750	Proline
3hth:ChainA:GLU81	-106.736548	50.878779	General
3hth:ChainA:ALA82	-146.511004	143.335471	General
3hth:ChainA:ASP83	-58.768281	92.564211	General
3hth:ChainA:LEU84	-56.899320	-45.250692	General
3hth:ChainA:SER85	-50.436570	-61.432607	General
3hth:ChainA:GLY86	-64.491995	-36.477284	Glycine
3hth:ChainA:GLU87	-64.276703	-45.477429	General
3hth:ChainA:LEU88	-64.877856	-48.650941	General
3hth:ChainA:ALA89	-52.040186	-27.868392	General
3hth:ChainA:ARG90	-76.789973	-58.826190	General
3hth:ChainA:VAL91	-53.524171	-27.206294	General
3hth:ChainA:LEU92	-76.268943	-37.359924	General
3hth:ChainA:GLY93	-72.599258	-26.928103	Glycine
3hth:ChainA:GLU94	-69.596972	-46.704048	General
3hth:ChainA:TRP95	-66.940047	-36.488271	General
3hth:ChainA:LEU96	-89.712263	-0.863186	General
3hth:ChainA:GLY97	-106.133137	-16.762747	Glycine
3hth:ChainA:GLY98	-118.143330	97.911759	Glycine
3hth:ChainA:ASP99	58.299488	110.101379	General
3hth:ChainA:ARG100	-79.084605	-5.208585	General
3hth:ChainA:THR101	-62.297258	-32.140734	General
3hth:ChainA:GLY102	-73.262569	-51.267326	Glycine
3hth:ChainA:VAL103	-57.105147	-41.446322	General
3hth:ChainA:GLU104	-69.486115	-52.632366	General
3hth:ChainA:LEU105	-60.597168	-36.791834	General
3hth:ChainA:GLU106	-67.683491	-44.822563	General
3hth:ChainA:TYR107	-63.610460	-46.798883	General
3hth:ChainA:GLU108	-53.829320	-45.615980	General
3hth:ChainA:LEU109	-63.336930	-45.775750	General
3hth:ChainA:TYR110	-62.739817	-50.165281	General
3hth:ChainA:LEU111	-66.698337	-14.991763	General
3hth:ChainA:ALA112	-66.299347	-24.092873	General
3hth:ChainA:ALA113	-53.099673	-33.160900	General
3hth:ChainA:LEU114	-33.019505	-47.276884	General
3hth:ChainA:ARG115	-127.315687	11.456578	General
3hth:ChainA:ARG116	-124.172562	83.503705	Pre-Pro
3hth:ChainA:PRO117	-34.594726	-33.926436	Proline
3hth:ChainA:ALA118	-48.030325	-55.843400	General
3hth:ChainA:LEU119	-66.319373	-17.045749	General
3hth:ChainA:ARG120	-50.453222	-56.563009	Pre-Pro
3hth:ChainA:PRO121	-52.270945	-42.711654	Proline
3hth:ChainA:VAL122	-62.126766	-51.487866	General
3hth:ChainA:ALA123	-56.827472	-29.053729	General
3hth:ChainA:ALA124	-82.972609	-30.806343	General
3hth:ChainA:GLU125	-56.930064	-63.526024	General
3hth:ChainA:TRP126	-53.836253	-28.381154	General
3hth:ChainA:ALA127	-66.290269	-37.582585	General
3hth:ChainA:GLU128	-87.983972	-31.670417	General
3hth:ChainA:GLY129	-51.239370	-62.791914	Glycine
3hth:ChainA:VAL130	-55.297406	-32.466839	General
3hth:ChainA:GLY131	-61.993842	-79.743026	Glycine
3hth:ChainA:ALA132	-47.333351	-42.208850	General
3hth:ChainA:LEU133	-54.477171	-1.712468	General
3hth:ChainA:LEU134	-170.036764	28.150429	General
3hth:ChainA:ALA135	-108.503365	-47.429032	General
3hth:ChainA:ALA136	-44.426848	-19.595694	General
3hth:ChainA:ARG137	-73.246078	49.074653	General
3hth:ChainA:THR138	52.011180	159.087605	General
3hth:ChainA:ASP139	75.061545	107.883366	Pre-Pro
3hth:ChainA:PRO140	-67.947891	-46.989337	Proline
3hth:ChainA:THR141	-52.678992	-66.477980	General
3hth:ChainA:THR142	-43.249167	-31.643089	General
3hth:ChainA:ALA143	-61.630213	-54.732476	General
3hth:ChainA:ARG144	-77.596081	-26.937098	General
3hth:ChainA:ALA145	-72.657515	-22.223267	General
3hth:ChainA:LEU146	-63.464192	-45.351552	General
3hth:ChainA:VAL147	-62.685059	-48.836411	General
3hth:ChainA:ALA148	-60.445392	-43.955506	General
3hth:ChainA:VAL149	-64.922180	-31.262030	General
3hth:ChainA:LEU150	-67.860118	-52.816056	General
3hth:ChainA:ASP151	-52.133793	-49.973979	General
3hth:ChainA:GLY152	-58.885309	-52.795957	Glycine
3hth:ChainA:ILE153	-54.789592	-37.511728	General
3hth:ChainA:CYS154	-71.024322	-60.293995	General
3hth:ChainA:LEU155	-55.825582	-29.814561	General
3hth:ChainA:GLN156	-62.493083	-27.282311	General
3hth:ChainA:VAL157	-87.819588	-61.636466	General
3hth:ChainA:LEU158	-54.159107	-31.996098	General
3hth:ChainA:LEU159	-92.235823	-30.616295	General
3hth:ChainA:THR160	-96.227109	-10.523753	General
3hth:ChainA:ASP161	62.657743	49.828107	General
3hth:ChainA:THR162	-127.657600	132.074694	Pre-Pro
3hth:ChainA:PRO163	-43.675356	149.825103	Proline
3hth:ChainA:TYR164	-77.546486	105.269120	General
3hth:ChainA:ASP165	-83.768828	101.383947	General
3hth:ChainA:GLU166	-59.670369	-50.619413	General
3hth:ChainA:GLU167	-62.697223	-28.060093	General
3hth:ChainA:TYR168	-69.988783	-47.042730	General
3hth:ChainA:ALA169	-58.512174	-46.797364	General
3hth:ChainA:ARG170	-56.578915	-45.508376	General
3hth:ChainA:GLU171	-56.998917	-54.744821	General
3hth:ChainA:VAL172	-55.174772	-49.752262	General
3hth:ChainA:LEU173	-59.339116	-47.378732	General
3hth:ChainA:THR174	-58.181900	-37.229240	General
3hth:ChainA:ARG175	-66.915751	-29.224847	General
3hth:ChainA:LEU176	-79.082184	-47.428965	General
3hth:ChainB:ASP6	-173.620992	44.055441	Pre-Pro
3hth:ChainB:PRO7	-27.227044	-39.744184	Proline
3hth:ChainB:GLU8	-90.595431	-43.533966	General
3hth:ChainB:ARG9	-55.723194	-39.655283	General
3hth:ChainB:ARG10	-65.689692	-48.024029	General
3hth:ChainB:GLN11	-60.352029	-44.050392	General
3hth:ChainB:ARG12	-58.332519	-45.103829	General
3hth:ChainB:ILE13	-57.132320	-46.326476	General
3hth:ChainB:ILE14	-60.761018	-51.416405	General
3hth:ChainB:ASP15	-52.804418	-41.507060	General
3hth:ChainB:ALA16	-70.631253	-24.486900	General
3hth:ChainB:ALA17	-70.081914	-48.299360	General
3hth:ChainB:ILE18	-60.654600	-44.142227	General
3hth:ChainB:ARG19	-62.807997	-42.582655	General
3hth:ChainB:VAL20	-65.099647	-41.495280	General
3hth:ChainB:VAL21	-63.578187	-52.683462	General
3hth:ChainB:GLY22	-56.065924	-32.589368	Glycine
3hth:ChainB:GLN23	-85.358407	-53.000224	General
3hth:ChainB:LYS24	-108.705031	-4.777488	General
3hth:ChainB:GLY25	78.927542	165.035548	Glycine
3hth:ChainB:ILE26	-45.451518	-24.890951	General
3hth:ChainB:ALA27	-74.249607	-26.601150	General
3hth:ChainB:GLY28	-97.655876	31.426532	Glycine
3hth:ChainB:LEU29	-114.102134	94.465682	General
3hth:ChainB:SER30	-128.426841	168.908549	General
3hth:ChainB:HIS31	-62.849268	-36.981553	General
3hth:ChainB:ARG32	-63.527194	-39.008610	General
3hth:ChainB:THR33	-78.315432	-29.768330	General
3hth:ChainB:VAL34	-74.029598	-37.639336	General
3hth:ChainB:ALA35	-60.486405	-45.673719	General
3hth:ChainB:ALA36	-63.903611	-58.289609	General
3hth:ChainB:GLU37	-58.719984	-29.095937	General
3hth:ChainB:ALA38	-88.114903	-19.296099	General
3hth:ChainB:ASP39	59.140073	49.995704	General
3hth:ChainB:VAL40	-129.657242	163.348515	Pre-Pro
3hth:ChainB:PRO41	-72.220085	139.334038	Proline
3hth:ChainB:LEU42	-42.813016	-45.139113	General
3hth:ChainB:GLY43	-59.141192	-29.206109	Glycine
3hth:ChainB:SER44	-70.493716	-33.202671	General
3hth:ChainB:THR45	-71.125778	-51.492949	General
3hth:ChainB:THR46	-65.620502	-22.421269	General
3hth:ChainB:TYR47	-73.202086	-48.324112	General
3hth:ChainB:HIS48	-78.584095	-28.069371	General
3hth:ChainB:PHE49	-135.508302	90.753846	General
3hth:ChainB:ALA50	-52.306194	-48.714982	General
3hth:ChainB:THR51	-107.618207	161.219639	General
3hth:ChainB:LEU52	-65.824950	-35.684550	General
3hth:ChainB:ASP53	-58.366622	-42.100389	General
3hth:ChainB:ASP54	-57.757922	-46.166223	General
3hth:ChainB:LEU55	-64.807685	-39.960744	General
3hth:ChainB:MET56	-70.693064	-40.538986	General
3hth:ChainB:VAL57	-59.386490	-40.629736	General
3hth:ChainB:ALA58	-71.003084	-37.675558	General
3hth:ChainB:ALA59	-63.834150	-53.492312	General
3hth:ChainB:LEU60	-59.290397	-43.303296	General
3hth:ChainB:ARG61	-52.914130	-37.960098	General
3hth:ChainB:GLN62	-77.632645	-34.849107	General
3hth:ChainB:ALA63	-62.738881	-37.469423	General
3hth:ChainB:ASN64	-61.994933	-39.797333	General
3hth:ChainB:GLU65	-44.851411	-36.268345	General
3hth:ChainB:GLY66	-72.834579	-28.320973	Glycine
3hth:ChainB:PHE67	-61.937925	-47.841938	General
3hth:ChainB:ALA68	-49.731023	-52.137954	General
3hth:ChainB:ARG69	-52.632254	-39.372522	General
3hth:ChainB:VAL70	-65.027443	-38.809195	General
3hth:ChainB:VAL71	-68.464396	-30.550603	General
3hth:ChainB:ALA72	-71.233400	-33.158939	General
3hth:ChainB:ALA73	-81.936717	-13.659785	General
3hth:ChainB:HIS74	-117.885631	82.196144	Pre-Pro
3hth:ChainB:PRO75	-53.845240	-24.598544	Proline
3hth:ChainB:ALA76	-60.550977	-25.438461	General
3hth:ChainB:LEU77	-70.996725	-24.864426	General
3hth:ChainB:SER78	-102.965427	-15.161844	General
3hth:ChainB:ASP79	-75.248782	100.483374	Pre-Pro
3hth:ChainB:PRO80	-64.936239	20.605622	Proline
3hth:ChainB:GLU81	-115.821779	0.426537	General
3hth:ChainB:ALA82	-112.391375	159.655602	General
3hth:ChainB:ASP83	-72.820896	109.567493	General
3hth:ChainB:LEU84	-58.016008	-48.959092	General
3hth:ChainB:SER85	-53.360582	-63.635669	General
3hth:ChainB:GLY86	-54.981864	-35.302604	Glycine
3hth:ChainB:GLU87	-70.951576	-43.514137	General
3hth:ChainB:LEU88	-64.502601	-50.595673	General
3hth:ChainB:ALA89	-50.492166	-41.264293	General
3hth:ChainB:ARG90	-63.593820	-51.682090	General
3hth:ChainB:VAL91	-55.805625	-41.490825	General
3hth:ChainB:LEU92	-63.239455	-45.307146	General
3hth:ChainB:GLY93	-51.797287	-49.000671	Glycine
3hth:ChainB:GLU94	-62.511243	-43.025187	General
3hth:ChainB:TRP95	-65.468541	-47.224097	General
3hth:ChainB:LEU96	-62.944581	-41.031912	General
3hth:ChainB:GLY97	-93.461190	116.603343	Glycine
3hth:ChainB:GLY98	124.769260	71.601001	Glycine
3hth:ChainB:ASP99	71.113502	97.996344	General
3hth:ChainB:ARG100	-76.318025	-9.620951	General
3hth:ChainB:THR101	-61.346240	-43.743871	General
3hth:ChainB:GLY102	-64.969305	-41.638939	Glycine
3hth:ChainB:VAL103	-68.046192	-51.524864	General
3hth:ChainB:GLU104	-60.499210	-46.446516	General
3hth:ChainB:LEU105	-50.651156	-60.669165	General
3hth:ChainB:GLU106	-57.008179	-42.484806	General
3hth:ChainB:TYR107	-67.367398	-35.125524	General
3hth:ChainB:GLU108	-64.579135	-46.436932	General
3hth:ChainB:LEU109	-60.076133	-47.833017	General
3hth:ChainB:TYR110	-58.070753	-53.704461	General
3hth:ChainB:LEU111	-63.224820	-22.232912	General
3hth:ChainB:ALA112	-60.807135	-22.933372	General
3hth:ChainB:ALA113	-57.239368	-20.199669	General
3hth:ChainB:LEU114	-53.487779	-43.633733	General
3hth:ChainB:ARG115	-106.239691	-31.599472	General
3hth:ChainB:ARG116	-94.689159	100.060228	Pre-Pro
3hth:ChainB:PRO117	-51.766701	-29.491387	Proline
3hth:ChainB:ALA118	-55.530370	-45.741422	General
3hth:ChainB:LEU119	-70.682651	-12.738689	General
3hth:ChainB:ARG120	-61.791736	-43.964609	Pre-Pro
3hth:ChainB:PRO121	-68.413010	-32.929892	Proline
3hth:ChainB:VAL122	-75.767436	-22.213605	General
3hth:ChainB:ALA123	-76.228742	-50.725299	General
3hth:ChainB:ALA124	-54.076390	-35.000741	General
3hth:ChainB:GLU125	-53.494496	-59.739564	General
3hth:ChainB:TRP126	-43.173937	-53.617181	General
3hth:ChainB:ALA127	-60.214372	-47.342476	General
3hth:ChainB:GLU128	-66.497099	-25.322906	General
3hth:ChainB:GLY129	-91.931307	-13.951690	Glycine
3hth:ChainB:VAL130	-93.806425	-34.823938	General
3hth:ChainB:GLY131	-75.020325	-20.202047	Glycine
3hth:ChainB:ALA132	-52.707336	-47.298611	General
3hth:ChainB:LEU133	-69.026977	-25.575735	General
3hth:ChainB:LEU134	-92.160380	-31.200370	General
3hth:ChainB:ALA135	-74.609261	-28.967745	General
3hth:ChainB:ALA136	-68.800244	-16.537978	General
3hth:ChainB:ARG137	-104.498882	-55.967765	General
3hth:ChainB:THR138	-103.940059	-172.842320	General
3hth:ChainB:ASP139	-65.079285	177.472702	Pre-Pro
3hth:ChainB:PRO140	-80.484911	-32.321312	Proline
3hth:ChainB:THR141	-70.473060	-30.883970	General
3hth:ChainB:THR142	-76.661142	-22.719670	General
3hth:ChainB:ALA143	-75.051608	-51.361332	General
3hth:ChainB:ARG144	-53.527449	-40.131824	General
3hth:ChainB:ALA145	-61.721356	-63.333494	General
3hth:ChainB:LEU146	-44.332645	-52.346504	General
3hth:ChainB:VAL147	-55.252773	-36.964696	General
3hth:ChainB:ALA148	-70.766772	-52.977716	General
3hth:ChainB:VAL149	-59.437771	-47.832505	General
3hth:ChainB:LEU150	-51.139816	-41.682310	General
3hth:ChainB:ASP151	-65.160703	-45.392025	General
3hth:ChainB:GLY152	-64.202612	-24.754291	Glycine
3hth:ChainB:ILE153	-76.624976	-35.270444	General
3hth:ChainB:CYS154	-72.747104	-43.226605	General
3hth:ChainB:LEU155	-63.879981	-35.074473	General
3hth:ChainB:GLN156	-66.082235	-28.675285	General
3hth:ChainB:VAL157	-84.196812	-45.826310	General
3hth:ChainB:LEU158	-69.377593	-32.115002	General
3hth:ChainB:LEU159	-87.046521	-48.943698	General
3hth:ChainB:THR160	-80.153058	-11.785704	General
3hth:ChainB:ASP161	59.856245	42.997830	General
3hth:ChainB:THR162	-119.489586	127.751219	Pre-Pro
3hth:ChainB:PRO163	-43.117275	152.531265	Proline
3hth:ChainB:TYR164	-74.624825	126.085751	General
3hth:ChainB:ASP165	-108.638985	98.555406	General
3hth:ChainB:GLU166	-57.812539	-38.898215	General
3hth:ChainB:GLU167	-68.752737	-43.460510	General
3hth:ChainB:TYR168	-59.278387	-47.673409	General
3hth:ChainB:ALA169	-55.576673	-45.647353	General
3hth:ChainB:ARG170	-63.579105	-35.622923	General
3hth:ChainB:GLU171	-71.390259	-48.830471	General
3hth:ChainB:VAL172	-64.249127	-36.916220	General
3hth:ChainB:LEU173	-66.383474	-32.253972	General
3hth:ChainB:THR174	-69.693630	-36.891762	General
3hth:ChainB:ARG175	-60.546420	-17.955447	General
3hth:ChainB:LEU176	-92.631939	-42.951938	General
3hth:ChainC:ARG9	-74.698679	-37.798067	General
3hth:ChainC:ARG10	-57.252837	-47.497384	General
3hth:ChainC:GLN11	-61.603901	-31.870489	General
3hth:ChainC:ARG12	-82.237922	-15.642601	General
3hth:ChainC:ILE13	-85.840221	-26.543874	General
3hth:ChainC:ILE14	-67.647622	-41.361952	General
3hth:ChainC:ASP15	-63.585145	-39.810593	General
3hth:ChainC:ALA16	-68.714467	-33.761189	General
3hth:ChainC:ALA17	-68.045262	-42.019545	General
3hth:ChainC:ILE18	-60.714405	-37.636191	General
3hth:ChainC:ARG19	-61.816338	-55.580407	General
3hth:ChainC:VAL20	-53.628389	-29.179222	General
3hth:ChainC:VAL21	-71.095328	-49.825654	General
3hth:ChainC:GLY22	-69.059183	2.883130	Glycine
3hth:ChainC:GLN23	-135.249070	15.141067	General
3hth:ChainC:LYS24	-179.620604	6.262498	General
3hth:ChainC:GLY25	70.661043	-177.281537	Glycine
3hth:ChainC:ILE26	-66.894649	-32.886168	General
3hth:ChainC:ALA27	-68.655627	-21.144475	General
3hth:ChainC:GLY28	-100.347546	30.986656	Glycine
3hth:ChainC:LEU29	-117.779799	128.740842	General
3hth:ChainC:SER30	-165.218984	153.907720	General
3hth:ChainC:HIS31	-45.772555	-42.267757	General
3hth:ChainC:ARG32	-54.697331	-52.170941	General
3hth:ChainC:THR33	-73.505476	-34.645481	General
3hth:ChainC:VAL34	-71.739571	-43.135547	General
3hth:ChainC:ALA35	-57.330054	-40.705793	General
3hth:ChainC:ALA36	-62.103310	-63.562780	General
3hth:ChainC:GLU37	-53.538210	-30.095843	General
3hth:ChainC:ALA38	-86.099391	-15.378032	General
3hth:ChainC:ASP39	60.854622	41.924564	General
3hth:ChainC:VAL40	-121.317409	165.486718	Pre-Pro
3hth:ChainC:PRO41	-52.249586	123.020228	Proline
3hth:ChainC:LEU42	-44.209805	-5.404651	General
3hth:ChainC:GLY43	-127.881302	-12.862037	Glycine
3hth:ChainC:SER44	-66.995560	-25.256697	General
3hth:ChainC:THR45	-74.435415	-36.958119	General
3hth:ChainC:THR46	-69.282402	-30.856033	General
3hth:ChainC:TYR47	-64.179837	-61.002181	General
3hth:ChainC:HIS48	-64.565115	-25.801703	General
3hth:ChainC:PHE49	-136.768774	95.244001	General
3hth:ChainC:ALA50	-51.038697	-66.204646	General
3hth:ChainC:THR51	-94.260392	167.869800	General
3hth:ChainC:LEU52	-69.361947	-36.473129	General
3hth:ChainC:ASP53	-55.865852	-44.531332	General
3hth:ChainC:ASP54	-53.374983	-46.235474	General
3hth:ChainC:LEU55	-60.728949	-57.727157	General
3hth:ChainC:MET56	-50.672263	-64.597288	General
3hth:ChainC:VAL57	-44.063551	-43.734380	General
3hth:ChainC:ALA58	-60.037323	-75.956636	General
3hth:ChainC:ALA59	-45.766027	-55.451934	General
3hth:ChainC:LEU60	-56.151286	-35.593642	General
3hth:ChainC:ARG61	-68.502694	-38.694599	General
3hth:ChainC:GLN62	-89.049317	28.996314	General
3hth:ChainC:ALA63	-116.868143	-35.589859	General
3hth:ChainC:ASN64	21.327136	76.621494	General
3hth:ChainC:GLU65	-114.771074	-99.996041	General
3hth:ChainC:GLY66	72.953950	-55.191521	Glycine
3hth:ChainC:PHE67	154.501111	-30.004970	General
3hth:ChainC:ALA68	-62.419387	-28.473261	General
3hth:ChainC:ARG69	-72.097501	-48.340349	General
3hth:ChainC:VAL70	-48.961260	-63.678118	General
3hth:ChainC:VAL71	-48.853309	-31.301008	General
3hth:ChainC:ALA72	-69.910198	-23.565661	General
3hth:ChainC:ALA73	-91.264869	-10.680675	General
3hth:ChainC:HIS74	-111.994027	92.193941	Pre-Pro
3hth:ChainC:PRO75	-60.926825	-22.283182	Proline
3hth:ChainC:ALA76	-54.384973	-34.284889	General
3hth:ChainC:LEU77	-64.698880	-41.614121	General
3hth:ChainC:SER78	-85.066579	-26.384588	General
3hth:ChainC:ASP79	-44.893332	113.796055	Pre-Pro
3hth:ChainC:PRO80	-50.114628	-28.971724	Proline
3hth:ChainC:GLU81	-122.403092	37.966045	General
3hth:ChainC:ALA82	-100.448020	173.639467	General
3hth:ChainC:ASP83	-87.762484	113.944278	General
3hth:ChainC:LEU84	-59.890845	-52.146798	General
3hth:ChainC:SER85	-65.454189	-48.321799	General
3hth:ChainC:GLY86	-51.066157	-56.872372	Glycine
3hth:ChainC:GLU87	-64.413984	-41.828563	General
3hth:ChainC:LEU88	-58.507871	-48.406774	General
3hth:ChainC:ALA89	-60.114781	-45.089484	General
3hth:ChainC:ARG90	-63.070034	-43.974746	General
3hth:ChainC:VAL91	-71.035862	-35.118284	General
3hth:ChainC:LEU92	-62.001380	-46.880991	General
3hth:ChainC:GLY93	-53.239826	-42.297587	Glycine
3hth:ChainC:GLU94	-62.791774	-30.281957	General
3hth:ChainC:TRP95	-71.341644	-41.986147	General
3hth:ChainC:LEU96	-90.884835	-39.433754	General
3hth:ChainC:GLY97	-72.031305	132.856257	Glycine
3hth:ChainC:GLY98	59.624168	103.023559	Glycine
3hth:ChainC:ASP99	70.301426	110.205005	General
3hth:ChainC:ARG100	-112.258421	26.088216	General
3hth:ChainC:THR101	-70.260991	-41.722581	General
3hth:ChainC:GLY102	-64.649249	-52.463964	Glycine
3hth:ChainC:VAL103	-54.252252	-47.943752	General
3hth:ChainC:GLU104	-57.377080	-50.754189	General
3hth:ChainC:LEU105	-53.778604	-48.240564	General
3hth:ChainC:GLU106	-69.407433	-26.776729	General
3hth:ChainC:TYR107	-91.057856	9.048752	General
3hth:ChainC:GLU108	-107.973410	-29.031472	General
3hth:ChainC:LEU109	-64.155943	-47.557050	General
3hth:ChainC:TYR110	-64.271438	-26.889474	General
3hth:ChainC:LEU111	-66.207899	-75.052433	General
3hth:ChainC:ALA112	-45.538210	-40.079030	General
3hth:ChainC:ALA113	-50.399436	-34.684190	General
3hth:ChainC:LEU114	-61.704841	-49.525631	General
3hth:ChainC:ARG115	-93.978657	-3.747973	General
3hth:ChainC:ARG116	-140.999762	86.257780	Pre-Pro
3hth:ChainC:PRO117	-43.910347	-33.957302	Proline
3hth:ChainC:ALA118	-52.602320	-17.934860	General
3hth:ChainC:LEU119	-101.240606	-9.061242	General
3hth:ChainC:ARG120	-52.335055	-43.925671	Pre-Pro
3hth:ChainC:PRO121	-70.980603	-37.654839	Proline
3hth:ChainC:VAL122	-68.639373	-32.790652	General
3hth:ChainC:ALA123	-61.684941	-46.507389	General
3hth:ChainC:ALA124	-60.164314	-40.507284	General
3hth:ChainC:GLU125	-56.975150	-43.701899	General
3hth:ChainC:TRP126	-62.942019	-50.390766	General
3hth:ChainC:ALA127	-60.762980	-31.903589	General
3hth:ChainC:GLU128	-27.673377	-73.217856	General
3hth:ChainC:GLY129	-37.102890	-53.393370	Glycine
3hth:ChainC:VAL130	-62.197959	-43.069182	General
3hth:ChainC:GLY131	-65.242639	-37.846320	Glycine
3hth:ChainC:ALA132	-61.780307	-47.579178	General
3hth:ChainC:LEU133	-69.211956	-46.269590	General
3hth:ChainC:LEU134	-57.109682	-46.507467	General
3hth:ChainC:ALA135	-54.217609	-48.518571	General
3hth:ChainC:ALA136	-55.201841	-43.958176	General
3hth:ChainC:ARG137	-74.371732	-22.272716	General
3hth:ChainC:THR138	-136.266114	-113.232449	General
3hth:ChainC:ASP139	-146.188027	161.725928	Pre-Pro
3hth:ChainC:PRO140	-51.912117	-36.774226	Proline
3hth:ChainC:THR141	-68.815089	-59.675915	General
3hth:ChainC:THR142	-54.443197	-17.536817	General
3hth:ChainC:ALA143	-85.698186	-40.987326	General
3hth:ChainC:ARG144	-59.889688	-37.869228	General
3hth:ChainC:ALA145	-61.744406	-61.120290	General
3hth:ChainC:LEU146	-49.590437	-43.886560	General
3hth:ChainC:VAL147	-66.918105	-31.886217	General
3hth:ChainC:ALA148	-68.041599	-56.692593	General
3hth:ChainC:VAL149	-57.758957	-38.588159	General
3hth:ChainC:LEU150	-57.530384	-52.380576	General
3hth:ChainC:ASP151	-59.707470	-36.499377	General
3hth:ChainC:GLY152	-66.928955	-48.503919	Glycine
3hth:ChainC:ILE153	-62.014091	-22.855866	General
3hth:ChainC:CYS154	-83.850518	-28.202139	General
3hth:ChainC:LEU155	-79.647022	-47.033709	General
3hth:ChainC:GLN156	-49.721670	-23.673094	General
3hth:ChainC:VAL157	-96.306641	-54.198825	General
3hth:ChainC:LEU158	-60.358112	-16.047793	General
3hth:ChainC:LEU159	-103.763217	-58.769041	General
3hth:ChainC:THR160	-66.269727	-5.867205	General
3hth:ChainC:ASP161	53.312186	12.512251	General
3hth:ChainC:THR162	-70.952038	-179.562725	Pre-Pro
3hth:ChainC:PRO163	-65.599344	-121.088261	Proline
3hth:ChainC:TYR164	-146.860289	-36.197947	General
3hth:ChainC:ASP165	52.703005	78.581657	General
3hth:ChainC:GLU166	-60.185550	-39.434215	General
3hth:ChainC:GLU167	-70.035491	-11.635583	General
3hth:ChainC:TYR168	-75.397890	-64.320948	General
3hth:ChainC:ALA169	-48.458819	-51.376753	General
3hth:ChainC:ARG170	-45.537375	-49.546963	General
3hth:ChainC:GLU171	-68.877895	-41.357465	General
3hth:ChainC:VAL172	-59.129537	-52.678828	General
3hth:ChainC:LEU173	-54.065804	-50.927878	General
3hth:ChainC:THR174	-48.164682	-32.033117	General
3hth:ChainC:ARG175	-71.223384	-38.697591	General
3hth:ChainC:LEU176	-67.582180	-35.468011	General
