3i59:ChainA:MET1	-58.239449	-49.124560	General
3i59:ChainA:ASP2	-64.266934	-42.677930	General
3i59:ChainA:GLU3	-60.038754	-40.170840	General
3i59:ChainA:ILE4	-82.557968	-41.318099	General
3i59:ChainA:LEU5	-65.632230	-34.689434	General
3i59:ChainA:ALA6	-60.622517	-23.164678	General
3i59:ChainA:ARG7	-90.559909	-11.089413	General
3i59:ChainA:ALA8	-68.146264	131.923556	General
3i59:ChainA:GLY9	-48.642516	-38.222942	Glycine
3i59:ChainA:ILE10	-67.528046	-6.588112	General
3i59:ChainA:PHE11	-128.276184	-3.822828	General
3i59:ChainA:GLN12	-61.389008	131.533897	General
3i59:ChainA:GLY13	81.268883	-23.713514	Glycine
3i59:ChainA:VAL14	-67.953527	129.373614	General
3i59:ChainA:GLU15	-66.857156	160.911127	Pre-Pro
3i59:ChainA:PRO16	-54.292861	62.567916	Proline
3i59:ChainA:LEU26	-75.613516	104.418024	General
3i59:ChainA:GLN27	-82.410533	125.441626	Pre-Pro
3i59:ChainA:PRO28	-60.982406	131.048476	Proline
3i59:ChainA:VAL29	-99.777213	155.665278	General
3i59:ChainA:ASP30	-116.441081	141.571362	General
3i59:ChainA:PHE31	-125.726704	145.287946	Pre-Pro
3i59:ChainA:PRO32	-73.113284	164.312284	Proline
3i59:ChainA:ARG33	-61.778283	147.806314	General
3i59:ChainA:GLY34	69.292922	15.318217	Glycine
3i59:ChainA:HIS35	-86.104921	132.150560	General
3i59:ChainA:THR36	-83.567554	112.893055	General
3i59:ChainA:VAL37	-65.172979	-46.792922	General
3i59:ChainA:PHE38	-156.179016	161.764913	General
3i59:ChainA:ALA39	-108.123744	157.105805	General
3i59:ChainA:GLU40	-56.653698	126.274574	General
3i59:ChainA:GLY41	102.883462	-18.957439	Glycine
3i59:ChainA:GLU42	-67.906957	153.579930	Pre-Pro
3i59:ChainA:PRO43	-67.539066	149.230831	Proline
3i59:ChainA:GLY44	-134.399969	130.451087	Glycine
3i59:ChainA:ASP45	-126.430425	16.783563	General
3i59:ChainA:ARG46	-153.044939	134.494809	General
3i59:ChainA:LEU47	-107.116071	158.215588	General
3i59:ChainA:TYR48	-124.051124	143.944210	General
3i59:ChainA:ILE49	-114.240435	121.858200	General
3i59:ChainA:ILE50	-72.887455	131.522952	General
3i59:ChainA:ILE51	-98.576967	-40.830465	General
3i59:ChainA:SER52	-155.775868	149.169507	General
3i59:ChainA:GLY53	96.549590	177.994448	Glycine
3i59:ChainA:LYS54	-126.135572	143.493307	General
3i59:ChainA:VAL55	-128.209708	132.017596	General
3i59:ChainA:LYS56	-99.526174	142.568544	General
3i59:ChainA:ILE57	-110.432252	118.041300	General
3i59:ChainA:GLY58	-124.423211	146.173078	Glycine
3i59:ChainA:ARG59	-127.956486	122.947746	General
3i59:ChainA:ARG60	-65.520369	136.836412	General
3i59:ChainA:ALA61	-82.880698	173.538152	Pre-Pro
3i59:ChainA:PRO62	-40.425695	-29.648673	Proline
3i59:ChainA:ASN67	-106.642599	133.727401	General
3i59:ChainA:LEU68	-80.245477	139.346698	General
3i59:ChainA:LEU69	-104.026402	-37.855678	General
3i59:ChainA:THR70	-164.249749	166.140853	General
3i59:ChainA:PRO74	-51.423178	127.863281	Proline
3i59:ChainA:SER75	91.419405	-18.771577	General
3i59:ChainA:ASP76	-76.414587	159.223047	General
3i59:ChainA:MET77	-124.253081	130.954004	General
3i59:ChainA:PHE78	-134.970414	160.416694	General
3i59:ChainA:GLY79	77.272143	21.687539	Glycine
3i59:ChainA:GLU80	-88.324899	-18.420317	General
3i59:ChainA:LEU81	-56.574453	-53.744195	General
3i59:ChainA:SER82	-70.286000	-13.768129	General
3i59:ChainA:ILE83	-83.899348	-41.166808	General
3i59:ChainA:PHE84	-79.192077	-37.499990	General
3i59:ChainA:ASP85	-128.835766	81.680225	Pre-Pro
3i59:ChainA:PRO86	-42.126019	126.166638	Proline
3i59:ChainA:GLY87	175.247110	-179.139276	Glycine
3i59:ChainA:PRO88	-77.336750	161.669231	Proline
3i59:ChainA:ARG89	-59.259283	133.487151	General
3i59:ChainA:THR90	-82.296349	-4.237465	General
3i59:ChainA:SER91	-166.968111	178.801333	General
3i59:ChainA:SER92	-95.371312	153.160293	General
3i59:ChainA:ALA93	-120.668720	122.812573	General
3i59:ChainA:THR94	-132.191000	122.611264	General
3i59:ChainA:THR95	-66.733567	144.797184	General
3i59:ChainA:ILE96	-114.934217	-20.575000	General
3i59:ChainA:THR97	-117.311745	178.405239	General
3i59:ChainA:GLU98	-60.281701	138.967324	General
3i59:ChainA:VAL99	-127.018858	134.275608	General
3i59:ChainA:ARG100	-113.772215	124.422601	General
3i59:ChainA:ALA101	-138.780666	158.012654	General
3i59:ChainA:VAL102	-121.620071	134.697381	General
3i59:ChainA:SER103	-123.568789	156.986208	General
3i59:ChainA:MET104	-148.665715	148.482928	General
3i59:ChainA:ASP105	-91.292998	175.086674	General
3i59:ChainA:ARG106	-54.774183	-40.090394	General
3i59:ChainA:ASP107	-60.087360	-57.055577	General
3i59:ChainA:ALA108	-62.747794	-40.685771	General
3i59:ChainA:LEU109	-55.574549	-51.668490	General
3i59:ChainA:ARG110	-61.992421	-41.336933	General
3i59:ChainA:SER111	-56.856348	-58.141140	General
3i59:ChainA:TRP112	-55.256832	-29.617650	General
3i59:ChainA:ILE113	-83.631139	-39.523523	General
3i59:ChainA:ALA114	-52.267514	-41.568208	General
3i59:ChainA:ASP115	-40.707389	-51.609616	General
3i59:ChainA:ARG116	-148.714555	127.062520	Pre-Pro
3i59:ChainA:PRO117	-80.259450	-26.498922	Proline
3i59:ChainA:GLU118	-63.886711	-32.510271	General
3i59:ChainA:ILE119	-65.912896	-38.841757	General
3i59:ChainA:SER120	-54.076773	-39.859687	General
3i59:ChainA:GLU121	-71.858762	-38.181918	General
3i59:ChainA:GLN122	-61.449523	-40.834906	General
3i59:ChainA:LEU123	-65.457529	-37.702271	General
3i59:ChainA:LEU124	-66.917782	-37.038804	General
3i59:ChainA:ARG125	-65.761736	-38.951600	General
3i59:ChainA:VAL126	-58.242241	-50.356530	General
3i59:ChainA:LEU127	-63.151664	-37.101197	General
3i59:ChainA:ALA128	-64.519369	-43.915011	General
3i59:ChainA:ARG129	-60.610730	-41.280477	General
3i59:ChainA:ARG130	-64.094388	-36.276932	General
3i59:ChainA:LEU131	-71.587975	-45.103166	General
3i59:ChainA:ARG132	-53.453995	-46.767423	General
3i59:ChainA:ARG133	-72.858712	-33.473484	General
3i59:ChainA:THR134	-52.842225	-39.384385	General
3i59:ChainA:ASN135	-63.911638	-48.558407	General
3i59:ChainA:ASN136	-63.739749	-47.642931	General
3i59:ChainA:ASN137	-61.403258	-36.839034	General
3i59:ChainA:LEU138	-72.487155	-35.497019	General
3i59:ChainA:ALA139	-68.114928	-35.775301	General
3i59:ChainA:ASP140	-60.393564	-45.615620	General
3i59:ChainA:LEU141	-62.320020	-18.548584	General
3i59:ChainA:ILE142	-96.731041	-33.180338	General
3i59:ChainA:PHE143	-124.690488	-22.363946	General
3i59:ChainA:THR144	-96.940955	138.014641	General
3i59:ChainA:ASP145	-65.394548	170.123750	General
3i59:ChainA:VAL146	-69.696479	-60.038409	Pre-Pro
3i59:ChainA:PRO147	-47.293064	-42.925099	Proline
3i59:ChainA:GLY148	-59.758938	-39.481529	Glycine
3i59:ChainA:ARG149	-69.888834	-27.885599	General
3i59:ChainA:VAL150	-66.839403	-50.365290	General
3i59:ChainA:ALA151	-55.101602	-40.976388	General
3i59:ChainA:LYS152	-66.990547	-46.771646	General
3i59:ChainA:GLN153	-64.969437	-41.322573	General
3i59:ChainA:LEU154	-55.623748	-44.307565	General
3i59:ChainA:LEU155	-72.808925	-35.375041	General
3i59:ChainA:GLN156	-58.260874	-44.082356	General
3i59:ChainA:LEU157	-69.626840	-35.640032	General
3i59:ChainA:ALA158	-59.459239	-43.525880	General
3i59:ChainA:GLN159	-73.114009	-20.181944	General
3i59:ChainA:ARG160	-91.418130	-36.458547	General
3i59:ChainA:PHE161	-128.257117	0.618441	General
3i59:ChainA:GLY162	-66.263759	147.180305	Glycine
3i59:ChainA:THR163	-135.729538	160.144161	General
3i59:ChainA:GLN164	-73.592328	124.995739	General
3i59:ChainA:GLU165	-128.432620	88.047126	General
3i59:ChainA:GLY166	52.624578	54.900779	Glycine
3i59:ChainA:GLY167	71.205470	47.664363	Glycine
3i59:ChainA:ALA168	-175.430676	171.602535	General
3i59:ChainA:LEU169	-118.129616	132.044436	General
3i59:ChainA:ARG170	-91.107912	119.815300	General
3i59:ChainA:VAL171	-112.918671	88.239895	General
3i59:ChainA:THR172	-81.534087	101.561165	General
3i59:ChainA:HIS173	-99.744011	-16.174453	General
3i59:ChainA:ASP174	64.868214	19.264374	General
3i59:ChainA:LEU175	-104.741975	146.500800	General
3i59:ChainA:THR176	-68.628619	177.973155	General
3i59:ChainA:GLN177	-67.310782	-42.222401	General
3i59:ChainA:GLU178	-59.237895	-43.566297	General
3i59:ChainA:GLU179	-67.048170	-37.803102	General
3i59:ChainA:ILE180	-59.138445	-45.811406	General
3i59:ChainA:ALA181	-63.147130	-36.292948	General
3i59:ChainA:GLN182	-71.255443	-22.128125	General
3i59:ChainA:LEU183	-80.038778	-42.817179	General
3i59:ChainA:VAL184	-70.228141	-29.405364	General
3i59:ChainA:GLY185	86.792461	23.081116	Glycine
3i59:ChainA:ALA186	-130.542658	179.445023	General
3i59:ChainA:SER187	-75.052863	149.562023	General
3i59:ChainA:ARG188	-55.235118	-39.360599	General
3i59:ChainA:GLU189	-64.277304	-50.339707	General
3i59:ChainA:THR190	-61.652343	-48.278736	General
3i59:ChainA:VAL191	-58.940228	-41.497110	General
3i59:ChainA:ASN192	-59.561385	-47.004902	General
3i59:ChainA:LYS193	-61.233564	-44.170045	General
3i59:ChainA:ALA194	-57.481127	-46.903475	General
3i59:ChainA:LEU195	-60.560161	-46.724472	General
3i59:ChainA:ALA196	-54.698681	-49.323706	General
3i59:ChainA:ASP197	-61.270434	-41.879596	General
3i59:ChainA:PHE198	-60.811597	-29.378799	General
3i59:ChainA:ALA199	-72.515797	-47.669299	General
3i59:ChainA:HIS200	-66.169372	-25.009360	General
3i59:ChainA:ARG201	-79.899151	-8.743021	General
3i59:ChainA:GLY202	71.276599	20.699269	Glycine
3i59:ChainA:TRP203	-78.900105	-27.491504	General
3i59:ChainA:ILE204	-144.322382	160.318735	General
3i59:ChainA:ARG205	-129.878989	130.538025	General
3i59:ChainA:LEU206	-96.962545	120.053454	General
3i59:ChainA:GLU207	-136.696907	91.715203	General
3i59:ChainA:GLY208	61.927882	-123.341144	Glycine
3i59:ChainA:LYS209	-97.124763	28.793352	General
3i59:ChainA:SER210	-145.487807	138.497784	General
3i59:ChainA:VAL211	-105.633402	140.863694	General
3i59:ChainA:LEU212	-100.230067	108.533904	General
3i59:ChainA:ILE213	-90.467459	99.099019	General
3i59:ChainA:SER214	-75.316886	-37.357218	General
3i59:ChainA:ASP215	-132.539788	83.757337	General
3i59:ChainA:SER216	-70.801655	-27.292326	General
3i59:ChainA:GLU217	-55.409031	-47.781102	General
3i59:ChainA:ARG218	-70.474163	-50.527770	General
3i59:ChainA:LEU219	-52.237477	-36.782863	General
3i59:ChainA:ALA220	-64.890108	-42.489317	General
3i59:ChainA:ARG221	-63.326228	-40.915875	General
3i59:ChainA:ARG222	-69.009940	-28.729994	General
3i59:ChainB:HIS0	-93.643671	-46.495628	General
3i59:ChainB:MET1	-56.900402	-35.943745	General
3i59:ChainB:ASP2	-65.110731	-29.270112	General
3i59:ChainB:GLU3	-75.573128	-54.820321	General
3i59:ChainB:ILE4	-55.575874	-54.623432	General
3i59:ChainB:LEU5	-54.684627	-34.591734	General
3i59:ChainB:ALA6	-65.885187	-21.662063	General
3i59:ChainB:ARG7	-109.530119	28.798059	General
3i59:ChainB:ALA8	-91.971725	140.070184	General
3i59:ChainB:GLY9	-46.531852	-38.405644	Glycine
3i59:ChainB:ILE10	-64.631323	-13.114957	General
3i59:ChainB:PHE11	-122.238564	8.353050	General
3i59:ChainB:GLN12	-52.692688	88.064656	General
3i59:ChainB:GLY13	147.572581	131.419752	Glycine
3i59:ChainB:VAL14	-133.157915	40.572536	General
3i59:ChainB:LYS24	73.266677	60.887785	General
3i59:ChainB:GLN25	-98.778706	147.683814	General
3i59:ChainB:LEU26	-120.362259	-76.128668	General
3i59:ChainB:GLN27	154.247344	111.109661	Pre-Pro
3i59:ChainB:PRO28	-94.433778	-179.330995	Proline
3i59:ChainB:VAL29	-139.560191	146.332184	General
3i59:ChainB:ASP30	-101.527698	133.327893	General
3i59:ChainB:PHE31	-127.957695	134.554903	Pre-Pro
3i59:ChainB:PRO32	-71.402846	164.188400	Proline
3i59:ChainB:ARG33	-59.920249	155.361409	General
3i59:ChainB:GLY34	68.745053	19.690768	Glycine
3i59:ChainB:HIS35	-96.562075	131.683458	General
3i59:ChainB:THR36	-82.701963	101.792141	General
3i59:ChainB:VAL37	-65.646831	-37.155347	General
3i59:ChainB:PHE38	-167.595636	163.906326	General
3i59:ChainB:ALA39	-114.767968	147.716443	General
3i59:ChainB:GLU40	-47.334885	125.479859	General
3i59:ChainB:GLY41	101.107189	-17.865791	Glycine
3i59:ChainB:GLU42	-84.883594	165.107513	Pre-Pro
3i59:ChainB:PRO43	-72.508646	140.671211	Proline
3i59:ChainB:GLY44	-107.837710	149.198014	Glycine
3i59:ChainB:ASP45	-145.768961	29.984226	General
3i59:ChainB:ARG46	-144.318580	130.947306	General
3i59:ChainB:LEU47	-104.868862	158.224699	General
3i59:ChainB:TYR48	-132.577255	143.080518	General
3i59:ChainB:ILE49	-123.338134	115.696771	General
3i59:ChainB:ILE50	-69.345273	133.009409	General
3i59:ChainB:ILE51	-100.716364	-47.113136	General
3i59:ChainB:SER52	-138.769649	145.468516	General
3i59:ChainB:GLY53	102.435543	171.129230	Glycine
3i59:ChainB:LYS54	-119.175423	154.855704	General
3i59:ChainB:VAL55	-138.578834	134.623143	General
3i59:ChainB:LYS56	-97.941675	138.095116	General
3i59:ChainB:ILE57	-106.989540	115.799837	General
3i59:ChainB:GLY58	-123.631559	147.112380	Glycine
3i59:ChainB:ARG59	-129.072791	150.558196	General
3i59:ChainB:ARG60	-80.220525	119.194001	General
3i59:ChainB:ALA61	-81.231992	151.726111	Pre-Pro
3i59:ChainB:PRO62	-63.028783	-27.942440	Proline
3i59:ChainB:ASP63	-82.788863	11.618465	General
3i59:ChainB:GLY64	83.752960	-5.689233	Glycine
3i59:ChainB:ARG65	-79.284289	170.656456	General
3i59:ChainB:GLU66	-112.049099	114.353324	General
3i59:ChainB:ASN67	-77.397059	110.976484	General
3i59:ChainB:LEU68	-77.163885	121.381947	General
3i59:ChainB:LEU69	-83.238831	-43.536324	General
3i59:ChainB:THR70	-158.989998	165.842893	General
3i59:ChainB:ILE71	-114.088490	108.597134	General
3i59:ChainB:MET72	-81.952576	145.357770	General
3i59:ChainB:GLY73	-138.228904	-160.184083	Glycine
3i59:ChainB:PRO74	-54.781400	131.866125	Proline
3i59:ChainB:SER75	88.947932	-16.423889	General
3i59:ChainB:ASP76	-75.080608	155.095440	General
3i59:ChainB:MET77	-113.974970	140.280617	General
3i59:ChainB:PHE78	-142.510511	161.586852	General
3i59:ChainB:GLY79	86.176171	5.099967	Glycine
3i59:ChainB:GLU80	-79.577697	-21.050932	General
3i59:ChainB:LEU81	-62.528914	-39.347623	General
3i59:ChainB:SER82	-80.768871	-9.336661	General
3i59:ChainB:ILE83	-79.018095	-45.538253	General
3i59:ChainB:PHE84	-79.279070	-37.750978	General
3i59:ChainB:ASP85	-124.842522	80.573666	Pre-Pro
3i59:ChainB:PRO86	-39.158131	116.703921	Proline
3i59:ChainB:GLY87	175.802437	-169.655076	Glycine
3i59:ChainB:PRO88	-78.718705	154.290708	Proline
3i59:ChainB:ARG89	-55.525627	135.670177	General
3i59:ChainB:THR90	-84.369206	-9.117507	General
3i59:ChainB:SER91	-158.176401	170.950279	General
3i59:ChainB:SER92	-100.776771	153.814004	General
3i59:ChainB:ALA93	-121.083174	124.932124	General
3i59:ChainB:THR94	-133.563834	125.496314	General
3i59:ChainB:THR95	-65.633402	135.770297	General
3i59:ChainB:ILE96	-107.473247	-7.177178	General
3i59:ChainB:THR97	-138.837759	175.645395	General
3i59:ChainB:GLU98	-54.729622	140.126534	General
3i59:ChainB:VAL99	-130.790143	132.698696	General
3i59:ChainB:ARG100	-111.427369	138.696778	General
3i59:ChainB:ALA101	-157.324446	167.544514	General
3i59:ChainB:VAL102	-115.971689	152.501671	General
3i59:ChainB:SER103	-127.473789	151.228739	General
3i59:ChainB:MET104	-142.723132	142.351519	General
3i59:ChainB:ASP105	-91.875428	-174.067183	General
3i59:ChainB:ARG106	-64.690929	-43.512377	General
3i59:ChainB:ASP107	-54.152159	-50.098999	General
3i59:ChainB:ALA108	-58.852815	-49.939364	General
3i59:ChainB:LEU109	-59.458957	-35.102855	General
3i59:ChainB:ARG110	-65.114672	-46.155999	General
3i59:ChainB:SER111	-66.016666	-45.792599	General
3i59:ChainB:TRP112	-47.642355	-47.902051	General
3i59:ChainB:ILE113	-73.708679	-22.008746	General
3i59:ChainB:ALA114	-73.572438	-29.215487	General
3i59:ChainB:ASP115	-77.818370	-54.543082	General
3i59:ChainB:ARG116	-121.795151	91.455182	Pre-Pro
3i59:ChainB:PRO117	-58.886811	-22.673870	Proline
3i59:ChainB:GLU118	-65.955469	-14.132617	General
3i59:ChainB:ILE119	-67.025490	-29.597455	General
3i59:ChainB:SER120	-58.740527	-49.729444	General
3i59:ChainB:GLU121	-57.297539	-41.665068	General
3i59:ChainB:GLN122	-68.212323	-39.227121	General
3i59:ChainB:LEU123	-63.494554	-44.569955	General
3i59:ChainB:LEU124	-61.442440	-46.990768	General
3i59:ChainB:ARG125	-57.469418	-42.993176	General
3i59:ChainB:VAL126	-63.680099	-48.512923	General
3i59:ChainB:LEU127	-69.529702	-37.828869	General
3i59:ChainB:ALA128	-62.147910	-46.994468	General
3i59:ChainB:ARG129	-55.005355	-35.797566	General
3i59:ChainB:ARG130	-70.708400	-32.879790	General
3i59:ChainB:LEU131	-67.705391	-49.115737	General
3i59:ChainB:ARG132	-57.429466	-48.937589	General
3i59:ChainB:ARG133	-56.146753	-45.574493	General
3i59:ChainB:THR134	-59.786193	-43.406441	General
3i59:ChainB:ASN135	-53.627752	-52.941541	General
3i59:ChainB:ASN136	-57.898711	-18.929807	General
3i59:ChainB:ASN137	-106.621864	58.714870	General
3i59:ChainB:LEU138	-92.305472	72.589898	General
3i59:ChainB:ALA139	-112.095890	-5.316955	General
3i59:ChainB:ASP140	-69.213087	-29.636762	General
3i59:ChainB:VAL146	108.877929	-51.356917	Pre-Pro
3i59:ChainB:PRO147	-77.244402	-29.720773	Proline
3i59:ChainB:GLY148	-75.271552	-26.733024	Glycine
3i59:ChainB:ARG149	-85.228414	-30.689511	General
3i59:ChainB:VAL150	-68.995679	-43.201664	General
3i59:ChainB:ALA151	-59.908623	-45.440273	General
3i59:ChainB:LYS152	-55.869664	-51.063950	General
3i59:ChainB:GLN153	-56.366093	-49.127078	General
3i59:ChainB:LEU154	-54.783998	-42.587500	General
3i59:ChainB:LEU155	-67.717033	-41.162523	General
3i59:ChainB:GLN156	-65.948322	-32.687296	General
3i59:ChainB:LEU157	-72.129986	-30.725197	General
3i59:ChainB:ALA158	-64.895659	-42.173706	General
3i59:ChainB:GLN159	-67.497191	-40.054188	General
3i59:ChainB:ARG160	-74.733563	-42.156998	General
3i59:ChainB:PHE161	-126.876473	12.127301	General
3i59:ChainB:GLY162	-78.144221	155.283533	Glycine
3i59:ChainB:ARG170	-66.270346	118.936895	General
3i59:ChainB:VAL171	-111.611699	94.932589	General
3i59:ChainB:THR172	-78.887718	90.800079	General
3i59:ChainB:HIS173	-94.833222	-9.727395	General
3i59:ChainB:ASP174	48.441931	25.711444	General
3i59:ChainB:LEU175	-98.351981	162.031476	General
3i59:ChainB:THR176	-94.340655	161.403220	General
3i59:ChainB:GLN177	-65.787694	-46.908818	General
3i59:ChainB:GLU178	-56.999511	-46.837263	General
3i59:ChainB:GLU179	-57.626169	-36.740814	General
3i59:ChainB:ILE180	-67.782340	-40.853250	General
3i59:ChainB:ALA181	-68.815333	-31.363408	General
3i59:ChainB:GLN182	-70.373898	-30.098115	General
3i59:ChainB:LEU183	-70.068376	-35.170559	General
3i59:ChainB:VAL184	-79.247736	-35.271643	General
3i59:ChainB:GLY185	74.966516	36.441500	Glycine
3i59:ChainB:ALA186	-134.328074	157.430395	General
3i59:ChainB:SER187	-48.425583	150.226430	General
3i59:ChainB:ARG188	-57.555913	-30.803139	General
3i59:ChainB:GLU189	-60.855473	-71.966491	General
3i59:ChainB:THR190	-44.889339	-49.639757	General
3i59:ChainB:VAL191	-65.118146	-46.912046	General
3i59:ChainB:ASN192	-58.753517	-32.093158	General
3i59:ChainB:LYS193	-66.091973	-58.164606	General
3i59:ChainB:ALA194	-49.898310	-43.982441	General
3i59:ChainB:LEU195	-76.172237	7.525437	General
3i59:ChainB:ALA196	-105.979229	-37.319130	General
3i59:ChainB:ASP197	-66.489863	-31.418210	General
3i59:ChainB:PHE198	-74.690380	-40.001084	General
3i59:ChainB:ALA199	-64.326509	-56.718397	General
3i59:ChainB:HIS200	-46.458831	-46.304927	General
3i59:ChainB:ARG201	-73.185217	-10.899152	General
3i59:ChainB:GLY202	98.447794	-5.334184	Glycine
3i59:ChainB:TRP203	-63.061396	-80.142840	General
3i59:ChainB:ILE204	-95.321346	156.461996	General
3i59:ChainB:ARG205	-133.157207	103.092021	General
3i59:ChainB:LEU206	-68.437594	109.536460	General
3i59:ChainB:GLU207	-128.193764	90.462072	General
3i59:ChainB:GLY208	78.427019	-150.431222	Glycine
3i59:ChainB:LYS209	-79.901607	30.435808	General
3i59:ChainB:SER210	-136.169447	-161.574547	General
3i59:ChainB:VAL211	-175.990070	153.338134	General
3i59:ChainB:LEU212	-133.851154	128.671311	General
3i59:ChainB:ILE213	-94.294740	175.496271	General
3i59:ChainB:SER214	-123.615131	-33.335174	General
