3ii2:ChainA:VAL6	-136.915806	156.660550	General
3ii2:ChainA:VAL7	-121.202814	136.516620	General
3ii2:ChainA:GLU8	-78.945341	142.833057	General
3ii2:ChainA:TYR9	-155.736180	137.394292	General
3ii2:ChainA:GLU10	-121.945519	142.016334	General
3ii2:ChainA:VAL11	-132.889671	169.564333	General
3ii2:ChainA:VAL12	-92.356039	139.620384	General
3ii2:ChainA:SER13	-147.889885	109.049703	General
3ii2:ChainA:LYS14	-160.378610	147.848632	General
3ii2:ChainA:ASN15	-134.979843	105.756105	General
3ii2:ChainA:LEU16	-113.224385	178.200951	General
3ii2:ChainA:THR17	-54.831873	-44.102274	General
3ii2:ChainA:SER18	-107.426012	-13.726000	General
3ii2:ChainA:LYS19	-149.819349	155.044479	General
3ii2:ChainA:MET20	-134.216599	137.538136	General
3ii2:ChainA:SER21	-124.365949	118.947999	General
3ii2:ChainA:HIS22	-126.048136	107.628278	General
3ii2:ChainA:GLU23	-121.668837	139.521567	General
3ii2:ChainA:LEU24	-141.085172	147.422341	General
3ii2:ChainA:LEU25	-93.653339	142.110284	General
3ii2:ChainA:PHE26	-124.770036	129.908236	General
3ii2:ChainA:SER27	-79.370551	121.266518	General
3ii2:ChainA:VAL28	-61.070470	-45.996724	General
3ii2:ChainA:LYS29	-64.190550	-47.222088	General
3ii2:ChainA:LYS30	-87.216091	-13.897547	General
3ii2:ChainA:ARG31	58.239981	40.462072	General
3ii2:ChainA:TRP32	-158.861093	174.127895	General
3ii2:ChainA:PHE33	-66.336134	140.718877	General
3ii2:ChainA:VAL34	-77.848291	141.039771	General
3ii2:ChainA:LYS35	-81.117658	124.025415	Pre-Pro
3ii2:ChainA:PRO36	-70.276786	153.836418	Proline
3ii2:ChainA:PHE37	-94.129751	-15.410912	General
3ii2:ChainA:ARG38	-161.561026	140.357813	General
3ii2:ChainA:HIS39	-121.321940	146.553198	General
3ii2:ChainA:ASP40	-120.950594	95.978837	General
3ii2:ChainA:ARG41	-69.902319	-23.145844	General
3ii2:ChainA:GLN42	-70.698722	-47.965767	General
3ii2:ChainA:LEU43	-94.939333	-10.659148	General
3ii2:ChainA:GLY44	71.674216	56.963739	Glycine
3ii2:ChainA:LYS45	-135.096008	154.587246	General
3ii2:ChainA:LEU46	-120.038354	134.817591	General
3ii2:ChainA:HIS47	-113.052445	135.466554	General
3ii2:ChainA:TYR48	-124.344819	149.063190	General
3ii2:ChainA:LYS49	-112.996237	110.869007	General
3ii2:ChainA:LEU50	-109.319954	132.211950	General
3ii2:ChainA:LEU51	-67.192243	148.080496	Pre-Pro
3ii2:ChainA:PRO52	-52.754286	145.203361	Proline
3ii2:ChainA:GLY53	143.439674	-162.937896	Glycine
3ii2:ChainA:ASN54	-108.483749	139.521173	General
3ii2:ChainA:TYR55	-136.654622	155.923694	General
3ii2:ChainA:ILE56	-113.635485	132.060263	General
3ii2:ChainA:LYS57	-105.120995	123.060040	General
3ii2:ChainA:PHE58	-94.697233	135.339151	General
3ii2:ChainA:GLY59	-133.341259	136.207767	Glycine
3ii2:ChainA:LEU60	-132.950942	121.081135	General
3ii2:ChainA:TYR61	-124.046708	115.892873	General
3ii2:ChainA:VAL62	-125.620935	130.178462	General
3ii2:ChainA:LEU63	-108.994344	107.523777	General
3ii2:ChainA:LYS64	-64.234391	-45.610300	General
3ii2:ChainA:ASN65	-65.054607	-19.331368	General
3ii2:ChainA:GLN66	-100.666478	2.339669	General
3ii2:ChainA:ASP67	47.501171	42.105989	General
3ii2:ChainA:TYR68	-112.831813	134.840172	General
3ii2:ChainA:ALA69	-135.534532	129.089955	General
3ii2:ChainA:ARG70	-116.379588	129.172964	General
3ii2:ChainA:PHE71	-114.498952	134.194142	General
3ii2:ChainA:GLU72	-132.201892	149.551131	General
3ii2:ChainA:ILE73	-123.754219	127.842624	General
3ii2:ChainA:ALA74	-125.956111	149.065413	General
3ii2:ChainA:TRP75	-97.896811	130.730427	General
3ii2:ChainA:VAL76	-121.802745	122.837007	General
3ii2:ChainA:HIS77	-111.657285	121.709208	General
3ii2:ChainA:VAL78	-116.695187	120.751277	General
3ii2:ChainA:ASP79	-95.712370	161.495193	General
3ii2:ChainA:LYS80	-50.035754	-48.930519	General
3ii2:ChainA:ASP81	-71.184217	-0.642740	General
3ii2:ChainA:GLY82	98.674449	-8.864137	Glycine
3ii2:ChainA:LYS83	-62.654446	129.534404	General
3ii2:ChainA:ILE84	-122.107949	132.325350	General
3ii2:ChainA:GLU85	-129.128574	136.112163	General
3ii2:ChainA:GLU86	-129.086069	141.149452	General
3ii2:ChainA:ARG87	-139.888398	124.747354	General
3ii2:ChainA:THR88	-77.821254	125.364671	General
3ii2:ChainA:VAL89	-109.694217	-7.954711	General
3ii2:ChainA:TYR90	-164.117381	142.200298	General
3ii2:ChainA:SER91	-156.547914	135.835238	General
3ii2:ChainA:ILE92	-145.718752	144.775365	General
3ii2:ChainA:GLU93	-112.984827	136.208266	General
3ii2:ChainA:THR94	-157.662947	-176.505483	General
3ii2:ChainA:TYR95	-74.904624	140.483741	General
3ii2:ChainA:TRP96	-58.570167	-37.499054	General
3ii2:ChainA:HIS97	-64.822207	-25.830790	General
3ii2:ChainA:ILE98	-80.170497	-45.974402	General
3ii2:ChainA:PHE99	-67.851211	-37.397814	General
3ii2:ChainA:ILE100	-65.792062	-31.719206	General
3ii2:ChainA:ASP101	-75.037046	-13.305523	General
3ii2:ChainA:ILE102	-58.538027	-33.348756	General
3ii2:ChainA:GLU103	-45.583930	-37.427551	General
3ii2:ChainA:ASN104	-99.128177	5.071081	General
3ii2:ChainA:ASP105	-72.707125	136.331599	General
3ii2:ChainA:LEU106	-76.688827	-27.774069	General
3ii2:ChainA:ASN107	-134.964833	106.997227	General
3ii2:ChainA:CYS108	-163.623411	168.594072	Pre-Pro
3ii2:ChainA:PRO109	-65.761801	129.328504	Proline
3ii2:ChainA:TYR110	-62.802005	-44.249460	General
3ii2:ChainA:VAL111	-57.995193	-35.124240	General
3ii2:ChainA:LEU112	-72.394741	-47.146067	General
3ii2:ChainA:ALA113	-59.224056	-41.997653	General
3ii2:ChainA:LYS114	-63.873511	-44.266972	General
3ii2:ChainA:PHE115	-55.919251	-48.331458	General
3ii2:ChainA:ILE116	-64.250661	-44.874620	General
3ii2:ChainA:GLU117	-56.204154	-32.439457	General
3ii2:ChainA:MET118	-85.526501	4.880266	General
3ii2:ChainA:ARG119	-55.144537	148.113367	Pre-Pro
3ii2:ChainA:PRO120	-63.530007	133.696403	Proline
3ii2:ChainA:GLU121	-66.247192	165.094422	General
3ii2:ChainA:PHE122	-54.328139	126.781609	General
3ii2:ChainA:HIS123	61.771482	18.982445	General
3ii2:ChainA:LYS124	-124.836651	-176.459743	General
3ii2:ChainA:THR125	-112.956636	165.447930	General
3ii2:ChainA:ALA126	-91.699322	115.864673	General
3ii2:ChainA:TRP127	-90.783773	172.639710	General
3ii2:ChainA:VAL128	-150.183982	120.470803	General
3ii2:ChainA:GLU129	-73.502064	162.568793	General
3ii2:ChainA:GLU130	-57.570106	145.013113	General
3ii2:ChainA:SER131	-164.373144	151.951402	General
3ii2:ChainA:ASN132	-123.256293	16.521484	General
3ii2:ChainA:TYR133	-76.734464	148.677467	General
3ii2:ChainA:SER134	-139.942038	137.273797	General
3ii2:ChainA:ILE135	-72.123042	166.342216	General
3ii2:ChainA:ALA136	-83.821009	-18.354638	General
3ii2:ChainA:GLU137	-89.703856	142.446131	General
3ii2:ChainA:ASP138	-70.468651	175.039829	General
3ii2:ChainA:ASP139	-64.807561	-34.511273	General
3ii2:ChainA:ILE140	-69.280855	-52.710153	General
3ii2:ChainA:GLN141	-58.615095	-38.378667	General
3ii2:ChainA:MET142	-61.524492	-51.996813	General
3ii2:ChainA:VAL143	-61.982961	-43.411901	General
3ii2:ChainA:GLU144	-62.246185	-39.405716	General
3ii2:ChainA:SER145	-62.334867	-40.929764	General
3ii2:ChainA:ILE146	-62.516077	-47.430849	General
3ii2:ChainA:LYS147	-60.124063	-47.058817	General
3ii2:ChainA:ARG148	-59.834451	-45.694895	General
3ii2:ChainA:TYR149	-62.669367	-44.602340	General
3ii2:ChainA:LEU150	-70.866629	-35.369826	General
3ii2:ChainA:GLU151	-54.838724	-42.851409	General
3ii2:ChainA:ARG152	-67.976831	-57.702273	General
3ii2:ChainA:LYS153	-54.063278	-30.153843	General
