3k8a:ChainA:GLY2	-73.429497	166.860154	Glycine
3k8a:ChainA:PHE3	-93.983085	129.732611	General
3k8a:ChainA:THR4	-64.377360	121.450163	General
3k8a:ChainA:ASN5	-134.457975	79.749881	General
3k8a:ChainA:LEU6	-120.392023	110.810525	General
3k8a:ChainA:VAL7	-105.210265	129.406221	General
3k8a:ChainA:SER8	-114.924112	124.760641	General
3k8a:ChainA:LEU9	-137.109327	134.899189	General
3k8a:ChainA:ALA10	-101.028948	134.916172	General
3k8a:ChainA:ALA11	-172.800931	146.774351	General
3k8a:ChainA:LEU12	-81.728677	129.544201	General
3k8a:ChainA:ILE13	-71.124629	119.347395	General
3k8a:ChainA:GLU14	-86.834908	-44.761267	General
3k8a:ChainA:LYS15	-142.785559	146.058406	General
3k8a:ChainA:ALA16	-132.362797	106.057558	General
3k8a:ChainA:PHE17	-62.251656	145.158391	Pre-Pro
3k8a:ChainA:PRO18	-43.063308	138.028767	Proline
3k8a:ChainA:ILE19	-50.659477	150.489806	General
3k8a:ChainA:ARG20	-135.349908	-177.830697	General
3k8a:ChainA:TYR21	-147.156907	134.461188	General
3k8a:ChainA:THR22	-67.005177	158.546634	Pre-Pro
3k8a:ChainA:PRO23	-49.168865	-32.168137	Proline
3k8a:ChainA:ALA24	-78.600420	-3.938773	General
3k8a:ChainA:GLY25	111.984034	-36.703292	Glycine
3k8a:ChainA:ILE26	-44.408998	129.716938	Pre-Pro
3k8a:ChainA:PRO27	-76.456940	131.395940	Proline
3k8a:ChainA:VAL28	-122.640989	133.142037	General
3k8a:ChainA:LEU29	-131.537024	105.229822	General
3k8a:ChainA:ASP30	-80.596469	144.523535	General
3k8a:ChainA:ILE31	-151.015700	152.557371	General
3k8a:ChainA:ILE32	-114.249612	128.155036	General
3k8a:ChainA:LEU33	-105.855275	128.588926	General
3k8a:ChainA:LYS34	-117.573813	112.653739	General
3k8a:ChainA:HIS35	-115.981923	153.366448	General
3k8a:ChainA:GLU36	-166.749672	87.446256	General
3k8a:ChainA:SER37	-136.340469	168.345167	General
3k8a:ChainA:TRP38	-104.394273	112.984289	General
3k8a:ChainA:GLN39	-108.673817	159.963571	General
3k8a:ChainA:GLU40	-87.996887	131.654238	General
3k8a:ChainA:GLU41	-145.339675	116.976867	General
3k8a:ChainA:ASN42	49.034677	45.123231	General
3k8a:ChainA:GLY43	96.692529	-18.847997	Glycine
3k8a:ChainA:GLN44	-127.665273	170.138486	General
3k8a:ChainA:GLN45	-94.650840	150.386776	General
3k8a:ChainA:CYS46	-134.976599	129.285022	General
3k8a:ChainA:LEU47	-71.761415	118.378524	General
3k8a:ChainA:VAL48	-111.102586	126.961575	General
3k8a:ChainA:GLN49	-113.880621	138.987012	General
3k8a:ChainA:LEU50	-157.593733	125.197292	General
3k8a:ChainA:GLU51	-121.569887	120.846762	General
3k8a:ChainA:ILE52	-140.664764	128.249577	Pre-Pro
3k8a:ChainA:PRO53	-68.506281	156.465392	Proline
3k8a:ChainA:ALA54	-154.154295	163.328439	General
3k8a:ChainA:ARG55	-139.820325	134.457115	General
3k8a:ChainA:ILE56	-121.788523	142.774879	General
3k8a:ChainA:LEU57	-112.987615	165.640989	General
3k8a:ChainA:GLY58	47.369392	-134.730635	Glycine
3k8a:ChainA:ARG59	-52.347842	-56.402225	General
3k8a:ChainA:GLN60	-60.632026	-27.240400	General
3k8a:ChainA:ALA61	-63.839014	-21.532215	General
3k8a:ChainA:GLU62	-95.966067	-38.508208	General
3k8a:ChainA:GLU63	-65.298284	-18.827641	General
3k8a:ChainA:TRP64	-113.187178	-4.351110	General
3k8a:ChainA:GLN65	-66.821592	-14.789051	General
3k8a:ChainA:TYR66	-102.988452	1.100436	General
3k8a:ChainA:ARG67	-107.200166	50.850664	General
3k8a:ChainA:GLN68	-58.852605	-35.505708	General
3k8a:ChainA:GLY69	-82.272933	9.978267	Glycine
3k8a:ChainA:ASP70	-109.590603	159.875574	General
3k8a:ChainA:CYS71	-104.618497	123.888235	General
3k8a:ChainA:ALA72	-126.854124	149.609043	General
3k8a:ChainA:THR73	-90.671804	141.791741	General
3k8a:ChainA:VAL74	-136.511068	141.190905	General
3k8a:ChainA:GLU75	-130.580079	132.512175	General
3k8a:ChainA:GLY76	-175.903122	-149.486872	Glycine
3k8a:ChainA:PHE77	-133.988661	157.426919	General
3k8a:ChainA:LEU78	-93.932025	142.952676	General
3k8a:ChainA:ALA79	-159.395897	159.978850	General
3k8a:ChainA:GLN80	-92.680690	112.195820	General
3k8a:ChainA:LYS81	-45.450350	103.560453	General
3k8a:ChainA:SER82	73.239572	118.269719	General
3k8a:ChainA:ARG83	-44.981302	137.249598	General
3k8a:ChainA:ARG84	73.995465	42.401690	General
3k8a:ChainA:SER85	-119.101038	-21.371039	General
3k8a:ChainA:LEU86	53.258320	12.027553	General
3k8a:ChainA:MET87	-131.617142	125.416180	Pre-Pro
3k8a:ChainA:PRO88	-87.343334	157.044876	Proline
3k8a:ChainA:MET89	-142.752196	153.444435	General
3k8a:ChainA:LEU90	-98.715898	122.031653	General
3k8a:ChainA:ARG91	-100.332094	97.538959	General
3k8a:ChainA:ILE92	-69.891542	126.539648	General
3k8a:ChainA:GLN93	-99.770347	-30.961249	General
3k8a:ChainA:ASN94	-146.565896	148.177192	General
3k8a:ChainA:ILE95	-148.879049	109.684985	General
3k8a:ChainA:LYS96	-102.488386	170.363697	General
3k8a:ChainA:GLU97	-81.101538	126.860949	General
3k8a:ChainA:TYR98	-52.629941	124.693653	General
3k8a:ChainA:LYS99	-132.930057	-1.389729	General
3k8a:ChainB:SER-1	170.602400	115.588366	General
3k8a:ChainB:HIS0	-92.678716	-6.166159	General
3k8a:ChainB:MET1	-47.375901	163.183805	General
3k8a:ChainB:GLY2	-74.972491	-162.042560	Glycine
3k8a:ChainB:PHE3	-83.486065	143.362418	General
3k8a:ChainB:THR4	-65.758979	118.396651	General
3k8a:ChainB:ASN5	-132.833873	87.364081	General
3k8a:ChainB:LEU6	-125.003060	111.087674	General
3k8a:ChainB:VAL7	-106.084310	129.049989	General
3k8a:ChainB:SER8	-115.339898	132.523594	General
3k8a:ChainB:LEU9	-149.544437	131.697419	General
3k8a:ChainB:ALA10	-102.247699	105.755006	General
3k8a:ChainB:ALA11	-132.879739	176.615830	General
3k8a:ChainB:LEU12	-92.913103	131.695389	General
3k8a:ChainB:ILE13	-66.585797	89.193215	General
3k8a:ChainB:GLU14	-71.230715	-47.328398	General
3k8a:ChainB:LYS15	-135.566569	134.494629	General
3k8a:ChainB:ALA16	-121.415713	110.417263	General
3k8a:ChainB:PHE17	-65.476036	156.565512	Pre-Pro
3k8a:ChainB:PRO18	-49.960256	139.130002	Proline
3k8a:ChainB:ILE19	-62.532001	139.556345	General
3k8a:ChainB:ARG20	-118.739493	-176.997628	General
3k8a:ChainB:TYR21	-147.754814	136.641489	General
3k8a:ChainB:THR22	-64.742562	167.045036	Pre-Pro
3k8a:ChainB:PRO23	-60.852896	-29.279691	Proline
3k8a:ChainB:ALA24	-74.802064	-4.996064	General
3k8a:ChainB:GLY25	113.396341	-41.306572	Glycine
3k8a:ChainB:ILE26	-40.491688	129.387034	Pre-Pro
3k8a:ChainB:PRO27	-79.874262	128.382590	Proline
3k8a:ChainB:VAL28	-121.907216	125.274166	General
3k8a:ChainB:LEU29	-120.029344	109.927446	General
3k8a:ChainB:ASP30	-88.005426	143.159458	General
3k8a:ChainB:ILE31	-146.767389	149.720013	General
3k8a:ChainB:ILE32	-106.606363	124.747932	General
3k8a:ChainB:LEU33	-99.487987	136.139946	General
3k8a:ChainB:LYS34	-130.758353	103.482080	General
3k8a:ChainB:HIS35	-104.728788	138.153835	General
3k8a:ChainB:GLU36	-126.946347	141.757207	General
3k8a:ChainB:SER37	-173.199966	171.915027	General
3k8a:ChainB:TRP38	-114.576814	106.561999	General
3k8a:ChainB:GLN39	-105.740143	156.421090	General
3k8a:ChainB:GLU40	-85.471415	136.768861	General
3k8a:ChainB:GLU41	-155.749632	112.889711	General
3k8a:ChainB:ASN42	54.580118	50.143594	General
3k8a:ChainB:GLY43	68.974541	3.931987	Glycine
3k8a:ChainB:GLN44	-112.967719	141.043870	General
3k8a:ChainB:GLN45	-73.428106	143.220420	General
3k8a:ChainB:CYS46	-138.589094	128.217050	General
3k8a:ChainB:LEU47	-84.598946	120.716822	General
3k8a:ChainB:VAL48	-119.419744	125.629948	General
3k8a:ChainB:GLN49	-118.558095	137.508960	General
3k8a:ChainB:LEU50	-153.122986	126.938052	General
3k8a:ChainB:GLU51	-120.819635	118.518613	General
3k8a:ChainB:ILE52	-137.289068	127.559689	Pre-Pro
3k8a:ChainB:PRO53	-63.383218	159.531455	Proline
3k8a:ChainB:ALA54	-157.612273	166.747213	General
3k8a:ChainB:ARG55	-152.587204	127.763376	General
3k8a:ChainB:ILE56	-111.748452	162.349815	General
3k8a:ChainB:LEU57	-128.165601	168.337438	General
3k8a:ChainB:GLY58	38.311598	-130.290345	Glycine
3k8a:ChainB:ARG59	-47.945348	-61.060695	General
3k8a:ChainB:GLN60	-64.427902	-31.516013	General
3k8a:ChainB:ALA61	-50.167498	-28.311181	General
3k8a:ChainB:GLU62	-73.780181	-50.549586	General
3k8a:ChainB:GLU63	-71.212274	-19.908469	General
3k8a:ChainB:TRP64	-106.363168	-1.366363	General
3k8a:ChainB:GLN65	-62.511638	-25.969026	General
3k8a:ChainB:TYR66	-97.354352	2.102333	General
3k8a:ChainB:ARG67	-81.655922	91.904400	General
3k8a:ChainB:GLN68	-83.945574	-63.517317	General
3k8a:ChainB:GLY69	-91.443135	23.825471	Glycine
3k8a:ChainB:ASP70	-88.491992	144.047621	General
3k8a:ChainB:CYS71	-99.514064	131.209261	General
3k8a:ChainB:ALA72	-134.904759	145.880333	General
3k8a:ChainB:THR73	-81.539944	134.639136	General
3k8a:ChainB:VAL74	-127.709899	143.538131	General
3k8a:ChainB:GLU75	-133.408194	136.037668	General
3k8a:ChainB:GLY76	-178.195473	-139.211313	Glycine
3k8a:ChainB:PHE77	-150.330099	152.822398	General
3k8a:ChainB:LEU78	-84.542837	146.369066	General
3k8a:ChainB:ALA79	-161.587849	155.495711	General
3k8a:ChainB:GLN80	-82.105782	114.989433	General
3k8a:ChainB:LYS81	-66.183825	130.764432	General
3k8a:ChainB:SER82	75.440326	170.787869	General
3k8a:ChainB:ARG83	-92.149154	124.447581	General
3k8a:ChainB:ARG84	80.555279	-0.427111	General
3k8a:ChainB:SER85	-44.192758	-16.658546	General
3k8a:ChainB:LEU86	58.978543	-6.787742	General
3k8a:ChainB:MET87	-117.092294	114.139081	Pre-Pro
3k8a:ChainB:PRO88	-75.740959	158.768869	Proline
3k8a:ChainB:MET89	-144.837155	161.308662	General
3k8a:ChainB:LEU90	-99.773106	122.848595	General
3k8a:ChainB:ARG91	-102.901218	103.067532	General
3k8a:ChainB:ILE92	-74.502852	120.959831	General
3k8a:ChainB:GLN93	-88.592668	-24.580996	General
3k8a:ChainB:ASN94	-157.009481	135.518460	General
3k8a:ChainB:ILE95	-142.492392	132.931966	General
3k8a:ChainB:LYS96	-143.194693	163.373247	General
3k8a:ChainB:GLU97	-59.128337	129.545906	General
3k8a:ChainB:TYR98	-53.479277	132.117175	General
3k8a:ChainB:LYS99	-130.206182	-15.390785	General
