3m48:ChainA:GLN4	-65.153399	-16.027252	General
3m48:ChainA:LEU5	-67.190597	-39.881710	General
3m48:ChainA:GLU6	-59.975703	-41.127952	General
3m48:ChainA:ALA7	-64.580481	-37.397974	General
3m48:ChainA:LYS8	-71.514302	-35.313801	General
3m48:ChainA:VAL9	-68.283782	-40.928716	General
3m48:ChainA:GLU10	-61.483471	-39.802911	General
3m48:ChainA:GLU11	-62.960062	-40.080914	General
3m48:ChainA:LEU12	-63.297101	-46.395638	General
3m48:ChainA:LEU13	-59.242194	-44.519089	General
3m48:ChainA:SER14	-62.797108	-42.178441	General
3m48:ChainA:LYS15	-62.226584	-45.825659	General
3m48:ChainA:ASN16	-65.209709	-34.507466	General
3m48:ChainA:TRP17	-65.579045	-44.321423	General
3m48:ChainA:ASN18	-60.922641	-41.492145	General
3m48:ChainA:LEU19	-68.204548	-45.441523	General
3m48:ChainA:GLU20	-59.892370	-39.446329	General
3m48:ChainA:ASN21	-72.569091	-30.301792	General
3m48:ChainA:GLU22	-66.954517	-47.082288	General
3m48:ChainA:VAL23	-60.915173	-38.627079	General
3m48:ChainA:ALA24	-62.604866	-44.255017	General
3m48:ChainA:ARG25	-64.874507	-38.979245	General
3m48:ChainA:LEU26	-65.109780	-40.162718	General
3m48:ChainA:LYS27	-61.216238	-42.057703	General
3m48:ChainA:LYS28	-66.490218	-35.409830	General
3m48:ChainA:LEU29	-63.306917	-46.128535	General
3m48:ChainA:VAL30	-91.025255	14.258790	General
3m48:ChainA:GLY31	55.413084	78.058425	Glycine
