3maj:ChainA:THR12	-94.157056	131.068889	General
3maj:ChainA:THR13	-121.753907	134.429542	General
3maj:ChainA:VAL14	-119.616180	-23.671390	General
3maj:ChainA:LEU15	-114.098758	141.766857	General
3maj:ChainA:THR16	-69.935332	170.801069	General
3maj:ChainA:GLU17	-64.588874	-39.226931	General
3maj:ChainA:ALA18	-59.362284	-42.091907	General
3maj:ChainA:GLN19	-65.001462	-44.261641	General
3maj:ChainA:ARG20	-60.587474	-41.285394	General
3maj:ChainA:ILE21	-58.295024	-50.099918	General
3maj:ChainA:ASP22	-61.904159	-39.844288	General
3maj:ChainA:LEU26	-73.542422	-47.125199	General
3maj:ChainA:ILE27	-65.785383	-26.176656	General
3maj:ChainA:ARG28	-89.518069	-6.570698	General
3maj:ChainA:ALA29	-65.186009	144.040089	General
3maj:ChainA:GLU30	-54.600560	135.094641	General
3maj:ChainA:ASN31	67.173300	14.429153	General
3maj:ChainA:VAL32	-113.034000	110.161119	General
3maj:ChainA:GLY33	-105.436667	-174.985819	Glycine
3maj:ChainA:PRO34	-60.952864	-39.637125	Proline
3maj:ChainA:ARG35	-69.316128	-39.099297	General
3maj:ChainA:THR36	-59.916953	-47.433086	General
3maj:ChainA:PHE37	-55.915948	-50.526660	General
3maj:ChainA:ARG38	-52.388508	-50.420585	General
3maj:ChainA:SER39	-66.889390	-38.694994	General
3maj:ChainA:LEU40	-61.786850	-42.106428	General
3maj:ChainA:ILE41	-70.621508	-42.932388	General
3maj:ChainA:ASN42	-52.241166	-45.579271	General
3maj:ChainA:HIS43	-80.718073	-45.530517	General
3maj:ChainA:PHE44	-99.802649	-8.614826	General
3maj:ChainA:GLY45	86.631131	-16.131311	Glycine
3maj:ChainA:SER46	-160.908593	159.520554	General
3maj:ChainA:ALA47	-69.098483	-38.120369	General
3maj:ChainA:ARG48	-54.374851	-50.979852	General
3maj:ChainA:ALA49	-65.032533	-36.256257	General
3maj:ChainA:ALA50	-64.922799	-44.699210	General
3maj:ChainA:LEU51	-58.208860	-35.954681	General
3maj:ChainA:GLU52	-64.694323	-36.267121	General
3maj:ChainA:ARG53	-82.595979	-22.655614	General
3maj:ChainA:LEU54	-41.452741	-49.736755	Pre-Pro
3maj:ChainA:PRO55	-64.658106	-51.230118	Proline
3maj:ChainA:GLU56	-62.400169	-34.656532	General
3maj:ChainA:LEU57	-59.025033	-50.962898	General
3maj:ChainA:ALA58	-55.775188	-47.974884	General
3maj:ChainA:ARG59	-64.148751	-48.176242	General
3maj:ChainA:ARG60	-65.109624	-28.814438	General
3maj:ChainA:GLY61	-66.804133	-22.124648	Glycine
3maj:ChainA:GLY62	103.387327	21.762219	Glycine
3maj:ChainA:ALA63	-78.248755	154.729640	General
3maj:ChainA:ALA64	-68.303280	-59.014985	General
3maj:ChainA:ARG65	-118.464611	174.543396	General
3maj:ChainA:ALA66	-64.785335	137.101479	General
3maj:ChainA:GLY67	-76.290515	143.750944	Glycine
3maj:ChainA:ARG68	-61.866975	130.041163	General
3maj:ChainA:ILE69	-130.963200	115.854123	Pre-Pro
3maj:ChainA:PRO70	-55.960938	143.111031	Proline
3maj:ChainA:SER71	-71.085190	169.810680	General
3maj:ChainA:GLU72	-59.261316	-44.551384	General
3maj:ChainA:ASP73	-63.092981	-41.396041	General
3maj:ChainA:GLU74	-64.393495	-44.736969	General
3maj:ChainA:ALA75	-60.894647	-46.305904	General
3maj:ChainA:ARG76	-60.798053	-45.084877	General
3maj:ChainA:ARG77	-58.520074	-43.327017	General
3maj:ChainA:GLU78	-62.720599	-42.029759	General
3maj:ChainA:ILE79	-64.195275	-43.222859	General
3maj:ChainA:GLU80	-68.743154	-42.578612	General
3maj:ChainA:ALA81	-54.757148	-43.137458	General
3maj:ChainA:GLY82	-60.140931	-48.028230	Glycine
3maj:ChainA:ARG83	-54.872190	-38.172906	General
3maj:ChainA:ARG84	-64.413954	-18.336058	General
3maj:ChainA:ILE85	-116.556890	16.489633	General
3maj:ChainA:GLY86	90.592356	13.832510	Glycine
3maj:ChainA:VAL87	-97.101145	127.673920	General
3maj:ChainA:GLU88	-104.385218	135.092146	General
3maj:ChainA:LEU89	-97.109042	115.844402	General
3maj:ChainA:VAL90	-117.959436	150.978043	General
3maj:ChainA:ALA91	-110.406119	164.085111	Pre-Pro
3maj:ChainA:PRO92	-54.122662	139.303927	Proline
3maj:ChainA:GLY93	95.879757	-18.884936	Glycine
3maj:ChainA:GLU94	-92.177832	158.630371	General
3maj:ChainA:THR95	-62.460520	127.206155	General
3maj:ChainA:GLY96	105.964457	-13.450556	Glycine
3maj:ChainA:TYR97	-101.751213	113.820227	Pre-Pro
3maj:ChainA:PRO98	-69.058565	124.253487	Proline
3maj:ChainA:THR99	-53.801505	-42.076630	General
3maj:ChainA:ARG100	-65.984057	-29.680458	General
3maj:ChainA:LEU101	-66.208480	-35.383189	General
3maj:ChainA:ALA102	-62.641613	-20.096004	General
3maj:ChainA:THR103	-89.337864	-7.915930	General
3maj:ChainA:ILE104	-73.485559	157.439210	General
3maj:ChainA:ASP105	-62.731454	-27.735672	General
3maj:ChainA:ASP106	-129.394928	45.647927	General
3maj:ChainA:ALA107	-60.022229	142.277925	Pre-Pro
3maj:ChainA:PRO108	-71.660743	126.898044	Proline
3maj:ChainA:PRO109	-62.323861	-41.157437	Proline
3maj:ChainA:LEU110	-121.331026	132.004166	General
3maj:ChainA:LEU111	-116.115729	124.352769	General
3maj:ChainA:GLY112	-81.364366	118.618879	Glycine
3maj:ChainA:VAL113	-119.522268	126.008055	General
3maj:ChainA:HIS114	-112.659834	112.334312	General
3maj:ChainA:ALA115	-146.391581	166.151569	General
3maj:ChainA:LEU116	-54.628795	151.844761	Pre-Pro
3maj:ChainA:PRO117	-44.745984	-46.415679	Proline
3maj:ChainA:GLU118	-99.715137	14.509326	General
3maj:ChainA:ALA119	-108.557227	11.879808	General
3maj:ChainA:LEU120	-63.684321	-19.663589	General
3maj:ChainA:ALA121	-70.061626	-9.089643	General
3maj:ChainA:ARG125	-83.572761	154.939333	Pre-Pro
3maj:ChainA:ALA129	-79.852984	136.444081	General
3maj:ChainA:ILE130	-126.827256	116.222013	General
3maj:ChainA:VAL131	-134.632820	169.373294	General
3maj:ChainA:GLY132	161.287272	-172.726436	Glycine
3maj:ChainA:SER133	-40.030209	131.218594	General
3maj:ChainA:ARG134	-68.462103	-41.993129	General
3maj:ChainA:ASN135	-93.533927	85.228325	General
3maj:ChainA:ALA136	-97.900588	153.351243	General
3maj:ChainA:SER137	-76.929846	158.811517	General
3maj:ChainA:GLY138	-52.405096	-44.401499	Glycine
3maj:ChainA:ALA139	-65.662540	-39.015092	General
3maj:ChainA:GLY140	-63.203011	-44.741636	Glycine
3maj:ChainA:LEU141	-58.276375	-43.342830	General
3maj:ChainA:LYS142	-64.127321	-47.638323	General
3maj:ChainA:PHE143	-61.771879	-43.688271	General
3maj:ChainA:ALA144	-59.659780	-44.734088	General
3maj:ChainA:GLY145	-61.961213	-48.496164	Glycine
3maj:ChainA:GLN146	-64.146794	-42.976558	General
3maj:ChainA:LEU147	-59.680068	-47.930757	General
3maj:ChainA:ALA148	-61.536257	-44.639314	General
3maj:ChainA:ALA149	-62.923985	-42.318562	General
3maj:ChainA:ASP150	-66.905396	-43.994549	General
3maj:ChainA:LEU151	-63.096446	-40.561617	General
3maj:ChainA:GLY152	-62.518767	-44.029901	Glycine
3maj:ChainA:ALA153	-62.324928	-22.928264	General
3maj:ChainA:ALA154	-83.825989	-13.193581	General
3maj:ChainA:GLY155	117.367160	-5.584604	Glycine
3maj:ChainA:PHE156	-79.336391	150.461858	General
3maj:ChainA:VAL157	-85.865428	140.168652	General
3maj:ChainA:VAL158	-99.662896	123.603962	General
3maj:ChainA:ILE159	-110.386944	138.434488	General
3maj:ChainA:SER160	-157.611437	-171.621373	General
3maj:ChainA:GLY161	-114.922867	19.558374	Glycine
3maj:ChainA:LEU162	59.430732	19.919742	General
3maj:ChainA:ALA163	-78.990392	161.660433	General
3maj:ChainA:ARG164	-56.229478	158.119094	General
3maj:ChainA:GLY165	77.805463	-129.639166	Glycine
3maj:ChainA:ILE166	-54.125911	-49.303858	General
3maj:ChainA:ASP167	-52.521891	-55.074964	General
3maj:ChainA:GLN168	-63.470715	-34.199843	General
3maj:ChainA:ALA169	-63.447215	-41.029398	General
3maj:ChainA:ALA170	-67.522801	-45.148350	General
3maj:ChainA:HIS171	-59.287993	-49.977549	General
3maj:ChainA:ARG172	-55.300743	-37.257457	General
3maj:ChainA:ALA173	-86.628856	-13.404212	General
3maj:ChainA:SER174	-109.360288	12.346148	General
3maj:ChainA:LEU175	-47.158083	-55.561270	General
3maj:ChainA:SER176	-71.846804	-27.037251	General
3maj:ChainA:SER177	-92.044261	-16.919794	General
3maj:ChainA:GLY178	118.654988	123.807405	Glycine
3maj:ChainA:THR179	-135.999152	151.133098	General
3maj:ChainA:VAL180	-122.509985	132.894181	General
3maj:ChainA:ALA181	-108.035191	128.615261	General
3maj:ChainA:VAL182	-96.968537	118.451228	General
3maj:ChainA:LEU183	-90.863660	141.582997	General
3maj:ChainA:ALA184	-81.341779	-21.227513	General
3maj:ChainA:GLY185	-127.566952	-153.702795	Glycine
3maj:ChainA:GLY186	-62.706968	153.855598	Glycine
3maj:ChainA:HIS187	-56.094987	-21.746335	General
3maj:ChainA:ASP188	-104.140316	4.084800	General
3maj:ChainA:LYS189	-124.382075	77.304066	General
3maj:ChainA:ILE190	-80.020784	135.490891	General
3maj:ChainA:TYR191	-133.261125	132.978507	Pre-Pro
3maj:ChainA:PRO192	-74.428280	154.234444	Proline
3maj:ChainA:ALA193	-60.142256	-36.590259	General
3maj:ChainA:GLU194	-63.371976	-11.266245	General
3maj:ChainA:HIS195	-101.490701	11.990221	General
3maj:ChainA:GLU196	-56.987488	-43.086026	General
3maj:ChainA:ASP197	-64.322132	-50.209990	General
3maj:ChainA:LEU198	-51.953057	-48.653558	General
3maj:ChainA:LEU199	-56.841890	-44.341305	General
3maj:ChainA:LEU200	-60.912764	-39.472334	General
3maj:ChainA:ASP201	-65.224730	-39.574074	General
3maj:ChainA:ILE202	-54.178470	-50.617857	General
3maj:ChainA:ILE203	-61.916808	-46.509421	General
3maj:ChainA:GLN204	-64.803134	-25.108985	General
3maj:ChainA:THR205	-100.271297	24.178987	General
3maj:ChainA:ARG206	74.670917	28.090077	General
3maj:ChainA:GLY207	-99.143075	-150.245603	Glycine
3maj:ChainA:ALA208	-159.842739	154.912373	General
3maj:ChainA:ALA209	-111.816688	139.694506	General
3maj:ChainA:ILE210	-125.230689	148.113155	General
3maj:ChainA:SER211	-158.781410	147.946730	General
3maj:ChainA:LEU215	-56.650909	141.166755	General
3maj:ChainA:GLY216	82.357920	-1.903921	Glycine
3maj:ChainA:HIS217	-78.912705	106.349796	General
3maj:ChainA:VAL218	-73.127378	126.069205	Pre-Pro
3maj:ChainA:PRO219	-60.913727	134.126577	Proline
3maj:ChainA:ARG220	-109.586484	164.680141	General
3maj:ChainA:GLY221	-42.614216	-53.937780	Glycine
3maj:ChainA:LYS222	-68.863839	-15.418981	General
3maj:ChainA:ASP223	-73.894405	-21.173003	General
3maj:ChainA:PHE224	-68.561897	-48.874895	Pre-Pro
3maj:ChainA:PRO225	-60.155888	-36.754725	Proline
3maj:ChainA:ARG226	-61.773595	-39.641131	General
3maj:ChainA:ARG227	-71.644677	-22.013620	General
3maj:ChainA:ASN228	-64.827263	-29.715001	General
3maj:ChainA:ARG229	-65.913250	-25.216841	General
3maj:ChainA:LEU230	-78.761906	-34.016933	General
3maj:ChainA:ILE231	-62.915931	-50.203188	General
3maj:ChainA:SER232	-71.626044	-41.087863	General
3maj:ChainA:GLY233	-58.337838	-39.446987	Glycine
3maj:ChainA:ALA234	-78.853991	-15.479552	General
3maj:ChainA:SER235	-86.020846	164.632940	General
3maj:ChainA:VAL236	-101.981504	12.945267	General
3maj:ChainA:GLY237	168.683900	145.301698	Glycine
3maj:ChainA:VAL238	-122.992142	118.633852	General
3maj:ChainA:ALA239	-101.647779	125.760019	General
3maj:ChainA:VAL240	-102.027325	120.509741	General
3maj:ChainA:ILE241	-87.612585	-41.874784	General
3maj:ChainA:GLU242	-154.103912	147.676792	General
3maj:ChainA:ALA243	-171.469878	116.167264	General
3maj:ChainA:ALA244	-75.837356	166.425836	General
3maj:ChainA:TYR245	-49.620396	138.012309	General
3maj:ChainA:ARG246	77.932208	4.131197	General
3maj:ChainA:SER247	-61.090656	134.297767	General
3maj:ChainA:GLY248	-58.706300	-25.138021	Glycine
3maj:ChainA:SER249	-62.226496	-29.222394	General
3maj:ChainA:LEU250	-67.970379	-22.577815	General
3maj:ChainA:ILE251	-64.274174	-46.565848	General
3maj:ChainA:THR252	-55.160683	-42.010851	General
3maj:ChainA:ALA253	-62.040937	-42.446803	General
3maj:ChainA:ARG254	-65.481073	-43.512947	General
3maj:ChainA:ARG255	-59.414407	-42.814393	General
3maj:ChainA:ALA256	-59.528391	-49.535950	General
3maj:ChainA:ALA257	-57.690218	-48.171005	General
3maj:ChainA:ASP258	-53.647184	-39.948081	General
3maj:ChainA:GLN259	-80.560471	-11.677621	General
3maj:ChainA:GLY260	88.084512	12.331242	Glycine
3maj:ChainA:ARG261	-77.955594	146.711360	General
3maj:ChainA:GLU262	-72.107863	139.199252	General
3maj:ChainA:VAL263	-110.868078	130.536810	General
3maj:ChainA:PHE264	-113.139277	142.981575	General
3maj:ChainA:ALA265	-139.497808	140.144738	General
3maj:ChainA:VAL266	-88.139648	129.984970	Pre-Pro
3maj:ChainA:PRO267	-76.309013	164.645314	Proline
3maj:ChainA:GLY268	-154.261640	176.490088	Glycine
3maj:ChainA:SER269	-65.167052	142.904506	Pre-Pro
3maj:ChainA:PRO270	-54.283787	-29.067871	Proline
3maj:ChainA:LEU271	-80.481535	-16.907816	General
3maj:ChainA:ASP272	-73.087943	116.620063	Pre-Pro
3maj:ChainA:PRO273	-66.935614	-24.619086	Proline
3maj:ChainA:ARG274	-83.241239	1.541939	General
3maj:ChainA:ALA275	-108.211946	-3.202643	General
3maj:ChainA:ALA276	-61.242030	-48.786489	General
3maj:ChainA:GLY277	-70.051803	-44.383647	Glycine
3maj:ChainA:THR278	-65.800254	-43.691839	General
3maj:ChainA:ASN279	-60.195014	-39.672612	General
3maj:ChainA:ASP280	-65.032062	-39.450535	General
3maj:ChainA:LEU281	-54.791747	-47.259882	General
3maj:ChainA:ILE282	-59.730595	-47.838561	General
3maj:ChainA:LYS283	-51.880431	-37.837673	General
3maj:ChainA:GLN284	-86.041701	-0.041773	General
3maj:ChainA:GLY285	121.166943	-1.356962	Glycine
3maj:ChainA:ALA286	-70.661155	157.507820	General
3maj:ChainA:THR287	-84.519336	124.342669	General
3maj:ChainA:LEU288	-72.248431	128.366602	General
3maj:ChainA:ILE289	-124.277630	143.257791	General
3maj:ChainA:THR290	-120.380467	-2.306174	General
3maj:ChainA:SER291	-167.834255	166.949963	General
3maj:ChainA:ALA292	-57.703055	-31.743500	General
3maj:ChainA:SER293	-61.657153	-31.248727	General
3maj:ChainA:ASP294	-64.015265	-37.983661	General
3maj:ChainA:ILE295	-73.213025	-47.110599	General
3maj:ChainA:VAL296	-58.600453	-43.107384	General
3maj:ChainA:GLU297	-63.592210	-37.189491	General
3maj:ChainA:ALA298	-68.969331	-41.253960	General
3maj:ChainA:VAL299	-94.096969	-9.275358	General
3maj:ChainA:ALA300	-46.334212	-49.548466	General
3maj:ChainA:SER301	-26.283910	-54.018342	General
3maj:ChainA:ILE302	-107.889475	-75.671418	General
3maj:ChainA:GLY321	-101.032945	10.194473	Glycine
3maj:ChainA:GLU322	-76.367628	123.218469	Pre-Pro
3maj:ChainA:PRO323	-69.112213	135.309367	Proline
3maj:ChainA:ASP324	-88.381540	167.664581	General
3maj:ChainA:THR325	-50.892417	119.442930	General
3maj:ChainA:GLY326	101.833209	-22.940720	Glycine
3maj:ChainA:ASP327	-58.631164	-52.867362	General
3maj:ChainA:ARG328	-55.443088	-46.558628	General
3maj:ChainA:THR329	-62.770890	-43.847875	General
3maj:ChainA:ARG330	-66.217330	-37.069099	General
3maj:ChainA:ILE331	-67.836169	-48.933859	General
3maj:ChainA:LEU332	-52.211716	-40.890573	General
3maj:ChainA:ALA333	-65.528885	-30.425631	General
3maj:ChainA:LEU334	-83.202428	-9.466358	General
3maj:ChainA:LEU335	-91.653767	162.298150	General
3maj:ChainA:GLY336	-172.473097	-172.261469	Glycine
3maj:ChainA:PRO337	-68.640978	-13.879589	Proline
3maj:ChainA:SER338	-102.958203	128.181678	Pre-Pro
3maj:ChainA:PRO339	-57.456251	138.771456	Proline
3maj:ChainA:VAL340	-132.181818	155.101241	General
3maj:ChainA:GLY341	-81.742715	150.922532	Glycine
3maj:ChainA:ILE342	-58.347932	-36.231743	General
3maj:ChainA:ASP343	-50.854766	-47.191082	General
3maj:ChainA:ASP344	-64.352297	-43.015072	General
3maj:ChainA:LEU345	-63.520013	-42.343891	General
3maj:ChainA:ILE346	-62.691727	-52.626242	General
3maj:ChainA:ARG347	-56.049507	-42.675886	General
3maj:ChainA:LEU348	-81.121244	-21.404939	General
3maj:ChainA:SER349	-110.869358	-23.484465	General
3maj:ChainA:GLY350	78.653865	-4.372520	Glycine
3maj:ChainA:ILE351	-71.994186	137.416648	General
3maj:ChainA:SER352	-54.317934	146.289515	Pre-Pro
3maj:ChainA:PRO353	-48.106958	-46.483693	Proline
3maj:ChainA:ALA354	-59.180366	-40.949451	General
3maj:ChainA:VAL355	-71.602870	-41.958550	General
3maj:ChainA:VAL356	-60.350456	-44.547180	General
3maj:ChainA:ARG357	-59.407885	-41.914304	General
3maj:ChainA:THR358	-61.292110	-45.439751	General
3maj:ChainA:ILE359	-62.724758	-45.617445	General
3maj:ChainA:LEU360	-65.372469	-37.162151	General
3maj:ChainA:LEU361	-63.059787	-41.106365	General
3maj:ChainA:GLU362	-61.147781	-47.246127	General
3maj:ChainA:LEU363	-62.961681	-44.148347	General
3maj:ChainA:GLU364	-62.974166	-46.663783	General
3maj:ChainA:LEU365	-94.953679	7.122493	General
3maj:ChainA:ALA366	-89.652504	-2.761366	General
3maj:ChainA:GLY367	85.815461	12.064654	Glycine
3maj:ChainA:ARG368	-100.856911	-1.808206	General
3maj:ChainA:LEU369	-120.728294	137.152930	General
3maj:ChainA:GLU370	-105.772283	129.370746	General
3maj:ChainA:ARG371	-105.058820	123.386826	General
3maj:ChainA:HIS372	-106.057268	-177.940034	General
3maj:ChainA:GLY373	-62.544010	139.149819	Glycine
3maj:ChainA:GLY374	65.997584	47.752403	Glycine
3maj:ChainA:SER375	68.426448	22.901801	General
3maj:ChainA:LEU376	-104.584917	137.881964	General
3maj:ChainA:VAL377	-130.199444	149.201853	General
3maj:ChainA:SER378	-134.727315	158.935693	General
