3okg:ChainA:THR2	-79.285660	-4.322441	General
3okg:ChainA:GLU3	-81.806076	-17.789818	General
3okg:ChainA:GLY4	80.450309	-165.258489	Glycine
3okg:ChainA:PRO5	-48.093568	-45.469393	Proline
3okg:ChainA:TYR6	-153.107385	164.760499	General
3okg:ChainA:LYS7	-79.512607	129.008498	General
3okg:ChainA:LEU8	-104.481935	158.002002	Pre-Pro
3okg:ChainA:PRO9	-58.035265	157.210155	Proline
3okg:ChainA:PRO10	-49.741968	134.336356	Proline
3okg:ChainA:GLY11	92.502094	-21.067480	Glycine
3okg:ChainA:TRP12	-77.829865	159.390356	General
3okg:ChainA:ARG13	-140.533163	157.723294	General
3okg:ChainA:TRP14	-94.049401	129.150226	General
3okg:ChainA:VAL15	-139.023122	162.640650	General
3okg:ChainA:ARG16	-74.839047	145.311763	General
3okg:ChainA:LEU17	-51.239141	-45.969833	General
3okg:ChainA:GLY18	-55.310679	-26.656488	Glycine
3okg:ChainA:GLU19	-67.258041	-23.896281	General
3okg:ChainA:VAL20	-111.320125	24.048739	General
3okg:ChainA:CYS21	-112.943619	160.905382	General
3okg:ChainA:LEU22	-109.575534	162.769391	Pre-Pro
3okg:ChainA:PRO23	-66.183302	155.738325	Proline
3okg:ChainA:THR24	-129.594202	163.480746	General
3okg:ChainA:GLU25	-129.006113	165.993498	General
3okg:ChainA:ARG26	-117.340074	161.972378	General
3okg:ChainA:ARG27	-153.342778	144.700574	General
3okg:ChainA:ASP28	-104.675393	103.055500	Pre-Pro
3okg:ChainA:PRO29	-65.319791	-18.457568	Proline
3okg:ChainA:THR30	-64.747749	-12.943855	General
3okg:ChainA:LYS31	-80.975418	-11.892027	General
3okg:ChainA:ASN32	-125.147843	74.784053	Pre-Pro
3okg:ChainA:PRO33	-59.163324	-29.217879	Proline
3okg:ChainA:SER34	-96.688803	7.721863	General
3okg:ChainA:THR35	-105.788110	126.395528	General
3okg:ChainA:TYR36	-73.312791	144.105607	General
3okg:ChainA:PHE37	-134.680138	161.373180	General
3okg:ChainA:VAL38	-98.933579	130.424465	General
3okg:ChainA:TYR39	-111.133551	127.670692	General
3okg:ChainA:VAL40	-104.972854	107.943815	General
3okg:ChainA:ASP41	-107.075811	-176.509148	General
3okg:ChainA:ILE42	-59.271510	-43.354660	General
3okg:ChainA:SER43	-59.640653	-21.856284	General
3okg:ChainA:ALA44	-72.045689	-14.438884	General
3okg:ChainA:ILE45	-99.345359	135.448599	General
3okg:ChainA:ASP46	-88.122772	105.677633	General
3okg:ChainA:SER47	-74.725358	-18.546372	General
3okg:ChainA:THR48	-62.415496	-39.980904	General
3okg:ChainA:VAL49	-117.924030	-4.520531	General
3okg:ChainA:GLY50	74.984069	54.828609	Glycine
3okg:ChainA:LYS51	-130.554593	140.332961	General
3okg:ChainA:ILE52	-78.755782	110.562043	General
3okg:ChainA:VAL53	-117.587213	-18.023632	General
3okg:ChainA:SER54	-140.749837	60.877542	Pre-Pro
3okg:ChainA:PRO55	-77.164413	161.555433	Proline
3okg:ChainA:LYS56	-119.937128	137.014928	General
3okg:ChainA:GLU57	-87.504831	126.257924	General
3okg:ChainA:ILE58	-128.441245	142.636633	General
3okg:ChainA:LEU59	-72.926104	137.760039	General
3okg:ChainA:GLY60	-53.107720	-42.040331	Glycine
3okg:ChainA:GLN61	-47.890827	-35.748426	General
3okg:ChainA:HIS62	-101.505416	13.278045	General
3okg:ChainA:ALA63	-53.073112	123.862137	Pre-Pro
3okg:ChainA:PRO64	-55.548638	156.273253	Proline
3okg:ChainA:SER65	-65.885713	-29.320381	General
3okg:ChainA:ARG66	-79.778031	-7.067433	General
3okg:ChainA:ALA67	-80.350740	82.484688	General
3okg:ChainA:ARG68	-139.539198	-10.862051	General
3okg:ChainA:LYS69	-97.965019	126.148633	General
3okg:ChainA:VAL70	-81.325997	127.565248	General
3okg:ChainA:ILE71	-105.752867	154.860647	General
3okg:ChainA:ARG72	-128.348484	153.123119	General
3okg:ChainA:SER73	-47.799608	130.629832	General
3okg:ChainA:GLY74	90.721626	-7.909464	Glycine
3okg:ChainA:ASP75	-65.879796	151.780337	General
3okg:ChainA:VAL76	-102.298850	132.229853	General
3okg:ChainA:ILE77	-110.880357	134.895469	General
3okg:ChainA:PHE78	-132.747326	110.490151	General
3okg:ChainA:ALA79	-65.700150	132.291812	General
3okg:ChainA:THR80	-86.391707	-18.525181	General
3okg:ChainA:THR81	-81.991008	139.284716	General
3okg:ChainA:ARG82	40.055536	44.245325	Pre-Pro
3okg:ChainA:PRO83	-40.868445	-25.613104	Proline
3okg:ChainA:TYR84	-70.602154	-15.395664	General
3okg:ChainA:LEU85	-72.707363	-21.306524	General
3okg:ChainA:LYS86	67.800280	39.994115	General
3okg:ChainA:ASN87	-73.133440	79.487727	General
3okg:ChainA:ILE88	-143.180923	131.181370	General
3okg:ChainA:ALA89	-153.972978	160.251271	General
3okg:ChainA:LEU90	-101.725924	130.812038	General
3okg:ChainA:VAL91	-81.167883	120.818666	Pre-Pro
3okg:ChainA:PRO92	-72.192454	170.796367	Proline
3okg:ChainA:PRO93	-69.525026	-29.946914	Proline
3okg:ChainA:ASP94	-60.488567	-21.084755	General
3okg:ChainA:LEU95	-100.935368	10.210127	General
3okg:ChainA:ASP96	-57.137298	129.443725	General
3okg:ChainA:GLY97	80.895825	5.617343	Glycine
3okg:ChainA:GLN98	-87.686296	-164.355287	General
3okg:ChainA:ILE99	-129.216741	137.294286	General
3okg:ChainA:CYS100	-122.636614	164.758873	General
3okg:ChainA:SER101	-59.642880	144.812930	General
3okg:ChainA:THR102	-61.617994	-14.852124	General
3okg:ChainA:GLY103	-68.584141	-8.490547	Glycine
3okg:ChainA:PHE104	-101.238744	137.239975	General
3okg:ChainA:CYS105	-78.978562	128.243371	General
3okg:ChainA:VAL106	-99.116937	116.592094	General
3okg:ChainA:ILE107	-111.879476	100.869991	General
3okg:ChainA:ARG108	-104.592397	111.195780	General
3okg:ChainA:ALA109	-64.684965	133.294833	General
3okg:ChainA:ASN110	-80.386564	107.313994	General
3okg:ChainA:ARG111	-66.060316	-10.776128	General
3okg:ChainA:GLU112	-69.068362	-17.990719	General
3okg:ChainA:PHE113	-130.119182	-28.550543	General
3okg:ChainA:ALA114	-143.306502	141.482566	General
3okg:ChainA:GLU115	-86.640011	132.864642	Pre-Pro
3okg:ChainA:PRO116	-50.841163	-43.648992	Proline
3okg:ChainA:GLU117	-67.082513	-32.070032	General
3okg:ChainA:PHE118	-68.124809	-47.391035	General
3okg:ChainA:LEU119	-56.983144	-41.591661	General
3okg:ChainA:PHE120	-56.067041	-55.318991	General
3okg:ChainA:HIS121	-65.506463	-38.973682	General
3okg:ChainA:LEU122	-58.103256	-48.182862	General
3okg:ChainA:CYS123	-65.146465	-21.174415	General
3okg:ChainA:ARG124	-79.154692	-6.671445	General
3okg:ChainA:SER125	-76.676487	144.793934	General
3okg:ChainA:ASP126	-54.550047	-27.517033	General
3okg:ChainA:PHE127	-55.588458	-33.103396	General
3okg:ChainA:ILE128	-80.853010	-52.259926	General
3okg:ChainA:THR129	-44.355136	-48.614147	General
3okg:ChainA:ASN130	-70.947120	-11.549680	General
3okg:ChainA:GLN131	-90.376296	-9.064079	General
3okg:ChainA:LEU132	-86.476445	96.697197	General
3okg:ChainA:THR133	-63.905038	-32.950055	General
3okg:ChainA:ALA134	-64.619127	-10.927150	General
3okg:ChainA:SER135	-82.110906	-23.807030	General
3okg:ChainA:LYS136	-74.945780	-176.830905	General
3okg:ChainA:MET137	-45.154112	133.612380	General
3okg:ChainA:ARG138	-111.294833	140.691215	General
3okg:ChainA:GLY139	-97.528540	-179.587879	Glycine
3okg:ChainA:THR140	-49.662330	129.452548	General
3okg:ChainA:SER141	60.518024	14.808530	General
3okg:ChainA:TYR142	-62.971405	131.571483	Pre-Pro
3okg:ChainA:PRO143	-66.345998	151.167881	Proline
3okg:ChainA:ALA144	-71.768271	174.316652	General
3okg:ChainA:VAL145	-59.427297	139.366818	General
3okg:ChainA:THR146	-111.628621	165.474901	General
3okg:ChainA:ASP147	-60.388052	-43.484638	General
3okg:ChainA:ASN148	-58.369037	-36.253949	General
3okg:ChainA:ASP149	-57.840754	-45.046120	General
3okg:ChainA:VAL150	-65.116612	-47.087688	General
3okg:ChainA:TYR151	-61.288742	-24.895384	General
3okg:ChainA:ASN152	-82.497246	-9.304125	General
3okg:ChainA:THR153	-66.839747	150.435727	General
3okg:ChainA:LEU154	-86.181652	140.868797	General
3okg:ChainA:ILE155	-136.296403	145.661188	Pre-Pro
3okg:ChainA:PRO156	-79.947510	134.321527	Proline
3okg:ChainA:LEU157	-125.832478	97.253313	Pre-Pro
3okg:ChainA:PRO158	-68.259002	169.774041	Proline
3okg:ChainA:PRO159	-57.488162	155.329589	Proline
3okg:ChainA:LEU160	-50.853340	-45.808282	General
3okg:ChainA:GLU161	-61.402281	-42.223104	General
3okg:ChainA:GLU162	-68.948666	-34.985632	General
3okg:ChainA:GLN163	-56.220172	-45.589517	General
3okg:ChainA:ARG164	-65.149668	-36.550030	General
3okg:ChainA:ARG165	-65.738882	-46.437939	General
3okg:ChainA:ILE166	-59.403247	-42.399757	General
3okg:ChainA:VAL167	-56.763069	-43.305923	General
3okg:ChainA:ALA168	-64.373727	-41.037997	General
3okg:ChainA:LYS169	-69.200428	-41.705336	General
3okg:ChainA:VAL170	-61.243830	-47.742198	General
3okg:ChainA:GLU171	-64.223156	-37.805592	General
3okg:ChainA:ALA172	-65.801949	-44.608269	General
3okg:ChainA:LEU173	-58.130758	-44.836241	General
3okg:ChainA:MET174	-62.770053	-40.261117	General
3okg:ChainA:GLU175	-61.754816	-38.467707	General
3okg:ChainA:ARG176	-62.523085	-37.497982	General
3okg:ChainA:VAL177	-55.569576	-50.023390	General
3okg:ChainA:ARG178	-57.664953	-43.344270	General
3okg:ChainA:GLU179	-57.932247	-42.654116	General
3okg:ChainA:VAL180	-68.343089	-40.642296	General
3okg:ChainA:ARG181	-57.337460	-44.782200	General
3okg:ChainA:ARG182	-62.919378	-43.924539	General
3okg:ChainA:LEU183	-59.275133	-46.057248	General
3okg:ChainA:ARG184	-57.804537	-48.463888	General
3okg:ChainA:ALA185	-53.571665	-42.018901	General
3okg:ChainA:GLU186	-67.153770	-41.474910	General
3okg:ChainA:ALA187	-64.834756	-42.640391	General
3okg:ChainA:GLN188	-54.210612	-50.029581	General
3okg:ChainA:LYS189	-60.855132	-45.956814	General
3okg:ChainA:ASP190	-72.286644	-31.969325	General
3okg:ChainA:THR191	-74.313660	-39.161067	General
3okg:ChainA:GLU192	-59.929288	-42.724959	General
3okg:ChainA:LEU193	-62.785920	-42.400363	General
3okg:ChainA:LEU194	-54.291727	-45.789548	General
3okg:ChainA:MET195	-64.041031	-51.676133	General
3okg:ChainA:GLN196	-55.179540	-44.914943	General
3okg:ChainA:THR197	-63.129100	-42.779671	General
3okg:ChainA:ALA198	-64.221283	-41.389388	General
3okg:ChainA:LEU199	-67.885200	-44.132949	General
3okg:ChainA:ALA200	-56.929112	-33.750898	General
3okg:ChainA:GLU201	-74.497740	-43.970962	General
3okg:ChainA:VAL202	-81.884169	-21.709293	General
3okg:ChainA:PHE203	-116.711106	85.886237	Pre-Pro
3okg:ChainA:PRO204	-91.003239	171.279294	Proline
3okg:ChainA:HIS205	-70.019051	145.641536	Pre-Pro
3okg:ChainA:PRO206	-50.761321	135.681304	Proline
3okg:ChainA:GLY207	96.403034	-23.419876	Glycine
3okg:ChainA:ALA208	-58.928621	157.809253	General
3okg:ChainA:ASP209	-55.628639	136.105602	General
3okg:ChainA:LEU210	-129.539782	148.274840	Pre-Pro
3okg:ChainA:PRO211	-53.501628	137.342870	Proline
3okg:ChainA:PRO212	-46.194089	135.447391	Proline
3okg:ChainA:GLY213	102.335768	-25.236928	Glycine
3okg:ChainA:TRP214	-75.741324	156.448303	General
3okg:ChainA:ARG215	-135.353455	143.507021	General
3okg:ChainA:TRP216	-74.514281	116.972917	General
3okg:ChainA:VAL217	-123.447774	160.840514	General
3okg:ChainA:ARG218	-88.598488	133.441828	General
3okg:ChainA:LEU219	-46.849503	-40.835002	General
3okg:ChainA:GLY220	-48.968761	-31.495633	Glycine
3okg:ChainA:GLU221	-73.678402	-29.397013	General
3okg:ChainA:VAL222	-122.133332	15.897986	General
3okg:ChainA:CYS223	-153.492449	131.018741	General
3okg:ChainA:ASP224	-80.806755	131.543442	General
3okg:ChainA:ILE225	-117.378106	128.848026	General
3okg:ChainA:ILE226	-126.336507	112.496526	General
3okg:ChainA:MET227	-83.105096	129.077624	General
3okg:ChainA:GLY228	-69.148376	157.794355	Glycine
3okg:ChainA:GLN229	-136.071204	146.663266	General
3okg:ChainA:SER230	-75.488516	117.194296	Pre-Pro
3okg:ChainA:PRO231	-68.716872	170.944016	Proline
3okg:ChainA:PRO232	-60.799853	129.440327	Proline
3okg:ChainA:SER233	-46.462211	160.311238	General
3okg:ChainA:SER234	72.949422	16.188484	General
3okg:ChainA:THR235	-120.336528	-4.209145	General
3okg:ChainA:TYR236	-77.040227	139.764688	General
3okg:ChainA:ASN237	-154.716102	168.414049	General
3okg:ChainA:PHE238	-117.936635	25.501526	General
3okg:ChainA:GLU239	-103.943640	13.549799	General
3okg:ChainA:GLY240	66.641208	29.000751	Glycine
3okg:ChainA:ASN241	-93.110157	104.583471	General
3okg:ChainA:GLY242	102.233311	-116.914805	Glycine
3okg:ChainA:LEU243	-143.511658	150.921460	Pre-Pro
3okg:ChainA:PRO244	-55.300311	147.915531	Proline
3okg:ChainA:PHE245	-124.542050	130.271355	General
3okg:ChainA:PHE246	-121.270644	115.741055	General
3okg:ChainA:GLN247	-71.565536	-44.732421	General
3okg:ChainA:GLY248	-168.601650	-164.194845	Glycine
3okg:ChainA:LYS249	-54.683965	-38.925876	General
3okg:ChainA:ALA250	-53.047287	-29.851421	General
3okg:ChainA:ASP251	-94.384633	34.803230	General
3okg:ChainA:PHE252	-115.939932	150.530015	General
3okg:ChainA:GLY253	-113.062453	-167.545611	Glycine
3okg:ChainA:ASP254	-49.533436	-54.277153	General
3okg:ChainA:LEU255	-121.712358	-39.206821	General
3okg:ChainA:HIS256	-124.719500	151.776194	Pre-Pro
3okg:ChainA:PRO257	-83.485220	144.366194	Proline
3okg:ChainA:THR258	-100.709161	132.034743	Pre-Pro
3okg:ChainA:PRO259	-59.255629	128.302559	Proline
3okg:ChainA:ARG260	-125.162579	-41.517074	General
3okg:ChainA:ILE261	-138.843284	144.867308	General
3okg:ChainA:TRP262	-103.241838	164.916890	General
3okg:ChainA:CYS263	-131.100567	117.318173	General
3okg:ChainA:SER264	-72.743087	-3.479435	General
3okg:ChainA:ALA265	-131.186281	61.069454	Pre-Pro
3okg:ChainA:PRO266	-52.759495	112.538373	Proline
3okg:ChainA:GLN267	-93.603464	-55.818238	General
3okg:ChainA:LYS268	-115.786071	115.815409	General
3okg:ChainA:VAL269	-109.071699	133.000488	General
3okg:ChainA:ALA270	-108.977910	145.468863	General
3okg:ChainA:ARG271	-115.201795	168.205417	Pre-Pro
3okg:ChainA:PRO272	-53.169033	127.164898	Proline
3okg:ChainA:GLY273	115.080398	-63.014134	Glycine
3okg:ChainA:ASP274	-41.484657	141.820952	General
3okg:ChainA:VAL275	-88.653264	136.777745	General
3okg:ChainA:LEU276	-105.214386	141.568396	General
3okg:ChainA:ILE277	-138.581385	142.479247	General
3okg:ChainA:SER278	-80.842452	127.686678	General
3okg:ChainA:VAL279	-114.245642	10.704081	General
3okg:ChainA:ARG280	-106.996687	-88.376130	General
3okg:ChainA:ALA281	-97.573298	-62.507074	Pre-Pro
3okg:ChainA:PRO282	-95.161750	84.810978	Proline
3okg:ChainA:VAL283	-77.971640	138.284172	General
3okg:ChainA:GLY284	105.991512	-22.614310	Glycine
3okg:ChainA:SER285	-59.884613	152.232673	General
3okg:ChainA:THR286	-134.809820	148.133705	General
3okg:ChainA:ASN287	-143.322210	172.864687	General
3okg:ChainA:VAL288	-118.723034	138.060080	General
3okg:ChainA:ALA289	-74.461232	131.928088	General
3okg:ChainA:ASN290	-109.575414	-0.431414	General
3okg:ChainA:LEU291	-144.980028	152.092434	General
3okg:ChainA:ALA292	-52.525584	130.640549	General
3okg:ChainA:CYS293	-155.100808	-177.468515	General
3okg:ChainA:CYS294	-138.579902	152.123103	General
3okg:ChainA:ILE295	-124.537732	146.584174	General
3okg:ChainA:GLY296	-103.565773	-170.842011	Glycine
3okg:ChainA:ARG297	-32.201237	-36.141342	General
3okg:ChainA:GLY298	-87.122091	-15.176143	Glycine
3okg:ChainA:LEU299	-116.902199	153.369122	General
3okg:ChainA:ALA300	-118.864374	151.301587	General
3okg:ChainA:ALA301	-111.416290	137.327317	General
3okg:ChainA:LEU302	-116.375580	120.185466	General
3okg:ChainA:ARG303	-114.605451	107.154604	Pre-Pro
3okg:ChainA:PRO304	-60.346003	139.342755	Proline
3okg:ChainA:ARG305	-81.949234	-177.706793	General
3okg:ChainA:ASP306	-63.470576	-27.737602	General
3okg:ChainA:SER307	-83.247575	2.830877	General
3okg:ChainA:LEU308	-129.517017	122.901682	General
3okg:ChainA:GLU309	-75.730191	135.183523	General
3okg:ChainA:ARG310	-51.221886	-48.670822	General
3okg:ChainA:PHE311	-74.466880	-22.168750	General
3okg:ChainA:TRP312	-65.270275	-48.480892	General
3okg:ChainA:LEU313	-56.115217	-48.142367	General
3okg:ChainA:LEU314	-59.623063	-48.619349	General
3okg:ChainA:TYR315	-58.700607	-39.680446	General
3okg:ChainA:TYR316	-65.807267	-47.516045	General
3okg:ChainA:LEU317	-61.356108	-36.866574	General
3okg:ChainA:HIS318	-66.407557	-50.876569	General
3okg:ChainA:TYR319	-53.790796	-34.781276	General
3okg:ChainA:LEU320	-85.725671	3.634008	General
3okg:ChainA:GLU321	-54.476284	-45.944838	Pre-Pro
3okg:ChainA:PRO322	-56.363716	-42.693020	Proline
3okg:ChainA:GLU323	-67.381021	-48.527493	General
3okg:ChainA:LEU324	-59.545046	-31.645912	General
3okg:ChainA:SER325	-85.253266	61.297290	General
3okg:ChainA:ILE336	-124.412894	121.587768	General
3okg:ChainA:THR337	-89.157421	156.221411	General
3okg:ChainA:LYS338	-48.536731	-48.956599	General
3okg:ChainA:LYS339	-58.653365	-43.569329	General
3okg:ChainA:ASP340	-48.884259	-56.747716	General
3okg:ChainA:LEU341	-60.081915	-44.486904	General
3okg:ChainA:GLN342	-63.605616	-27.455030	General
3okg:ChainA:ASN343	-89.653203	-8.803126	General
3okg:ChainA:VAL344	-59.160832	121.400025	General
3okg:ChainA:PHE345	-78.164132	141.740969	General
3okg:ChainA:ILE346	-137.769588	138.824138	Pre-Pro
3okg:ChainA:PRO347	-78.364867	139.454968	Proline
3okg:ChainA:LEU348	-128.260970	98.142601	Pre-Pro
3okg:ChainA:PRO349	-71.402519	166.377258	Proline
3okg:ChainA:PRO350	-58.863291	155.142954	Proline
3okg:ChainA:LEU351	-52.482456	-41.932266	General
3okg:ChainA:GLU352	-60.562948	-37.605786	General
3okg:ChainA:GLU353	-77.070722	-34.743813	General
3okg:ChainA:GLN354	-58.978465	-42.568767	General
3okg:ChainA:ARG355	-69.536433	-41.949444	General
3okg:ChainA:ARG356	-57.881991	-45.248716	General
3okg:ChainA:ILE357	-71.585938	-39.886435	General
3okg:ChainA:VAL358	-59.333470	-39.955886	General
3okg:ChainA:ALA359	-60.151571	-41.138996	General
3okg:ChainA:TYR360	-65.039274	-49.502406	General
3okg:ChainA:LEU361	-61.383031	-38.363483	General
3okg:ChainA:ASP362	-59.330885	-40.857333	General
3okg:ChainA:GLN363	-60.255511	-48.576812	General
3okg:ChainA:ILE364	-63.586558	-44.419505	General
3okg:ChainA:GLN365	-59.888928	-39.569302	General
3okg:ChainA:GLN366	-67.739700	-31.233669	General
3okg:ChainA:GLN367	-75.365296	-43.750105	General
3okg:ChainA:VAL368	-55.765545	-46.683670	General
3okg:ChainA:ALA369	-61.477198	-47.907589	General
3okg:ChainA:ALA370	-59.301256	-44.406465	General
3okg:ChainA:LEU371	-65.302240	-33.876465	General
3okg:ChainA:LYS372	-62.750202	-46.575374	General
3okg:ChainA:ARG373	-76.056470	-34.089166	General
3okg:ChainA:ALA374	-67.356700	-13.536658	General
3okg:ChainA:GLN375	-91.223497	93.894719	General
3okg:ChainA:ALA376	-75.036587	157.556262	General
3okg:ChainA:GLU377	-65.144312	150.872644	General
3okg:ChainA:THR378	-68.010065	-56.671134	General
3okg:ChainA:GLU379	-54.532939	-46.162319	General
3okg:ChainA:ALA380	-65.917956	-48.501566	General
3okg:ChainA:GLU381	-58.883499	-47.138040	General
3okg:ChainA:LEU382	-65.303496	-45.291029	General
3okg:ChainA:LYS383	-68.114701	-41.189051	General
3okg:ChainA:ARG384	-78.427432	-33.572242	General
3okg:ChainA:LEU385	-68.084911	-38.598825	General
3okg:ChainA:GLU386	-52.806038	-48.622429	General
3okg:ChainA:GLN387	-59.595328	-40.669379	General
3okg:ChainA:ALA388	-64.950811	-36.797168	General
3okg:ChainA:ILE389	-64.339166	-45.771628	General
3okg:ChainA:LEU390	-63.371056	-36.918511	General
3okg:ChainA:ASP391	-60.544641	-43.306413	General
3okg:ChainA:LYS392	-63.727733	-44.379709	General
3okg:ChainA:ALA393	-58.377404	-45.065261	General
3okg:ChainA:PHE394	-92.257219	7.497021	General
3okg:ChainA:ARG395	-107.139923	-5.461348	General
3okg:ChainA:GLY396	85.674636	21.025736	Glycine
3okg:ChainA:ASP397	-98.188823	5.776954	General
3okg:ChainB:THR2	-89.932377	-5.025984	General
3okg:ChainB:GLU3	-98.638578	128.572716	General
3okg:ChainB:GLY4	-65.632180	-146.258735	Glycine
3okg:ChainB:PRO5	-53.184966	-33.962836	Proline
3okg:ChainB:TYR6	-160.557881	168.406199	General
3okg:ChainB:LYS7	-87.070941	134.941749	General
3okg:ChainB:LEU8	-102.154015	158.403435	Pre-Pro
3okg:ChainB:PRO9	-58.077965	156.942828	Proline
3okg:ChainB:PRO10	-54.026440	141.707108	Proline
3okg:ChainB:GLY11	91.357134	-20.846603	Glycine
3okg:ChainB:TRP12	-81.963457	155.682979	General
3okg:ChainB:ARG13	-132.365861	153.492360	General
3okg:ChainB:TRP14	-86.708700	130.897716	General
3okg:ChainB:VAL15	-142.582470	166.375445	General
3okg:ChainB:ARG16	-81.953163	146.141681	General
3okg:ChainB:LEU17	-56.278414	-44.413373	General
3okg:ChainB:GLY18	-54.885788	-26.892043	Glycine
3okg:ChainB:GLU19	-65.192868	-22.278361	General
3okg:ChainB:VAL20	-114.155755	20.910153	General
3okg:ChainB:CYS21	-112.003194	157.843468	General
3okg:ChainB:LEU22	-108.076553	160.786641	Pre-Pro
3okg:ChainB:PRO23	-60.236495	150.983158	Proline
3okg:ChainB:THR24	-130.320437	166.229236	General
3okg:ChainB:GLU25	-132.344085	166.218519	General
3okg:ChainB:ARG26	-119.519460	159.577520	General
3okg:ChainB:ARG27	-149.392025	141.596167	General
3okg:ChainB:ASP28	-100.810427	105.139297	Pre-Pro
3okg:ChainB:PRO29	-66.039691	-19.862398	Proline
3okg:ChainB:THR30	-65.877060	-10.319338	General
3okg:ChainB:LYS31	-79.257540	-13.005584	General
3okg:ChainB:ASN32	-126.411584	74.142420	Pre-Pro
3okg:ChainB:PRO33	-60.138964	-29.403554	Proline
3okg:ChainB:SER34	-97.511109	4.296423	General
3okg:ChainB:THR35	-104.212812	128.687055	General
3okg:ChainB:TYR36	-74.559327	148.403433	General
3okg:ChainB:PHE37	-139.153679	158.872306	General
3okg:ChainB:VAL38	-97.452864	129.708617	General
3okg:ChainB:TYR39	-110.275295	128.041947	General
3okg:ChainB:VAL40	-110.005362	107.886310	General
3okg:ChainB:ASP41	-107.800818	-174.906994	General
3okg:ChainB:ILE42	-65.245367	-38.009438	General
3okg:ChainB:SER43	-56.392383	-25.728757	General
3okg:ChainB:ALA44	-72.351134	-15.818865	General
3okg:ChainB:ILE45	-96.230296	137.953871	General
3okg:ChainB:ASP46	-92.267264	107.295240	General
3okg:ChainB:SER47	-73.589351	-18.521701	General
3okg:ChainB:THR48	-64.822093	-40.730864	General
3okg:ChainB:VAL49	-115.193244	-5.513947	General
3okg:ChainB:GLY50	72.868989	55.558661	Glycine
3okg:ChainB:LYS51	-132.574114	141.246239	General
3okg:ChainB:ILE52	-79.632877	107.478231	General
3okg:ChainB:VAL53	-115.597561	-22.767164	General
3okg:ChainB:SER54	-138.406300	56.256174	Pre-Pro
3okg:ChainB:PRO55	-73.491914	162.135699	Proline
3okg:ChainB:LYS56	-123.573054	136.909599	General
3okg:ChainB:GLU57	-87.865649	126.014983	General
3okg:ChainB:ILE58	-130.463079	144.085686	General
3okg:ChainB:LEU59	-75.481948	136.998416	General
3okg:ChainB:GLY60	-48.402263	-42.228636	Glycine
3okg:ChainB:GLN61	-54.930702	-29.651487	General
3okg:ChainB:HIS62	-104.823424	15.581006	General
3okg:ChainB:ALA63	-54.671183	128.369734	Pre-Pro
3okg:ChainB:PRO64	-62.479218	155.338821	Proline
3okg:ChainB:SER65	-61.408607	-31.105185	General
3okg:ChainB:ARG66	-80.636562	-10.670807	General
3okg:ChainB:ALA67	-76.242467	82.159665	General
3okg:ChainB:ARG68	-139.173332	-13.013037	General
3okg:ChainB:LYS69	-94.641793	125.478001	General
3okg:ChainB:VAL70	-78.027205	127.679624	General
3okg:ChainB:ILE71	-105.277033	153.548652	General
3okg:ChainB:ARG72	-127.635616	153.392431	General
3okg:ChainB:SER73	-47.147750	131.216536	General
3okg:ChainB:GLY74	87.782362	-8.915498	Glycine
3okg:ChainB:ASP75	-63.668988	147.111998	General
3okg:ChainB:VAL76	-101.560689	127.321664	General
3okg:ChainB:ILE77	-107.579254	132.147282	General
3okg:ChainB:PHE78	-132.811430	108.417617	General
3okg:ChainB:ALA79	-65.411828	131.127853	General
3okg:ChainB:THR80	-87.313555	-17.481403	General
3okg:ChainB:THR81	-82.628134	137.128385	General
3okg:ChainB:ARG82	40.223043	63.154793	Pre-Pro
3okg:ChainB:PRO83	-58.904052	-24.652274	Proline
3okg:ChainB:TYR84	-68.472598	-21.807595	General
3okg:ChainB:LEU85	-69.000391	-19.338703	General
3okg:ChainB:LYS86	67.198906	37.716325	General
3okg:ChainB:ASN87	-73.340075	75.625126	General
3okg:ChainB:ILE88	-137.411565	128.766212	General
3okg:ChainB:ALA89	-149.554846	157.517209	General
3okg:ChainB:LEU90	-101.589798	131.885646	General
3okg:ChainB:VAL91	-80.356680	122.511715	Pre-Pro
3okg:ChainB:PRO92	-75.607671	164.537207	Proline
3okg:ChainB:PRO93	-55.407471	-37.667685	Proline
3okg:ChainB:ASP94	-72.450844	-9.990210	General
3okg:ChainB:LEU95	-99.772099	13.449249	General
3okg:ChainB:ASP96	-61.602177	132.692482	General
3okg:ChainB:GLY97	74.132023	10.539337	Glycine
3okg:ChainB:GLN98	-90.541521	-161.722005	General
3okg:ChainB:ILE99	-130.046549	139.735350	General
3okg:ChainB:CYS100	-125.375404	163.545724	General
3okg:ChainB:SER101	-59.979332	143.996323	General
3okg:ChainB:THR102	-60.875182	-14.730676	General
3okg:ChainB:GLY103	-65.638218	-9.325381	Glycine
3okg:ChainB:PHE104	-103.369561	137.584930	General
3okg:ChainB:CYS105	-78.450408	127.450078	General
3okg:ChainB:VAL106	-97.323634	115.592420	General
3okg:ChainB:ILE107	-108.428097	99.860475	General
3okg:ChainB:ARG108	-104.806604	108.071895	General
3okg:ChainB:ALA109	-59.192759	131.499165	General
3okg:ChainB:ASN110	-77.325834	104.974235	General
3okg:ChainB:ARG111	-63.402288	-13.752965	General
3okg:ChainB:GLU112	-69.000279	-21.015718	General
3okg:ChainB:PHE113	-122.572529	-28.692188	General
3okg:ChainB:ALA114	-141.920386	140.733951	General
3okg:ChainB:GLU115	-91.325227	132.996083	Pre-Pro
3okg:ChainB:PRO116	-48.610087	-47.358676	Proline
3okg:ChainB:GLU117	-65.988025	-29.385955	General
3okg:ChainB:PHE118	-73.047509	-45.992814	General
3okg:ChainB:LEU119	-57.323093	-40.200866	General
3okg:ChainB:PHE120	-56.208189	-55.592589	General
3okg:ChainB:HIS121	-66.789164	-37.665762	General
3okg:ChainB:LEU122	-61.456252	-45.878828	General
3okg:ChainB:CYS123	-66.063849	-19.944409	General
3okg:ChainB:ARG124	-79.234382	-10.318182	General
3okg:ChainB:SER125	-74.657540	143.445404	General
3okg:ChainB:ASP126	-50.427580	-28.427831	General
3okg:ChainB:PHE127	-55.820372	-38.920368	General
3okg:ChainB:ILE128	-78.059154	-50.929480	General
3okg:ChainB:THR129	-62.486936	-34.046688	General
3okg:ChainB:ASN130	-63.940605	-13.026727	General
3okg:ChainB:GLN131	-88.411103	-9.366495	General
3okg:ChainB:LEU132	-89.947291	93.354347	General
3okg:ChainB:THR133	-61.290924	-35.709114	General
3okg:ChainB:ALA134	-63.966338	-14.938098	General
3okg:ChainB:SER135	-88.494395	-7.169070	General
3okg:ChainB:LYS136	-80.130399	-175.250649	General
3okg:ChainB:MET137	-49.181296	130.295849	General
3okg:ChainB:ARG138	-112.272059	148.328785	General
3okg:ChainB:GLY139	-104.737778	-173.288533	Glycine
3okg:ChainB:THR140	-53.785941	126.292635	General
3okg:ChainB:SER141	70.322900	9.614441	General
3okg:ChainB:TYR142	-62.509994	128.556200	Pre-Pro
3okg:ChainB:PRO143	-64.760406	151.391939	Proline
3okg:ChainB:ALA144	-68.709636	172.418734	General
3okg:ChainB:VAL145	-56.588428	138.824813	General
3okg:ChainB:THR146	-108.876536	162.767053	General
3okg:ChainB:ASP147	-56.459891	-42.561015	General
3okg:ChainB:ASN148	-60.067357	-37.428272	General
3okg:ChainB:ASP149	-56.479348	-42.538182	General
3okg:ChainB:VAL150	-67.535682	-46.789101	General
3okg:ChainB:TYR151	-61.595926	-21.691422	General
3okg:ChainB:ASN152	-85.624856	-10.128899	General
3okg:ChainB:THR153	-64.080308	152.086950	General
3okg:ChainB:LEU154	-89.803679	140.267920	General
3okg:ChainB:ILE155	-133.367246	146.739227	Pre-Pro
3okg:ChainB:PRO156	-81.901252	126.757987	Proline
3okg:ChainB:LEU157	-123.533561	100.150080	Pre-Pro
3okg:ChainB:PRO158	-70.819625	167.434958	Proline
3okg:ChainB:PRO159	-58.753902	156.254352	Proline
3okg:ChainB:LEU160	-53.513827	-41.980499	General
3okg:ChainB:GLU161	-63.255248	-38.744863	General
3okg:ChainB:GLU162	-73.357613	-33.436171	General
3okg:ChainB:GLN163	-53.870989	-44.728170	General
3okg:ChainB:ARG164	-69.805999	-37.195676	General
3okg:ChainB:ARG165	-64.274327	-44.143716	General
3okg:ChainB:ILE166	-62.170026	-43.865494	General
3okg:ChainB:VAL167	-55.933270	-44.831159	General
3okg:ChainB:ALA168	-61.228360	-43.567723	General
3okg:ChainB:LYS169	-64.949922	-45.119932	General
3okg:ChainB:VAL170	-62.230967	-45.581150	General
3okg:ChainB:GLU171	-65.219954	-39.211847	General
3okg:ChainB:ALA172	-63.939162	-43.137251	General
3okg:ChainB:LEU173	-65.242307	-37.949097	General
3okg:ChainB:MET174	-65.347081	-40.507894	General
3okg:ChainB:GLU175	-65.669985	-34.884749	General
3okg:ChainB:ARG176	-60.701377	-41.636118	General
3okg:ChainB:VAL177	-55.912070	-48.739072	General
3okg:ChainB:ARG178	-64.239159	-40.539914	General
3okg:ChainB:GLU179	-55.408771	-47.881551	General
3okg:ChainB:VAL180	-67.310407	-41.216229	General
3okg:ChainB:ARG181	-56.407776	-46.194301	General
3okg:ChainB:ARG182	-59.744649	-41.778770	General
3okg:ChainB:LEU183	-65.455035	-40.502293	General
3okg:ChainB:ARG184	-64.275432	-36.523724	General
3okg:ChainB:ALA185	-62.989933	-40.011356	General
3okg:ChainB:GLU186	-65.713538	-40.804645	General
3okg:ChainB:ALA187	-65.861553	-41.212840	General
3okg:ChainB:GLN188	-54.039780	-47.102465	General
3okg:ChainB:LYS189	-64.973495	-41.668900	General
3okg:ChainB:ASP190	-71.593428	-33.007092	General
3okg:ChainB:THR191	-76.941901	-43.269066	General
3okg:ChainB:GLU192	-55.029082	-40.154282	General
3okg:ChainB:LEU193	-65.160395	-41.915779	General
3okg:ChainB:LEU194	-56.930402	-42.408004	General
3okg:ChainB:MET195	-66.041755	-49.602613	General
3okg:ChainB:GLN196	-60.240349	-42.268964	General
3okg:ChainB:THR197	-62.461317	-43.064990	General
3okg:ChainB:ALA198	-66.439602	-43.270892	General
3okg:ChainB:LEU199	-62.495539	-46.474831	General
3okg:ChainB:ALA200	-53.796855	-38.453960	General
3okg:ChainB:GLU201	-71.434928	-48.409383	General
3okg:ChainB:VAL202	-77.751823	-18.894807	General
3okg:ChainB:PHE203	-121.704506	64.639119	Pre-Pro
3okg:ChainB:PRO204	-69.974392	176.837610	Proline
3okg:ChainB:HIS205	-74.238353	147.582660	Pre-Pro
3okg:ChainB:PRO206	-52.136213	133.775778	Proline
3okg:ChainB:GLY207	100.851910	-25.380165	Glycine
3okg:ChainB:ALA208	-66.150860	158.891092	General
3okg:ChainB:ASP209	-51.206834	134.541091	General
3okg:ChainB:LEU210	-127.899177	148.759372	Pre-Pro
3okg:ChainB:PRO211	-52.839329	149.834748	Proline
3okg:ChainB:PRO212	-52.664193	134.161859	Proline
3okg:ChainB:GLY213	100.609007	-24.033581	Glycine
3okg:ChainB:TRP214	-79.068629	145.844402	General
3okg:ChainB:ARG215	-127.686527	143.650730	General
3okg:ChainB:TRP216	-75.284381	126.056714	General
3okg:ChainB:VAL217	-128.866093	161.448582	General
3okg:ChainB:ARG218	-85.133371	137.723572	General
3okg:ChainB:LEU219	-52.626228	-38.115285	General
3okg:ChainB:GLY220	-56.323863	-29.882393	Glycine
3okg:ChainB:GLU221	-68.774546	-28.929962	General
3okg:ChainB:VAL222	-124.646907	15.014059	General
3okg:ChainB:CYS223	-154.350565	132.919330	General
3okg:ChainB:ASP224	-85.158596	147.261438	General
3okg:ChainB:ILE225	-131.834782	122.419280	General
3okg:ChainB:ILE226	-115.714693	115.894932	General
3okg:ChainB:MET227	-85.500435	130.466821	General
3okg:ChainB:GLY228	-63.955247	156.535555	Glycine
3okg:ChainB:GLN229	-145.410462	136.830758	General
3okg:ChainB:SER230	-65.753191	120.644114	Pre-Pro
3okg:ChainB:PRO231	-69.329042	173.202132	Proline
3okg:ChainB:PRO232	-64.289028	123.916870	Proline
3okg:ChainB:SER233	-41.307406	148.170776	General
3okg:ChainB:SER234	78.740130	13.962432	General
3okg:ChainB:THR235	-98.691658	-3.266194	General
3okg:ChainB:TYR236	-78.017815	144.959692	General
3okg:ChainB:ASN237	-148.064913	163.121809	General
3okg:ChainB:PHE238	-111.786560	25.074063	General
3okg:ChainB:GLU239	-130.501984	158.870889	General
3okg:ChainB:GLY240	-55.203028	106.929413	Glycine
3okg:ChainB:ASN241	-162.173394	100.316638	General
3okg:ChainB:GLY242	93.375234	-127.380599	Glycine
3okg:ChainB:LEU243	-139.098669	153.269877	Pre-Pro
3okg:ChainB:PRO244	-56.362922	129.566249	Proline
3okg:ChainB:PHE245	-112.319635	119.668365	General
3okg:ChainB:PHE246	-111.976813	113.579162	General
3okg:ChainB:GLN247	-81.433435	-27.064217	General
3okg:ChainB:GLY248	-176.226878	-171.577308	Glycine
3okg:ChainB:LYS249	-57.663890	-41.975119	General
3okg:ChainB:ALA250	-44.078083	-35.005051	General
3okg:ChainB:ASP251	-76.230484	-9.534914	General
3okg:ChainB:PHE252	-68.571876	139.657920	General
3okg:ChainB:GLY253	-94.160185	-162.344362	Glycine
3okg:ChainB:ASP254	-68.106608	-38.149370	General
3okg:ChainB:LEU255	-131.036745	-48.222874	General
3okg:ChainB:HIS256	-126.143413	155.057777	Pre-Pro
3okg:ChainB:PRO257	-84.384149	146.552251	Proline
3okg:ChainB:THR258	-91.160157	128.048853	Pre-Pro
3okg:ChainB:PRO259	-59.965026	107.312103	Proline
3okg:ChainB:ARG260	-124.292539	-20.497427	General
3okg:ChainB:ILE261	-142.742470	142.378569	General
3okg:ChainB:TRP262	-113.617671	157.120084	General
3okg:ChainB:CYS263	-122.207833	124.960820	General
3okg:ChainB:SER264	-73.592349	-38.414012	General
3okg:ChainB:ALA265	-111.965215	75.589711	Pre-Pro
3okg:ChainB:PRO266	-60.210835	135.685717	Proline
3okg:ChainB:GLN267	-107.283482	-63.698955	General
3okg:ChainB:LYS268	-100.949732	118.887194	General
3okg:ChainB:VAL269	-114.450743	134.209292	General
3okg:ChainB:ALA270	-110.445940	148.457417	General
3okg:ChainB:ARG271	-109.551349	161.847488	Pre-Pro
3okg:ChainB:PRO272	-55.492402	128.180858	Proline
3okg:ChainB:GLY273	112.652819	-31.437189	Glycine
3okg:ChainB:ASP274	-57.358399	143.974451	General
3okg:ChainB:VAL275	-87.511278	122.815362	General
3okg:ChainB:LEU276	-92.987784	136.740746	General
3okg:ChainB:ILE277	-133.253738	143.968187	General
3okg:ChainB:SER278	-81.162665	127.217188	General
3okg:ChainB:VAL279	-113.534684	-1.327712	General
3okg:ChainB:ARG280	-113.590661	-85.475884	General
3okg:ChainB:ALA281	-67.325165	-71.671015	Pre-Pro
3okg:ChainB:PRO282	-82.166853	-29.590719	Proline
3okg:ChainB:VAL283	39.696176	34.877144	General
3okg:ChainB:GLY284	-151.826018	11.950125	Glycine
3okg:ChainB:SER285	-110.633142	152.096784	General
3okg:ChainB:THR286	-128.453760	158.794133	General
3okg:ChainB:ASN287	-135.116206	-179.730797	General
3okg:ChainB:VAL288	-127.096677	129.418741	General
3okg:ChainB:ALA289	-67.198481	132.006094	General
3okg:ChainB:ASN290	-116.054089	-1.970895	General
3okg:ChainB:LEU291	-136.820233	143.668301	General
3okg:ChainB:ALA292	-50.112662	123.122145	General
3okg:ChainB:CYS293	-149.714463	166.095875	General
3okg:ChainB:CYS294	-104.439368	141.080115	General
3okg:ChainB:ILE295	-123.606943	144.675116	General
3okg:ChainB:GLY296	-104.935559	-175.429867	Glycine
3okg:ChainB:ARG297	-50.112029	-23.638310	General
3okg:ChainB:GLY298	-86.561094	-8.441984	Glycine
3okg:ChainB:LEU299	-125.016997	149.782196	General
3okg:ChainB:ALA300	-118.906830	146.478006	General
3okg:ChainB:ALA301	-105.326125	131.911246	General
3okg:ChainB:LEU302	-110.061013	120.318524	General
3okg:ChainB:ARG303	-113.646610	104.083896	Pre-Pro
3okg:ChainB:PRO304	-60.265142	141.410209	Proline
3okg:ChainB:ARG305	-81.895665	-178.639538	General
3okg:ChainB:ASP306	-52.879907	-36.946719	General
3okg:ChainB:SER307	-88.971349	4.368271	General
3okg:ChainB:LEU308	-125.943592	125.250872	General
3okg:ChainB:GLU309	-78.907870	132.831178	General
3okg:ChainB:ARG310	-50.099999	-44.810547	General
3okg:ChainB:PHE311	-77.036446	-23.634448	General
3okg:ChainB:TRP312	-64.664233	-48.389556	General
3okg:ChainB:LEU313	-58.333165	-46.290487	General
3okg:ChainB:LEU314	-60.942676	-47.189257	General
3okg:ChainB:TYR315	-58.234874	-40.064184	General
3okg:ChainB:TYR316	-64.750821	-43.824514	General
3okg:ChainB:LEU317	-65.625007	-38.967923	General
3okg:ChainB:HIS318	-64.543309	-43.412308	General
3okg:ChainB:TYR319	-60.467007	-38.158953	General
3okg:ChainB:LEU320	-81.337830	9.363007	General
3okg:ChainB:GLU321	-38.937878	-64.826074	Pre-Pro
3okg:ChainB:PRO322	-53.112573	-48.008843	Proline
3okg:ChainB:GLU323	-63.945361	-44.560491	General
3okg:ChainB:LEU324	-63.265814	-29.859690	General
3okg:ChainB:SER325	-74.048294	-27.521502	General
3okg:ChainB:LYS326	-79.594264	-30.536335	General
3okg:ChainB:ILE336	-68.486673	146.864992	General
3okg:ChainB:THR337	-104.959784	165.369731	General
3okg:ChainB:LYS338	-55.981880	-39.240876	General
3okg:ChainB:LYS339	-66.883266	-38.051266	General
3okg:ChainB:ASP340	-56.519630	-50.736978	General
3okg:ChainB:LEU341	-63.268905	-44.975965	General
3okg:ChainB:GLN342	-57.060356	-32.147155	General
3okg:ChainB:ASN343	-88.136729	-8.857143	General
3okg:ChainB:VAL344	-57.275346	125.757641	General
3okg:ChainB:PHE345	-78.598975	139.080365	General
3okg:ChainB:ILE346	-142.677419	134.528405	Pre-Pro
3okg:ChainB:PRO347	-76.602392	135.347953	Proline
3okg:ChainB:LEU348	-124.537692	100.205655	Pre-Pro
3okg:ChainB:PRO349	-74.608425	170.946224	Proline
3okg:ChainB:PRO350	-55.219875	152.707158	Proline
3okg:ChainB:LEU351	-53.392006	-40.066793	General
3okg:ChainB:GLU352	-63.738586	-38.210188	General
3okg:ChainB:GLU353	-74.215966	-35.576357	General
3okg:ChainB:GLN354	-58.056185	-44.419614	General
3okg:ChainB:ARG355	-68.145155	-37.930990	General
3okg:ChainB:ARG356	-62.236467	-45.978072	General
3okg:ChainB:ILE357	-71.037009	-43.774595	General
3okg:ChainB:VAL358	-54.648558	-42.157619	General
3okg:ChainB:ALA359	-57.511823	-39.420435	General
3okg:ChainB:TYR360	-71.556837	-44.127343	General
3okg:ChainB:LEU361	-63.161459	-36.879017	General
3okg:ChainB:ASP362	-61.074469	-40.075004	General
3okg:ChainB:GLN363	-61.176866	-49.792847	General
3okg:ChainB:ILE364	-64.653948	-43.499897	General
3okg:ChainB:GLN365	-56.352856	-46.241506	General
3okg:ChainB:GLN366	-59.900820	-38.371893	General
3okg:ChainB:GLN367	-74.218644	-42.696136	General
3okg:ChainB:VAL368	-55.727072	-48.033838	General
3okg:ChainB:ALA369	-59.167436	-51.222534	General
3okg:ChainB:ALA370	-57.147511	-48.380571	General
3okg:ChainB:LEU371	-61.757653	-43.410172	General
3okg:ChainB:LYS372	-60.996028	-47.434524	General
3okg:ChainB:ARG373	-53.339177	-58.574320	General
3okg:ChainB:ALA374	-56.141623	-25.015339	General
3okg:ChainB:GLN375	-125.344590	80.930484	General
3okg:ChainB:ALA376	-158.381568	88.337666	General
3okg:ChainB:GLU377	51.079586	72.924364	General
3okg:ChainB:THR378	-128.626773	10.027035	General
3okg:ChainB:GLU379	-53.539559	-30.282220	General
3okg:ChainB:ALA380	-68.296909	-9.066610	General
3okg:ChainB:GLU381	-69.822724	-30.334488	General
3okg:ChainB:LEU382	-51.552670	-42.381468	General
3okg:ChainB:LYS383	-62.219452	-34.027350	General
3okg:ChainB:ARG384	-78.020028	-34.950390	General
3okg:ChainB:LEU385	-63.208673	-39.526892	General
3okg:ChainB:GLU386	-55.449677	-47.625002	General
3okg:ChainB:GLN387	-59.507141	-40.831977	General
3okg:ChainB:ALA388	-62.675384	-37.244033	General
3okg:ChainB:ILE389	-67.878717	-44.900027	General
3okg:ChainB:LEU390	-62.084121	-38.230104	General
3okg:ChainB:ASP391	-58.581336	-41.056302	General
3okg:ChainB:LYS392	-67.636145	-43.215960	General
3okg:ChainB:ALA393	-56.770655	-46.062977	General
3okg:ChainB:PHE394	-91.885696	4.677178	General
3okg:ChainB:ARG395	-106.632462	-4.300740	General
3okg:ChainB:GLY396	93.898351	17.271945	Glycine
3okg:ChainB:ASP397	-101.009715	0.976643	General
