3olc:ChainX:PRO8	-78.727457	166.465168	Proline
3olc:ChainX:PHE9	-151.948464	150.788935	General
3olc:ChainX:PHE10	-78.806348	138.226140	General
3olc:ChainX:VAL11	-151.963960	141.947191	General
3olc:ChainX:LYS12	-123.722311	120.484002	General
3olc:ChainX:PHE13	-88.119042	127.552775	General
3olc:ChainX:LEU14	-89.882394	116.958993	General
3olc:ChainX:LYS15	-102.440687	116.614709	General
3olc:ChainX:SER16	-116.732214	146.150897	General
3olc:ChainX:SER17	-22.065347	-61.591860	General
3olc:ChainX:ASP18	-89.067873	102.294004	General
3olc:ChainX:ASN19	-124.488571	138.353509	General
3olc:ChainX:SER20	-73.663547	158.841811	General
3olc:ChainX:LYS21	-62.252826	-29.412255	General
3olc:ChainX:CYS22	-73.631279	-39.487997	General
3olc:ChainX:PHE23	-53.756125	-52.133856	General
3olc:ChainX:PHE24	-70.719456	-34.134821	General
3olc:ChainX:LYS25	-65.603079	-33.004139	General
3olc:ChainX:ALA26	-73.068650	-36.286600	General
3olc:ChainX:LEU27	-61.183651	-38.520570	General
3olc:ChainX:GLU28	-78.740491	-41.450525	General
3olc:ChainX:SER29	-68.031286	-26.899406	General
3olc:ChainX:ILE30	-72.892767	-46.941388	General
3olc:ChainX:LYS31	-49.287659	-37.594941	General
3olc:ChainX:GLU32	-82.229894	-26.782811	General
3olc:ChainX:PHE33	-85.728464	-23.927098	General
3olc:ChainX:GLN34	-162.201485	167.304243	General
3olc:ChainX:SER35	-61.280176	152.871440	General
3olc:ChainX:GLU36	-79.034235	5.881242	General
3olc:ChainX:GLU37	-66.629807	-40.959377	General
3olc:ChainX:TYR38	-82.978964	9.003591	General
3olc:ChainX:LEU39	-122.445739	141.955054	General
3olc:ChainX:GLN40	-152.829847	141.999353	General
3olc:ChainX:ILE41	-121.433059	126.679065	General
3olc:ChainX:ILE42	-126.722232	166.147086	General
3olc:ChainX:THR43	-99.889497	159.916552	General
3olc:ChainX:GLU44	-45.898094	-50.952157	General
3olc:ChainX:GLU45	-45.452615	-61.025416	General
3olc:ChainX:GLU46	-79.256874	-34.052003	General
3olc:ChainX:ALA47	-43.159415	-39.637635	General
3olc:ChainX:LEU48	-64.313229	-27.900907	General
3olc:ChainX:LYS49	-81.609032	-0.547001	General
3olc:ChainX:ILE50	-76.400301	128.226869	General
3olc:ChainX:LYS51	-116.796938	-6.004673	General
3olc:ChainX:GLU52	-138.574618	158.759282	General
3olc:ChainX:ASN53	-94.571687	117.017107	General
3olc:ChainX:ASP54	-94.198254	5.772683	General
3olc:ChainX:ARG55	73.593447	5.560122	General
3olc:ChainX:SER56	-81.096426	168.141977	General
3olc:ChainX:LEU57	-85.321035	131.590343	General
3olc:ChainX:TYR58	-111.588668	139.326812	General
3olc:ChainX:ILE59	-107.368843	115.600906	General
3olc:ChainX:CYS60	-124.652097	146.565187	General
3olc:ChainX:ASP61	-160.652374	114.919371	Pre-Pro
3olc:ChainX:PRO62	-82.244978	175.505045	Proline
3olc:ChainX:PHE63	-81.503769	54.741420	General
3olc:ChainX:SER64	-161.159035	175.930314	General
3olc:ChainX:GLY65	105.904433	173.084200	Glycine
3olc:ChainX:VAL66	-75.769013	-34.176821	General
3olc:ChainX:VAL67	-56.902236	-55.507465	General
3olc:ChainX:PHE68	-53.337318	-47.127140	General
3olc:ChainX:ASP69	-61.003588	-39.608388	General
3olc:ChainX:HIS70	-62.369181	-59.774950	General
3olc:ChainX:LEU71	-56.440938	-39.578967	General
3olc:ChainX:LYS72	-59.568391	-48.151740	General
3olc:ChainX:LYS73	-62.160381	-42.671917	General
3olc:ChainX:LEU74	-58.004613	-23.502117	General
3olc:ChainX:GLY75	97.165560	21.792829	Glycine
3olc:ChainX:CYS76	-70.166145	158.830189	General
3olc:ChainX:ARG77	-89.478848	105.317061	General
3olc:ChainX:ILE78	-114.661863	134.452450	General
3olc:ChainX:VAL79	-135.879425	161.123251	General
3olc:ChainX:GLY80	-90.672446	159.985723	Glycine
3olc:ChainX:PRO81	-52.963293	-31.786617	Proline
3olc:ChainX:GLN82	-56.697099	-44.630661	General
3olc:ChainX:VAL83	-58.623085	-42.463484	General
3olc:ChainX:VAL84	-60.285239	-51.220183	General
3olc:ChainX:ILE85	-55.177890	-47.620079	General
3olc:ChainX:PHE86	-64.883811	-42.862460	General
3olc:ChainX:HIS90	-90.062820	7.146552	General
3olc:ChainX:GLN91	52.169841	48.995882	General
3olc:ChainX:ARG92	-122.455907	168.695862	General
3olc:ChainX:CYS93	-83.340410	148.171993	General
3olc:ChainX:VAL94	-52.676522	135.422937	Pre-Pro
3olc:ChainX:PRO95	-65.314859	156.441285	Proline
3olc:ChainX:ARG96	-61.053048	-36.981404	General
3olc:ChainX:ALA97	61.637296	40.919673	General
3olc:ChainX:GLU98	-46.446574	-36.508676	General
3olc:ChainX:HIS99	-117.507922	159.880902	Pre-Pro
3olc:ChainX:PRO100	-63.397120	139.387243	Proline
3olc:ChainX:VAL101	-121.506967	120.112460	General
3olc:ChainX:TYR102	-87.314677	-37.779449	General
3olc:ChainX:ASP108	69.853754	3.633322	General
3olc:ChainX:VAL109	-96.670811	135.060283	General
3olc:ChainX:THR110	-125.317595	115.894444	General
3olc:ChainX:ILE111	-106.331883	145.215175	General
3olc:ChainX:SER112	-124.365616	162.936770	General
3olc:ChainX:CYS113	-129.383278	150.082348	General
3olc:ChainX:THR114	-153.698377	154.085662	General
3olc:ChainX:SER115	46.222255	47.779584	General
3olc:ChainX:LEU116	-115.835324	143.239785	General
3olc:ChainX:GLU117	-45.849472	147.137808	General
3olc:ChainX:LYS118	-51.827558	-52.662990	General
3olc:ChainX:GLU119	-54.650948	-41.975316	General
3olc:ChainX:LYS120	-71.023534	-39.231728	General
3olc:ChainX:ARG121	-58.666679	-46.203751	General
3olc:ChainX:GLU122	-62.117367	-43.474695	General
3olc:ChainX:GLU123	-62.200476	-43.201937	General
3olc:ChainX:VAL124	-63.176647	-42.928913	General
3olc:ChainX:HIS125	-56.206272	-51.290800	General
3olc:ChainX:LYS126	-59.433150	-43.605496	General
3olc:ChainX:TYR127	-62.100089	-44.666461	General
3olc:ChainX:VAL128	-60.122882	-40.038926	General
3olc:ChainX:GLY133	-91.597705	175.859106	Glycine
3olc:ChainX:ARG134	-124.000603	146.867176	General
3olc:ChainX:VAL135	-111.263221	121.792949	General
3olc:ChainX:TYR136	-120.730921	105.786269	General
3olc:ChainX:ARG137	-57.338123	-66.672630	General
3olc:ChainX:ASP138	-68.249827	147.163607	General
3olc:ChainX:LEU139	-83.904793	131.847082	General
3olc:ChainX:ASN140	-151.467909	-173.621528	General
3olc:ChainX:VAL141	-53.495822	-27.133331	General
3olc:ChainX:SER142	-76.912936	-10.858380	General
3olc:ChainX:VAL143	-80.458213	129.594981	General
3olc:ChainX:THR144	-97.246531	-36.316854	General
3olc:ChainX:HIS145	-139.529803	135.344272	General
3olc:ChainX:LEU146	-93.225621	127.978748	General
3olc:ChainX:ILE147	-96.425695	112.228696	General
3olc:ChainX:ALA148	-115.349674	138.781341	General
3olc:ChainX:GLY149	-99.136580	-16.935972	Glycine
3olc:ChainX:GLU150	-159.006254	170.341336	General
3olc:ChainX:VAL151	-97.837438	159.546552	General
3olc:ChainX:GLY152	106.719862	-16.732856	Glycine
3olc:ChainX:SER153	-67.752978	157.782405	General
3olc:ChainX:LYS154	-55.661391	-37.360189	General
3olc:ChainX:LYS155	-59.915336	-47.503996	General
3olc:ChainX:TYR156	-52.877206	-42.581681	General
3olc:ChainX:LEU157	-66.505463	-47.988327	General
3olc:ChainX:VAL158	-58.436659	-42.536747	General
3olc:ChainX:ALA159	-66.914645	-42.896779	General
3olc:ChainX:ALA160	-62.742871	-38.982955	General
3olc:ChainX:ASN161	-66.669449	-32.822220	General
3olc:ChainX:LEU162	-78.328931	-6.415593	General
3olc:ChainX:LYS163	65.371835	25.637895	General
3olc:ChainX:LYS164	-67.901429	143.913184	Pre-Pro
3olc:ChainX:PRO165	-55.569424	143.780806	Proline
3olc:ChainX:ILE166	-127.083746	100.524969	General
3olc:ChainX:LEU167	-111.339149	165.999550	General
3olc:ChainX:LEU168	-89.749558	158.100979	Pre-Pro
3olc:ChainX:PRO169	-60.858213	-26.931394	Proline
3olc:ChainX:SER170	-54.606474	-29.431945	General
3olc:ChainX:TRP171	-56.918800	-45.932319	General
3olc:ChainX:ILE172	-68.391362	-50.973339	General
3olc:ChainX:LYS173	-57.915946	-39.534710	General
3olc:ChainX:THR174	-64.934246	-48.541886	General
3olc:ChainX:LEU175	-50.472164	-43.913959	General
3olc:ChainX:TRP176	-60.855035	-58.713552	General
3olc:ChainX:GLU177	-57.025388	-42.263381	General
3olc:ChainX:LYS178	-69.277926	-28.035999	General
3olc:ChainX:SER179	-87.570959	-24.775359	General
3olc:ChainX:GLN180	-59.514271	-42.106185	General
3olc:ChainX:GLU181	-92.655306	28.495142	General
3olc:ChainX:LYS182	51.409874	6.941701	General
3olc:ChainX:LYS183	-72.581322	-14.199795	General
3olc:ChainX:ILE184	-134.412209	150.421184	General
3olc:ChainX:THR185	-128.890345	-10.140852	General
3olc:ChainX:ARG186	-142.452601	162.981172	General
3olc:ChainX:TYR187	-75.006106	-22.050050	General
3olc:ChainX:THR188	-68.865667	-14.155895	General
3olc:ChainX:ASP189	-65.216842	-15.056481	General
3olc:ChainX:ILE190	-120.764504	164.679207	General
3olc:ChainX:ASP194	-75.037336	-14.491474	General
3olc:ChainX:PHE195	-120.098018	16.732540	General
3olc:ChainX:LYS196	-57.819957	138.373568	General
3olc:ChainX:CYS197	-66.638166	127.121798	Pre-Pro
3olc:ChainX:PRO198	-60.073538	145.454026	Proline
3olc:ChainX:ILE199	-51.617966	-36.199864	General
3olc:ChainX:PHE200	-116.529392	23.216387	General
3olc:ChainX:LEU201	-61.103903	123.111598	General
3olc:ChainX:GLY202	98.549176	-26.637482	Glycine
3olc:ChainX:CYS203	-80.085121	138.637799	General
3olc:ChainX:ILE204	-121.368472	110.817813	General
3olc:ChainX:ILE205	-106.898954	134.794394	General
3olc:ChainX:CYS206	-127.861175	160.323983	General
3olc:ChainX:VAL207	-139.571987	157.896648	General
3olc:ChainX:THR208	-154.442562	152.904893	General
3olc:ChainX:GLY209	77.964510	12.774201	Glycine
3olc:ChainX:LEU210	-104.113866	150.543391	General
3olc:ChainX:CYS211	-66.121823	159.290777	General
3olc:ChainX:GLY212	-48.113501	-40.136481	Glycine
3olc:ChainX:LEU213	-64.803863	-49.385185	General
3olc:ChainX:ASP214	-59.650388	-41.418104	General
3olc:ChainX:ARG215	-57.632745	-50.833004	General
3olc:ChainX:LYS216	-62.356765	-42.757195	General
3olc:ChainX:GLU217	-59.499811	-49.438274	General
3olc:ChainX:VAL218	-56.022922	-45.997344	General
3olc:ChainX:GLN219	-56.959299	-52.082793	General
3olc:ChainX:GLN220	-54.517224	-55.876283	General
3olc:ChainX:LEU221	-62.230806	-24.135207	General
3olc:ChainX:THR222	-69.154690	-57.315648	General
3olc:ChainX:VAL223	-56.549301	-38.435530	General
3olc:ChainX:LYS224	-65.162778	-33.946811	General
3olc:ChainX:HIS225	-102.792341	26.580373	General
3olc:ChainX:GLY226	82.336793	-5.169103	Glycine
3olc:ChainX:GLY227	-84.769897	-179.637411	Glycine
3olc:ChainX:GLN228	-110.072996	146.823246	General
3olc:ChainX:GLN232	-130.889207	148.115524	General
3olc:ChainX:LEU233	-67.081671	114.573549	General
3olc:ChainX:GLU237	-118.239878	-78.407782	General
3olc:ChainX:CYS238	-53.249073	132.294308	General
3olc:ChainX:THR239	-108.915036	-23.109260	General
3olc:ChainX:HIS240	-139.913976	132.864480	General
3olc:ChainX:LEU241	-108.628672	116.649575	General
3olc:ChainX:ILE242	-77.786212	114.850838	General
3olc:ChainX:VAL243	-149.333007	132.966759	General
3olc:ChainX:GLN244	-78.136700	-37.608324	General
3olc:ChainX:GLU245	-125.892948	140.389931	Pre-Pro
3olc:ChainX:PRO246	-76.595173	68.834727	Proline
3olc:ChainX:LYS247	-144.080747	148.150561	General
3olc:ChainX:GLY248	103.904578	162.749530	Glycine
3olc:ChainX:GLN249	-65.175749	-35.392518	General
3olc:ChainX:LYS250	-73.829094	-43.293568	General
3olc:ChainX:TYR251	-56.463823	-45.046722	General
3olc:ChainX:GLU252	-68.121363	-32.552626	General
3olc:ChainX:CYS253	-75.063822	-37.138624	General
3olc:ChainX:ALA254	-67.400575	-38.868912	General
3olc:ChainX:LYS255	-53.786302	-54.900035	General
3olc:ChainX:ARG256	-49.133723	-38.168278	General
3olc:ChainX:TRP257	-85.961898	0.806853	General
3olc:ChainX:ASN258	49.147918	40.465726	General
3olc:ChainX:VAL259	-81.760557	139.635852	General
3olc:ChainX:HIS260	-55.778402	124.390108	General
3olc:ChainX:CYS261	-105.062611	116.764156	General
3olc:ChainX:VAL262	-130.785579	154.752316	General
3olc:ChainX:THR263	-73.879545	169.389759	General
3olc:ChainX:THR264	-52.621733	-36.633057	General
3olc:ChainX:GLN265	-63.788019	-30.950129	General
3olc:ChainX:TRP266	-54.643572	-43.902721	General
3olc:ChainX:PHE267	-74.069995	-45.218365	General
3olc:ChainX:PHE268	-73.742719	-38.090487	General
3olc:ChainX:ASP269	-60.636849	-29.181078	General
3olc:ChainX:SER270	-64.359659	-47.118062	General
3olc:ChainX:ILE271	-66.809840	-37.935115	General
3olc:ChainX:GLU272	-75.582012	-38.176824	General
3olc:ChainX:LYS273	-89.581079	-5.738189	General
3olc:ChainX:GLY274	86.358353	5.807590	Glycine
3olc:ChainX:PHE275	-155.516707	151.635663	General
3olc:ChainX:CYS276	-58.056602	115.236570	General
3olc:ChainX:GLN277	-71.415641	160.589223	General
3olc:ChainX:ASP278	-73.941203	120.801510	General
3olc:ChainX:GLU279	-58.805324	-30.099753	General
3olc:ChainX:SER280	-75.480202	-9.065201	General
3olc:ChainX:ILE281	-82.712508	-17.790088	General
3olc:ChainX:TYR282	-127.780205	19.578977	General
3olc:ChainX:LYS283	-56.530620	140.185852	General
3olc:ChainX:THR284	-62.443099	-39.338214	General
3olc:ChainX:GLU285	-110.690399	95.945128	Pre-Pro
