3p9a:ChainA:ALA2	-139.609625	29.105193	General
3p9a:ChainA:ALA3	-129.491049	166.258106	Pre-Pro
3p9a:ChainA:PRO4	-56.961110	128.447840	Proline
3p9a:ChainA:LYS5	-80.651663	-21.894454	General
3p9a:ChainA:GLY6	75.040522	24.667210	Glycine
3p9a:ChainA:ASN7	-74.635423	113.958906	General
3p9a:ChainA:ARG8	-72.196545	124.764243	General
3p9a:ChainA:PHE9	-64.787699	-33.328316	General
3p9a:ChainA:TRP10	-72.874592	-9.473649	General
3p9a:ChainA:GLU11	-97.975632	-16.690881	General
3p9a:ChainA:ALA12	-67.640847	133.574217	General
3p9a:ChainA:ARG13	-146.908331	153.478335	General
3p9a:ChainA:SER14	-73.849191	166.666262	General
3p9a:ChainA:SER15	-64.356668	-10.661363	General
3p9a:ChainA:HIS16	-78.151642	-6.722283	General
3p9a:ChainA:GLY17	75.291663	-153.796357	Glycine
3p9a:ChainA:ARG18	-84.578801	133.349881	General
3p9a:ChainA:ASN19	49.938251	51.088947	Pre-Pro
3p9a:ChainA:PRO20	-63.418409	152.212382	Proline
3p9a:ChainA:LYS21	-112.297361	96.276620	General
3p9a:ChainA:PHE22	-78.268232	119.380372	General
3p9a:ChainA:GLU23	-117.267445	-3.948391	General
3p9a:ChainA:SER24	-134.682592	150.386897	Pre-Pro
3p9a:ChainA:PRO25	-56.817596	-41.544920	Proline
3p9a:ChainA:GLU26	-59.763795	-47.802965	General
3p9a:ChainA:ALA27	-60.355740	-46.914884	General
3p9a:ChainA:LEU28	-61.418333	-47.810708	General
3p9a:ChainA:TRP29	-65.325005	-37.829069	General
3p9a:ChainA:ALA30	-59.338091	-42.420510	General
3p9a:ChainA:ALA31	-63.655112	-43.141519	General
3p9a:ChainA:CYS32	-60.692934	-42.419878	General
3p9a:ChainA:CYS33	-61.038991	-35.769474	General
3p9a:ChainA:GLU34	-59.376369	-40.958585	General
3p9a:ChainA:TYR35	-63.226534	-45.388921	General
3p9a:ChainA:PHE36	-61.214921	-43.049178	General
3p9a:ChainA:GLU37	-63.266088	-41.999810	General
3p9a:ChainA:TRP38	-59.891965	-47.648472	General
3p9a:ChainA:VAL39	-55.369136	-45.674102	General
3p9a:ChainA:GLU40	-66.276084	-35.788692	General
3p9a:ChainA:ALA41	-82.412066	-11.700927	General
3p9a:ChainA:ASN42	-127.316816	70.916794	Pre-Pro
3p9a:ChainA:PRO43	-65.446289	162.753198	Proline
3p9a:ChainA:LEU44	-76.270839	164.677726	General
3p9a:ChainA:TRP45	-128.117411	129.076701	General
3p9a:ChainA:GLU46	-102.835295	125.785436	General
3p9a:ChainA:MET47	-77.126651	129.131958	General
3p9a:ChainA:LYS48	-123.329954	144.263867	General
3p9a:ChainA:ALA49	-107.259463	145.848074	General
3p9a:ChainA:PHE50	-137.081841	167.029289	General
3p9a:ChainA:SER51	-148.180789	148.633187	General
3p9a:ChainA:TYR52	-152.033251	113.028984	General
3p9a:ChainA:GLN53	62.512291	47.724842	General
3p9a:ChainA:GLY54	74.383300	16.103260	Glycine
3p9a:ChainA:GLU55	-120.586838	128.903547	General
3p9a:ChainA:VAL56	-92.344235	117.567748	General
3p9a:ChainA:ILE57	-105.320721	129.215826	General
3p9a:ChainA:GLN58	-97.882288	140.847781	General
3p9a:ChainA:GLU59	-153.188026	129.209958	Pre-Pro
3p9a:ChainA:PRO60	-77.702869	136.254256	Proline
3p9a:ChainA:ILE61	-116.975955	133.127635	General
3p9a:ChainA:ALA62	-70.512999	136.303289	General
3p9a:ChainA:LYS63	-125.453344	141.215309	General
3p9a:ChainA:MET64	-60.529315	133.281836	General
3p9a:ChainA:ARG65	-95.179465	124.290368	General
3p9a:ChainA:ALA66	-70.817396	136.934202	General
3p9a:ChainA:MET67	-82.029340	148.579379	General
3p9a:ChainA:THR68	-140.277806	153.034295	General
3p9a:ChainA:ILE69	-63.106155	-40.737214	General
3p9a:ChainA:THR70	-62.112069	-43.022086	General
3p9a:ChainA:GLY71	-54.952521	-45.923763	Glycine
3p9a:ChainA:LEU72	-61.987789	-50.180666	General
3p9a:ChainA:THR73	-62.770267	-36.759829	General
3p9a:ChainA:LEU74	-64.737010	-42.550722	General
3p9a:ChainA:PHE75	-64.917061	-48.234258	General
3p9a:ChainA:ILE76	-80.973773	-2.912507	General
3p9a:ChainA:ASP77	69.073641	31.959720	General
3p9a:ChainA:VAL78	-112.403277	154.316605	General
3p9a:ChainA:THR79	-77.550694	164.625011	General
3p9a:ChainA:LEU80	-60.422042	-37.847177	General
3p9a:ChainA:GLU81	-57.542661	-43.435033	General
3p9a:ChainA:THR82	-66.554423	-43.026777	General
3p9a:ChainA:TRP83	-59.177229	-45.175465	General
3p9a:ChainA:ARG84	-65.638804	-29.848642	General
3p9a:ChainA:THR85	-65.885004	-28.362038	General
3p9a:ChainA:TYR86	-57.666591	-17.753766	General
3p9a:ChainA:ARG87	-70.541221	-12.101710	General
3p9a:ChainA:LEU88	-69.491541	-35.467048	General
3p9a:ChainA:ARG89	-106.233708	125.808516	General
3p9a:ChainA:GLU90	-48.483180	-27.074251	General
3p9a:ChainA:ASP91	-62.385547	-52.380908	General
3p9a:ChainA:LEU92	-86.468407	-23.968647	General
3p9a:ChainA:SER93	-60.782023	-34.744261	General
3p9a:ChainA:GLU94	-66.196329	-41.217385	General
3p9a:ChainA:VAL95	-63.838466	-44.371304	General
3p9a:ChainA:VAL96	-59.524058	-48.387141	General
3p9a:ChainA:THR97	-57.593453	-47.742151	General
3p9a:ChainA:ARG98	-63.638341	-42.832637	General
3p9a:ChainA:ALA99	-60.639060	-43.684434	General
3p9a:ChainA:GLU100	-69.505757	-30.560536	General
3p9a:ChainA:GLN101	-70.501591	-37.629636	General
3p9a:ChainA:VAL102	-61.886194	-45.368101	General
3p9a:ChainA:ILE103	-61.432053	-45.281771	General
3p9a:ChainA:TYR104	-58.717569	-45.077033	General
3p9a:ChainA:ASP105	-73.122306	-33.293960	General
3p9a:ChainA:GLN106	-60.829715	-47.025552	General
3p9a:ChainA:LYS107	-67.280643	-43.665191	General
3p9a:ChainA:PHE108	-60.473812	-47.676872	General
3p9a:ChainA:SER109	-65.980311	-39.659615	General
3p9a:ChainA:GLY110	-59.838244	-46.767486	Glycine
3p9a:ChainA:ALA111	-66.492040	-43.619733	General
3p9a:ChainA:ALA112	-60.709754	-33.316537	General
3p9a:ChainA:ALA113	-86.444744	6.183653	General
3p9a:ChainA:ASP114	63.627434	23.436188	General
3p9a:ChainA:LEU115	-93.023856	-20.012240	General
3p9a:ChainA:LEU116	-125.266565	151.567155	General
3p9a:ChainA:ASN117	-61.000099	122.390638	General
3p9a:ChainA:ALA118	-61.681188	-46.971101	General
3p9a:ChainA:ASN119	-71.193153	-38.405123	General
3p9a:ChainA:ILE120	-56.129784	-49.426201	General
3p9a:ChainA:ILE121	-67.410495	-40.049724	General
3p9a:ChainA:ALA122	-58.925140	-42.012853	General
3p9a:ChainA:ARG123	-65.814999	-41.475559	General
3p9a:ChainA:ASP124	-62.667699	-42.673516	General
3p9a:ChainA:LEU125	-80.182227	-13.123802	General
3p9a:ChainA:GLY126	73.976593	31.367982	Glycine
3p9a:ChainA:LEU127	-73.732252	122.253620	General
3p9a:ChainA:LYS128	-92.615951	150.151902	General
3p9a:ChainA:GLU129	-91.359418	128.737898	General
3p9a:ChainA:GLN130	-112.674172	135.922057	General
3p9a:ChainA:SER131	-138.331597	156.081235	General
3p9a:ChainA:GLN132	-127.273842	123.068344	General
3p9a:ChainA:VAL133	-121.378245	125.306182	General
3p9a:ChainA:GLU134	-106.668388	128.370985	General
3p9a:ChainA:ASP135	-84.227269	114.007029	General
3p9a:ChainA:VAL136	-109.245356	17.986489	General
3p9a:ChainA:THR137	-60.547956	124.862580	Pre-Pro
3p9a:ChainA:PRO138	-52.260681	111.520546	Proline
3p9a:ChainB:PHE9	-65.618058	-28.505984	General
3p9a:ChainB:TRP10	-73.060067	-3.980349	General
3p9a:ChainB:GLU11	-101.963305	-21.192394	General
3p9a:ChainB:ALA12	-65.138812	130.695344	General
3p9a:ChainB:ARG13	-142.130693	147.655763	General
3p9a:ChainB:SER14	-64.706995	172.652021	General
3p9a:ChainB:SER15	-77.321586	0.700903	General
3p9a:ChainB:HIS16	-85.287664	-2.681608	General
3p9a:ChainB:GLY17	77.256518	-158.673469	Glycine
3p9a:ChainB:ARG18	-84.435238	137.466190	General
3p9a:ChainB:ASN19	47.410782	53.724690	Pre-Pro
3p9a:ChainB:PRO20	-69.970848	149.130509	Proline
3p9a:ChainB:LYS21	-105.613973	123.161575	General
3p9a:ChainB:PHE22	-102.354120	110.783703	General
3p9a:ChainB:GLU23	-116.498845	32.900909	General
3p9a:ChainB:SER24	-162.930518	140.099549	Pre-Pro
3p9a:ChainB:PRO25	-65.046852	-49.782053	Proline
3p9a:ChainB:GLU26	-50.794203	-43.518771	General
3p9a:ChainB:ALA27	-66.350777	-48.050361	General
3p9a:ChainB:LEU28	-59.083153	-49.886577	General
3p9a:ChainB:TRP29	-60.908328	-38.496279	General
3p9a:ChainB:ALA30	-64.649074	-36.678736	General
3p9a:ChainB:ALA31	-68.469423	-38.716061	General
3p9a:ChainB:CYS32	-63.921434	-41.307821	General
3p9a:ChainB:CYS33	-64.138128	-34.305268	General
3p9a:ChainB:GLU34	-58.916147	-39.203887	General
3p9a:ChainB:TYR35	-66.801232	-45.729102	General
3p9a:ChainB:PHE36	-59.700115	-41.469358	General
3p9a:ChainB:GLU37	-61.809408	-43.493819	General
3p9a:ChainB:TRP38	-64.843380	-42.330016	General
3p9a:ChainB:VAL39	-60.420432	-47.942536	General
3p9a:ChainB:GLU40	-58.107442	-38.283511	General
3p9a:ChainB:ALA41	-82.395974	-12.714069	General
3p9a:ChainB:ASN42	-127.895196	68.476579	Pre-Pro
3p9a:ChainB:PRO43	-65.274471	161.110263	Proline
3p9a:ChainB:LEU44	-75.543465	158.621424	General
3p9a:ChainB:TRP45	-120.264888	126.414606	General
3p9a:ChainB:GLU46	-103.204641	119.234164	General
3p9a:ChainB:MET47	-74.982598	121.983317	General
3p9a:ChainB:LYS48	-112.680555	141.945427	General
3p9a:ChainB:ALA49	-98.689554	139.490778	General
3p9a:ChainB:PHE50	-132.446234	162.377129	General
3p9a:ChainB:SER51	-153.227378	136.550617	General
3p9a:ChainB:TYR52	-131.826482	105.199819	General
3p9a:ChainB:GLN53	59.644484	56.721384	General
3p9a:ChainB:GLY54	89.494772	-2.883886	Glycine
3p9a:ChainB:GLU55	-116.629089	128.523551	General
3p9a:ChainB:VAL56	-95.335312	131.733338	General
3p9a:ChainB:ILE57	-126.088166	120.942546	General
3p9a:ChainB:GLN58	-106.442160	103.981861	General
3p9a:ChainB:GLU59	-114.570610	138.546116	Pre-Pro
3p9a:ChainB:PRO60	-73.384007	139.482726	Proline
3p9a:ChainB:ILE61	-117.152430	128.693885	General
3p9a:ChainB:ALA62	-72.060932	132.048074	General
3p9a:ChainB:LYS63	-121.674784	139.458879	General
3p9a:ChainB:MET64	-57.217280	133.243302	General
3p9a:ChainB:ARG65	-93.950779	120.193517	General
3p9a:ChainB:ALA66	-68.908196	133.973580	General
3p9a:ChainB:MET67	-76.191872	146.731992	General
3p9a:ChainB:THR68	-142.855079	155.509293	General
3p9a:ChainB:ILE69	-66.493060	-38.649218	General
3p9a:ChainB:THR70	-66.778646	-31.613936	General
3p9a:ChainB:GLY71	-66.504025	-44.722631	Glycine
3p9a:ChainB:LEU72	-60.501284	-50.611343	General
3p9a:ChainB:THR73	-66.785344	-43.110252	General
3p9a:ChainB:LEU74	-55.910175	-38.589138	General
3p9a:ChainB:PHE75	-69.408983	-45.868917	General
3p9a:ChainB:ILE76	-82.830869	1.572508	General
3p9a:ChainB:ASP77	67.556186	46.349675	General
3p9a:ChainB:VAL78	-130.450635	158.840908	General
3p9a:ChainB:THR79	-79.231840	163.293404	General
3p9a:ChainB:LEU80	-57.921951	-40.304783	General
3p9a:ChainB:GLU81	-58.937759	-44.330227	General
3p9a:ChainB:THR82	-64.921525	-44.516050	General
3p9a:ChainB:TRP83	-54.496034	-42.032649	General
3p9a:ChainB:ARG84	-70.675207	-26.313479	General
3p9a:ChainB:THR85	-62.937577	-33.792240	General
3p9a:ChainB:TYR86	-62.077832	-29.530002	General
3p9a:ChainB:ARG87	-54.348618	-23.745397	General
3p9a:ChainB:LEU88	-60.503845	-66.436233	General
3p9a:ChainB:ARG89	-76.182532	129.460666	General
3p9a:ChainB:GLU90	-56.146863	-34.883800	General
3p9a:ChainB:ASP91	-51.342997	-51.208829	General
3p9a:ChainB:LEU92	-85.415269	-32.065377	General
3p9a:ChainB:SER93	-57.397864	-34.549742	General
3p9a:ChainB:GLU94	-64.930313	-42.531579	General
3p9a:ChainB:VAL95	-61.730405	-46.020012	General
3p9a:ChainB:VAL96	-56.163277	-48.238651	General
3p9a:ChainB:THR97	-57.178242	-46.389032	General
3p9a:ChainB:ARG98	-65.414716	-42.939988	General
3p9a:ChainB:ALA99	-61.178346	-44.388634	General
3p9a:ChainB:GLU100	-66.696224	-34.927173	General
3p9a:ChainB:GLN101	-65.220506	-39.738501	General
3p9a:ChainB:VAL102	-61.215547	-44.235523	General
3p9a:ChainB:ILE103	-60.961359	-45.226670	General
3p9a:ChainB:TYR104	-60.370686	-50.537120	General
3p9a:ChainB:ASP105	-67.651776	-35.470795	General
3p9a:ChainB:GLN106	-56.922488	-49.473273	General
3p9a:ChainB:LYS107	-67.430645	-42.230916	General
3p9a:ChainB:PHE108	-59.605386	-50.922578	General
3p9a:ChainB:SER109	-63.586395	-40.472592	General
3p9a:ChainB:GLY110	-59.768377	-47.058629	Glycine
3p9a:ChainB:ALA111	-65.941686	-43.445793	General
3p9a:ChainB:ALA112	-61.201242	-33.715701	General
3p9a:ChainB:ALA113	-87.652477	10.978485	General
3p9a:ChainB:ASP114	54.584061	30.522780	General
3p9a:ChainB:LEU115	-93.639736	-18.291852	General
3p9a:ChainB:LEU116	-126.978315	145.955779	General
3p9a:ChainB:ASN117	-58.352663	122.528069	General
3p9a:ChainB:ALA118	-65.131547	-43.415004	General
3p9a:ChainB:ASN119	-73.492272	-38.455994	General
3p9a:ChainB:ILE120	-60.039276	-43.799293	General
3p9a:ChainB:ILE121	-67.748710	-43.662274	General
3p9a:ChainB:ALA122	-54.444583	-45.575730	General
3p9a:ChainB:ARG123	-63.550798	-44.909340	General
3p9a:ChainB:ASP124	-62.081388	-41.835583	General
3p9a:ChainB:LEU125	-77.429224	-18.303615	General
3p9a:ChainB:GLY126	80.355201	28.996252	Glycine
3p9a:ChainB:LEU127	-73.918014	125.053762	General
3p9a:ChainB:LYS128	-96.211878	150.692895	General
3p9a:ChainB:GLU129	-91.128586	130.044735	General
3p9a:ChainB:GLN130	-111.649706	136.792151	General
3p9a:ChainB:SER131	-140.160116	159.633122	General
3p9a:ChainB:GLN132	-131.996674	127.208665	General
3p9a:ChainB:VAL133	-121.792257	122.999096	General
3p9a:ChainB:GLU134	-104.902727	126.162479	General
3p9a:ChainB:ASP135	-82.766024	111.607727	General
3p9a:ChainB:VAL136	-105.520366	23.683156	General
3p9a:ChainB:THR137	-67.272779	124.750879	Pre-Pro
3p9a:ChainB:PRO138	-65.102789	140.917467	Proline
3p9a:ChainC:ARG8	-78.069707	59.855632	General
3p9a:ChainC:PHE9	-72.448227	-28.982274	General
3p9a:ChainC:TRP10	-67.834936	-8.930171	General
3p9a:ChainC:GLU11	-97.172172	-16.380943	General
3p9a:ChainC:ALA12	-64.164908	137.068494	General
3p9a:ChainC:ARG13	-149.640550	150.838208	General
3p9a:ChainC:SER14	-77.461879	166.443857	General
3p9a:ChainC:SER15	-64.193076	-13.842295	General
3p9a:ChainC:HIS16	-76.455592	-5.033121	General
3p9a:ChainC:GLY17	72.961758	-152.369408	Glycine
3p9a:ChainC:ARG18	-86.253479	136.208502	General
3p9a:ChainC:ASN19	49.741713	50.801529	Pre-Pro
3p9a:ChainC:PRO20	-68.608244	147.235561	Proline
3p9a:ChainC:LYS21	-106.545391	97.327510	General
3p9a:ChainC:PHE22	-79.083190	127.450806	General
3p9a:ChainC:GLU23	-124.864089	-12.789261	General
3p9a:ChainC:SER24	-119.398729	130.727433	Pre-Pro
3p9a:ChainC:PRO25	-64.233624	-35.549070	Proline
3p9a:ChainC:GLU26	-63.997121	-36.538903	General
3p9a:ChainC:ALA27	-67.741736	-45.030756	General
3p9a:ChainC:LEU28	-60.428814	-46.103998	General
3p9a:ChainC:TRP29	-63.760544	-39.729505	General
3p9a:ChainC:ALA30	-61.654052	-40.223583	General
3p9a:ChainC:ALA31	-62.053063	-44.649388	General
3p9a:ChainC:CYS32	-59.723220	-42.377229	General
3p9a:ChainC:CYS33	-62.737106	-33.135556	General
3p9a:ChainC:GLU34	-61.897913	-39.403581	General
3p9a:ChainC:TYR35	-65.491864	-43.188831	General
3p9a:ChainC:PHE36	-61.933841	-44.745373	General
3p9a:ChainC:GLU37	-60.887657	-43.293814	General
3p9a:ChainC:TRP38	-58.823607	-46.182142	General
3p9a:ChainC:VAL39	-57.524215	-47.179437	General
3p9a:ChainC:GLU40	-62.476452	-38.821100	General
3p9a:ChainC:ALA41	-79.857223	-11.029319	General
3p9a:ChainC:ASN42	-124.328475	67.878921	Pre-Pro
3p9a:ChainC:PRO43	-63.592468	159.407691	Proline
3p9a:ChainC:LEU44	-78.579350	163.069620	General
3p9a:ChainC:TRP45	-123.080011	128.309505	General
3p9a:ChainC:GLU46	-103.810358	122.948512	General
3p9a:ChainC:MET47	-76.784054	129.622742	General
3p9a:ChainC:LYS48	-127.338035	143.589472	General
3p9a:ChainC:ALA49	-116.996085	142.724485	General
3p9a:ChainC:PHE50	-134.261600	153.392657	General
3p9a:ChainC:SER51	-122.445124	150.896312	General
3p9a:ChainC:TYR52	-160.876061	135.585310	General
3p9a:ChainC:GLN53	41.444196	43.806055	General
3p9a:ChainC:GLY54	90.008451	-0.057360	Glycine
3p9a:ChainC:GLU55	-119.880757	150.597986	General
3p9a:ChainC:VAL56	-109.459402	130.539254	General
3p9a:ChainC:ILE57	-113.699330	134.274514	General
3p9a:ChainC:GLN58	-111.022490	141.523212	General
3p9a:ChainC:GLU59	-139.491762	132.806113	Pre-Pro
3p9a:ChainC:PRO60	-74.658903	132.043089	Proline
3p9a:ChainC:ILE61	-113.096386	130.672646	General
3p9a:ChainC:ALA62	-67.714268	129.672134	General
3p9a:ChainC:LYS63	-119.982514	145.337195	General
3p9a:ChainC:MET64	-66.065114	133.940417	General
3p9a:ChainC:ARG65	-91.618226	120.482873	General
3p9a:ChainC:ALA66	-69.038736	131.860043	General
3p9a:ChainC:MET67	-75.845710	146.027212	General
3p9a:ChainC:THR68	-139.422585	154.224236	General
3p9a:ChainC:ILE69	-62.483055	-42.085464	General
3p9a:ChainC:THR70	-64.355056	-37.891465	General
3p9a:ChainC:GLY71	-59.430813	-47.115781	Glycine
3p9a:ChainC:LEU72	-60.620218	-50.034537	General
3p9a:ChainC:THR73	-66.353570	-39.988802	General
3p9a:ChainC:LEU74	-59.582420	-41.376398	General
3p9a:ChainC:PHE75	-65.920270	-43.400492	General
3p9a:ChainC:ILE76	-86.051939	3.036167	General
3p9a:ChainC:ASP77	61.356087	45.188285	General
3p9a:ChainC:VAL78	-121.018040	156.693224	General
3p9a:ChainC:THR79	-78.010484	160.150386	General
3p9a:ChainC:LEU80	-56.332629	-34.547592	General
3p9a:ChainC:GLU81	-63.393331	-42.500388	General
3p9a:ChainC:THR82	-63.196258	-45.133249	General
3p9a:ChainC:TRP83	-53.696947	-43.969432	General
3p9a:ChainC:ARG84	-66.180631	-30.965376	General
3p9a:ChainC:THR85	-57.090513	-35.927861	General
3p9a:ChainC:TYR86	-58.260965	-26.258317	General
3p9a:ChainC:ARG87	-57.830545	-19.130071	General
3p9a:ChainC:LEU88	-80.365214	-10.876907	General
3p9a:ChainC:ARG89	-132.906619	140.499420	General
3p9a:ChainC:GLU90	-62.747557	-41.709110	General
3p9a:ChainC:ASP91	-58.599618	-53.454387	General
3p9a:ChainC:LEU92	-66.296716	-39.748196	General
3p9a:ChainC:SER93	-58.878286	-40.512425	General
3p9a:ChainC:GLU94	-59.551253	-37.350792	General
3p9a:ChainC:VAL95	-67.934559	-40.533464	General
3p9a:ChainC:VAL96	-61.087609	-44.054516	General
3p9a:ChainC:THR97	-62.468258	-46.795961	General
3p9a:ChainC:ARG98	-58.313170	-46.058211	General
3p9a:ChainC:ALA99	-64.784812	-43.595611	General
3p9a:ChainC:GLU100	-64.451263	-35.491265	General
3p9a:ChainC:GLN101	-64.913198	-38.387937	General
3p9a:ChainC:VAL102	-62.700543	-47.318952	General
3p9a:ChainC:ILE103	-57.002967	-48.378133	General
3p9a:ChainC:TYR104	-56.378226	-51.768344	General
3p9a:ChainC:ASP105	-63.873957	-34.551983	General
3p9a:ChainC:GLN106	-61.854305	-46.262105	General
3p9a:ChainC:LYS107	-70.819530	-40.439182	General
3p9a:ChainC:PHE108	-63.179960	-50.953372	General
3p9a:ChainC:SER109	-66.898682	-35.864424	General
3p9a:ChainC:GLY110	-62.844829	-45.998321	Glycine
3p9a:ChainC:ALA111	-67.345068	-40.407353	General
3p9a:ChainC:ALA112	-60.045153	-33.469085	General
3p9a:ChainC:ALA113	-90.665656	7.100148	General
3p9a:ChainC:ASP114	57.472943	30.747192	General
3p9a:ChainC:LEU115	-88.297067	-20.157961	General
3p9a:ChainC:LEU116	-125.588924	152.247078	General
3p9a:ChainC:ASN117	-59.514819	119.616254	General
3p9a:ChainC:ALA118	-65.701537	-42.535560	General
3p9a:ChainC:ASN119	-68.992483	-40.734474	General
3p9a:ChainC:ILE120	-67.897622	-36.393972	General
3p9a:ChainC:ILE121	-64.296218	-42.278754	General
3p9a:ChainC:ALA122	-58.034156	-41.694984	General
3p9a:ChainC:ARG123	-65.711836	-45.410336	General
3p9a:ChainC:ASP124	-60.316952	-42.316903	General
3p9a:ChainC:LEU125	-78.940306	-11.284577	General
3p9a:ChainC:GLY126	75.547762	26.467754	Glycine
3p9a:ChainC:LEU127	-72.748198	123.270078	General
3p9a:ChainC:LYS128	-97.694598	148.028772	General
3p9a:ChainC:GLU129	-86.197858	124.839966	General
3p9a:ChainC:GLN130	-105.800536	132.977751	General
3p9a:ChainC:SER131	-138.246723	157.239290	General
3p9a:ChainC:GLN132	-127.886527	123.404806	General
3p9a:ChainC:VAL133	-123.237145	123.912682	General
3p9a:ChainC:GLU134	-102.702563	126.999927	General
3p9a:ChainC:ASP135	-85.908739	111.648849	General
3p9a:ChainC:VAL136	-90.548612	6.626332	General
3p9a:ChainC:THR137	-125.483915	56.206388	Pre-Pro
3p9a:ChainC:PRO138	-71.279075	-12.126779	Proline
3p9a:ChainD:GLY6	94.109368	137.137127	Glycine
3p9a:ChainD:ASN7	-126.590482	55.981119	General
3p9a:ChainD:ARG8	-88.652884	57.790579	General
3p9a:ChainD:PHE9	-62.684428	-21.900707	General
3p9a:ChainD:TRP10	-67.911356	-12.955585	General
3p9a:ChainD:GLU11	-95.353877	-5.686502	General
3p9a:ChainD:ALA12	-81.773126	119.238380	General
3p9a:ChainD:ARG13	-135.598979	151.008885	General
3p9a:ChainD:SER14	-74.202550	170.033671	General
3p9a:ChainD:SER15	-71.743449	-18.816337	General
3p9a:ChainD:HIS16	-65.143721	-12.378143	General
3p9a:ChainD:GLY17	80.988198	-165.700818	Glycine
3p9a:ChainD:ARG18	-72.392627	136.663115	General
3p9a:ChainD:ASN19	44.453924	63.655234	Pre-Pro
3p9a:ChainD:PRO20	-60.803394	143.375663	Proline
3p9a:ChainD:LYS21	-111.658497	80.982241	General
3p9a:ChainD:PHE22	-69.177398	118.704970	General
3p9a:ChainD:GLU23	-113.945304	4.072053	General
3p9a:ChainD:SER24	-138.263379	141.366075	Pre-Pro
3p9a:ChainD:PRO25	-72.455772	-38.589441	Proline
3p9a:ChainD:GLU26	-60.247381	-41.210173	General
3p9a:ChainD:ALA27	-62.279123	-49.436540	General
3p9a:ChainD:LEU28	-67.667131	-44.487599	General
3p9a:ChainD:TRP29	-56.675498	-45.999343	General
3p9a:ChainD:ALA30	-53.665658	-42.239781	General
3p9a:ChainD:ALA31	-67.549983	-44.010034	General
3p9a:ChainD:CYS32	-58.386393	-41.071620	General
3p9a:ChainD:CYS33	-64.892924	-33.549259	General
3p9a:ChainD:GLU34	-62.957467	-36.365783	General
3p9a:ChainD:TYR35	-66.322505	-45.091810	General
3p9a:ChainD:PHE36	-60.468945	-42.532995	General
3p9a:ChainD:GLU37	-61.455820	-43.508826	General
3p9a:ChainD:TRP38	-60.436342	-44.648171	General
3p9a:ChainD:VAL39	-55.003792	-49.835175	General
3p9a:ChainD:GLU40	-67.639111	-33.755932	General
3p9a:ChainD:ALA41	-77.160774	-11.847765	General
3p9a:ChainD:ASN42	-128.157508	65.003359	Pre-Pro
3p9a:ChainD:PRO43	-67.030233	162.312280	Proline
3p9a:ChainD:LEU44	-78.049987	162.296273	General
3p9a:ChainD:TRP45	-124.999566	133.736831	General
3p9a:ChainD:GLU46	-118.030419	130.702888	General
3p9a:ChainD:MET47	-80.284134	128.243079	General
3p9a:ChainD:LYS48	-119.488465	141.100075	General
3p9a:ChainD:ALA49	-107.018860	147.097368	General
3p9a:ChainD:PHE50	-138.158414	140.926063	General
3p9a:ChainD:SER51	-102.727064	150.308466	General
3p9a:ChainD:TYR52	-159.186024	115.812145	General
3p9a:ChainD:GLN53	49.581971	44.430813	General
3p9a:ChainD:GLY54	89.430922	6.906396	Glycine
3p9a:ChainD:GLU55	-131.189364	137.920066	General
3p9a:ChainD:VAL56	-104.902747	138.610876	General
3p9a:ChainD:ILE57	-121.350173	139.353648	General
3p9a:ChainD:GLN58	-108.559927	137.300488	General
3p9a:ChainD:GLU59	-135.388514	130.765959	Pre-Pro
3p9a:ChainD:PRO60	-83.194607	139.188061	Proline
3p9a:ChainD:ILE61	-126.526476	137.894273	General
3p9a:ChainD:ALA62	-73.406501	135.768020	General
3p9a:ChainD:LYS63	-121.812698	144.785594	General
3p9a:ChainD:MET64	-63.849470	132.020683	General
3p9a:ChainD:ARG65	-90.641193	125.208977	General
3p9a:ChainD:ALA66	-72.515120	132.379609	General
3p9a:ChainD:MET67	-73.250114	147.439583	General
3p9a:ChainD:THR68	-141.768383	154.613746	General
3p9a:ChainD:ILE69	-64.417489	-34.397810	General
3p9a:ChainD:THR70	-63.320635	-49.156098	General
3p9a:ChainD:GLY71	-54.198767	-47.462172	Glycine
3p9a:ChainD:LEU72	-59.662679	-52.000029	General
3p9a:ChainD:THR73	-62.135663	-43.829501	General
3p9a:ChainD:LEU74	-58.427818	-39.415950	General
3p9a:ChainD:PHE75	-69.224494	-45.362295	General
3p9a:ChainD:ILE76	-82.154122	-1.031938	General
3p9a:ChainD:ASP77	61.684134	44.248142	General
3p9a:ChainD:VAL78	-117.643097	158.545109	General
3p9a:ChainD:THR79	-83.868086	160.139081	General
3p9a:ChainD:LEU80	-58.953902	-35.817918	General
3p9a:ChainD:GLU81	-62.719518	-42.756342	General
3p9a:ChainD:THR82	-64.936749	-40.266687	General
3p9a:ChainD:TRP83	-60.354460	-41.390846	General
3p9a:ChainD:ARG84	-75.523595	-17.699746	General
3p9a:ChainD:THR85	-63.189664	-41.318226	General
3p9a:ChainD:TYR86	-52.858325	-27.838232	General
3p9a:ChainD:ARG87	-60.528586	-35.567791	General
3p9a:ChainD:LEU88	-49.761008	-48.016337	General
3p9a:ChainD:ARG89	-96.532250	110.423258	General
3p9a:ChainD:GLU90	-51.180705	-14.063444	General
3p9a:ChainD:ASP91	-64.916574	-54.387995	General
3p9a:ChainD:LEU92	-82.766373	-28.814804	General
3p9a:ChainD:SER93	-62.143766	-28.172289	General
3p9a:ChainD:GLU94	-67.471328	-39.824741	General
3p9a:ChainD:VAL95	-68.905933	-40.493682	General
3p9a:ChainD:VAL96	-59.027371	-46.916997	General
3p9a:ChainD:THR97	-56.244953	-42.553565	General
3p9a:ChainD:ARG98	-66.199994	-38.207742	General
3p9a:ChainD:ALA99	-69.289796	-44.352150	General
3p9a:ChainD:GLU100	-65.779642	-32.309428	General
3p9a:ChainD:GLN101	-68.120399	-43.917777	General
3p9a:ChainD:VAL102	-56.359773	-50.035709	General
3p9a:ChainD:ILE103	-58.575722	-49.713126	General
3p9a:ChainD:TYR104	-53.430061	-51.290744	General
3p9a:ChainD:ASP105	-64.809623	-34.133804	General
3p9a:ChainD:GLN106	-62.709276	-48.351312	General
3p9a:ChainD:LYS107	-70.006681	-39.896087	General
3p9a:ChainD:PHE108	-62.205521	-48.837634	General
3p9a:ChainD:SER109	-69.753255	-35.760455	General
3p9a:ChainD:GLY110	-57.690062	-49.665360	Glycine
3p9a:ChainD:ALA111	-64.438761	-42.801566	General
3p9a:ChainD:ALA112	-60.126384	-34.750303	General
3p9a:ChainD:ALA113	-86.682399	7.052955	General
3p9a:ChainD:ASP114	58.434560	25.870547	General
3p9a:ChainD:LEU115	-86.181421	-23.300231	General
3p9a:ChainD:LEU116	-121.834246	154.533949	General
3p9a:ChainD:ASN117	-65.883938	122.238194	General
3p9a:ChainD:ALA118	-66.023313	-38.001408	General
3p9a:ChainD:ASN119	-75.623497	-36.025221	General
3p9a:ChainD:ILE120	-58.063686	-45.289471	General
3p9a:ChainD:ILE121	-72.726998	-38.772528	General
3p9a:ChainD:ALA122	-59.317438	-42.748469	General
3p9a:ChainD:ARG123	-64.248683	-43.252777	General
3p9a:ChainD:ASP124	-62.138716	-44.178504	General
3p9a:ChainD:LEU125	-78.212457	-13.288351	General
3p9a:ChainD:GLY126	73.002838	28.822986	Glycine
3p9a:ChainD:LEU127	-70.929300	125.530427	General
3p9a:ChainD:LYS128	-98.076631	146.181115	General
3p9a:ChainD:GLU129	-83.500652	128.558991	General
3p9a:ChainD:GLN130	-110.972999	139.392768	General
3p9a:ChainD:SER131	-140.719548	157.653083	General
3p9a:ChainD:GLN132	-130.396882	126.532699	General
3p9a:ChainD:VAL133	-125.686237	123.284964	General
3p9a:ChainD:GLU134	-104.699782	128.074067	General
3p9a:ChainD:ASP135	-82.945176	114.383859	General
3p9a:ChainD:VAL136	-106.659806	18.463312	General
3p9a:ChainD:THR137	-56.949174	121.730691	Pre-Pro
3p9a:ChainD:PRO138	-57.921817	160.157320	Proline
3p9a:ChainE:PHE9	-65.165517	-24.239602	General
3p9a:ChainE:TRP10	-78.738213	-4.288190	General
3p9a:ChainE:GLU11	-101.351146	-19.567573	General
3p9a:ChainE:ALA12	-63.867217	137.643533	General
3p9a:ChainE:ARG13	-146.876758	147.888472	General
3p9a:ChainE:SER14	-70.417747	170.103488	General
3p9a:ChainE:SER15	-76.212118	-0.462256	General
3p9a:ChainE:HIS16	-87.468059	3.427105	General
3p9a:ChainE:GLY17	78.186381	-169.916555	Glycine
3p9a:ChainE:ARG18	-78.991497	145.161097	General
3p9a:ChainE:ASN19	43.240914	51.176613	Pre-Pro
3p9a:ChainE:PRO20	-65.058521	147.978028	Proline
3p9a:ChainE:LYS21	-107.510736	141.605295	General
3p9a:ChainE:PHE22	-109.276290	114.013739	General
3p9a:ChainE:GLU23	-86.005175	-13.864004	General
3p9a:ChainE:SER24	-156.201560	157.859927	Pre-Pro
3p9a:ChainE:PRO25	-61.882401	-33.545009	Proline
3p9a:ChainE:GLU26	-65.908336	-35.312323	General
3p9a:ChainE:ALA27	-66.579200	-45.746876	General
3p9a:ChainE:LEU28	-63.976811	-42.697946	General
3p9a:ChainE:TRP29	-65.082164	-40.907694	General
3p9a:ChainE:ALA30	-55.625847	-44.385885	General
3p9a:ChainE:ALA31	-65.903180	-41.859309	General
3p9a:ChainE:CYS32	-61.370790	-43.108169	General
3p9a:ChainE:CYS33	-65.694179	-30.684211	General
3p9a:ChainE:GLU34	-59.861948	-39.537856	General
3p9a:ChainE:TYR35	-65.186340	-48.052479	General
3p9a:ChainE:PHE36	-57.900416	-41.795668	General
3p9a:ChainE:GLU37	-70.526875	-37.606467	General
3p9a:ChainE:TRP38	-60.742748	-46.622590	General
3p9a:ChainE:VAL39	-56.444948	-49.072074	General
3p9a:ChainE:GLU40	-64.137743	-31.664220	General
3p9a:ChainE:ALA41	-84.932227	-7.344087	General
3p9a:ChainE:ASN42	-128.724305	70.725021	Pre-Pro
3p9a:ChainE:PRO43	-64.558895	160.300284	Proline
3p9a:ChainE:LEU44	-77.152992	166.853102	General
3p9a:ChainE:TRP45	-125.479005	123.629011	General
3p9a:ChainE:GLU46	-92.526818	123.522048	General
3p9a:ChainE:MET47	-86.874084	123.620679	General
3p9a:ChainE:LYS48	-123.317176	149.607409	General
3p9a:ChainE:ALA49	-115.025430	142.737597	General
3p9a:ChainE:PHE50	-128.809971	152.179391	General
3p9a:ChainE:SER51	-125.392178	139.255617	General
3p9a:ChainE:TYR52	-144.684987	118.912464	General
3p9a:ChainE:GLN53	53.690123	32.923730	General
3p9a:ChainE:GLY54	103.372293	-9.039457	Glycine
3p9a:ChainE:GLU55	-108.210777	146.956541	General
3p9a:ChainE:VAL56	-100.152986	137.296527	General
3p9a:ChainE:ILE57	-110.701302	133.042583	General
3p9a:ChainE:GLN58	-104.196573	109.137390	General
3p9a:ChainE:GLU59	-108.287440	112.313185	Pre-Pro
3p9a:ChainE:PRO60	-68.865812	126.701519	Proline
3p9a:ChainE:ILE61	-116.711913	126.455012	General
3p9a:ChainE:ALA62	-68.599057	129.576654	General
3p9a:ChainE:LYS63	-117.447451	139.166120	General
3p9a:ChainE:MET64	-59.399951	133.409506	General
3p9a:ChainE:ARG65	-93.722322	121.534595	General
3p9a:ChainE:ALA66	-68.285372	131.614317	General
3p9a:ChainE:MET67	-71.916010	147.157811	General
3p9a:ChainE:THR68	-141.791543	153.110454	General
3p9a:ChainE:ILE69	-63.707284	-40.350720	General
3p9a:ChainE:THR70	-66.747679	-29.986006	General
3p9a:ChainE:GLY71	-66.635495	-45.461847	Glycine
3p9a:ChainE:LEU72	-54.803877	-51.857846	General
3p9a:ChainE:THR73	-66.448230	-35.803171	General
3p9a:ChainE:LEU74	-61.742018	-45.539487	General
3p9a:ChainE:PHE75	-61.446150	-43.837101	General
3p9a:ChainE:ILE76	-85.955353	-0.879055	General
3p9a:ChainE:ASP77	66.955031	50.335629	General
3p9a:ChainE:VAL78	-135.066241	157.066121	General
3p9a:ChainE:THR79	-77.381355	165.742913	General
3p9a:ChainE:LEU80	-60.462231	-37.711600	General
3p9a:ChainE:GLU81	-59.415283	-45.152365	General
3p9a:ChainE:THR82	-63.956424	-48.625975	General
3p9a:ChainE:TRP83	-49.292657	-46.673073	General
3p9a:ChainE:ARG84	-62.265212	-31.420733	General
3p9a:ChainE:THR85	-66.704603	-22.549853	General
3p9a:ChainE:TYR86	-64.625361	-26.676991	General
3p9a:ChainE:ARG87	-61.084270	-22.322638	General
3p9a:ChainE:LEU88	-83.671537	-19.594673	General
3p9a:ChainE:ARG89	-81.920248	125.939213	General
3p9a:ChainE:GLU90	-64.049971	-25.184649	General
3p9a:ChainE:ASP91	-84.501309	-11.473901	General
3p9a:ChainE:LEU92	-119.089473	-21.531185	General
3p9a:ChainE:SER93	-51.501415	-40.393824	General
3p9a:ChainE:GLU94	-70.847028	-29.734050	General
3p9a:ChainE:VAL95	-66.749665	-42.310221	General
3p9a:ChainE:VAL96	-60.540176	-44.649207	General
3p9a:ChainE:THR97	-60.920611	-46.569510	General
3p9a:ChainE:ARG98	-62.794980	-43.188955	General
3p9a:ChainE:ALA99	-63.954950	-44.423526	General
3p9a:ChainE:GLU100	-66.551266	-33.749433	General
3p9a:ChainE:GLN101	-67.966069	-37.044933	General
3p9a:ChainE:VAL102	-61.673468	-47.539363	General
3p9a:ChainE:ILE103	-53.526056	-50.043196	General
3p9a:ChainE:TYR104	-59.198304	-49.348022	General
3p9a:ChainE:ASP105	-65.156404	-35.884710	General
3p9a:ChainE:GLN106	-62.946942	-45.653331	General
3p9a:ChainE:LYS107	-68.109779	-41.080726	General
3p9a:ChainE:PHE108	-62.727231	-48.905917	General
3p9a:ChainE:SER109	-63.978401	-37.517421	General
3p9a:ChainE:GLY110	-67.542530	-45.266961	Glycine
3p9a:ChainE:ALA111	-65.017611	-44.259850	General
3p9a:ChainE:ALA112	-60.767216	-32.844562	General
3p9a:ChainE:ALA113	-88.258934	12.529779	General
3p9a:ChainE:ASP114	62.561211	27.323930	General
3p9a:ChainE:LEU115	-103.246636	-14.511277	General
3p9a:ChainE:LEU116	-128.688561	151.722121	General
3p9a:ChainE:ASN117	-59.692357	122.557744	General
3p9a:ChainE:ALA118	-61.479688	-48.199897	General
3p9a:ChainE:ASN119	-70.815274	-38.001644	General
3p9a:ChainE:ILE120	-57.668054	-46.347586	General
3p9a:ChainE:ILE121	-68.284671	-43.875580	General
3p9a:ChainE:ALA122	-56.175506	-42.936052	General
3p9a:ChainE:ARG123	-66.827647	-44.598217	General
3p9a:ChainE:ASP124	-61.584306	-42.558000	General
3p9a:ChainE:LEU125	-78.359662	-13.155099	General
3p9a:ChainE:GLY126	73.097119	30.700113	Glycine
3p9a:ChainE:LEU127	-72.757046	125.473761	General
3p9a:ChainE:LYS128	-94.619829	148.720764	General
3p9a:ChainE:GLU129	-92.271029	133.035961	General
3p9a:ChainE:GLN130	-114.585430	137.410753	General
3p9a:ChainE:SER131	-142.572600	157.622520	General
3p9a:ChainE:GLN132	-127.704288	130.454800	General
3p9a:ChainE:VAL133	-126.171849	127.976713	General
3p9a:ChainE:GLU134	-112.256427	127.572091	General
3p9a:ChainE:ASP135	-81.312551	110.561756	General
3p9a:ChainE:VAL136	-104.792763	15.649384	General
3p9a:ChainE:THR137	-56.984370	123.073525	Pre-Pro
3p9a:ChainE:PRO138	-63.374676	142.602824	Proline
3p9a:ChainF:ASN7	-124.958673	0.851337	General
3p9a:ChainF:ARG8	-69.531423	156.188761	General
3p9a:ChainF:PHE9	-53.773248	-40.767306	General
3p9a:ChainF:TRP10	-69.455877	-14.291235	General
3p9a:ChainF:GLU11	-99.599350	-19.277064	General
3p9a:ChainF:ALA12	-61.024584	136.250282	General
3p9a:ChainF:ARG13	-147.580972	155.611646	General
3p9a:ChainF:SER14	-73.366886	174.312496	General
3p9a:ChainF:SER15	-84.037314	10.166661	General
3p9a:ChainF:HIS16	-91.125775	-10.282227	General
3p9a:ChainF:GLY17	78.653045	-150.168660	Glycine
3p9a:ChainF:ARG18	-78.595488	126.255474	General
3p9a:ChainF:ASN19	46.448110	51.573637	Pre-Pro
3p9a:ChainF:PRO20	-63.968771	133.585779	Proline
3p9a:ChainF:LYS21	-96.546654	89.120106	General
3p9a:ChainF:PHE22	-69.040787	116.669251	General
3p9a:ChainF:GLU23	-128.397990	42.047238	General
3p9a:ChainF:SER24	-160.249806	154.722745	Pre-Pro
3p9a:ChainF:PRO25	-79.496103	-45.613735	Proline
3p9a:ChainF:GLU26	-59.649072	-52.870863	General
3p9a:ChainF:ALA27	-54.216676	-41.970548	General
3p9a:ChainF:LEU28	-68.139324	-48.503615	General
3p9a:ChainF:TRP29	-61.360928	-38.731513	General
3p9a:ChainF:ALA30	-59.583414	-42.965645	General
3p9a:ChainF:ALA31	-64.737894	-46.221294	General
3p9a:ChainF:CYS32	-55.777751	-41.560459	General
3p9a:ChainF:CYS33	-64.875563	-34.978594	General
3p9a:ChainF:GLU34	-59.563670	-38.972928	General
3p9a:ChainF:TYR35	-67.454150	-46.736119	General
3p9a:ChainF:PHE36	-57.945274	-38.778189	General
3p9a:ChainF:GLU37	-72.213912	-40.049947	General
3p9a:ChainF:TRP38	-59.683605	-45.012735	General
3p9a:ChainF:VAL39	-56.333857	-46.326284	General
3p9a:ChainF:GLU40	-64.826447	-34.509748	General
3p9a:ChainF:ALA41	-78.684181	-10.838414	General
3p9a:ChainF:ASN42	-128.169874	62.863812	Pre-Pro
3p9a:ChainF:PRO43	-64.305918	161.264014	Proline
3p9a:ChainF:LEU44	-83.909699	170.605820	General
3p9a:ChainF:TRP45	-129.818443	131.430775	General
3p9a:ChainF:GLU46	-110.567666	116.877961	General
3p9a:ChainF:MET47	-69.684458	138.530251	General
3p9a:ChainF:LYS48	-131.589255	144.855440	General
3p9a:ChainF:ALA49	-116.441852	148.333254	General
3p9a:ChainF:PHE50	-133.428518	148.254761	General
3p9a:ChainF:SER51	-112.178305	136.644434	General
3p9a:ChainF:TYR52	-143.005196	121.360278	General
3p9a:ChainF:GLN53	44.578125	43.356392	General
3p9a:ChainF:GLY54	82.025615	10.395157	Glycine
3p9a:ChainF:GLU55	-121.786282	131.549002	General
3p9a:ChainF:VAL56	-85.168157	137.010351	General
3p9a:ChainF:ILE57	-122.034870	138.720488	General
3p9a:ChainF:GLN58	-128.546595	131.613375	General
3p9a:ChainF:GLU59	-149.316543	145.399622	Pre-Pro
3p9a:ChainF:PRO60	-91.684918	157.768813	Proline
3p9a:ChainF:ILE61	-108.780950	147.957416	General
3p9a:ChainF:ALA62	-76.157412	139.956820	General
3p9a:ChainF:LYS63	-121.155106	137.510422	General
3p9a:ChainF:MET64	-58.010352	134.232428	General
3p9a:ChainF:ARG65	-89.745552	123.055085	General
3p9a:ChainF:ALA66	-68.620970	132.960675	General
3p9a:ChainF:MET67	-73.996862	143.049234	General
3p9a:ChainF:THR68	-139.474656	154.145000	General
3p9a:ChainF:ILE69	-63.218974	-37.369680	General
3p9a:ChainF:THR70	-62.479021	-43.399967	General
3p9a:ChainF:GLY71	-60.800713	-43.145416	Glycine
3p9a:ChainF:LEU72	-63.967477	-52.961279	General
3p9a:ChainF:THR73	-59.628555	-40.491582	General
3p9a:ChainF:LEU74	-58.742217	-40.899016	General
3p9a:ChainF:PHE75	-71.946887	-41.927509	General
3p9a:ChainF:ILE76	-86.497845	3.381725	General
3p9a:ChainF:ASP77	61.698493	40.045426	General
3p9a:ChainF:VAL78	-117.506646	152.088287	General
3p9a:ChainF:THR79	-75.893360	165.092093	General
3p9a:ChainF:LEU80	-62.288566	-37.067483	General
3p9a:ChainF:GLU81	-54.750516	-54.236576	General
3p9a:ChainF:THR82	-57.684336	-37.472311	General
3p9a:ChainF:TRP83	-63.592284	-45.628905	General
3p9a:ChainF:ARG84	-58.405068	-36.248674	General
3p9a:ChainF:THR85	-58.768731	-39.487419	General
3p9a:ChainF:TYR86	-55.494634	-28.205423	General
3p9a:ChainF:ARG87	-56.083649	-36.296712	General
3p9a:ChainF:LEU88	-61.417996	-51.455904	General
3p9a:ChainF:ARG89	-84.678758	132.123664	General
3p9a:ChainF:GLU90	-72.312585	-30.344853	General
3p9a:ChainF:ASP91	-46.895726	-58.720816	General
3p9a:ChainF:LEU92	-71.831881	-37.437610	General
3p9a:ChainF:SER93	-53.671153	-41.085938	General
3p9a:ChainF:GLU94	-66.461236	-37.245795	General
3p9a:ChainF:VAL95	-67.501132	-41.408643	General
3p9a:ChainF:VAL96	-58.949993	-49.862074	General
3p9a:ChainF:THR97	-59.209295	-46.038465	General
3p9a:ChainF:ARG98	-58.097360	-46.077765	General
3p9a:ChainF:ALA99	-65.435145	-44.154357	General
3p9a:ChainF:GLU100	-64.250547	-35.510771	General
3p9a:ChainF:GLN101	-64.214145	-39.239585	General
3p9a:ChainF:VAL102	-63.491152	-44.119993	General
3p9a:ChainF:ILE103	-59.929199	-46.229032	General
3p9a:ChainF:TYR104	-61.889230	-47.479805	General
3p9a:ChainF:ASP105	-70.452530	-32.231999	General
3p9a:ChainF:GLN106	-60.351245	-48.254511	General
3p9a:ChainF:LYS107	-69.787080	-40.323157	General
3p9a:ChainF:PHE108	-62.986320	-48.979373	General
3p9a:ChainF:SER109	-68.702024	-35.665781	General
3p9a:ChainF:GLY110	-62.344517	-43.854431	Glycine
3p9a:ChainF:ALA111	-67.825390	-41.980753	General
3p9a:ChainF:ALA112	-60.222602	-29.344494	General
3p9a:ChainF:ALA113	-93.795992	3.334956	General
3p9a:ChainF:ASP114	65.222781	17.679651	General
3p9a:ChainF:LEU115	-83.197881	-19.075144	General
3p9a:ChainF:LEU116	-123.638545	151.316545	General
3p9a:ChainF:ASN117	-61.784459	120.486681	General
3p9a:ChainF:ALA118	-61.308114	-44.367508	General
3p9a:ChainF:ASN119	-73.645875	-36.360616	General
3p9a:ChainF:ILE120	-57.195086	-46.857588	General
3p9a:ChainF:ILE121	-68.815276	-40.406522	General
3p9a:ChainF:ALA122	-58.260721	-41.025909	General
3p9a:ChainF:ARG123	-67.926170	-43.532191	General
3p9a:ChainF:ASP124	-59.915387	-44.995265	General
3p9a:ChainF:LEU125	-79.352665	-13.184318	General
3p9a:ChainF:GLY126	72.462812	32.798343	Glycine
3p9a:ChainF:LEU127	-74.151455	127.860036	General
3p9a:ChainF:LYS128	-99.615965	147.139972	General
3p9a:ChainF:GLU129	-87.818483	127.902391	General
3p9a:ChainF:GLN130	-109.811019	135.901474	General
3p9a:ChainF:SER131	-142.756297	158.288463	General
3p9a:ChainF:GLN132	-129.497068	129.295591	General
3p9a:ChainF:VAL133	-125.899214	127.926310	General
3p9a:ChainF:GLU134	-109.208204	126.649712	General
3p9a:ChainF:ASP135	-79.322538	110.388520	General
3p9a:ChainF:VAL136	-102.927100	15.964786	General
3p9a:ChainF:THR137	-58.790430	121.309613	Pre-Pro
3p9a:ChainF:PRO138	-52.991217	158.075746	Proline
3p9a:ChainG:ARG8	50.122756	56.530485	General
3p9a:ChainG:PHE9	-58.933347	-27.653188	General
3p9a:ChainG:TRP10	-71.035546	-5.373831	General
3p9a:ChainG:GLU11	-99.266624	-15.334185	General
3p9a:ChainG:ALA12	-65.400939	133.629676	General
3p9a:ChainG:ARG13	-145.680908	138.206990	General
3p9a:ChainG:SER14	-62.475721	163.223503	General
3p9a:ChainG:SER15	-69.845956	-2.379940	General
3p9a:ChainG:HIS16	-82.335624	2.006146	General
3p9a:ChainG:GLY17	81.357008	-158.734417	Glycine
3p9a:ChainG:ARG18	-90.117242	134.675337	General
3p9a:ChainG:ASN19	40.155402	52.458341	Pre-Pro
3p9a:ChainG:PRO20	-61.093721	151.324012	Proline
3p9a:ChainG:LYS21	-112.360903	86.680960	General
3p9a:ChainG:PHE22	-65.411244	133.409022	General
3p9a:ChainG:GLU23	-137.116057	6.672446	General
3p9a:ChainG:SER24	-138.607360	138.196736	Pre-Pro
3p9a:ChainG:PRO25	-70.306354	-33.319670	Proline
3p9a:ChainG:GLU26	-66.303032	-33.724889	General
3p9a:ChainG:ALA27	-68.955298	-46.720753	General
3p9a:ChainG:LEU28	-61.570786	-44.511052	General
3p9a:ChainG:TRP29	-62.717851	-42.346826	General
3p9a:ChainG:ALA30	-59.547298	-42.429199	General
3p9a:ChainG:ALA31	-63.702066	-43.382979	General
3p9a:ChainG:CYS32	-60.428372	-39.814512	General
3p9a:ChainG:CYS33	-66.305189	-33.246367	General
3p9a:ChainG:GLU34	-64.611349	-35.982441	General
3p9a:ChainG:TYR35	-64.969907	-48.574772	General
3p9a:ChainG:PHE36	-54.736343	-47.394692	General
3p9a:ChainG:GLU37	-64.677045	-41.952582	General
3p9a:ChainG:TRP38	-56.076441	-48.594941	General
3p9a:ChainG:VAL39	-56.929049	-50.497566	General
3p9a:ChainG:GLU40	-65.460092	-26.135865	General
3p9a:ChainG:ALA41	-92.057781	-13.915275	General
3p9a:ChainG:ASN42	-123.078448	73.652917	Pre-Pro
3p9a:ChainG:PRO43	-62.498602	163.614968	Proline
3p9a:ChainG:LEU44	-77.795542	163.616057	General
3p9a:ChainG:TRP45	-129.809992	126.078451	General
3p9a:ChainG:GLU46	-106.775230	129.382966	General
3p9a:ChainG:MET47	-78.591063	129.568709	General
3p9a:ChainG:LYS48	-126.084471	143.933020	General
3p9a:ChainG:ALA49	-102.932998	145.800712	General
3p9a:ChainG:PHE50	-137.125620	146.800688	General
3p9a:ChainG:SER51	-130.597322	154.577570	General
3p9a:ChainG:TYR52	-146.385437	116.077812	General
3p9a:ChainG:GLN53	45.215011	37.181045	General
3p9a:ChainG:GLY54	96.726818	5.089978	Glycine
3p9a:ChainG:GLU55	-114.352972	141.536796	General
3p9a:ChainG:VAL56	-116.228535	139.883838	General
3p9a:ChainG:ILE57	-133.297627	144.475208	General
3p9a:ChainG:GLN58	-115.369419	149.327744	General
3p9a:ChainG:GLU59	-150.374291	138.595631	Pre-Pro
3p9a:ChainG:PRO60	-83.073940	138.778995	Proline
3p9a:ChainG:ILE61	-116.576720	134.544342	General
3p9a:ChainG:ALA62	-72.719236	137.449949	General
3p9a:ChainG:LYS63	-128.124246	147.707971	General
3p9a:ChainG:MET64	-66.179589	130.599476	General
3p9a:ChainG:ARG65	-91.107466	123.449274	General
3p9a:ChainG:ALA66	-73.367314	132.264124	General
3p9a:ChainG:MET67	-72.792671	142.467586	General
3p9a:ChainG:THR68	-140.471818	156.001990	General
3p9a:ChainG:ILE69	-65.576398	-40.105287	General
3p9a:ChainG:THR70	-63.972538	-37.003411	General
3p9a:ChainG:GLY71	-66.344010	-44.002467	Glycine
3p9a:ChainG:LEU72	-56.033661	-53.282533	General
3p9a:ChainG:THR73	-63.479530	-39.193531	General
3p9a:ChainG:LEU74	-57.241351	-45.640798	General
3p9a:ChainG:PHE75	-68.482037	-40.652708	General
3p9a:ChainG:ILE76	-87.045142	-3.786808	General
3p9a:ChainG:ASP77	67.214527	44.722614	General
3p9a:ChainG:VAL78	-120.628049	152.833133	General
3p9a:ChainG:THR79	-68.362278	159.227849	General
3p9a:ChainG:LEU80	-58.921208	-35.959475	General
3p9a:ChainG:GLU81	-70.616548	-32.809692	General
3p9a:ChainG:THR82	-65.881107	-43.558003	General
3p9a:ChainG:TRP83	-60.520401	-40.731069	General
3p9a:ChainG:ARG84	-61.392708	-34.914484	General
3p9a:ChainG:THR85	-60.362802	-38.394824	General
3p9a:ChainG:TYR86	-57.581359	-26.675690	General
3p9a:ChainG:ARG87	-67.376774	-23.857685	General
3p9a:ChainG:LEU88	-88.558567	-8.040388	General
3p9a:ChainG:ARG89	-88.623531	123.587699	General
3p9a:ChainG:GLU90	-52.576782	-40.619874	General
3p9a:ChainG:ASP91	-86.932557	-11.917894	General
3p9a:ChainG:LEU92	-115.992335	-18.264371	General
3p9a:ChainG:SER93	-60.018324	-44.108381	General
3p9a:ChainG:GLU94	-61.502034	-38.056479	General
3p9a:ChainG:VAL95	-64.295374	-41.430887	General
3p9a:ChainG:VAL96	-59.573354	-47.440378	General
3p9a:ChainG:THR97	-59.654524	-45.165109	General
3p9a:ChainG:ARG98	-63.632151	-44.315577	General
3p9a:ChainG:ALA99	-65.843489	-40.821071	General
3p9a:ChainG:GLU100	-67.067056	-27.820881	General
3p9a:ChainG:GLN101	-71.156409	-41.962338	General
3p9a:ChainG:VAL102	-59.037790	-46.230393	General
3p9a:ChainG:ILE103	-59.457997	-47.538547	General
3p9a:ChainG:TYR104	-59.931148	-47.274623	General
3p9a:ChainG:ASP105	-65.145440	-38.054520	General
3p9a:ChainG:GLN106	-61.156606	-47.839095	General
3p9a:ChainG:LYS107	-68.691711	-39.183006	General
3p9a:ChainG:PHE108	-59.212904	-48.000449	General
3p9a:ChainG:SER109	-65.796976	-38.726538	General
3p9a:ChainG:GLY110	-62.856593	-48.262249	Glycine
3p9a:ChainG:ALA111	-63.918543	-45.790211	General
3p9a:ChainG:ALA112	-60.918333	-33.807518	General
3p9a:ChainG:ALA113	-82.336412	3.416264	General
3p9a:ChainG:ASP114	58.891111	32.090012	General
3p9a:ChainG:LEU115	-101.677156	-15.758885	General
3p9a:ChainG:LEU116	-124.831830	149.403824	General
3p9a:ChainG:ASN117	-60.011827	125.348387	General
3p9a:ChainG:ALA118	-64.250335	-46.413649	General
3p9a:ChainG:ASN119	-74.905133	-32.847978	General
3p9a:ChainG:ILE120	-62.874676	-43.574725	General
3p9a:ChainG:ILE121	-69.950258	-39.754020	General
3p9a:ChainG:ALA122	-60.285755	-41.374928	General
3p9a:ChainG:ARG123	-66.997585	-43.980612	General
3p9a:ChainG:ASP124	-61.143881	-42.569274	General
3p9a:ChainG:LEU125	-79.340375	-13.794609	General
3p9a:ChainG:GLY126	73.840792	32.643205	Glycine
3p9a:ChainG:LEU127	-73.649680	125.212698	General
3p9a:ChainG:LYS128	-93.771784	147.396993	General
3p9a:ChainG:GLU129	-88.859713	129.268478	General
3p9a:ChainG:GLN130	-112.263134	134.670470	General
3p9a:ChainG:SER131	-137.026712	159.733248	General
3p9a:ChainG:GLN132	-130.485426	126.130155	General
3p9a:ChainG:VAL133	-125.305950	127.296817	General
3p9a:ChainG:GLU134	-110.631673	127.003845	General
3p9a:ChainG:ASP135	-81.488430	114.619035	General
3p9a:ChainG:VAL136	-105.353542	18.160057	General
3p9a:ChainG:THR137	-58.381034	123.296828	Pre-Pro
3p9a:ChainG:PRO138	-64.056930	158.742409	Proline
3p9a:ChainH:PHE9	-60.438068	-30.072710	General
3p9a:ChainH:TRP10	-76.024296	-5.537401	General
3p9a:ChainH:GLU11	-101.598199	-17.490738	General
3p9a:ChainH:ALA12	-62.642891	137.770790	General
3p9a:ChainH:ARG13	-148.147073	148.554342	General
3p9a:ChainH:SER14	-66.922478	172.507935	General
3p9a:ChainH:SER15	-75.648931	-4.591167	General
3p9a:ChainH:HIS16	-83.738033	3.462621	General
3p9a:ChainH:GLY17	73.895196	-158.743262	Glycine
3p9a:ChainH:ARG18	-81.968727	131.663903	General
3p9a:ChainH:ASN19	41.745059	53.996118	Pre-Pro
3p9a:ChainH:PRO20	-64.032746	160.768230	Proline
3p9a:ChainH:LYS21	-108.402805	118.053247	General
3p9a:ChainH:PHE22	-101.097619	119.741854	General
3p9a:ChainH:GLU23	-109.934056	-28.430921	General
3p9a:ChainH:SER24	-100.292344	133.563529	Pre-Pro
3p9a:ChainH:PRO25	-62.005414	-37.204640	Proline
3p9a:ChainH:GLU26	-66.421510	-35.467621	General
3p9a:ChainH:ALA27	-66.588334	-42.121450	General
3p9a:ChainH:LEU28	-66.224562	-45.046946	General
3p9a:ChainH:TRP29	-61.653629	-41.632502	General
3p9a:ChainH:ALA30	-58.799832	-40.283683	General
3p9a:ChainH:ALA31	-66.025620	-41.867231	General
3p9a:ChainH:CYS32	-61.548777	-42.061081	General
3p9a:ChainH:CYS33	-64.064354	-33.812174	General
3p9a:ChainH:GLU34	-60.514456	-38.936357	General
3p9a:ChainH:TYR35	-64.805038	-49.665102	General
3p9a:ChainH:PHE36	-54.422283	-49.038500	General
3p9a:ChainH:GLU37	-57.678330	-42.119187	General
3p9a:ChainH:TRP38	-62.036513	-43.472741	General
3p9a:ChainH:VAL39	-58.633660	-44.486690	General
3p9a:ChainH:GLU40	-71.810269	-25.892563	General
3p9a:ChainH:ALA41	-88.539154	-5.880861	General
3p9a:ChainH:ASN42	-129.789458	68.947183	Pre-Pro
3p9a:ChainH:PRO43	-66.528506	161.962647	Proline
3p9a:ChainH:LEU44	-79.698212	165.323004	General
3p9a:ChainH:TRP45	-126.880353	136.078420	General
3p9a:ChainH:GLU46	-111.484829	129.585231	General
3p9a:ChainH:MET47	-77.766412	130.503974	General
3p9a:ChainH:LYS48	-124.993197	133.399417	General
3p9a:ChainH:ALA49	-105.687548	139.619759	General
3p9a:ChainH:PHE50	-129.262847	151.776448	General
3p9a:ChainH:SER51	-141.572214	145.265250	General
3p9a:ChainH:TYR52	-158.113458	130.080244	General
3p9a:ChainH:GLN53	52.658802	34.084824	General
3p9a:ChainH:GLY54	98.018376	-14.447708	Glycine
3p9a:ChainH:GLU55	-95.222124	140.079952	General
3p9a:ChainH:VAL56	-115.994706	131.102287	General
3p9a:ChainH:ILE57	-121.056091	136.845868	General
3p9a:ChainH:GLN58	-111.666653	139.987990	General
3p9a:ChainH:GLU59	-135.760191	123.825733	Pre-Pro
3p9a:ChainH:PRO60	-79.638652	136.500631	Proline
3p9a:ChainH:ILE61	-120.368645	132.899523	General
3p9a:ChainH:ALA62	-70.257434	135.740650	General
3p9a:ChainH:LYS63	-124.306077	139.406272	General
3p9a:ChainH:MET64	-60.557791	134.104901	General
3p9a:ChainH:ARG65	-91.689232	122.108433	General
3p9a:ChainH:ALA66	-70.974169	129.175276	General
3p9a:ChainH:MET67	-72.908451	147.421340	General
3p9a:ChainH:THR68	-144.293178	154.864710	General
3p9a:ChainH:ILE69	-64.738277	-42.174512	General
3p9a:ChainH:THR70	-61.101596	-39.433439	General
3p9a:ChainH:GLY71	-62.044871	-47.443201	Glycine
3p9a:ChainH:LEU72	-58.811810	-46.586435	General
3p9a:ChainH:THR73	-68.107451	-36.924698	General
3p9a:ChainH:LEU74	-61.946210	-42.216157	General
3p9a:ChainH:PHE75	-66.636925	-48.424866	General
3p9a:ChainH:ILE76	-79.343495	-2.502391	General
3p9a:ChainH:ASP77	64.828293	43.470186	General
3p9a:ChainH:VAL78	-121.553163	158.146474	General
3p9a:ChainH:THR79	-75.507680	158.915383	General
3p9a:ChainH:LEU80	-58.249454	-31.432103	General
3p9a:ChainH:GLU81	-62.682033	-47.002009	General
3p9a:ChainH:THR82	-59.663332	-43.295816	General
3p9a:ChainH:TRP83	-57.617002	-43.485808	General
3p9a:ChainH:ARG84	-68.715924	-29.653546	General
3p9a:ChainH:THR85	-66.150278	-26.772636	General
3p9a:ChainH:TYR86	-60.935392	-23.253776	General
3p9a:ChainH:ARG87	-63.505387	-19.728055	General
3p9a:ChainH:LEU88	-66.379044	-27.477809	General
3p9a:ChainH:ARG89	-104.503079	125.164723	General
3p9a:ChainH:GLU90	-49.650564	-45.066604	General
3p9a:ChainH:ASP91	-42.842696	-66.668358	General
3p9a:ChainH:LEU92	-73.242609	-27.626801	General
3p9a:ChainH:SER93	-63.379367	-36.132017	General
3p9a:ChainH:GLU94	-66.428663	-32.398133	General
3p9a:ChainH:VAL95	-71.619373	-40.499466	General
3p9a:ChainH:VAL96	-60.661120	-47.477945	General
3p9a:ChainH:THR97	-60.204718	-46.514527	General
3p9a:ChainH:ARG98	-58.632313	-45.579152	General
3p9a:ChainH:ALA99	-61.687800	-47.641401	General
3p9a:ChainH:GLU100	-65.746411	-28.173790	General
3p9a:ChainH:GLN101	-70.513897	-41.887091	General
3p9a:ChainH:VAL102	-60.874984	-45.049073	General
3p9a:ChainH:ILE103	-58.818940	-47.921412	General
3p9a:ChainH:TYR104	-55.734635	-51.699367	General
3p9a:ChainH:ASP105	-65.279030	-36.124779	General
3p9a:ChainH:GLN106	-61.736258	-46.447755	General
3p9a:ChainH:LYS107	-71.555772	-40.499722	General
3p9a:ChainH:PHE108	-60.884996	-47.023443	General
3p9a:ChainH:SER109	-70.327632	-36.423597	General
3p9a:ChainH:GLY110	-63.219722	-45.666772	Glycine
3p9a:ChainH:ALA111	-64.976201	-41.417141	General
3p9a:ChainH:ALA112	-61.579297	-33.301444	General
3p9a:ChainH:ALA113	-91.062601	9.274117	General
3p9a:ChainH:ASP114	58.448308	26.834457	General
3p9a:ChainH:LEU115	-88.029633	-18.132642	General
3p9a:ChainH:LEU116	-126.088137	151.314525	General
3p9a:ChainH:ASN117	-60.242780	117.858630	General
3p9a:ChainH:ALA118	-67.293739	-38.303301	General
3p9a:ChainH:ASN119	-75.846536	-37.051670	General
3p9a:ChainH:ILE120	-65.945927	-35.765297	General
3p9a:ChainH:ILE121	-67.066318	-40.723700	General
3p9a:ChainH:ALA122	-54.852029	-44.608934	General
3p9a:ChainH:ARG123	-66.035743	-42.179420	General
3p9a:ChainH:ASP124	-64.200176	-41.616292	General
3p9a:ChainH:LEU125	-77.635631	-12.796126	General
3p9a:ChainH:GLY126	70.845026	34.315343	Glycine
3p9a:ChainH:LEU127	-78.519482	128.176232	General
3p9a:ChainH:LYS128	-97.718583	150.999481	General
3p9a:ChainH:GLU129	-92.028662	123.611155	General
3p9a:ChainH:GLN130	-104.853448	132.969387	General
3p9a:ChainH:SER131	-138.945876	160.490212	General
3p9a:ChainH:GLN132	-129.642980	129.793016	General
3p9a:ChainH:VAL133	-125.699108	119.323628	General
3p9a:ChainH:GLU134	-103.119240	125.251275	General
3p9a:ChainH:ASP135	-83.999715	109.800845	General
3p9a:ChainH:VAL136	-104.809754	21.125688	General
3p9a:ChainH:THR137	-63.921042	123.669381	Pre-Pro
3p9a:ChainH:PRO138	-65.694773	155.645005	Proline
3p9a:ChainI:PHE9	-55.775902	-27.419964	General
3p9a:ChainI:TRP10	-71.386402	-9.967429	General
3p9a:ChainI:GLU11	-104.069466	-9.602262	General
3p9a:ChainI:ALA12	-65.317359	136.764786	General
3p9a:ChainI:ARG13	-150.193606	142.478735	General
3p9a:ChainI:SER14	-68.095709	168.271479	General
3p9a:ChainI:SER15	-68.512737	-6.303917	General
3p9a:ChainI:HIS16	-85.178731	1.959570	General
3p9a:ChainI:GLY17	78.602471	-155.549029	Glycine
3p9a:ChainI:ARG18	-90.196878	129.427155	General
3p9a:ChainI:ASN19	52.132915	47.550013	Pre-Pro
3p9a:ChainI:PRO20	-62.173119	142.913651	Proline
3p9a:ChainI:LYS21	-106.135248	100.080598	General
3p9a:ChainI:PHE22	-77.540094	132.518869	General
3p9a:ChainI:GLU23	-117.344922	3.309399	General
3p9a:ChainI:SER24	-148.939380	151.506087	Pre-Pro
3p9a:ChainI:PRO25	-64.499833	-35.716498	Proline
3p9a:ChainI:GLU26	-62.939928	-40.680326	General
3p9a:ChainI:ALA27	-66.241563	-45.261963	General
3p9a:ChainI:LEU28	-63.665792	-45.258446	General
3p9a:ChainI:TRP29	-62.297550	-38.776339	General
3p9a:ChainI:ALA30	-58.941766	-45.602627	General
3p9a:ChainI:ALA31	-62.475199	-43.481279	General
3p9a:ChainI:CYS32	-57.883144	-43.971559	General
3p9a:ChainI:CYS33	-62.108267	-37.447160	General
3p9a:ChainI:GLU34	-58.152524	-40.268348	General
3p9a:ChainI:TYR35	-65.170353	-45.644096	General
3p9a:ChainI:PHE36	-58.745718	-46.198640	General
3p9a:ChainI:GLU37	-60.612712	-43.319996	General
3p9a:ChainI:TRP38	-58.198503	-46.844822	General
3p9a:ChainI:VAL39	-57.007683	-46.460577	General
3p9a:ChainI:GLU40	-64.568135	-35.197832	General
3p9a:ChainI:ALA41	-80.450148	-6.636099	General
3p9a:ChainI:ASN42	-127.745752	63.982154	Pre-Pro
3p9a:ChainI:PRO43	-63.602837	163.996784	Proline
3p9a:ChainI:LEU44	-87.503700	169.031451	General
3p9a:ChainI:TRP45	-127.578308	127.506275	General
3p9a:ChainI:GLU46	-104.509254	127.334103	General
3p9a:ChainI:MET47	-81.388183	126.272759	General
3p9a:ChainI:LYS48	-117.526961	134.827922	General
3p9a:ChainI:ALA49	-114.348746	140.566935	General
3p9a:ChainI:PHE50	-133.668306	154.972137	General
3p9a:ChainI:SER51	-123.764693	142.100113	General
3p9a:ChainI:TYR52	-151.908424	122.777846	General
3p9a:ChainI:GLN53	55.239748	45.447384	General
3p9a:ChainI:GLY54	69.712143	11.315219	Glycine
3p9a:ChainI:GLU55	-114.239098	150.316335	General
3p9a:ChainI:VAL56	-110.056300	134.102095	General
3p9a:ChainI:ILE57	-110.651353	124.574938	General
3p9a:ChainI:GLN58	-101.784427	136.961891	General
3p9a:ChainI:GLU59	-137.996381	121.665035	Pre-Pro
3p9a:ChainI:PRO60	-79.023661	131.939552	Proline
3p9a:ChainI:ILE61	-116.902055	128.990605	General
3p9a:ChainI:ALA62	-63.745236	135.264968	General
3p9a:ChainI:LYS63	-124.600390	141.998161	General
3p9a:ChainI:MET64	-60.074690	131.683080	General
3p9a:ChainI:ARG65	-90.177965	125.490712	General
3p9a:ChainI:ALA66	-73.100216	134.555479	General
3p9a:ChainI:MET67	-76.643689	137.474061	General
3p9a:ChainI:THR68	-137.281752	151.399259	General
3p9a:ChainI:ILE69	-65.611752	-34.124148	General
3p9a:ChainI:THR70	-66.865894	-41.725220	General
3p9a:ChainI:GLY71	-61.460111	-41.481067	Glycine
3p9a:ChainI:LEU72	-60.434597	-47.334745	General
3p9a:ChainI:THR73	-69.756126	-33.837917	General
3p9a:ChainI:LEU74	-63.201384	-41.847965	General
3p9a:ChainI:PHE75	-65.954681	-47.453734	General
3p9a:ChainI:ILE76	-84.394509	-4.186826	General
3p9a:ChainI:ASP77	67.245234	46.929736	General
3p9a:ChainI:VAL78	-123.765007	161.429846	General
3p9a:ChainI:THR79	-80.176194	161.363249	General
3p9a:ChainI:LEU80	-61.184156	-37.746482	General
3p9a:ChainI:GLU81	-65.654178	-38.645968	General
3p9a:ChainI:THR82	-55.696333	-45.131707	General
3p9a:ChainI:TRP83	-60.862018	-40.525977	General
3p9a:ChainI:ARG84	-69.936278	-27.508432	General
3p9a:ChainI:THR85	-67.902071	-33.751140	General
3p9a:ChainI:TYR86	-69.023439	-36.468938	General
3p9a:ChainI:ARG87	-51.205729	-39.293867	General
3p9a:ChainI:LEU88	-92.916641	-16.275267	General
3p9a:ChainI:ARG89	-74.049728	123.242583	General
3p9a:ChainI:GLU90	-49.297437	-37.089280	General
3p9a:ChainI:ASP91	-88.967591	-15.853728	General
3p9a:ChainI:LEU92	-110.299875	-15.944240	General
3p9a:ChainI:SER93	-60.410583	-38.584689	General
3p9a:ChainI:GLU94	-63.301154	-39.530564	General
3p9a:ChainI:VAL95	-67.262976	-39.492124	General
3p9a:ChainI:VAL96	-62.734525	-44.575510	General
3p9a:ChainI:THR97	-58.785190	-44.726994	General
3p9a:ChainI:ARG98	-63.247621	-45.718914	General
3p9a:ChainI:ALA99	-61.725673	-46.891518	General
3p9a:ChainI:GLU100	-64.924105	-32.885591	General
3p9a:ChainI:GLN101	-67.495584	-38.862423	General
3p9a:ChainI:VAL102	-61.082878	-47.148895	General
3p9a:ChainI:ILE103	-61.405879	-47.110871	General
3p9a:ChainI:TYR104	-55.065227	-48.973355	General
3p9a:ChainI:ASP105	-69.986380	-34.189023	General
3p9a:ChainI:GLN106	-62.074551	-48.000670	General
3p9a:ChainI:LYS107	-65.901747	-42.246224	General
3p9a:ChainI:PHE108	-60.885680	-47.486857	General
3p9a:ChainI:SER109	-66.218630	-37.462998	General
3p9a:ChainI:GLY110	-63.266542	-45.668874	Glycine
3p9a:ChainI:ALA111	-66.821687	-43.567841	General
3p9a:ChainI:ALA112	-58.902024	-35.358845	General
3p9a:ChainI:ALA113	-84.568436	3.923187	General
3p9a:ChainI:ASP114	62.393449	21.791623	General
3p9a:ChainI:LEU115	-88.670015	-17.407884	General
3p9a:ChainI:LEU116	-126.785289	150.434269	General
3p9a:ChainI:ASN117	-61.789208	120.489888	General
3p9a:ChainI:ALA118	-66.024605	-39.843721	General
3p9a:ChainI:ASN119	-72.848502	-39.043104	General
3p9a:ChainI:ILE120	-58.169860	-46.788990	General
3p9a:ChainI:ILE121	-67.108669	-41.517006	General
3p9a:ChainI:ALA122	-55.838637	-43.456668	General
3p9a:ChainI:ARG123	-65.161143	-42.384723	General
3p9a:ChainI:ASP124	-64.581021	-39.570235	General
3p9a:ChainI:LEU125	-77.691785	-15.699686	General
3p9a:ChainI:GLY126	76.770835	27.743649	Glycine
3p9a:ChainI:LEU127	-73.869288	127.578074	General
3p9a:ChainI:LYS128	-99.838359	153.673270	General
3p9a:ChainI:GLU129	-90.773134	125.265585	General
3p9a:ChainI:GLN130	-108.158473	134.342450	General
3p9a:ChainI:SER131	-140.153366	155.407287	General
3p9a:ChainI:GLN132	-124.215274	124.542559	General
3p9a:ChainI:VAL133	-124.488537	126.575877	General
3p9a:ChainI:GLU134	-104.384572	124.093353	General
3p9a:ChainI:ASP135	-83.334974	113.352016	General
3p9a:ChainI:VAL136	-110.687985	30.683939	General
3p9a:ChainI:THR137	-62.910272	136.013217	Pre-Pro
3p9a:ChainI:PRO138	-66.174054	169.743970	Proline
