3sia:ChainA:PHE8	-106.197828	17.378158	General
3sia:ChainA:CYS9	-81.053001	123.935428	General
3sia:ChainA:LEU10	-58.572286	-30.617142	General
3sia:ChainA:TRP11	-89.415215	-7.724266	General
3sia:ChainA:ASN12	-134.447766	41.133221	General
3sia:ChainA:LEU13	-75.663860	123.534279	General
3sia:ChainA:GLN14	-88.116868	139.852245	Pre-Pro
3sia:ChainA:PRO15	-55.961912	141.227036	Proline
3sia:ChainA:ILE16	-95.656463	149.486809	General
3sia:ChainA:GLN17	-66.280970	142.766986	General
3sia:ChainA:GLY18	65.259418	37.567358	Glycine
3sia:ChainA:SER19	-54.290971	135.701117	General
3sia:ChainA:TRP20	-53.226177	-27.722568	General
3sia:ChainA:MET21	-70.681338	-25.327332	General
3sia:ChainA:GLY22	-85.960915	-6.277667	Glycine
3sia:ChainA:ALA23	-63.048335	-41.731238	General
3sia:ChainA:ALA24	-52.960745	-55.117347	General
3sia:ChainA:CYS25	-57.506285	-46.364029	General
3sia:ChainA:ILE26	-64.786513	-43.104648	General
3sia:ChainA:TYR27	-66.849222	-28.458772	General
3sia:ChainA:GLN28	-75.912471	-24.052085	General
3sia:ChainA:MET29	-64.531160	146.314260	Pre-Pro
3sia:ChainA:PRO30	-54.994607	135.318022	Proline
3sia:ChainA:PRO31	-47.265115	-45.409624	Proline
3sia:ChainA:SER32	-48.322247	-42.302481	General
3sia:ChainA:VAL33	-72.678202	-49.057772	General
3sia:ChainA:ARG34	-61.894272	-29.456199	General
3sia:ChainA:ASN35	-82.690487	-10.251723	General
3sia:ChainA:THR36	-84.113149	154.472468	General
3sia:ChainA:TRP37	-64.456118	-28.733428	General
3sia:ChainA:TRP38	-89.096311	-1.752356	General
3sia:ChainA:PHE39	-46.095375	-44.447176	Pre-Pro
3sia:ChainA:PRO40	-57.956051	-21.699390	Proline
3sia:ChainA:LEU41	-49.761060	-36.525453	General
3sia:ChainA:LEU42	-62.781300	-34.880339	General
3sia:ChainA:ASN43	-83.223893	6.834472	General
3sia:ChainA:THR44	-95.920821	-1.597792	General
3sia:ChainA:ILE45	-105.902250	118.039395	Pre-Pro
3sia:ChainA:PRO46	-74.994201	153.741676	Proline
3sia:ChainA:LEU47	-54.274899	-36.002251	General
3sia:ChainA:ASP48	-69.342382	-12.153252	General
3sia:ChainA:GLN49	-98.314936	-9.336619	General
3sia:ChainA:TYR50	-53.417215	-51.154443	General
3sia:ChainA:THR51	-67.773291	-37.889060	General
3sia:ChainA:ARG52	-60.633007	-47.671934	General
3sia:ChainA:ILE53	-64.739897	-37.482886	General
3sia:ChainA:TYR54	-66.306115	-41.471160	General
3sia:ChainA:GLN55	-58.948472	-39.101648	General
3sia:ChainA:TRP56	-67.033998	-46.022620	General
3sia:ChainA:PHE57	-51.109772	-46.547541	General
3sia:ChainA:MET58	-62.082639	-37.683287	General
3sia:ChainA:GLY59	-65.708842	-33.696846	Glycine
3sia:ChainA:VAL60	-81.961706	-34.296376	General
3sia:ChainA:ASP61	-71.923778	79.164511	General
3sia:ChainA:ARG62	-62.281400	-29.450520	General
3sia:ChainA:ASP63	-98.838064	12.182010	General
3sia:ChainA:ARG64	49.277101	34.504407	General
3sia:ChainA:SER65	-76.514673	-11.802259	General
3sia:ChainA:GLY66	83.068102	11.021893	Glycine
3sia:ChainA:THR67	-147.235299	159.633356	General
3sia:ChainA:LEU68	-109.292359	131.666618	General
3sia:ChainA:GLU69	-106.967924	169.594103	General
3sia:ChainA:ILE70	-63.088256	-40.529146	General
3sia:ChainA:ASN71	-58.014646	-38.695871	General
3sia:ChainA:GLU72	-64.959071	-35.616848	General
3sia:ChainA:LEU73	-66.662958	-39.425614	General
3sia:ChainA:MET74	-66.851871	-35.941554	General
3sia:ChainA:MET75	-88.113675	-14.198451	General
3sia:ChainA:GLY76	-77.598351	153.008921	Glycine
3sia:ChainA:GLN77	-106.745913	135.128629	General
3sia:ChainA:PHE78	-116.243369	172.710376	Pre-Pro
3sia:ChainA:PRO79	-58.916905	143.018513	Proline
3sia:ChainA:GLY80	79.450392	17.861888	Glycine
3sia:ChainA:GLY81	70.087092	22.534108	Glycine
3sia:ChainA:ILE82	-69.017036	133.496855	General
3sia:ChainA:ARG83	-128.206305	151.370990	General
3sia:ChainA:LEU84	-115.193313	125.252393	General
3sia:ChainA:SER85	-63.443898	169.839094	Pre-Pro
3sia:ChainA:PRO86	-55.848281	-39.670778	Proline
3sia:ChainA:GLN87	-63.426253	-46.965374	General
3sia:ChainA:THR88	-69.798966	-38.720076	General
3sia:ChainA:ALA89	-57.932642	-45.032321	General
3sia:ChainA:LEU90	-60.077254	-41.846650	General
3sia:ChainA:ARG91	-60.208133	-40.122292	General
3sia:ChainA:MET92	-64.709681	-36.303227	General
3sia:ChainA:MET93	-65.509457	-41.666291	General
3sia:ChainA:ARG94	-67.596810	-32.319538	General
3sia:ChainA:ILE95	-73.707920	-49.310231	General
3sia:ChainA:PHE96	-102.998489	-22.983538	General
3sia:ChainA:ASP97	-80.669626	77.099572	General
3sia:ChainA:THR98	-75.131290	-16.479605	General
3sia:ChainA:ASP99	-81.197498	-11.475985	General
3sia:ChainA:PHE100	55.034714	37.961687	General
3sia:ChainA:ASN101	-102.156523	1.365367	General
3sia:ChainA:GLY102	80.550583	12.460940	Glycine
3sia:ChainA:HIS103	-125.811499	144.101997	General
3sia:ChainA:ILE104	-102.523833	117.646375	General
3sia:ChainA:SER105	-73.372050	172.554598	General
3sia:ChainA:PHE106	-63.033081	-39.867039	General
3sia:ChainA:TYR107	-68.015735	-38.087935	General
3sia:ChainA:GLU108	-64.445538	-39.205080	General
3sia:ChainA:PHE109	-66.933080	-38.241270	General
3sia:ChainA:MET110	-54.230712	-44.704712	General
3sia:ChainA:ALA111	-59.671115	-46.556440	General
3sia:ChainA:MET112	-63.563094	-45.726719	General
3sia:ChainA:TYR113	-55.495732	-49.627593	General
3sia:ChainA:LYS114	-61.966849	-43.214478	General
3sia:ChainA:PHE115	-55.424997	-48.285249	General
3sia:ChainA:MET116	-62.907950	-39.084726	General
3sia:ChainA:GLU117	-66.234660	-42.273348	General
3sia:ChainA:LEU118	-57.845467	-47.392616	General
3sia:ChainA:ALA119	-63.495628	-40.194970	General
3sia:ChainA:TYR120	-65.136332	-45.582429	General
3sia:ChainA:ASN121	-56.911231	-45.592528	General
3sia:ChainA:LEU122	-68.232442	-32.401695	General
3sia:ChainA:PHE123	-58.433185	-54.069452	General
3sia:ChainA:VAL124	-62.572283	-35.130061	General
3sia:ChainA:MET125	-71.418465	-31.225598	General
3sia:ChainA:ASN126	-103.528998	-8.109900	General
3sia:ChainA:ALA127	-82.484217	78.226143	General
3sia:ChainA:ARG128	-99.874090	-36.121712	General
3sia:ChainA:ALA129	-68.222591	-39.756816	General
3sia:ChainA:ARG130	-149.958296	120.597644	General
3sia:ChainA:SER131	-57.429297	136.673075	General
3sia:ChainA:GLY132	86.153581	6.478320	Glycine
3sia:ChainA:THR133	-145.891718	150.418876	General
3sia:ChainA:LEU134	-105.767238	122.951531	General
3sia:ChainA:GLU135	-71.419094	161.367503	Pre-Pro
3sia:ChainA:PRO136	-54.998005	-39.735800	Proline
3sia:ChainA:HIS137	-70.539745	-14.671926	General
3sia:ChainA:GLU138	-85.297246	-13.729762	General
3sia:ChainA:ILE139	-69.775715	-40.459799	General
3sia:ChainA:LEU140	-56.616104	-57.269033	Pre-Pro
3sia:ChainA:PRO141	-63.970342	-34.235128	Proline
3sia:ChainA:ALA142	-64.721241	-44.151959	General
3sia:ChainA:LEU143	-68.243457	-32.512781	General
3sia:ChainA:GLN144	-67.336397	-42.552550	General
3sia:ChainA:GLN145	-54.754349	-36.422417	General
3sia:ChainA:LEU146	-77.480864	-11.470876	General
3sia:ChainA:GLY147	111.418922	-1.178892	Glycine
3sia:ChainA:PHE148	-96.587517	99.079491	General
3sia:ChainA:TYR149	-88.292663	69.767356	General
3sia:ChainA:ILE150	-89.788428	177.290905	General
3sia:ChainA:ASN151	-110.222232	172.641864	General
3sia:ChainA:GLN152	-57.571967	-48.629142	General
3sia:ChainA:ARG153	-46.509358	-54.101633	General
3sia:ChainA:THR154	-62.347751	-39.474397	General
3sia:ChainA:SER155	-63.771724	-42.758300	General
3sia:ChainA:LEU156	-68.439266	-36.992437	General
3sia:ChainA:LEU157	-60.534919	-43.517763	General
3sia:ChainA:LEU158	-64.450147	-41.484723	General
3sia:ChainA:HIS159	-60.236169	-43.747468	General
3sia:ChainA:ARG160	-63.084833	-45.260426	General
3sia:ChainA:LEU161	-71.103412	-37.802492	General
3sia:ChainA:PHE162	-104.406733	-20.617906	General
3sia:ChainA:ALA167	-51.280140	-57.891090	General
3sia:ChainA:PHE168	-116.129943	163.092485	General
3sia:ChainA:CYS169	-116.203637	109.457597	General
3sia:ChainA:ASP170	-70.522600	173.933523	General
3sia:ChainA:LEU171	-56.915309	-45.759666	General
3sia:ChainA:ASN172	-60.933540	-41.473270	General
3sia:ChainA:CYS173	-63.954607	-39.043956	General
3sia:ChainA:TRP174	-61.875152	-41.997709	General
3sia:ChainA:ILE175	-64.794499	-35.085326	General
3sia:ChainA:ALA176	-61.815765	-41.652275	General
3sia:ChainA:ILE177	-63.702831	-46.407578	General
3sia:ChainA:CYS178	-63.889349	-36.570594	General
3sia:ChainA:ALA179	-66.295486	-39.113180	General
3sia:ChainA:PHE180	-62.713686	-44.667002	General
3sia:ChainA:ALA181	-63.481215	-43.656575	General
3sia:ChainA:ALA182	-67.436714	-37.653651	General
3sia:ChainA:GLN183	-66.391185	-37.226693	General
3sia:ChainA:THR184	-63.091304	-34.203678	General
3sia:ChainA:ARG185	-63.759054	-45.967173	General
3sia:ChainA:SER186	-58.656692	-43.961409	General
3sia:ChainA:ALA187	-61.859420	-45.533237	General
3sia:ChainA:TYR188	-53.384117	-45.443194	General
3sia:ChainA:GLN189	-61.031851	-47.059660	General
3sia:ChainA:MET190	-62.331804	-50.218470	General
3sia:ChainA:ILE191	-55.344445	-52.031981	General
3sia:ChainA:PHE192	-78.083720	-3.861124	General
3sia:ChainA:MET193	-79.651358	-19.815034	General
3sia:ChainA:ASN194	-62.754784	123.194582	Pre-Pro
3sia:ChainA:PRO195	-62.547990	-20.517304	Proline
3sia:ChainA:TYR196	-51.590967	-32.709486	General
3sia:ChainA:TYR197	-91.883268	7.949885	General
3sia:ChainA:GLY198	98.222204	-172.336279	Glycine
3sia:ChainA:PRO199	-56.985132	142.420839	Proline
3sia:ChainA:MET200	-68.150840	123.761947	General
3sia:ChainA:LYS201	-80.342192	148.576400	Pre-Pro
3sia:ChainA:PRO202	-59.599222	154.287952	Proline
3sia:ChainA:PHE203	-70.130918	134.601280	General
3sia:ChainA:ASN204	-122.684885	111.149015	Pre-Pro
3sia:ChainA:PRO205	-61.696672	-32.062799	Proline
3sia:ChainA:MET206	-69.491770	-43.908424	General
3sia:ChainA:GLU207	-64.627386	-41.321821	General
3sia:ChainA:PHE208	-64.714428	-37.513730	General
3sia:ChainA:GLY209	-54.349550	-40.292305	Glycine
3sia:ChainA:LYS210	-68.115421	-37.905377	General
3sia:ChainA:PHE211	-61.447835	-46.541846	General
3sia:ChainA:LEU212	-59.871102	-38.867888	General
3sia:ChainA:ASP213	-58.898919	-48.231981	General
3sia:ChainA:VAL214	-63.450928	-48.951928	General
3sia:ChainA:VAL215	-63.838363	-38.118256	General
3sia:ChainA:THR216	-54.180245	-38.586744	General
3sia:ChainA:SER217	-66.131396	-23.455223	General
3sia:ChainA:LEU218	-77.111669	-14.903005	General
3sia:ChainA:LEU219	-76.921775	-13.496118	General
