3ssw:ChainR:PRO6	-69.041895	-25.454105	Proline
3ssw:ChainR:TYR7	-136.201872	127.429349	General
3ssw:ChainR:SER8	-107.176537	103.007056	General
3ssw:ChainR:ALA9	-64.585717	-30.750416	General
3ssw:ChainR:ALA10	-59.967199	-49.749961	General
3ssw:ChainR:MET11	-66.733255	-36.925348	General
3ssw:ChainR:ALA12	-58.886471	-44.662719	General
3ssw:ChainR:GLU13	-69.063936	-35.508694	General
3ssw:ChainR:GLN14	-63.072280	-44.749631	General
3ssw:ChainR:ARG15	-60.251813	-46.283372	General
3ssw:ChainR:HIS16	-56.910077	-46.062663	General
3ssw:ChainR:GLN17	-63.418794	-37.866617	General
3ssw:ChainR:GLU18	-61.829967	-40.076439	General
3ssw:ChainR:TRP19	-67.592212	-42.206157	General
3ssw:ChainR:LEU20	-61.055614	-35.181565	General
3ssw:ChainR:ARG21	-61.514196	-43.253722	General
3ssw:ChainR:PHE22	-62.768747	-45.295376	General
3ssw:ChainR:VAL23	-58.009818	-39.698884	General
3ssw:ChainR:ASP24	-72.411471	-38.102727	General
3ssw:ChainR:LEU25	-58.754280	-50.808639	General
3ssw:ChainR:LEU26	-66.291203	-37.050392	General
3ssw:ChainR:LYS27	-54.227026	-46.881394	General
3ssw:ChainR:ASN28	-71.644439	-33.214744	General
3ssw:ChainR:ALA29	-65.185491	-37.714872	General
3ssw:ChainR:TYR30	-64.176155	-41.039374	General
3ssw:ChainR:GLN31	-61.322702	-34.048415	General
3ssw:ChainR:ASN32	-102.840455	7.500010	General
3ssw:ChainR:ASP33	64.010529	26.027983	General
3ssw:ChainR:LEU34	-105.202958	10.516169	General
3ssw:ChainR:HIS35	-61.103326	-39.815148	General
3ssw:ChainR:LEU36	-67.229423	-46.811455	Pre-Pro
3ssw:ChainR:PRO37	-68.814673	-31.848221	Proline
3ssw:ChainR:LEU38	-63.399059	-45.155275	General
3ssw:ChainR:LEU39	-64.374645	-35.867027	General
3ssw:ChainR:ASN40	-67.633444	-32.786975	General
3ssw:ChainR:LEU41	-71.458467	-36.559318	General
3ssw:ChainR:MET42	-93.817918	-14.939411	General
3ssw:ChainR:LEU43	-128.976676	135.052166	General
3ssw:ChainR:THR44	-67.949499	156.796338	Pre-Pro
3ssw:ChainR:PRO45	-53.002769	-37.787804	Proline
3ssw:ChainR:ASP46	-69.122748	-39.509008	General
3ssw:ChainR:GLU47	-66.281867	-37.336798	General
3ssw:ChainR:ARG48	-65.268541	-45.631543	General
3ssw:ChainR:GLU49	-60.560638	-43.014204	General
3ssw:ChainR:ALA50	-54.723433	-44.729403	General
3ssw:ChainR:LEU51	-64.776734	-41.498526	General
3ssw:ChainR:GLY52	-57.086630	-43.005951	Glycine
3ssw:ChainR:THR53	-68.904540	-38.131945	General
3ssw:ChainR:ARG54	-63.685879	-30.940728	General
3ssw:ChainR:VAL55	-62.538258	-45.408038	General
3ssw:ChainR:ARG56	-64.964227	-37.428850	General
3ssw:ChainR:ILE57	-61.934880	-48.420636	General
3ssw:ChainR:VAL58	-59.898804	-47.669161	General
3ssw:ChainR:GLU59	-52.223123	-44.449602	General
3ssw:ChainR:GLU60	-75.748741	-36.687432	General
3ssw:ChainR:LEU61	-63.124589	-41.539845	General
3ssw:ChainR:LEU62	-63.617402	-45.786294	General
3ssw:ChainR:ARG63	-64.185993	-39.875154	General
3ssw:ChainR:GLY64	68.304887	24.050122	Glycine
3ssw:ChainR:GLU65	-100.533990	-29.819716	General
3ssw:ChainR:MET66	-73.673705	139.588231	General
3ssw:ChainR:SER67	-76.318750	159.680819	General
3ssw:ChainR:GLN68	-56.121606	-42.063208	General
3ssw:ChainR:ARG69	-61.446853	-42.942407	General
3ssw:ChainR:GLU70	-70.324026	-38.203756	General
3ssw:ChainR:LEU71	-58.120179	-47.230249	General
3ssw:ChainR:LYS72	-62.436880	-47.069161	General
3ssw:ChainR:ASN73	-90.833010	1.186350	General
3ssw:ChainR:GLU74	-118.851698	-23.045246	General
3ssw:ChainR:LEU75	-134.360679	2.721281	General
3ssw:ChainR:GLY76	69.528646	11.482694	Glycine
3ssw:ChainR:ALA77	-87.062173	100.484358	General
3ssw:ChainR:GLY78	-73.895729	178.454127	Glycine
3ssw:ChainR:ILE79	-55.330895	-33.901081	General
3ssw:ChainR:ALA80	-61.729176	-52.604904	General
3ssw:ChainR:THR81	-64.495312	-46.426569	General
3ssw:ChainR:ILE82	-54.831220	-42.944217	General
3ssw:ChainR:THR83	-64.192304	-48.412020	General
3ssw:ChainR:ARG84	-58.690581	-43.952498	General
3ssw:ChainR:GLY85	-65.402419	-36.604074	Glycine
3ssw:ChainR:SER86	-65.892870	-49.357065	General
3ssw:ChainR:ASN87	-58.683806	-39.190682	General
3ssw:ChainR:SER88	-62.790054	-45.108745	General
3ssw:ChainR:LEU89	-62.202714	-35.529793	General
3ssw:ChainR:LYS90	-67.710272	-37.025299	General
3ssw:ChainR:ALA91	-76.916976	-15.911525	General
3ssw:ChainR:ALA92	-74.172427	147.426539	Pre-Pro
3ssw:ChainR:PRO93	-60.386670	138.503505	Proline
3ssw:ChainR:VAL94	-53.040316	-33.470417	General
3ssw:ChainR:GLU95	-62.763821	-33.759267	General
3ssw:ChainR:LEU96	-72.708932	-47.763211	General
3ssw:ChainR:ARG97	-56.012366	-47.138467	General
3ssw:ChainR:GLN98	-61.115177	-40.776408	General
3ssw:ChainR:TRP99	-67.712282	-42.460791	General
3ssw:ChainR:LEU100	-63.693459	-37.555534	General
3ssw:ChainR:GLU101	-63.874481	-45.306205	General
3ssw:ChainR:GLU102	-53.310608	-60.232837	General
3ssw:ChainR:VAL103	-69.538124	-41.019246	General
3ssw:ChainR:LEU104	-88.168805	-26.218564	General
3ssw:ChainN:ALA9	-62.463245	-26.204679	General
3ssw:ChainN:ALA10	-62.096083	-55.891709	General
3ssw:ChainN:MET11	-60.163409	-45.054426	General
3ssw:ChainN:ALA12	-51.349518	-47.377197	General
3ssw:ChainN:GLU13	-69.781487	-29.730684	General
3ssw:ChainN:GLN14	-67.000599	-44.192194	General
3ssw:ChainN:ARG15	-67.799130	-36.045235	General
3ssw:ChainN:HIS16	-64.749265	-43.265553	General
3ssw:ChainN:GLN17	-66.401890	-37.976481	General
3ssw:ChainN:GLU18	-58.174659	-44.352954	General
3ssw:ChainN:TRP19	-61.906811	-48.108850	General
3ssw:ChainN:LEU20	-63.120140	-31.777157	General
3ssw:ChainN:ARG21	-64.534220	-38.855957	General
3ssw:ChainN:PHE22	-63.702889	-49.664487	General
3ssw:ChainN:VAL23	-54.380885	-45.810339	General
3ssw:ChainN:ASP24	-63.877176	-40.609590	General
3ssw:ChainN:LEU25	-61.961096	-46.227251	General
3ssw:ChainN:LEU26	-67.466194	-38.770653	General
3ssw:ChainN:LYS27	-56.489008	-46.641485	General
3ssw:ChainN:ASN28	-68.818338	-33.760566	General
3ssw:ChainN:ALA29	-63.006386	-42.034157	General
3ssw:ChainN:TYR30	-60.604074	-43.650500	General
3ssw:ChainN:GLN31	-60.739100	-25.895147	General
3ssw:ChainN:ASN32	-108.389350	9.367353	General
3ssw:ChainN:ASP33	56.701413	32.100829	General
3ssw:ChainN:LEU34	-107.409318	11.805750	General
3ssw:ChainN:HIS35	-62.579759	-39.049831	General
3ssw:ChainN:LEU36	-64.050770	-52.514743	Pre-Pro
3ssw:ChainN:PRO37	-66.714313	-31.033572	Proline
3ssw:ChainN:LEU38	-61.452646	-45.842605	General
3ssw:ChainN:LEU39	-68.655087	-27.043985	General
3ssw:ChainN:ASN40	-69.271344	-35.515373	General
3ssw:ChainN:LEU41	-69.513111	-36.947208	General
3ssw:ChainN:MET42	-93.081140	-20.552073	General
3ssw:ChainN:LEU43	-124.964329	142.414977	General
3ssw:ChainN:THR44	-74.530000	160.802272	Pre-Pro
3ssw:ChainN:PRO45	-54.217769	-43.100233	Proline
3ssw:ChainN:ASP46	-67.469725	-32.375295	General
3ssw:ChainN:GLU47	-70.205686	-38.726153	General
3ssw:ChainN:ARG48	-65.364274	-41.156883	General
3ssw:ChainN:GLU49	-64.241436	-41.776482	General
3ssw:ChainN:ALA50	-61.135191	-39.196026	General
3ssw:ChainN:LEU51	-65.956685	-38.916452	General
3ssw:ChainN:GLY52	-67.919726	-33.719580	Glycine
3ssw:ChainN:THR53	-72.040975	-35.982953	General
3ssw:ChainN:ARG54	-62.548261	-34.010914	General
3ssw:ChainN:VAL55	-58.932687	-46.171140	General
3ssw:ChainN:ARG56	-66.029676	-39.083702	General
3ssw:ChainN:ILE57	-53.790797	-49.256370	General
3ssw:ChainN:VAL58	-61.805919	-46.201881	General
3ssw:ChainN:GLU59	-56.251200	-49.494567	General
3ssw:ChainN:GLU60	-72.756007	-32.787849	General
3ssw:ChainN:LEU61	-60.408582	-46.385654	General
3ssw:ChainN:LEU62	-66.102397	-38.732222	General
3ssw:ChainN:ARG63	-63.261414	-35.750390	General
3ssw:ChainN:GLY64	71.505598	19.043867	Glycine
3ssw:ChainN:GLU65	-95.017701	-36.211865	General
3ssw:ChainN:MET66	-81.941471	136.169812	General
3ssw:ChainN:SER67	-78.446188	168.121557	General
3ssw:ChainN:GLN68	-52.659145	-43.643424	General
3ssw:ChainN:ARG69	-61.976421	-40.948053	General
3ssw:ChainN:GLU70	-71.605394	-35.182895	General
3ssw:ChainN:LEU71	-61.149773	-40.266949	General
3ssw:ChainN:LYS72	-64.963071	-45.280694	General
3ssw:ChainN:ASN73	-63.654575	-48.522841	General
3ssw:ChainN:GLU74	-80.848929	-40.427513	General
3ssw:ChainN:LEU75	-112.406348	-4.192168	General
3ssw:ChainN:GLY76	69.097267	21.472668	Glycine
3ssw:ChainN:ALA77	-91.852640	114.072777	General
3ssw:ChainN:GLY78	-81.887583	-177.457455	Glycine
3ssw:ChainN:ILE79	-64.232265	-39.664672	General
3ssw:ChainN:ALA80	-65.236294	-43.313241	General
3ssw:ChainN:THR81	-59.823043	-45.021886	General
3ssw:ChainN:ILE82	-63.585442	-41.060625	General
3ssw:ChainN:THR83	-65.149068	-40.726628	General
3ssw:ChainN:ARG84	-56.845436	-47.305938	General
3ssw:ChainN:GLY85	-59.257033	-47.318911	Glycine
3ssw:ChainN:SER86	-64.562445	-44.479385	General
3ssw:ChainN:ASN87	-62.025397	-39.692328	General
3ssw:ChainN:SER88	-70.015136	-33.743248	General
3ssw:ChainN:LEU89	-69.361922	-36.617914	General
3ssw:ChainN:LYS90	-69.227266	-31.471147	General
3ssw:ChainN:ALA91	-83.298830	-16.167714	General
3ssw:ChainN:ALA92	-74.164412	150.944267	Pre-Pro
3ssw:ChainN:PRO93	-63.045142	143.273026	Proline
3ssw:ChainN:VAL94	-52.398303	-37.688979	General
3ssw:ChainN:GLU95	-60.446752	-36.938574	General
3ssw:ChainN:LEU96	-66.384138	-47.129756	General
3ssw:ChainN:ARG97	-57.867638	-47.350386	General
3ssw:ChainN:GLN98	-63.909444	-41.101791	General
3ssw:ChainN:TRP99	-64.525425	-45.132575	General
3ssw:ChainN:LEU100	-59.827032	-38.978797	General
3ssw:ChainN:GLU101	-59.340380	-40.389443	General
3ssw:ChainN:GLU102	-65.542115	-42.853942	General
3ssw:ChainN:VAL103	-87.757742	-33.886404	General
3ssw:ChainN:LEU104	-89.150301	-20.781964	General
