3tb6:ChainA:LYS80	72.234885	58.597084	General
3tb6:ChainA:THR81	-127.449396	127.094002	General
3tb6:ChainA:ILE82	-106.867118	130.752197	General
3tb6:ChainA:GLY83	-84.065669	142.197915	Glycine
3tb6:ChainA:VAL84	-131.281981	121.641726	General
3tb6:ChainA:LEU85	-122.957287	107.164724	General
3tb6:ChainA:THR86	-120.249845	167.541100	General
3tb6:ChainA:THR87	-69.926266	-40.505400	General
3tb6:ChainA:TYR88	-134.209324	158.475928	General
3tb6:ChainA:ILE89	-116.211092	-59.912819	General
3tb6:ChainA:SER90	-92.255378	-2.549597	General
3tb6:ChainA:ASP91	-107.137544	148.372366	General
3tb6:ChainA:TYR92	56.599055	-128.982646	General
3tb6:ChainA:ILE93	-85.907335	3.059501	General
3tb6:ChainA:PHE94	-72.627168	-39.703327	Pre-Pro
3tb6:ChainA:PRO95	-53.647977	-36.564179	Proline
3tb6:ChainA:SER96	-64.922785	-48.321925	General
3tb6:ChainA:ILE97	-58.265584	-51.243793	General
3tb6:ChainA:ILE98	-64.899263	-38.725499	General
3tb6:ChainA:ARG99	-56.645509	-39.358161	General
3tb6:ChainA:GLY100	-61.658106	-47.653560	Glycine
3tb6:ChainA:ILE101	-57.670701	-60.446594	General
3tb6:ChainA:GLU102	-55.857418	-49.092859	General
3tb6:ChainA:SER103	-53.318335	-44.121272	General
3tb6:ChainA:TYR104	-70.308973	-47.189589	General
3tb6:ChainA:LEU105	-51.173528	-49.901343	General
3tb6:ChainA:SER106	-75.087023	-33.304627	General
3tb6:ChainA:GLU107	-57.612689	-28.188671	General
3tb6:ChainA:GLN108	-102.944970	5.492386	General
3tb6:ChainA:GLY109	74.008365	30.764481	Glycine
3tb6:ChainA:TYR110	-112.016262	142.112245	General
3tb6:ChainA:SER111	-81.401735	158.205142	General
3tb6:ChainA:MET112	-122.466342	129.965265	General
3tb6:ChainA:LEU113	-115.401965	120.344342	General
3tb6:ChainA:LEU114	-121.910977	134.175637	General
3tb6:ChainA:THR115	-148.720291	165.525855	General
3tb6:ChainA:SER116	-130.523673	164.282743	General
3tb6:ChainA:THR117	-110.529931	-21.660155	General
3tb6:ChainA:ASN118	59.036251	34.406303	General
3tb6:ChainA:ASN119	51.720379	29.471530	General
3tb6:ChainA:ASN120	-111.980844	123.380733	Pre-Pro
3tb6:ChainA:PRO121	-62.165662	-29.218445	Proline
3tb6:ChainA:ASP122	-65.872675	-44.666948	General
3tb6:ChainA:ASN123	-60.525353	-39.580433	General
3tb6:ChainA:GLU124	-57.436928	-41.271386	General
3tb6:ChainA:ARG125	-63.020656	-49.047761	General
3tb6:ChainA:ARG126	-58.783022	-36.082623	General
3tb6:ChainA:GLY127	-66.293715	-45.273636	Glycine
3tb6:ChainA:LEU128	-66.320695	-38.916596	General
3tb6:ChainA:GLU129	-61.021378	-48.643509	General
3tb6:ChainA:ASN130	-67.024270	-35.931251	General
3tb6:ChainA:LEU131	-73.693638	-44.473922	General
3tb6:ChainA:LEU132	-77.924941	-30.033463	General
3tb6:ChainA:SER133	-67.168957	-29.805451	General
3tb6:ChainA:GLN134	-74.340652	-3.201864	General
3tb6:ChainA:HIS135	54.436475	93.042664	General
3tb6:ChainA:ILE136	-114.955085	146.843584	General
3tb6:ChainA:ASP137	-86.077944	-22.626463	General
3tb6:ChainA:GLY138	-164.907790	163.459123	Glycine
3tb6:ChainA:LEU139	-133.617790	145.561391	General
3tb6:ChainA:ILE140	-118.764306	120.245343	General
3tb6:ChainA:VAL141	-125.829467	136.800258	General
3tb6:ChainA:GLU142	-93.110139	119.254292	Pre-Pro
3tb6:ChainA:PRO143	-49.147382	147.209344	Proline
3tb6:ChainA:THR144	-107.792329	133.779774	General
3tb6:ChainA:LYS145	43.332136	55.305181	General
3tb6:ChainA:SER146	-69.795684	-13.267891	General
3tb6:ChainA:ALA147	-75.910175	-31.290754	General
3tb6:ChainA:LEU148	-86.499274	153.338640	General
3tb6:ChainA:GLN149	-64.129139	122.864000	General
3tb6:ChainA:THR150	-73.959185	134.721334	Pre-Pro
3tb6:ChainA:PRO151	-70.822737	-12.477545	Proline
3tb6:ChainA:ASN152	-103.910293	11.786160	General
3tb6:ChainA:ILE153	-58.565452	-31.480620	General
3tb6:ChainA:GLY154	-64.068266	-29.073203	Glycine
3tb6:ChainA:TYR155	-65.550987	-45.981239	General
3tb6:ChainA:TYR156	-68.270402	-36.480897	General
3tb6:ChainA:LEU157	-61.086211	-36.053950	General
3tb6:ChainA:ASN158	-72.949323	-39.343219	General
3tb6:ChainA:LEU159	-49.321441	-50.093563	General
3tb6:ChainA:GLU160	-62.794588	-45.961593	General
3tb6:ChainA:LYS161	-50.486472	-47.026740	General
3tb6:ChainA:ASN162	-88.750128	5.954373	General
3tb6:ChainA:GLY163	71.884532	20.190092	Glycine
3tb6:ChainA:ILE164	-84.994045	113.767995	Pre-Pro
3tb6:ChainA:PRO165	-59.315078	135.587923	Proline
3tb6:ChainA:PHE166	-148.987934	148.659408	General
3tb6:ChainA:ALA167	-123.072784	139.979461	General
3tb6:ChainA:MET168	-96.724619	143.806611	General
3tb6:ChainA:ILE169	-119.403708	148.514135	General
3tb6:ChainA:ASN170	74.421656	-48.488549	General
3tb6:ChainA:ALA171	-134.242989	-176.736498	General
3tb6:ChainA:SER172	-134.153938	162.982162	General
3tb6:ChainA:TYR173	-98.064362	146.029491	General
3tb6:ChainA:ALA174	-69.794383	157.517079	General
3tb6:ChainA:GLU175	78.031670	16.472542	General
3tb6:ChainA:LEU176	-110.410952	144.675243	General
3tb6:ChainA:ALA177	-72.255749	-29.682005	General
3tb6:ChainA:ALA178	-48.740274	138.722878	Pre-Pro
3tb6:ChainA:PRO179	-80.342690	155.084602	Proline
3tb6:ChainA:SER180	-109.494719	148.917897	General
3tb6:ChainA:PHE181	-122.392439	100.579978	General
3tb6:ChainA:THR182	-141.727437	156.574915	General
3tb6:ChainA:LEU183	-83.106029	129.800057	General
3tb6:ChainA:ASP184	-58.471928	86.316597	General
3tb6:ChainA:ASP185	-75.115089	-19.897662	General
3tb6:ChainA:VAL186	-64.803625	-50.178470	General
3tb6:ChainA:LYS187	-62.400280	-42.681650	General
3tb6:ChainA:GLY188	-64.508730	-41.672617	Glycine
3tb6:ChainA:GLY189	-64.679128	-43.169872	Glycine
3tb6:ChainA:MET190	-58.702340	-41.642789	General
3tb6:ChainA:MET191	-60.903428	-43.891216	General
3tb6:ChainA:ALA192	-68.231878	-46.140301	General
3tb6:ChainA:ALA193	-70.377612	-42.166366	General
3tb6:ChainA:GLU194	-61.668638	-38.415583	General
3tb6:ChainA:HIS195	-53.006918	-56.146637	General
3tb6:ChainA:LEU196	-59.482303	-43.383463	General
3tb6:ChainA:LEU197	-56.801568	-48.531089	General
3tb6:ChainA:SER198	-63.244940	-23.822795	General
3tb6:ChainA:LEU199	-85.681196	2.516888	General
3tb6:ChainA:GLY200	93.613459	7.059499	Glycine
3tb6:ChainA:HIS201	-87.176545	85.276932	General
3tb6:ChainA:THR202	-88.150353	-17.134359	General
3tb6:ChainA:HIS203	-120.112637	94.239418	General
3tb6:ChainA:MET204	-126.035658	151.184620	General
3tb6:ChainA:MET205	-83.936691	144.844632	General
3tb6:ChainA:GLY206	-124.062057	130.297153	Glycine
3tb6:ChainA:ILE207	-113.355455	120.941378	General
3tb6:ChainA:PHE208	-128.686745	132.548756	General
3tb6:ChainA:LYS209	-76.883063	125.987101	General
3tb6:ChainA:ALA210	-91.993301	-30.139584	General
3tb6:ChainA:ASP211	-89.351759	-14.489282	General
3tb6:ChainA:ASP212	-108.985032	142.400629	General
3tb6:ChainA:THR213	-64.465671	-21.812089	General
3tb6:ChainA:GLN214	-63.209714	-36.646319	General
3tb6:ChainA:GLY215	-70.749091	-37.696159	Glycine
3tb6:ChainA:VAL216	-58.231971	-47.030399	General
3tb6:ChainA:LYS217	-67.482028	-41.431981	General
3tb6:ChainA:ARG218	-64.318863	-43.262071	General
3tb6:ChainA:MET219	-52.954309	-47.073542	General
3tb6:ChainA:ASN220	-59.130526	-37.206227	General
3tb6:ChainA:GLY221	-71.353375	-37.599801	Glycine
3tb6:ChainA:PHE222	-54.726239	-54.621898	General
3tb6:ChainA:ILE223	-63.080385	-43.194325	General
3tb6:ChainA:GLN224	-63.266634	-37.341714	General
3tb6:ChainA:ALA225	-59.512537	-43.120579	General
3tb6:ChainA:HIS226	-64.270165	-46.742079	General
3tb6:ChainA:ARG227	-56.681005	-43.248700	General
3tb6:ChainA:GLU228	-53.353023	-33.167858	General
3tb6:ChainA:ARG229	-102.839173	14.294155	General
3tb6:ChainA:GLU230	52.190678	41.682817	General
3tb6:ChainA:LEU231	-118.471857	157.109304	General
3tb6:ChainA:PHE232	-128.688032	138.702635	Pre-Pro
3tb6:ChainA:PRO233	-75.629391	155.155837	Proline
3tb6:ChainA:SER234	-72.710151	141.260601	Pre-Pro
3tb6:ChainA:PRO235	-52.280579	-40.482789	Proline
3tb6:ChainA:ASP236	-84.529935	2.435893	General
3tb6:ChainA:MET237	-94.800239	0.063812	General
3tb6:ChainA:ILE238	-97.262491	115.372642	General
3tb6:ChainA:VAL239	-116.606668	130.134766	General
3tb6:ChainA:THR240	-119.176202	160.448683	General
3tb6:ChainA:PHE241	-147.599672	154.509767	General
3tb6:ChainA:THR242	-111.594840	172.796308	General
3tb6:ChainA:THR243	-50.467492	-44.370713	General
3tb6:ChainA:GLU244	-61.417504	-27.763332	General
3tb6:ChainA:GLU245	-95.301040	-15.495495	General
3tb6:ChainA:LYS246	-56.223043	-39.706497	General
3tb6:ChainA:GLU247	-57.485478	-74.969980	General
3tb6:ChainA:SER248	-110.528654	-33.144784	General
3tb6:ChainA:LYS249	-74.253701	-37.721819	General
3tb6:ChainA:LEU250	-55.457832	-60.248269	General
3tb6:ChainA:LEU251	-63.907049	-26.456094	General
3tb6:ChainA:GLU252	-59.542385	-50.563437	General
3tb6:ChainA:LYS253	-64.588204	-42.527086	General
3tb6:ChainA:VAL254	-63.240786	-53.305870	General
3tb6:ChainA:LYS255	-56.817545	-48.659891	General
3tb6:ChainA:ALA256	-59.978594	-44.349934	General
3tb6:ChainA:THR257	-56.602427	-47.090845	General
3tb6:ChainA:LEU258	-63.287394	-40.802258	General
3tb6:ChainA:GLU259	-58.065139	-45.425458	General
3tb6:ChainA:LYS260	-66.405122	-17.494015	General
3tb6:ChainA:ASN261	-103.980166	16.937657	General
3tb6:ChainA:SER262	-48.944493	-36.396104	General
3tb6:ChainA:LYS263	-92.966066	-1.386999	General
3tb6:ChainA:HIS264	-157.973253	70.628380	General
3tb6:ChainA:MET265	-68.195993	142.852126	Pre-Pro
3tb6:ChainA:PRO266	-66.284055	152.896769	Proline
3tb6:ChainA:THR267	-100.372328	-12.216266	General
3tb6:ChainA:ALA268	-143.572422	150.732975	General
3tb6:ChainA:ILE269	-123.633685	116.074648	General
3tb6:ChainA:LEU270	-86.341064	119.562458	General
3tb6:ChainA:CYS271	-105.500946	144.957848	General
3tb6:ChainA:TYR272	-48.683585	-44.869875	General
3tb6:ChainA:ASN273	-156.756520	-178.705603	General
3tb6:ChainA:ASP274	-58.579601	-35.482741	General
3tb6:ChainA:GLU275	-63.563284	-47.774260	General
3tb6:ChainA:ILE276	-64.129239	-43.061875	General
3tb6:ChainA:ALA277	-51.681181	-50.597155	General
3tb6:ChainA:LEU278	-62.301749	-39.259876	General
3tb6:ChainA:LYS279	-63.339280	-41.235269	General
3tb6:ChainA:VAL280	-66.070294	-47.932607	General
3tb6:ChainA:ILE281	-54.234827	-44.584459	General
3tb6:ChainA:ASP282	-59.843608	-41.975222	General
3tb6:ChainA:MET283	-60.372181	-46.084806	General
3tb6:ChainA:LEU284	-59.193112	-41.788691	General
3tb6:ChainA:ARG285	-55.223021	-37.195943	General
3tb6:ChainA:GLU286	-70.427166	-30.441872	General
3tb6:ChainA:MET287	-87.844938	6.206771	General
3tb6:ChainA:ASP288	61.407324	31.907373	General
3tb6:ChainA:LEU289	-104.501724	129.493206	General
3tb6:ChainA:LYS290	-93.112643	144.564624	General
3tb6:ChainA:VAL291	-110.748134	126.821423	Pre-Pro
3tb6:ChainA:PRO292	-91.257599	-9.958322	Proline
3tb6:ChainA:GLU293	-53.878606	-37.513789	General
3tb6:ChainA:ASP294	-99.167405	-26.321612	General
3tb6:ChainA:MET295	-155.498600	119.896344	General
3tb6:ChainA:SER296	-76.000881	146.268790	General
3tb6:ChainA:ILE297	-136.646913	130.387714	General
3tb6:ChainA:VAL298	-119.210667	129.846048	General
3tb6:ChainA:GLY299	-96.099151	-154.016208	Glycine
3tb6:ChainA:TYR300	-162.946057	132.776674	General
3tb6:ChainA:ASP301	122.992201	-23.769565	General
3tb6:ChainA:ASP302	46.134783	51.853217	General
3tb6:ChainA:SER303	-68.247753	169.773807	General
3tb6:ChainA:HIS304	-60.321076	-22.208977	General
3tb6:ChainA:PHE305	-58.144622	-39.002920	General
3tb6:ChainA:ALA306	-58.447913	-15.551990	General
3tb6:ChainA:GLN307	-118.479027	-5.817704	General
3tb6:ChainA:ILE308	-67.056367	-27.247965	General
3tb6:ChainA:SER309	-113.304709	169.096599	General
3tb6:ChainA:GLU310	-57.207984	-36.272521	General
3tb6:ChainA:VAL311	-85.373805	105.426545	General
3tb6:ChainA:LYS312	-80.769807	117.571918	General
3tb6:ChainA:LEU313	-80.615766	127.522456	General
3tb6:ChainA:THR314	-69.708141	136.934544	General
3tb6:ChainA:SER315	-160.121332	159.021161	General
3tb6:ChainA:VAL316	-104.126863	120.793685	General
3tb6:ChainA:LYS317	-67.207581	125.647256	General
3tb6:ChainA:HIS318	-92.745537	142.847915	Pre-Pro
3tb6:ChainA:PRO319	-72.896608	-19.451071	Proline
3tb6:ChainA:LYS320	56.458804	-117.795113	General
3tb6:ChainA:SER321	-54.047692	-33.799266	General
3tb6:ChainA:VAL322	-60.768809	-39.382079	General
3tb6:ChainA:LEU323	-68.535366	-44.001854	General
3tb6:ChainA:GLY324	-55.476336	-42.880038	Glycine
3tb6:ChainA:LYS325	-67.289577	-44.238136	General
3tb6:ChainA:ALA326	-52.829206	-48.153627	General
3tb6:ChainA:ALA327	-61.206797	-51.830470	General
3tb6:ChainA:ALA328	-56.328342	-45.892767	General
3tb6:ChainA:LYS329	-58.351920	-38.211406	General
3tb6:ChainA:TYR330	-59.509553	-51.675466	General
3tb6:ChainA:VAL331	-62.150972	-42.217741	General
3tb6:ChainA:ILE332	-68.980740	-42.850883	General
3tb6:ChainA:ASP333	-56.891169	-36.523042	General
3tb6:ChainA:CYS334	-63.343987	-54.023193	General
3tb6:ChainA:LEU335	-55.058539	-35.722884	General
3tb6:ChainA:GLU336	-97.595250	25.990245	General
3tb6:ChainA:HIS337	46.207577	45.494347	General
3tb6:ChainA:LYS338	-97.844395	9.942516	General
3tb6:ChainA:LYS339	43.104821	53.243299	Pre-Pro
3tb6:ChainA:PRO340	-62.908864	155.182556	Proline
3tb6:ChainA:LYS341	-58.433578	136.531394	General
3tb6:ChainA:GLN342	-93.733609	-5.157020	General
3tb6:ChainA:GLU343	-57.132192	148.152469	General
3tb6:ChainA:ASP344	-65.504348	142.992751	General
3tb6:ChainA:VAL345	-108.801127	123.056725	General
3tb6:ChainA:ILE346	-115.646422	122.323677	General
3tb6:ChainA:PHE347	-92.469580	150.339985	General
3tb6:ChainA:GLU348	-85.105033	131.770763	Pre-Pro
3tb6:ChainA:PRO349	-77.040640	158.504873	Proline
3tb6:ChainA:GLU350	-142.711827	125.657501	General
3tb6:ChainA:LEU351	-69.980262	125.663270	General
3tb6:ChainA:ILE352	-106.139633	107.365320	General
3tb6:ChainA:ILE353	-87.653647	120.880735	General
3tb6:ChainA:ARG354	-123.377046	-130.789664	General
3tb6:ChainA:GLN355	-112.760355	-9.526923	General
3tb6:ChainA:SER356	-75.588036	-11.430245	General
3tb6:ChainA:ALA357	-130.733384	129.296058	General
3tb6:ChainA:ARG358	-134.507987	163.647877	General
3tb6:ChainA:LYS359	-49.269404	135.480541	General
3tb6:ChainA:LEU360	-72.064574	142.136303	General
3tb6:ChainB:THR81	-127.266907	134.357525	General
3tb6:ChainB:ILE82	-105.577028	125.064919	General
3tb6:ChainB:GLY83	-83.589010	142.618126	Glycine
3tb6:ChainB:VAL84	-126.573051	126.048928	General
3tb6:ChainB:LEU85	-128.449659	106.449296	General
3tb6:ChainB:THR86	-121.776268	164.818822	General
3tb6:ChainB:THR87	-63.774151	-44.559077	General
3tb6:ChainB:TYR88	-132.250818	158.005516	General
3tb6:ChainB:ILE89	-115.547855	-56.698718	General
3tb6:ChainB:SER90	-94.938397	-6.241752	General
3tb6:ChainB:ASP91	-103.379169	152.709216	General
3tb6:ChainB:TYR92	57.560919	-126.378133	General
3tb6:ChainB:ILE93	-88.200784	-0.403020	General
3tb6:ChainB:PHE94	-70.558704	-39.468224	Pre-Pro
3tb6:ChainB:PRO95	-49.935804	-41.088862	Proline
3tb6:ChainB:SER96	-64.345703	-47.579381	General
3tb6:ChainB:ILE97	-60.852750	-50.324704	General
3tb6:ChainB:ILE98	-63.746650	-33.415834	General
3tb6:ChainB:ARG99	-57.647331	-41.382949	General
3tb6:ChainB:GLY100	-69.121187	-40.807937	Glycine
3tb6:ChainB:ILE101	-61.145003	-54.410717	General
3tb6:ChainB:GLU102	-70.398730	-40.721887	General
3tb6:ChainB:SER103	-50.715389	-52.700661	General
3tb6:ChainB:TYR104	-63.999950	-49.578673	General
3tb6:ChainB:LEU105	-49.618434	-54.170208	General
3tb6:ChainB:SER106	-65.216784	-35.648278	General
3tb6:ChainB:GLU107	-59.729873	-41.917588	General
3tb6:ChainB:GLN108	-88.252468	-0.152722	General
3tb6:ChainB:GLY109	76.317280	43.303884	Glycine
3tb6:ChainB:TYR110	-122.088039	135.919589	General
3tb6:ChainB:SER111	-73.835658	158.732854	General
3tb6:ChainB:MET112	-123.958818	135.087417	General
3tb6:ChainB:LEU113	-120.005642	126.937510	General
3tb6:ChainB:LEU114	-128.083261	135.224173	General
3tb6:ChainB:THR115	-150.897553	170.110814	General
3tb6:ChainB:SER116	-132.920256	168.324311	General
3tb6:ChainB:THR117	-113.539743	-22.447490	General
3tb6:ChainB:ASN118	58.473413	27.812422	General
3tb6:ChainB:ASN119	59.748195	26.147622	General
3tb6:ChainB:ASN120	-108.301540	121.020238	Pre-Pro
3tb6:ChainB:PRO121	-64.887243	-27.567948	Proline
3tb6:ChainB:ASP122	-62.677004	-45.274104	General
3tb6:ChainB:ASN123	-66.198414	-30.715889	General
3tb6:ChainB:GLU124	-64.623930	-45.828810	General
3tb6:ChainB:ARG125	-60.116953	-46.205976	General
3tb6:ChainB:ARG126	-60.423940	-44.365349	General
3tb6:ChainB:GLY127	-55.698000	-45.637167	Glycine
3tb6:ChainB:LEU128	-64.883405	-45.978174	General
3tb6:ChainB:GLU129	-50.331799	-49.741062	General
3tb6:ChainB:ASN130	-63.125654	-53.631916	General
3tb6:ChainB:LEU131	-63.700386	-53.862307	General
3tb6:ChainB:LEU132	-76.976749	-58.303654	General
3tb6:ChainB:SER133	-63.028020	41.462519	General
3tb6:ChainB:GLN134	-170.504348	178.632298	General
3tb6:ChainB:HIS135	-95.197224	113.151915	General
3tb6:ChainB:ILE136	-120.647028	135.001027	General
3tb6:ChainB:ASP137	-87.089696	-23.804287	General
3tb6:ChainB:GLY138	-161.489491	168.080568	Glycine
3tb6:ChainB:LEU139	-141.833223	135.206497	General
3tb6:ChainB:ILE140	-111.862996	123.109911	General
3tb6:ChainB:VAL141	-127.283572	132.716915	General
3tb6:ChainB:GLU142	-90.577806	117.815985	Pre-Pro
3tb6:ChainB:PRO143	-52.563299	148.676992	Proline
3tb6:ChainB:THR144	-109.198289	132.131560	General
3tb6:ChainB:LYS145	43.013631	56.033702	General
3tb6:ChainB:SER146	-68.687452	-16.046120	General
3tb6:ChainB:ALA147	-74.323645	-31.278106	General
3tb6:ChainB:LEU148	-85.188023	150.636334	General
3tb6:ChainB:GLN149	-58.087435	122.922573	General
3tb6:ChainB:THR150	-74.210691	132.643358	Pre-Pro
3tb6:ChainB:PRO151	-75.513240	-7.331552	Proline
3tb6:ChainB:ASN152	-101.470056	9.728080	General
3tb6:ChainB:ILE153	-59.375174	-28.513326	General
3tb6:ChainB:GLY154	-65.048437	-31.288993	Glycine
3tb6:ChainB:TYR155	-67.129443	-42.051541	General
3tb6:ChainB:TYR156	-71.244345	-40.997628	General
3tb6:ChainB:LEU157	-59.874976	-38.635413	General
3tb6:ChainB:ASN158	-73.469982	-27.019012	General
3tb6:ChainB:LEU159	-59.802628	-46.659369	General
3tb6:ChainB:GLU160	-59.674173	-44.189038	General
3tb6:ChainB:LYS161	-54.167071	-45.442014	General
3tb6:ChainB:ASN162	-87.582500	1.363825	General
3tb6:ChainB:GLY163	68.409998	29.276036	Glycine
3tb6:ChainB:ILE164	-91.115466	113.395749	Pre-Pro
3tb6:ChainB:PRO165	-66.858094	137.069280	Proline
3tb6:ChainB:PHE166	-145.401970	150.592614	General
3tb6:ChainB:ALA167	-123.967384	142.539810	General
3tb6:ChainB:MET168	-101.438532	143.954767	General
3tb6:ChainB:ILE169	-126.378591	144.623121	General
3tb6:ChainB:ASN170	72.776602	-33.962865	General
3tb6:ChainB:ALA171	-153.633977	176.235825	General
3tb6:ChainB:SER172	-135.362929	161.363060	General
3tb6:ChainB:TYR173	-99.066493	142.648678	General
3tb6:ChainB:ALA174	-74.498414	157.940689	General
3tb6:ChainB:GLU175	74.874327	16.021292	General
3tb6:ChainB:LEU176	-103.883120	142.569566	General
3tb6:ChainB:ALA177	-75.469352	-20.525560	General
3tb6:ChainB:ALA178	-62.538091	143.245821	Pre-Pro
3tb6:ChainB:PRO179	-76.811255	153.648477	Proline
3tb6:ChainB:SER180	-99.498402	145.092514	General
3tb6:ChainB:PHE181	-123.084240	106.185537	General
3tb6:ChainB:THR182	-141.833370	151.583142	General
3tb6:ChainB:LEU183	-91.397108	143.435403	General
3tb6:ChainB:ASP184	-72.334398	84.269773	General
3tb6:ChainB:ASP185	-73.114873	-19.201832	General
3tb6:ChainB:VAL186	-67.493247	-55.421382	General
3tb6:ChainB:LYS187	-57.959669	-44.538725	General
3tb6:ChainB:GLY188	-59.143075	-51.223395	Glycine
3tb6:ChainB:GLY189	-62.966112	-33.262775	Glycine
3tb6:ChainB:MET190	-70.876924	-39.724147	General
3tb6:ChainB:MET191	-59.718065	-42.318218	General
3tb6:ChainB:ALA192	-68.016783	-43.437638	General
3tb6:ChainB:ALA193	-72.195453	-40.126708	General
3tb6:ChainB:GLU194	-62.033613	-35.324369	General
3tb6:ChainB:HIS195	-61.099140	-49.472341	General
3tb6:ChainB:LEU196	-63.087400	-35.985520	General
3tb6:ChainB:LEU197	-68.716907	-38.931824	General
3tb6:ChainB:SER198	-58.957062	-31.484063	General
3tb6:ChainB:LEU199	-91.698563	4.984593	General
3tb6:ChainB:GLY200	97.340322	-4.813235	Glycine
3tb6:ChainB:HIS201	-72.598095	112.989364	General
3tb6:ChainB:THR202	-111.886328	-25.356378	General
3tb6:ChainB:HIS203	-115.087362	104.828318	General
3tb6:ChainB:MET204	-136.241375	141.233542	General
3tb6:ChainB:MET205	-92.317899	145.741899	General
3tb6:ChainB:GLY206	-126.989990	130.469807	Glycine
3tb6:ChainB:ILE207	-114.708445	120.058344	General
3tb6:ChainB:PHE208	-127.297701	138.963222	General
3tb6:ChainB:LYS209	-81.353665	129.815217	General
3tb6:ChainB:ALA210	-98.786741	-24.771649	General
3tb6:ChainB:ASP211	-94.368839	-8.178783	General
3tb6:ChainB:ASP212	-114.695005	138.000017	General
3tb6:ChainB:THR213	-57.590745	-35.536102	General
3tb6:ChainB:GLN214	-64.843974	-23.997912	General
3tb6:ChainB:GLY215	-75.152067	-37.527565	Glycine
3tb6:ChainB:VAL216	-61.836582	-46.682575	General
3tb6:ChainB:LYS217	-62.122474	-45.589501	General
3tb6:ChainB:ARG218	-65.783866	-34.236753	General
3tb6:ChainB:MET219	-57.956771	-48.092663	General
3tb6:ChainB:ASN220	-58.856963	-40.459078	General
3tb6:ChainB:GLY221	-64.586673	-45.977260	Glycine
3tb6:ChainB:PHE222	-48.243033	-56.813899	General
3tb6:ChainB:ILE223	-62.000965	-42.847353	General
3tb6:ChainB:GLN224	-60.984298	-32.098557	General
3tb6:ChainB:ALA225	-69.768299	-41.711465	General
3tb6:ChainB:HIS226	-65.272180	-46.089706	General
3tb6:ChainB:ARG227	-56.113260	-36.330025	General
3tb6:ChainB:GLU228	-79.088176	-14.230274	General
3tb6:ChainB:ARG229	-104.727079	14.183170	General
3tb6:ChainB:GLU230	57.121607	33.536843	General
3tb6:ChainB:LEU231	-109.416176	169.576607	General
3tb6:ChainB:PHE232	-138.968025	141.813897	Pre-Pro
3tb6:ChainB:PRO233	-78.765839	161.682296	Proline
3tb6:ChainB:SER234	-75.972966	141.214881	Pre-Pro
3tb6:ChainB:PRO235	-51.348287	-45.951100	Proline
3tb6:ChainB:ASP236	-81.305423	0.318498	General
3tb6:ChainB:MET237	-85.378870	-3.260113	General
3tb6:ChainB:ILE238	-102.704862	116.924419	General
3tb6:ChainB:VAL239	-120.572133	133.303638	General
3tb6:ChainB:THR240	-120.622336	159.944845	General
3tb6:ChainB:PHE241	-147.526859	154.198951	General
3tb6:ChainB:THR242	-107.733910	177.333807	General
3tb6:ChainB:THR243	-53.866250	-47.888044	General
3tb6:ChainB:GLU244	-71.561094	-2.811250	General
3tb6:ChainB:GLU245	-106.315508	-14.192695	General
3tb6:ChainB:LYS246	-61.789923	-39.063605	General
3tb6:ChainB:GLU247	-47.324204	-57.421121	General
3tb6:ChainB:SER248	-140.792575	-29.901039	General
3tb6:ChainB:LYS249	-69.042409	-36.671698	General
3tb6:ChainB:LEU250	-60.465743	-53.444479	General
3tb6:ChainB:LEU251	-62.751820	-31.582178	General
3tb6:ChainB:GLU252	-64.149486	-51.309701	General
3tb6:ChainB:LYS253	-51.570487	-46.147328	General
3tb6:ChainB:VAL254	-66.440838	-51.190115	General
3tb6:ChainB:LYS255	-57.850822	-41.784185	General
3tb6:ChainB:ALA256	-71.494387	-31.699237	General
3tb6:ChainB:THR257	-72.516241	-45.752546	General
3tb6:ChainB:LEU258	-59.646908	-40.721271	General
3tb6:ChainB:GLU259	-63.171649	-32.837960	General
3tb6:ChainB:LYS260	-72.142125	-24.946265	General
3tb6:ChainB:ASN261	-101.153919	27.106088	General
3tb6:ChainB:SER262	-49.135377	-45.763050	General
3tb6:ChainB:LYS263	-74.530879	-19.383087	General
3tb6:ChainB:HIS264	-148.408655	75.409758	General
3tb6:ChainB:MET265	-65.162225	146.004795	Pre-Pro
3tb6:ChainB:PRO266	-61.713597	154.358668	Proline
3tb6:ChainB:THR267	-107.056973	-6.818670	General
3tb6:ChainB:ALA268	-148.431344	149.286026	General
3tb6:ChainB:ILE269	-125.797886	115.764938	General
3tb6:ChainB:LEU270	-89.431916	124.607713	General
3tb6:ChainB:CYS271	-108.687571	139.722468	General
3tb6:ChainB:TYR272	-40.276199	-51.648349	General
3tb6:ChainB:ASN273	-149.228804	178.689234	General
3tb6:ChainB:ASP274	-58.710909	-30.463375	General
3tb6:ChainB:GLU275	-70.143297	-43.817862	General
3tb6:ChainB:ILE276	-64.608986	-43.276380	General
3tb6:ChainB:ALA277	-56.217212	-49.573653	General
3tb6:ChainB:LEU278	-60.414461	-35.335005	General
3tb6:ChainB:LYS279	-70.942641	-41.588786	General
3tb6:ChainB:VAL280	-64.604224	-38.050060	General
3tb6:ChainB:ILE281	-63.025747	-44.333224	General
3tb6:ChainB:ASP282	-63.188375	-34.059554	General
3tb6:ChainB:MET283	-68.198797	-49.145953	General
3tb6:ChainB:LEU284	-49.268008	-43.148724	General
3tb6:ChainB:ARG285	-55.199979	-45.746674	General
3tb6:ChainB:GLU286	-62.199892	-32.218993	General
3tb6:ChainB:MET287	-92.492979	15.016600	General
3tb6:ChainB:ASP288	55.911409	44.550540	General
3tb6:ChainB:LEU289	-118.001184	127.335834	General
3tb6:ChainB:LYS290	-98.995798	142.603523	General
3tb6:ChainB:VAL291	-111.835438	129.803500	Pre-Pro
3tb6:ChainB:PRO292	-95.110131	-1.242993	Proline
3tb6:ChainB:GLU293	-63.412382	-27.882860	General
3tb6:ChainB:ASP294	-106.449251	-45.796818	General
3tb6:ChainB:MET295	-129.971833	130.012205	General
3tb6:ChainB:SER296	-87.278366	143.718199	General
3tb6:ChainB:ILE297	-128.136952	138.243462	General
3tb6:ChainB:VAL298	-129.716094	135.302723	General
3tb6:ChainB:GLY299	-110.021641	-153.247331	Glycine
3tb6:ChainB:TYR300	-158.919063	139.881695	General
3tb6:ChainB:ASP301	115.126826	-29.082391	General
3tb6:ChainB:ASP302	57.818209	51.837086	General
3tb6:ChainB:SER303	-74.385883	169.974926	General
3tb6:ChainB:HIS304	-59.119694	-29.959852	General
3tb6:ChainB:PHE305	-52.577967	-37.304085	General
3tb6:ChainB:ALA306	-63.135420	-24.775178	General
3tb6:ChainB:GLN307	-106.484054	-4.079108	General
3tb6:ChainB:ILE308	-73.305970	-28.375075	General
3tb6:ChainB:SER309	-113.481021	168.387341	General
3tb6:ChainB:GLU310	-67.259274	-9.638822	General
3tb6:ChainB:VAL311	-96.470170	108.239759	General
3tb6:ChainB:LYS312	-86.646638	113.703278	General
3tb6:ChainB:LEU313	-78.458287	124.600755	General
3tb6:ChainB:THR314	-67.280007	133.051706	General
3tb6:ChainB:SER315	-158.707847	161.145517	General
3tb6:ChainB:VAL316	-101.130682	121.928878	General
3tb6:ChainB:LYS317	-66.190697	126.246328	General
3tb6:ChainB:HIS318	-100.247862	131.595203	Pre-Pro
3tb6:ChainB:PRO319	-60.543182	-17.376143	Proline
3tb6:ChainB:LYS320	51.601960	-113.853213	General
3tb6:ChainB:SER321	-57.990466	-30.621791	General
3tb6:ChainB:VAL322	-61.308113	-41.289064	General
3tb6:ChainB:LEU323	-73.357014	-43.467241	General
3tb6:ChainB:GLY324	-54.404447	-44.790216	Glycine
3tb6:ChainB:LYS325	-62.204260	-38.836632	General
3tb6:ChainB:ALA326	-64.783612	-42.146744	General
3tb6:ChainB:ALA327	-60.284943	-42.138430	General
3tb6:ChainB:ALA328	-70.380133	-41.788676	General
3tb6:ChainB:LYS329	-58.434261	-39.838833	General
3tb6:ChainB:TYR330	-62.898310	-52.079572	General
3tb6:ChainB:VAL331	-57.327982	-41.015598	General
3tb6:ChainB:ILE332	-72.534793	-43.006602	General
3tb6:ChainB:ASP333	-57.276239	-40.973311	General
3tb6:ChainB:CYS334	-56.070811	-51.402527	General
3tb6:ChainB:LEU335	-67.264233	-29.239861	General
3tb6:ChainB:GLU336	-93.717743	21.973801	General
3tb6:ChainB:HIS337	51.100241	37.377758	General
3tb6:ChainB:LYS338	-86.599283	-8.841740	General
3tb6:ChainB:LYS339	56.689360	60.813205	Pre-Pro
3tb6:ChainB:PRO340	-73.900809	149.676659	Proline
3tb6:ChainB:LYS341	-48.816301	138.568818	General
3tb6:ChainB:GLN342	-101.291308	19.092991	General
3tb6:ChainB:GLU343	-82.290343	151.329450	General
3tb6:ChainB:ASP344	-61.178098	145.730696	General
3tb6:ChainB:VAL345	-112.494234	126.956962	General
3tb6:ChainB:ILE346	-118.196593	117.752195	General
3tb6:ChainB:PHE347	-87.550211	144.022494	General
3tb6:ChainB:GLU348	-83.243369	126.973244	Pre-Pro
3tb6:ChainB:PRO349	-73.549984	160.190959	Proline
3tb6:ChainB:GLU350	-146.604346	127.167776	General
3tb6:ChainB:LEU351	-82.265007	129.722693	General
3tb6:ChainB:ILE352	-105.933340	111.234290	General
3tb6:ChainB:ILE353	-91.944568	122.461158	General
3tb6:ChainB:ARG354	-124.521142	-137.351518	General
3tb6:ChainB:GLN355	-111.729674	9.601524	General
3tb6:ChainB:SER356	-81.180797	-16.322690	General
3tb6:ChainB:ALA357	-132.799646	122.388490	General
3tb6:ChainB:ARG358	-116.986097	162.445313	General
3tb6:ChainB:LYS359	-55.610693	146.764733	General
3tb6:ChainB:LEU360	-108.714675	98.361175	General
3tb6:ChainB:ASN361	-132.108092	-25.149790	General
