3v68:ChainA:GLU3	-77.553114	169.068548	General
3v68:ChainA:ARG4	-48.727830	127.433060	General
3v68:ChainA:ILE5	-163.000240	144.834987	General
3v68:ChainA:LEU6	-148.033441	103.928879	General
3v68:ChainA:GLU7	-146.674025	149.245510	General
3v68:ChainA:PHE8	-134.583827	125.940211	General
3v68:ChainA:THR9	-133.718981	150.727298	General
3v68:ChainA:ALA10	-141.581747	139.996104	General
3v68:ChainA:LYS11	-145.741690	110.656334	General
3v68:ChainA:HIS12	-158.908654	120.133041	General
3v68:ChainA:GLU13	52.961994	-120.976275	General
3v68:ChainA:GLU14	-94.014648	-2.185414	General
3v68:ChainA:TRP15	-84.307204	107.095816	General
3v68:ChainA:ILE16	-137.641793	105.148702	General
3v68:ChainA:VAL17	-137.610986	160.043689	General
3v68:ChainA:GLY18	-162.083742	137.104325	Glycine
3v68:ChainA:GLU19	-150.693277	148.770540	General
3v68:ChainA:ASN20	-143.336901	171.130993	General
3v68:ChainA:VAL21	-109.780262	136.133183	General
3v68:ChainA:GLU22	-122.324476	-25.409782	General
3v68:ChainA:ASP23	-106.252582	99.590275	General
3v68:ChainA:PHE24	-85.187937	73.561861	General
3v68:ChainA:THR25	-102.639790	158.151890	General
3v68:ChainA:ASN26	-56.811629	-39.813224	General
3v68:ChainA:GLU27	-58.691453	-49.742328	General
3v68:ChainA:ASN28	-67.090570	-37.138185	General
3v68:ChainA:ILE29	-67.086930	-46.249385	General
3v68:ChainA:ALA30	-62.791992	-39.067300	General
3v68:ChainA:MET31	-68.811907	-37.749350	General
3v68:ChainA:PHE32	-61.473407	-49.594773	General
3v68:ChainA:LEU33	-65.617000	-34.977106	General
3v68:ChainA:SER34	-59.750220	-50.164850	General
3v68:ChainA:ARG35	-64.470072	-39.268916	General
3v68:ChainA:VAL36	-60.618237	-48.402783	General
3v68:ChainA:SER37	-56.072607	-49.439690	General
3v68:ChainA:ASN38	-60.760843	-41.125699	General
3v68:ChainA:THR39	-68.245979	-53.441686	General
3v68:ChainA:VAL40	-67.214739	-35.794449	General
3v68:ChainA:SER41	-63.987705	-36.875807	General
3v68:ChainA:SER42	-68.036984	-25.959766	General
3v68:ChainA:LYS43	-94.266737	-19.451490	General
3v68:ChainA:ILE44	-52.160457	-47.788189	Pre-Pro
3v68:ChainA:PRO45	-56.720150	-34.050253	Proline
3v68:ChainA:GLY46	-66.208183	-9.570006	Glycine
3v68:ChainA:TYR47	-111.818665	8.854053	General
3v68:ChainA:LEU48	-102.982858	-1.423826	General
3v68:ChainA:GLY49	-62.077594	-20.314211	Glycine
3v68:ChainA:GLU50	-68.149653	-28.775101	General
3v68:ChainA:LYS51	-122.701020	-18.748581	General
3v68:ChainA:ILE52	-133.148873	131.769559	General
3v68:ChainA:ASP53	-76.944552	88.928426	General
3v68:ChainA:VAL54	-68.523443	-38.127239	General
3v68:ChainA:ASN55	-56.546155	-46.464094	General
3v68:ChainA:GLY56	-62.592462	-42.147320	Glycine
3v68:ChainA:LEU57	-59.768852	-49.837281	General
3v68:ChainA:LEU58	-76.620225	-5.283233	General
3v68:ChainA:SER59	-93.103187	-4.126921	General
3v68:ChainA:ILE60	-64.896802	130.015884	General
3v68:ChainA:LYS61	-92.500578	120.765313	General
3v68:ChainA:ILE62	-119.723505	104.729222	General
3v68:ChainA:GLU63	-97.456983	155.787318	General
3v68:ChainA:GLY64	105.236934	-165.791610	Glycine
3v68:ChainA:SER65	-67.076679	171.742218	General
3v68:ChainA:LEU66	-52.402739	-48.390105	General
3v68:ChainA:GLU67	-58.837107	-40.017008	General
3v68:ChainA:GLU68	-68.912835	-38.189380	General
3v68:ChainA:LYS69	-64.308262	-42.803991	General
3v68:ChainA:LEU70	-61.126049	-45.401158	General
3v68:ChainA:LYS71	-59.262349	-40.320261	General
3v68:ChainA:ALA72	-65.085736	-43.077043	General
3v68:ChainA:LEU73	-63.883477	-27.908704	General
3v68:ChainA:ILE74	-95.464403	-0.948112	General
3v68:ChainA:SER75	-73.787392	149.169786	Pre-Pro
3v68:ChainA:PRO76	-58.752929	-37.134318	Proline
3v68:ChainA:LYS77	-55.791674	-49.361085	General
3v68:ChainA:VAL78	-70.895403	-37.545732	General
3v68:ChainA:SER79	-59.466651	-41.194053	General
3v68:ChainA:ARG80	-64.937946	-42.821484	General
3v68:ChainA:GLN81	-58.104986	-44.678529	General
3v68:ChainA:ILE82	-65.301315	-44.496881	General
3v68:ChainA:GLY83	-55.453045	-39.344513	Glycine
3v68:ChainA:ARG84	-66.822112	-16.479475	General
3v68:ChainA:LEU85	-98.750224	1.505320	General
3v68:ChainA:VAL86	-101.016184	119.376810	General
3v68:ChainA:MET87	-87.005265	74.269106	General
3v68:ChainA:GLU88	-152.691519	136.100207	General
3v68:ChainA:ASP89	-98.220131	-33.077245	General
3v68:ChainA:ASP90	-66.745417	122.878049	General
3v68:ChainA:LYS91	-56.935334	-44.604122	General
3v68:ChainA:LYS92	-67.253452	-48.406065	General
3v68:ChainA:LEU93	-67.735892	-36.920672	General
3v68:ChainA:LYS94	-59.881555	-42.734720	General
3v68:ChainA:LYS95	-57.676292	-43.182787	General
3v68:ChainA:LEU96	-60.562980	-43.803731	General
3v68:ChainA:LEU97	-73.827704	-35.577644	General
3v68:ChainA:VAL98	-58.695143	-42.272982	General
3v68:ChainA:GLU99	-64.046167	-39.289708	General
3v68:ChainA:VAL100	-61.183552	-50.432670	General
3v68:ChainA:ALA101	-58.768186	-42.059239	General
3v68:ChainA:LYS102	-60.831393	-40.477137	General
3v68:ChainA:ALA103	-65.562459	-37.501654	General
3v68:ChainA:VAL104	-65.217523	-48.351769	General
3v68:ChainA:LEU105	-61.810741	-45.596493	General
3v68:ChainA:THR106	-57.667559	-45.987785	General
3v68:ChainA:ARG107	-60.060097	-48.117449	General
3v68:ChainA:GLU108	-68.309630	-37.624667	General
3v68:ChainA:ILE109	-70.413063	-34.917864	General
3v68:ChainA:LEU110	-101.996323	-11.460044	General
3v68:ChainA:LYS111	-62.720469	-25.082165	General
3v68:ChainA:ASN112	-93.732095	-3.152252	General
3v68:ChainA:GLU113	-102.703199	-26.626881	General
3v68:ChainA:LEU114	-140.242126	158.963958	Pre-Pro
3v68:ChainA:PRO115	-75.660101	80.057180	Proline
3v68:ChainA:ILE116	-90.487662	-56.196848	General
3v68:ChainA:GLU117	-67.013015	147.073387	General
3v68:ChainA:PHE118	-77.536474	165.189288	Pre-Pro
3v68:ChainA:PRO119	-58.079426	150.483842	Proline
3v68:ChainA:GLY120	106.314883	-5.153769	Glycine
3v68:ChainA:GLY121	67.480156	-151.326737	Glycine
3v68:ChainA:LYS122	-114.159641	158.466473	General
3v68:ChainA:ILE123	-80.484812	114.694199	General
3v68:ChainA:GLU124	-114.301823	-16.325841	General
3v68:ChainA:GLY125	-122.254159	-175.194180	Glycine
3v68:ChainA:LEU126	-111.218939	84.571277	General
3v68:ChainA:LYS127	-62.867241	-43.335915	General
3v68:ChainA:ILE128	-117.704265	158.203064	General
3v68:ChainA:GLN129	-75.071576	157.323774	Pre-Pro
3v68:ChainA:PRO130	-59.601258	140.189056	Proline
3v68:ChainA:ARG131	-67.768774	-23.780983	General
3v68:ChainA:TYR132	-126.132016	146.010759	General
3v68:ChainA:GLU133	-74.844678	-35.167184	General
3v68:ChainA:GLU134	-76.281829	159.002660	General
3v68:ChainA:ASP135	-53.390571	140.332584	General
3v68:ChainA:HIS136	-169.564329	164.785226	General
3v68:ChainA:ILE137	-120.271105	135.197525	General
3v68:ChainA:ASN138	-141.392129	109.294182	General
3v68:ChainA:PHE139	-114.655585	115.752121	General
3v68:ChainA:THR140	-128.831917	124.954738	General
3v68:ChainA:ALA141	-135.457773	126.618275	General
3v68:ChainA:ARG142	-139.247379	117.473166	General
3v68:ChainA:TYR143	-152.915637	116.524177	General
3v68:ChainA:GLY144	60.640672	-130.366941	Glycine
3v68:ChainA:SER145	-86.730000	-2.777176	General
3v68:ChainA:TRP146	-88.243850	117.004196	General
3v68:ChainA:ILE147	-133.393219	127.419080	General
3v68:ChainA:VAL148	-136.561405	127.644013	General
3v68:ChainA:VAL149	-127.442366	110.841358	General
3v68:ChainA:LYS150	-129.340150	96.815560	General
3v68:ChainA:ARG151	-150.029588	158.079679	General
3v68:ChainA:MET152	-162.830546	154.028401	General
3v68:ChainA:ILE153	-79.830171	141.033473	General
3v68:ChainA:ILE154	-103.697479	121.239618	General
3v68:ChainA:ASP155	-106.477116	174.805425	General
3v68:ChainA:GLU156	-68.092215	-19.790349	General
3v68:ChainA:LYS157	-100.498026	4.493428	General
3v68:ChainA:THR158	-75.485353	122.301661	Pre-Pro
3v68:ChainA:PRO159	-62.447811	131.255584	Proline
3v68:ChainA:LEU160	-58.332660	-38.312691	General
3v68:ChainA:LEU161	-61.751706	-26.520621	General
3v68:ChainA:ASP162	-74.892272	-35.218492	General
3v68:ChainA:ILE163	-63.739802	-44.179726	General
3v68:ChainA:ALA164	-54.507337	-44.263786	General
3v68:ChainA:ARG165	-61.306611	-47.276577	General
3v68:ChainA:LEU166	-63.213052	-44.070160	General
3v68:ChainA:LEU167	-60.797388	-42.400333	General
3v68:ChainA:ALA168	-63.233767	-40.412055	General
3v68:ChainA:SER169	-63.974672	-41.492256	General
3v68:ChainA:ILE170	-63.780165	-42.098432	General
3v68:ChainA:ASN171	-59.006631	-42.545718	General
3v68:ChainA:GLU172	-61.048730	-40.724355	General
3v68:ChainA:THR173	-60.624057	-46.831552	General
3v68:ChainA:ALA174	-60.039897	-49.215603	General
3v68:ChainA:VAL175	-61.492414	-42.179227	General
3v68:ChainA:ASN176	-62.862732	-41.536164	General
3v68:ChainA:LYS177	-89.452373	-24.488766	General
3v68:ChainA:ILE178	-56.050917	-42.144520	General
3v68:ChainA:LYS179	-66.329132	-20.535291	General
3v68:ChainA:ASP180	-78.432344	-47.719619	General
3v68:ChainA:PHE181	-72.684979	-27.657448	General
3v68:ChainA:ALA182	-98.603459	8.088252	General
3v68:ChainA:ASP183	47.109573	52.149379	General
3v68:ChainA:VAL184	-82.230293	124.333505	General
3v68:ChainA:ASP185	-81.793860	83.027758	General
3v68:ChainA:ASP186	-69.373475	-28.361157	General
3v68:ChainA:LYS187	-61.420073	-45.256917	General
3v68:ChainA:LYS188	-61.158432	-40.295950	General
3v68:ChainA:ILE189	-63.767765	-42.697750	General
3v68:ChainA:VAL190	-59.009320	-47.271051	General
3v68:ChainA:GLU191	-68.232091	-32.533581	General
3v68:ChainA:TYR192	-53.814513	-40.024054	General
3v68:ChainA:PHE193	-94.877501	9.965631	General
3v68:ChainA:GLY194	-62.432591	-14.935530	Glycine
3v68:ChainA:GLY195	-81.629600	3.882448	Glycine
3v68:ChainA:PHE196	-126.078973	142.166716	General
3v68:ChainA:LYS197	-154.019925	133.531500	General
3v68:ChainA:LYS198	47.649162	57.453949	General
3v68:ChainA:VAL199	-71.741521	122.643795	General
3v68:ChainA:LYS200	-128.825256	-38.298017	General
3v68:ChainA:LYS201	-76.864291	145.056863	General
3v68:ChainA:GLU202	-53.098780	-42.398407	General
3v68:ChainA:GLU203	-60.307629	-42.562517	General
3v68:ChainA:GLU204	-75.566706	-34.333019	General
3v68:ChainA:ILE205	-58.985346	-46.452530	General
3v68:ChainA:LYS206	-55.999197	-47.307524	General
3v68:ChainA:GLU207	-62.292598	-43.533927	General
3v68:ChainA:ILE208	-73.191456	-33.803543	General
3v68:ChainA:VAL209	-63.559512	-44.189250	General
3v68:ChainA:GLN210	-60.057255	-44.553543	General
3v68:ChainA:LEU211	-59.908394	-42.262819	General
3v68:ChainA:PHE212	-59.052324	-44.673144	General
3v68:ChainA:ARG213	-63.485489	-28.059044	General
3v68:ChainA:GLU214	-84.424991	-4.336245	General
3v68:ChainA:PHE215	-69.188664	121.666264	General
3v68:ChainA:LYS216	-93.270426	115.302613	General
3v68:ChainA:GLY217	-168.084675	163.737826	Glycine
3v68:ChainA:ASN218	-78.587854	-176.686482	General
3v68:ChainA:GLU219	-57.574326	-32.790387	General
3v68:ChainA:PHE220	-82.577821	-44.238760	General
3v68:ChainA:GLU221	-56.639349	-36.692187	General
3v68:ChainA:VAL222	-67.167514	-30.414846	General
3v68:ChainA:ARG223	-63.058031	-35.339119	General
3v68:ChainA:TYR224	-79.640511	-34.587151	General
3v68:ChainA:ALA225	-63.054958	-42.242801	General
3v68:ChainA:ALA226	-61.237502	-44.768056	General
3v68:ChainA:ARG227	-62.799743	-42.541001	General
3v68:ChainA:GLU228	-63.343049	-44.070848	General
3v68:ChainA:MET229	-58.326132	-47.864264	General
3v68:ChainA:LEU230	-62.225011	-35.455290	General
3v68:ChainA:SER231	-61.239792	-29.288372	General
3v68:ChainA:LYS232	-70.212364	-19.677450	General
3v68:ChainA:LEU233	-96.542766	-0.453994	General
3v68:ChainA:GLY234	76.832452	22.129203	Glycine
3v68:ChainA:LEU235	-102.046310	146.024259	General
3v68:ChainA:LYS236	-129.966532	148.579141	General
3v68:ChainA:VAL237	-118.389043	-3.414876	General
3v68:ChainA:ASP238	-111.814451	122.068548	General
3v68:ChainA:VAL239	-60.174915	124.967164	Pre-Pro
3v68:ChainA:PRO240	-74.396464	108.267623	Proline
3v68:ChainA:SER241	-61.492083	-32.902868	General
3v68:ChainA:LYS242	-59.412999	-33.038749	General
3v68:ChainA:ASN243	-61.802680	-41.047540	General
3v68:ChainA:LEU244	-74.650284	-35.837093	General
3v68:ChainA:GLU245	-58.435140	-49.313238	General
3v68:ChainA:LYS246	-65.468754	-37.207526	General
3v68:ChainA:TYR247	-62.479655	-46.982984	General
3v68:ChainA:LEU248	-69.495424	-21.513061	General
