4a11:ChainA:SER2	70.411127	-14.622750	General
4a11:ChainA:TYR3	-128.679615	112.285345	General
4a11:ChainA:ASN4	-130.119435	140.063548	General
4a11:ChainA:TYR5	-112.962047	133.103982	General
4a11:ChainA:VAL6	-130.707858	124.388304	General
4a11:ChainA:VAL7	-135.107319	145.250653	General
4a11:ChainA:THR8	-84.991431	117.758777	General
4a11:ChainA:ALA9	-82.738481	-35.295426	General
4a11:ChainA:GLN10	-140.989162	126.385503	General
4a11:ChainA:LYS11	-63.931349	164.155464	Pre-Pro
4a11:ChainA:PRO12	-64.881950	139.251448	Proline
4a11:ChainA:THR13	-102.321463	-5.799104	General
4a11:ChainA:ALA14	-87.891091	144.144275	General
4a11:ChainA:VAL15	-105.418112	111.626834	General
4a11:ChainA:ASN16	-92.493122	-10.863384	General
4a11:ChainA:GLY17	-171.102315	151.548157	Glycine
4a11:ChainA:CYS18	-145.360905	147.064200	General
4a11:ChainA:VAL19	-153.125231	157.959877	General
4a11:ChainA:THR20	-138.255977	122.086424	General
4a11:ChainA:GLY21	-166.145675	-164.848355	Glycine
4a11:ChainA:HIS22	-110.657625	89.199853	General
4a11:ChainA:PHE23	-92.593666	-46.753203	General
4a11:ChainA:THR24	-81.124648	-40.533367	General
4a11:ChainA:SER25	-150.641865	155.478310	General
4a11:ChainA:ALA26	-66.144968	-27.560716	General
4a11:ChainA:GLU27	-98.188287	1.249200	General
4a11:ChainA:ASP28	-93.544313	144.539696	General
4a11:ChainA:LEU29	-98.527838	112.934670	General
4a11:ChainA:ASN30	-101.177016	146.229615	General
4a11:ChainA:LEU31	-119.992834	129.231994	General
4a11:ChainA:LEU32	-117.031851	136.559571	General
4a11:ChainA:ILE33	-130.062001	123.554278	General
4a11:ChainA:ALA34	-99.032191	118.427935	General
4a11:ChainA:LYS35	-112.779634	98.336682	General
4a11:ChainA:ASN36	44.237339	-113.033893	General
4a11:ChainA:THR37	-70.042572	-7.245229	General
4a11:ChainA:ARG38	-110.951697	133.875632	General
4a11:ChainA:LEU39	-115.315723	117.566540	General
4a11:ChainA:GLU40	-110.502723	122.778979	General
4a11:ChainA:ILE41	-102.528096	143.262618	General
4a11:ChainA:TYR42	-138.610425	154.443748	General
4a11:ChainA:VAL43	-107.437161	127.142679	General
4a11:ChainA:VAL44	-78.633895	120.216057	General
4a11:ChainA:THR45	-111.420386	-173.242481	General
4a11:ChainA:ALA46	-56.501891	-59.961267	General
4a11:ChainA:GLU47	-115.884647	107.145606	General
4a11:ChainA:GLY48	94.806925	-166.839942	Glycine
4a11:ChainA:LEU49	-111.828477	111.278123	General
4a11:ChainA:ARG50	-76.913819	119.554999	Pre-Pro
4a11:ChainA:PRO51	-72.269738	149.034775	Proline
4a11:ChainA:VAL52	-127.460924	-58.240809	General
4a11:ChainA:LYS53	-143.936641	145.289040	General
4a11:ChainA:GLU54	-128.685610	133.705251	General
4a11:ChainA:VAL55	-129.926688	146.636095	General
4a11:ChainA:GLY56	-87.871584	140.886469	Glycine
4a11:ChainA:MET57	-106.605182	147.090308	General
4a11:ChainA:TYR58	-90.621365	89.380338	General
4a11:ChainA:GLY59	150.658179	168.964937	Glycine
4a11:ChainA:LYS60	-95.981250	125.469511	General
4a11:ChainA:ILE61	-76.780216	115.525374	General
4a11:ChainA:ALA62	-88.294597	-37.702854	General
4a11:ChainA:VAL63	-141.740040	132.547653	General
4a11:ChainA:MET64	-137.757323	120.339638	General
4a11:ChainA:GLU65	-148.980088	144.587433	General
4a11:ChainA:LEU66	-106.512695	146.731011	General
4a11:ChainA:PHE67	-156.801429	151.768706	General
4a11:ChainA:ARG68	-127.051109	92.508297	Pre-Pro
4a11:ChainA:PRO69	-53.737600	145.014991	Proline
4a11:ChainA:LYS70	-53.297964	130.845728	General
4a11:ChainA:GLY71	97.923733	13.482562	Glycine
4a11:ChainA:GLU72	-109.478234	139.681289	General
4a11:ChainA:SER73	-61.200757	-43.574016	General
4a11:ChainA:LYS74	-141.595907	168.937404	General
4a11:ChainA:ASP75	-54.213423	149.235735	General
4a11:ChainA:LEU76	-110.336746	153.701564	General
4a11:ChainA:LEU77	-105.100107	123.050494	General
4a11:ChainA:PHE78	-106.983388	123.215154	General
4a11:ChainA:ILE79	-121.698135	139.630920	General
4a11:ChainA:LEU80	-122.111514	128.832915	General
4a11:ChainA:THR81	-71.197000	165.710451	General
4a11:ChainA:ALA82	-78.275554	-15.149415	General
4a11:ChainA:LYS83	-89.619180	7.044078	General
4a11:ChainA:TYR84	68.238833	29.017050	General
4a11:ChainA:ASN85	-73.675696	127.960258	General
4a11:ChainA:ALA86	-106.739326	143.457997	General
4a11:ChainA:CYS87	-151.341634	156.907575	General
4a11:ChainA:ILE88	-120.874134	113.515858	General
4a11:ChainA:LEU89	-103.598063	145.069596	General
4a11:ChainA:GLU90	-120.328443	150.747515	General
4a11:ChainA:TYR91	-98.272990	112.887261	General
4a11:ChainA:LYS92	-123.419846	120.627536	General
4a11:ChainA:GLN93	-121.017115	117.069032	General
4a11:ChainA:SER94	-107.911067	106.306622	General
4a11:ChainA:GLY95	65.730462	-130.711550	Glycine
4a11:ChainA:GLU96	-93.552431	0.389482	General
4a11:ChainA:SER97	-84.580863	136.844504	General
4a11:ChainA:ILE98	-136.443380	118.249284	General
4a11:ChainA:ASP99	-128.332305	145.848686	General
4a11:ChainA:ILE100	-103.873086	107.192894	General
4a11:ChainA:ILE101	-85.067944	143.128717	General
4a11:ChainA:THR102	-90.529676	108.941771	General
4a11:ChainA:ARG103	-84.008490	-35.042405	General
4a11:ChainA:ALA104	-148.433332	143.739923	General
4a11:ChainA:HIS105	-154.205155	146.451962	General
4a11:ChainA:GLY106	-163.884158	167.294528	Glycine
4a11:ChainA:ASN107	-107.027498	121.357940	General
4a11:ChainA:VAL108	-94.692381	8.074940	General
4a11:ChainA:GLN109	-50.201386	141.231041	General
4a11:ChainA:ASP110	-101.263785	142.687599	General
4a11:ChainA:ARG111	-49.318753	-56.518274	General
4a11:ChainA:ILE112	-126.191465	165.060917	General
4a11:ChainA:GLY113	165.191080	163.204653	Glycine
4a11:ChainA:ARG114	-90.738795	106.003238	Pre-Pro
4a11:ChainA:PRO115	-58.298448	129.260065	Proline
4a11:ChainA:SER116	-69.302568	154.752481	General
4a11:ChainA:GLU117	-73.585124	-37.578478	General
4a11:ChainA:THR118	-86.157317	1.307143	General
4a11:ChainA:GLY119	97.626275	179.978016	Glycine
4a11:ChainA:ILE120	-56.307602	139.226475	General
4a11:ChainA:ILE121	-132.358668	117.593356	General
4a11:ChainA:GLY122	-93.571058	146.981365	Glycine
4a11:ChainA:ILE123	-150.303566	154.486996	General
4a11:ChainA:ILE124	-131.201497	130.314815	General
4a11:ChainA:ASP125	-50.707672	131.476924	Pre-Pro
4a11:ChainA:PRO126	-48.858797	-30.152890	Proline
4a11:ChainA:GLU127	-92.985003	7.389734	General
4a11:ChainA:CYS128	55.157328	41.621573	General
4a11:ChainA:ARG129	-82.647655	-31.076675	General
4a11:ChainA:MET130	-159.765105	165.915777	General
4a11:ChainA:ILE131	-106.751662	123.398367	General
4a11:ChainA:GLY132	-88.845672	144.169236	Glycine
4a11:ChainA:LEU133	-136.163883	125.702518	General
4a11:ChainA:ARG134	-108.730715	97.447556	General
4a11:ChainA:LEU135	-90.531171	-45.375128	General
4a11:ChainA:TYR136	-129.576829	152.535513	General
4a11:ChainA:ASP137	-62.141991	133.772359	General
4a11:ChainA:GLY138	97.994103	-21.911212	Glycine
4a11:ChainA:LEU139	-129.284404	157.133219	General
4a11:ChainA:PHE140	-126.562115	113.453908	General
4a11:ChainA:LYS141	-82.577211	135.974428	General
4a11:ChainA:VAL142	-116.984165	121.120606	General
4a11:ChainA:ILE143	-104.714529	104.947664	Pre-Pro
4a11:ChainA:PRO144	-68.624318	131.194912	Proline
4a11:ChainA:LEU145	-98.898100	3.628287	General
4a11:ChainA:ASP146	-61.889015	-58.117333	General
4a11:ChainA:ARG147	-94.035274	-176.539334	General
4a11:ChainA:ASP148	-91.943333	107.670432	General
4a11:ChainA:ASN149	-114.757473	98.759304	General
4a11:ChainA:LYS150	-81.800624	-24.218672	General
4a11:ChainA:GLU151	-87.612782	-1.432606	General
4a11:ChainA:LEU152	48.218443	55.030910	General
4a11:ChainA:LYS153	-73.236509	132.023310	General
4a11:ChainA:ALA154	-127.531309	169.549146	General
4a11:ChainA:PHE155	-145.748075	144.857368	General
4a11:ChainA:ASN156	-81.426525	156.261509	General
4a11:ChainA:ILE157	-128.235359	136.758831	General
4a11:ChainA:ARG158	-71.590838	130.959073	General
4a11:ChainA:LEU159	-113.071190	109.967497	General
4a11:ChainA:GLU160	-60.848251	-31.391568	General
4a11:ChainA:GLU161	-81.945322	115.224711	General
4a11:ChainA:LEU162	-93.118005	-10.769281	General
4a11:ChainA:HIS163	-121.601346	102.688786	General
4a11:ChainA:VAL164	-115.217932	121.686764	General
4a11:ChainA:ILE165	-76.326711	-63.028685	General
4a11:ChainA:ASP166	-145.269165	158.422502	General
4a11:ChainA:VAL167	-146.899154	152.314191	General
4a11:ChainA:LYS168	-152.858578	148.629578	General
4a11:ChainA:PHE169	-77.733909	138.111779	General
4a11:ChainA:LEU170	-86.393719	148.301668	General
4a11:ChainA:TYR171	-78.833175	146.970786	General
4a11:ChainA:GLY172	84.356322	20.908329	Glycine
4a11:ChainA:CYS173	-107.025313	137.907214	General
4a11:ChainA:GLN174	-59.204629	-20.193099	General
4a11:ChainA:ALA175	-148.194050	151.423283	Pre-Pro
4a11:ChainA:PRO176	-52.797606	130.083672	Proline
4a11:ChainA:THR177	-128.897112	120.394144	General
4a11:ChainA:ILE178	-91.686770	147.380792	General
4a11:ChainA:CYS179	-122.154394	138.029024	General
4a11:ChainA:PHE180	-150.578653	152.886163	General
4a11:ChainA:VAL181	-100.702218	135.537052	General
4a11:ChainA:TYR182	-141.143526	160.173851	General
4a11:ChainA:GLN183	-116.414438	128.834528	General
4a11:ChainA:ASP184	-123.889341	179.590924	Pre-Pro
4a11:ChainA:PRO185	-52.040518	-47.165982	Proline
4a11:ChainA:GLN186	-65.149875	-10.496874	General
4a11:ChainA:GLY187	144.807081	-164.611025	Glycine
4a11:ChainA:ARG188	-101.869061	142.864490	General
4a11:ChainA:HIS189	-142.028345	168.421768	General
4a11:ChainA:VAL190	-116.472673	128.132934	General
4a11:ChainA:LYS191	-133.327449	161.130819	General
4a11:ChainA:THR192	-131.425604	144.739832	General
4a11:ChainA:TYR193	-131.920961	140.662107	General
4a11:ChainA:GLU194	-79.644494	154.820776	General
4a11:ChainA:VAL195	-115.404028	106.962175	General
4a11:ChainA:SER196	-82.665462	120.915591	General
4a11:ChainA:LEU197	-82.315067	-22.408002	General
4a11:ChainA:ARG198	-78.740400	-48.361522	General
4a11:ChainA:GLU199	-71.139018	-14.479861	General
4a11:ChainA:LYS200	43.464187	46.255807	General
4a11:ChainA:GLU201	-153.601726	161.576444	General
4a11:ChainA:PHE202	-69.820826	158.017799	General
4a11:ChainA:ASN203	-130.111547	170.985068	General
4a11:ChainA:LYS204	-62.194722	137.721285	General
4a11:ChainA:GLY205	-60.123822	166.115052	Glycine
4a11:ChainA:PRO206	-70.614443	-36.968188	Proline
4a11:ChainA:TRP207	-128.930914	143.808486	General
4a11:ChainA:LYS208	-68.376739	145.526651	General
4a11:ChainA:GLN209	-58.025046	150.632695	General
4a11:ChainA:GLU210	-130.517475	151.228502	General
4a11:ChainA:ASN211	-60.337324	142.691654	General
4a11:ChainA:VAL212	-134.018242	176.131107	General
4a11:ChainA:GLU213	-56.969217	138.580824	General
4a11:ChainA:ALA214	-51.722256	-37.236883	General
4a11:ChainA:GLU215	-98.019804	15.911010	General
4a11:ChainA:ALA216	-64.926385	114.697603	General
4a11:ChainA:SER217	-106.896938	-10.047360	General
4a11:ChainA:MET218	-146.070392	129.879805	General
4a11:ChainA:VAL219	-112.456475	123.908877	General
4a11:ChainA:ILE220	-110.041352	130.362045	General
4a11:ChainA:ALA221	-90.450084	132.448449	General
4a11:ChainA:VAL222	-93.761290	138.730707	Pre-Pro
4a11:ChainA:PRO223	-61.269037	177.722922	Proline
4a11:ChainA:GLU224	-49.641813	-49.549811	Pre-Pro
4a11:ChainA:PRO225	-74.253294	150.544721	Proline
4a11:ChainA:PHE226	77.495955	-33.712091	General
4a11:ChainA:GLY227	51.996488	-164.160421	Glycine
4a11:ChainA:GLY228	81.136554	-165.635071	Glycine
4a11:ChainA:ALA229	-135.160606	140.367950	General
4a11:ChainA:ILE230	-105.328848	132.455313	General
4a11:ChainA:ILE231	-118.500983	112.094594	General
4a11:ChainA:ILE232	-85.293990	117.053135	General
4a11:ChainA:GLY233	-108.687140	174.668468	Glycine
4a11:ChainA:GLN234	-72.357501	-27.023839	General
4a11:ChainA:GLU235	-102.750753	-55.788290	General
4a11:ChainA:SER236	-115.845381	161.957898	General
4a11:ChainA:ILE237	-119.540716	119.827836	General
4a11:ChainA:THR238	-114.440881	158.528456	General
4a11:ChainA:TYR239	-124.096243	135.764923	General
4a11:ChainA:HIS240	-133.533569	118.147304	General
4a11:ChainA:ASN241	-103.150019	-7.482226	General
4a11:ChainA:GLY242	97.991292	-25.436967	Glycine
4a11:ChainA:ASP243	-100.644659	-13.718144	General
4a11:ChainA:LYS244	-149.267068	144.623466	General
4a11:ChainA:TYR245	-125.204555	118.245321	General
4a11:ChainA:LEU246	-124.791872	126.823707	General
4a11:ChainA:ALA247	-140.556006	140.057062	General
4a11:ChainA:ILE248	-136.071699	147.257684	General
4a11:ChainA:ALA249	-127.634258	84.921784	Pre-Pro
4a11:ChainA:PRO250	-64.712347	137.229339	Proline
4a11:ChainA:PRO251	-69.953864	-38.146028	Proline
4a11:ChainA:ILE252	-56.261418	-27.207247	General
4a11:ChainA:ILE253	-95.917844	-3.166943	General
4a11:ChainA:LYS254	-66.490340	-29.231192	General
4a11:ChainA:GLN255	-56.999046	-35.733102	General
4a11:ChainA:SER256	-130.480916	170.771362	General
4a11:ChainA:THR257	-103.552969	134.528839	General
4a11:ChainA:ILE258	-86.290330	114.492935	General
4a11:ChainA:VAL259	-98.380257	-10.588696	General
4a11:ChainA:CYS260	-160.657593	164.820098	General
4a11:ChainA:HIS261	-155.227213	156.366116	General
4a11:ChainA:ASN262	-144.887431	134.839592	General
4a11:ChainA:ARG263	-74.486983	126.026651	General
4a11:ChainA:VAL264	-87.548555	-61.795825	General
4a11:ChainA:ASP265	-80.935953	142.831376	Pre-Pro
4a11:ChainA:PRO266	-64.783538	-38.655767	Proline
4a11:ChainA:ASN267	-69.215340	-1.863941	General
4a11:ChainA:GLY268	72.373147	27.468253	Glycine
4a11:ChainA:SER269	-76.042493	-22.465049	General
4a11:ChainA:ARG270	-139.138010	127.626245	General
4a11:ChainA:TYR271	-118.924039	139.764376	General
4a11:ChainA:LEU272	-83.579658	147.751947	General
4a11:ChainA:LEU273	-132.836511	160.853687	General
4a11:ChainA:GLY274	-154.032015	153.258759	Glycine
4a11:ChainA:ASP275	-132.688497	175.066090	General
4a11:ChainA:MET276	-69.543935	-11.509696	General
4a11:ChainA:GLU277	-98.181901	1.227906	General
4a11:ChainA:GLY278	97.033610	-6.951844	Glycine
4a11:ChainA:ARG279	-69.090145	124.269908	General
4a11:ChainA:LEU280	-87.936005	141.788727	General
4a11:ChainA:PHE281	-133.144765	158.048454	General
4a11:ChainA:MET282	-120.248603	125.030791	General
4a11:ChainA:LEU283	-105.809752	130.368619	General
4a11:ChainA:LEU284	-126.897844	142.887108	General
4a11:ChainA:LEU285	-120.797750	110.668096	General
4a11:ChainA:GLU286	-80.739214	150.166265	General
4a11:ChainA:VAL295	-80.918429	130.295603	General
4a11:ChainA:THR296	-141.935617	170.127328	General
4a11:ChainA:LEU297	-77.408318	124.306702	General
4a11:ChainA:LYS298	-88.078273	-59.356878	General
4a11:ChainA:ASP299	-159.257086	165.722983	General
4a11:ChainA:LEU300	-112.099287	152.225015	General
4a11:ChainA:ARG301	-150.318243	139.315101	General
4a11:ChainA:VAL302	-120.538555	137.632175	General
4a11:ChainA:GLU303	-128.931647	146.718899	General
4a11:ChainA:LEU304	-89.696518	112.191074	General
4a11:ChainA:LEU305	-77.009218	-29.485679	General
4a11:ChainA:GLY306	158.882556	-156.302015	Glycine
4a11:ChainA:GLU307	-136.337001	120.308952	General
4a11:ChainA:THR308	-123.804408	178.372185	General
4a11:ChainA:SER309	-56.377984	147.187194	General
4a11:ChainA:ILE310	-53.326701	122.664201	General
4a11:ChainA:ALA311	-91.715745	115.500021	General
4a11:ChainA:GLU312	-70.955875	-54.797819	General
4a11:ChainA:CYS313	-144.195867	155.596330	General
4a11:ChainA:LEU314	-145.862916	146.159595	General
4a11:ChainA:THR315	-138.328616	141.375292	General
4a11:ChainA:TYR316	-82.785886	140.715318	General
4a11:ChainA:LEU317	-101.853414	-78.557384	General
4a11:ChainA:ASP318	-160.768396	162.752803	General
4a11:ChainA:ASN319	46.161065	45.038490	General
4a11:ChainA:GLY320	85.069828	-5.383000	Glycine
4a11:ChainA:VAL321	-87.713989	130.053463	General
4a11:ChainA:VAL322	-124.677708	128.454185	General
4a11:ChainA:PHE323	-84.886861	131.556657	General
4a11:ChainA:VAL324	-113.652016	111.646987	General
4a11:ChainA:GLY325	-78.038946	135.021461	Glycine
4a11:ChainA:SER326	-141.651644	127.426310	General
4a11:ChainA:ARG327	-85.483925	-35.557193	General
4a11:ChainA:LEU328	-80.143165	-16.573539	General
4a11:ChainA:GLY329	-170.070856	-170.718939	Glycine
4a11:ChainA:ASP330	-52.170269	131.049916	General
4a11:ChainA:SER331	-80.451860	154.789045	General
4a11:ChainA:GLN332	-131.617033	157.181971	General
4a11:ChainA:LEU333	-117.033326	116.452750	General
4a11:ChainA:VAL334	-129.529158	137.697782	General
4a11:ChainA:LYS335	-95.626081	135.251124	General
4a11:ChainA:LEU336	-90.459128	146.985044	General
4a11:ChainA:TYR346	-155.118285	162.991392	General
4a11:ChainA:VAL347	-128.773308	138.798764	General
4a11:ChainA:VAL348	-124.563323	138.633950	General
4a11:ChainA:ALA349	-92.417214	107.136388	General
4a11:ChainA:MET350	-68.625969	-26.376580	General
4a11:ChainA:GLU351	-146.849199	146.744363	General
4a11:ChainA:THR352	-129.728526	125.091312	General
4a11:ChainA:PHE353	-106.221308	115.284131	General
4a11:ChainA:THR354	-60.133323	132.511944	General
4a11:ChainA:ASN355	-135.303999	117.328188	General
4a11:ChainA:LEU356	-73.353491	115.617241	General
4a11:ChainA:GLY357	-82.041922	-153.680344	Glycine
4a11:ChainA:PRO358	-54.895193	125.394233	Proline
4a11:ChainA:ILE359	-90.209547	104.510191	General
4a11:ChainA:VAL360	-82.700007	-33.250662	General
4a11:ChainA:ASP361	-157.991134	161.848051	General
4a11:ChainA:MET362	-158.130884	168.386550	General
4a11:ChainA:CYS363	-151.479428	149.737830	General
4a11:ChainA:VAL364	-98.284492	128.353260	General
4a11:ChainA:VAL365	-120.400214	135.600114	General
4a11:ChainA:ASP366	-106.055404	102.705392	General
4a11:ChainA:LEU367	-90.479739	175.982413	General
4a11:ChainA:GLU368	65.231933	-4.848690	General
4a11:ChainA:ARG369	47.575111	37.416762	General
4a11:ChainA:GLN370	-87.159027	-170.182229	General
4a11:ChainA:GLY371	-78.921234	-20.231095	Glycine
4a11:ChainA:GLN372	-103.523957	147.033321	General
4a11:ChainA:GLY373	-88.894947	159.881146	Glycine
4a11:ChainA:GLN374	-142.895220	138.363926	General
4a11:ChainA:LEU375	-101.482674	128.856623	General
4a11:ChainA:VAL376	-118.796436	119.244487	General
4a11:ChainA:THR377	-111.276072	150.871672	General
4a11:ChainA:CYS378	-86.528278	117.189894	General
4a11:ChainA:SER379	-128.745071	144.791754	General
4a11:ChainA:GLY380	72.934534	-168.781995	Glycine
4a11:ChainA:ALA381	-158.903498	159.025153	General
4a11:ChainA:PHE382	57.362759	-136.303734	General
4a11:ChainA:LYS383	-46.164894	-31.347146	General
4a11:ChainA:GLU384	-93.314258	-8.236947	General
4a11:ChainA:GLY385	-54.143595	144.387005	Glycine
4a11:ChainA:SER386	-159.349676	177.291903	General
4a11:ChainA:LEU387	-104.056096	149.374455	General
4a11:ChainA:ARG388	-125.496110	136.282328	General
4a11:ChainA:ILE389	-108.287076	107.252390	General
4a11:ChainA:ILE390	-99.000342	120.229672	General
4a11:ChainA:ARG391	-139.252363	154.968978	General
4a11:ChainA:ASN392	-80.135565	157.743841	General
4a11:ChainA:GLY393	-168.970874	163.444880	Glycine
4a11:ChainA:ILE394	-99.377772	121.246088	General
4a11:ChainA:GLY395	-80.205533	173.701506	Glycine
4a11:ChainA:ILE396	-130.218040	154.543276	General
4a11:ChainA:HIS397	-95.439008	123.580409	General
4a11:ChainA:GLU398	-93.175364	107.604806	General
4a11:ChainA:HIS399	-83.406511	-42.555120	General
4a11:ChainA:ALA400	-143.413792	136.608473	General
4a11:ChainA:SER401	-133.889485	119.270609	General
4a11:ChainA:ILE402	-120.555910	138.104435	General
4a11:ChainA:ASP403	-78.982550	114.922329	General
4a11:ChainA:LEU404	-145.573721	74.754300	Pre-Pro
4a11:ChainA:PRO405	-59.193534	146.385721	Proline
4a11:ChainA:GLY406	106.918288	-9.164395	Glycine
4a11:ChainA:ILE407	-54.650442	121.964929	General
4a11:ChainA:LYS408	-98.997411	-5.766088	General
4a11:ChainA:GLY409	-175.776520	161.846581	Glycine
4a11:ChainA:LEU410	-138.326996	138.091710	General
4a11:ChainA:TRP411	-138.081604	136.766211	Pre-Pro
4a11:ChainA:PRO412	-78.151609	140.515243	Proline
4a11:ChainA:LEU413	-141.850960	136.535538	General
4a11:ChainA:ARG414	-96.883080	113.559915	General
4a11:ChainA:SER415	-78.162616	-47.698401	General
4a11:ChainA:ASP416	-83.232698	110.911812	Pre-Pro
4a11:ChainA:PRO417	-63.288845	-22.422726	Proline
4a11:ChainA:ASN418	-72.109581	-35.230750	General
4a11:ChainA:ARG419	-76.914722	134.341599	General
4a11:ChainA:GLU420	-92.249225	5.049561	General
4a11:ChainA:THR421	-104.613763	150.127844	General
4a11:ChainA:ASP422	-77.909927	115.554903	General
4a11:ChainA:ASP423	-103.564164	-5.419228	General
4a11:ChainA:THR424	-139.593156	122.175222	General
4a11:ChainA:LEU425	-110.522466	110.079824	General
4a11:ChainA:VAL426	-91.060411	126.491460	General
4a11:ChainA:LEU427	-119.811213	113.047443	General
4a11:ChainA:SER428	-77.929105	142.648800	General
4a11:ChainA:PHE429	-122.322685	-82.684718	General
4a11:ChainA:VAL430	-136.780646	-67.804256	General
4a11:ChainA:GLY431	-110.393838	10.539653	Glycine
4a11:ChainA:GLN432	-142.259649	166.636436	General
4a11:ChainA:THR433	-124.849600	142.693662	General
4a11:ChainA:ARG434	-118.441316	160.612495	General
4a11:ChainA:VAL435	-130.747697	126.421242	General
4a11:ChainA:LEU436	-96.156963	130.528201	General
4a11:ChainA:MET437	-76.242762	-44.553837	General
4a11:ChainA:LEU438	45.978170	72.262258	General
4a11:ChainA:ASN439	-94.435315	111.043744	General
4a11:ChainA:GLY440	68.507213	-129.419701	Glycine
4a11:ChainA:GLU441	-88.311029	-1.305423	General
4a11:ChainA:GLU442	-106.135028	130.748736	General
4a11:ChainA:VAL443	-123.594899	125.394041	General
4a11:ChainA:GLU444	-140.079031	150.178626	General
4a11:ChainA:GLU445	-66.816153	131.528300	General
4a11:ChainA:THR446	-138.136765	-173.180803	General
4a11:ChainA:GLU447	-120.794009	166.241999	General
4a11:ChainA:LEU448	-142.330377	132.094441	General
4a11:ChainA:MET449	-78.358303	151.597860	General
4a11:ChainA:GLY450	81.458709	-15.155564	Glycine
4a11:ChainA:PHE451	-106.500533	129.477874	General
4a11:ChainA:VAL452	-80.196827	139.934759	General
4a11:ChainA:ASP453	-95.931135	-12.627861	General
4a11:ChainA:ASP454	-94.297804	0.383033	General
4a11:ChainA:GLN455	-118.093150	159.887653	General
4a11:ChainA:GLN456	-80.927218	133.545529	General
4a11:ChainA:THR457	-93.213673	117.111662	General
4a11:ChainA:PHE458	-78.610478	-43.316585	General
4a11:ChainA:PHE459	-152.694307	146.947025	General
4a11:ChainA:CYS460	-158.672381	163.080174	General
4a11:ChainA:GLY461	164.528235	-170.014687	Glycine
4a11:ChainA:ASN462	-81.288044	146.374286	General
4a11:ChainA:VAL463	-139.077184	-172.437708	General
4a11:ChainA:ALA464	-58.877031	147.742933	General
4a11:ChainA:HIS465	63.087577	48.286207	General
4a11:ChainA:GLN466	46.283577	49.999409	General
4a11:ChainA:GLN467	-123.527510	164.930412	General
4a11:ChainA:LEU468	-120.341011	154.460622	General
4a11:ChainA:ILE469	-135.678101	135.751865	General
4a11:ChainA:GLN470	-125.217920	114.287049	General
4a11:ChainA:ILE471	-93.044184	142.093766	General
4a11:ChainA:THR472	-140.265067	178.300449	General
4a11:ChainA:SER473	-57.029490	-22.409019	General
4a11:ChainA:ALA474	-98.239420	-61.820848	General
4a11:ChainA:SER475	-143.576390	167.426727	General
4a11:ChainA:VAL476	-97.431604	112.019812	General
4a11:ChainA:ARG477	-104.394808	118.288989	General
4a11:ChainA:LEU478	-95.517316	131.962419	General
4a11:ChainA:VAL479	-130.171301	126.577305	General
4a11:ChainA:SER480	-80.546793	124.589035	General
4a11:ChainA:GLN481	-98.484902	-4.650245	General
4a11:ChainA:GLU482	-71.748136	-54.833089	Pre-Pro
4a11:ChainA:PRO483	-76.288542	-18.654864	Proline
4a11:ChainA:LYS484	66.609430	-132.948666	General
4a11:ChainA:ALA485	52.213743	-140.385962	General
4a11:ChainA:LEU486	-144.425206	133.237917	General
4a11:ChainA:VAL487	-96.239126	-60.960235	General
4a11:ChainA:SER488	-124.151946	167.013955	General
4a11:ChainA:GLU489	-150.841996	141.186312	General
4a11:ChainA:TRP490	-120.739049	122.106222	General
4a11:ChainA:LYS491	-116.986820	156.049647	General
4a11:ChainA:GLU492	-63.151924	136.396059	Pre-Pro
4a11:ChainA:PRO493	-48.356425	-43.803285	Proline
4a11:ChainA:GLN494	-90.158587	5.700416	General
4a11:ChainA:ALA495	68.264357	29.736838	General
4a11:ChainA:LYS496	-77.774155	158.959045	General
4a11:ChainA:ASN497	-70.995595	143.308092	General
4a11:ChainA:ILE498	-76.604051	125.152255	General
4a11:ChainA:SER499	-76.935529	-62.418107	General
4a11:ChainA:VAL500	-133.158124	149.274581	General
4a11:ChainA:ALA501	-123.045322	137.502112	General
4a11:ChainA:SER502	-145.395240	130.637712	General
4a11:ChainA:CYS503	-146.053580	133.129160	General
4a11:ChainA:ASN504	-111.849116	176.902686	General
4a11:ChainA:SER505	-52.440996	-22.379141	General
4a11:ChainA:SER506	-120.964943	-61.476196	General
4a11:ChainA:GLN507	-78.041268	155.977912	General
4a11:ChainA:VAL508	-142.916569	135.540407	General
4a11:ChainA:VAL509	-132.735900	117.555896	General
4a11:ChainA:VAL510	-112.801312	154.397951	General
4a11:ChainA:ALA511	-125.532521	131.525461	General
4a11:ChainA:VAL512	-111.549124	105.914474	General
4a11:ChainA:GLY513	66.539665	-121.157803	Glycine
4a11:ChainA:ARG514	-84.457897	-14.345511	General
4a11:ChainA:ALA515	-80.192696	150.208683	General
4a11:ChainA:LEU516	-134.402617	130.323180	General
4a11:ChainA:TYR517	-121.387209	130.742346	General
4a11:ChainA:TYR518	-104.509451	122.277579	General
4a11:ChainA:LEU519	-123.577988	152.868964	General
4a11:ChainA:GLN520	-120.925522	159.244853	General
4a11:ChainA:ILE521	-115.462587	113.420502	General
4a11:ChainA:HIS522	-123.035467	164.193734	Pre-Pro
4a11:ChainA:PRO523	-54.732077	126.266753	Proline
4a11:ChainA:GLN524	46.412846	37.654913	General
4a11:ChainA:GLU525	-154.308997	148.296630	General
4a11:ChainA:LEU526	-119.924234	111.802667	General
4a11:ChainA:ARG527	-99.713455	115.893987	General
4a11:ChainA:GLN528	-78.351317	136.225365	General
4a11:ChainA:ILE529	-121.096628	-75.629178	General
4a11:ChainA:SER530	-93.852423	146.670398	General
4a11:ChainA:HIS531	-143.462482	138.183851	General
4a11:ChainA:THR532	-158.930999	159.843321	General
4a11:ChainA:GLU533	-114.755240	127.419451	General
4a11:ChainA:MET534	-83.537688	146.064182	General
4a11:ChainA:GLU535	-46.043303	-45.908501	General
4a11:ChainA:HIS536	-128.337972	-179.942672	General
4a11:ChainA:GLU537	-75.705009	130.505429	General
4a11:ChainA:VAL538	-64.649305	126.746405	General
4a11:ChainA:ALA539	-93.439995	-55.644412	General
4a11:ChainA:CYS540	-151.424990	160.161799	General
4a11:ChainA:LEU541	-141.040242	155.200631	General
4a11:ChainA:ASP542	-146.387298	129.772357	General
4a11:ChainA:ILE543	-104.104735	6.146063	General
4a11:ChainA:THR544	-54.147666	117.229533	Pre-Pro
4a11:ChainA:PRO545	-71.970210	134.965918	Proline
4a11:ChainA:LEU546	-109.415624	139.481588	General
4a11:ChainA:GLY547	79.066205	-15.357559	Glycine
4a11:ChainA:ASP548	51.443165	-116.867343	General
4a11:ChainA:SER549	74.809439	-16.246850	General
4a11:ChainA:ASN550	-131.832692	-60.017911	General
4a11:ChainA:GLY551	110.786888	-9.318659	Glycine
4a11:ChainA:LEU552	-101.440098	130.462357	General
4a11:ChainA:SER553	-91.879215	122.963521	Pre-Pro
4a11:ChainA:PRO554	-70.504683	-16.635087	Proline
4a11:ChainA:LEU555	-120.421477	156.226256	General
4a11:ChainA:CYS556	-125.745204	133.310787	General
4a11:ChainA:ALA557	-103.054738	121.383191	General
4a11:ChainA:ILE558	-135.724951	159.704089	General
4a11:ChainA:GLY559	-150.568193	153.430295	Glycine
4a11:ChainA:LEU560	-128.653024	163.456497	General
4a11:ChainA:TRP561	-80.132371	-165.076523	General
4a11:ChainA:THR562	59.190726	-107.066998	General
4a11:ChainA:ASP563	-58.765157	-17.318975	General
4a11:ChainA:ILE564	56.679836	75.149710	General
4a11:ChainA:SER565	-133.094599	142.277610	General
4a11:ChainA:ALA566	-96.368518	128.531231	General
4a11:ChainA:ARG567	-127.625789	141.064274	General
4a11:ChainA:ILE568	-108.582228	130.124460	General
4a11:ChainA:LEU569	-122.838193	152.267108	General
4a11:ChainA:LYS570	-74.415142	121.508824	General
4a11:ChainA:LEU571	-65.529974	-48.987781	Pre-Pro
4a11:ChainA:PRO572	-58.141556	-48.706159	Proline
4a11:ChainA:SER573	-83.027328	-30.383239	General
4a11:ChainA:PHE574	66.519688	28.238551	General
4a11:ChainA:GLU575	-79.881250	146.819186	General
4a11:ChainA:LEU576	-80.017276	117.591803	General
4a11:ChainA:LEU577	-82.657124	-62.397208	General
4a11:ChainA:HIS578	-131.894571	139.364712	General
4a11:ChainA:LYS579	-127.170553	111.969844	General
4a11:ChainA:GLU580	-99.201776	133.204499	General
4a11:ChainA:MET581	-93.669032	112.716817	General
4a11:ChainA:LEU582	-80.925767	-34.005086	General
4a11:ChainA:GLY583	79.291328	159.032738	Glycine
4a11:ChainA:GLY584	88.388061	151.963120	Glycine
4a11:ChainA:GLU585	-63.916257	-12.014505	General
4a11:ChainA:ILE586	-92.549016	121.244345	General
4a11:ChainA:ILE587	-90.313553	151.392778	Pre-Pro
4a11:ChainA:PRO588	-68.359293	124.669693	Proline
4a11:ChainA:ARG589	-86.829809	-41.040510	General
4a11:ChainA:SER590	-146.435203	141.549369	General
4a11:ChainA:ILE591	-128.003715	141.358462	General
4a11:ChainA:LEU592	-144.981813	142.041964	General
4a11:ChainA:MET593	-114.258347	131.431320	General
4a11:ChainA:THR594	-155.735905	164.803337	General
4a11:ChainA:THR595	-120.882931	131.327291	General
4a11:ChainA:PHE596	-116.658078	143.396915	General
4a11:ChainA:GLU597	56.551408	-116.068864	General
4a11:ChainA:SER598	-101.573196	-58.167821	General
4a11:ChainA:SER599	-49.755926	140.447793	General
4a11:ChainA:HIS600	-93.808792	121.432115	General
4a11:ChainA:TYR601	-111.948612	149.720982	General
4a11:ChainA:LEU602	-102.268145	125.591828	General
4a11:ChainA:LEU603	-111.881182	128.065721	General
4a11:ChainA:CYS604	-135.910826	124.163442	General
4a11:ChainA:ALA605	-115.569076	123.023882	General
4a11:ChainA:LEU606	-77.111072	-173.396620	General
4a11:ChainA:GLY607	-89.407086	-6.755563	Glycine
4a11:ChainA:ASP608	-96.896044	-3.456756	General
4a11:ChainA:GLY609	106.155159	-18.931114	Glycine
4a11:ChainA:ALA610	-58.151048	127.302736	General
4a11:ChainA:LEU611	-117.819374	111.440006	General
4a11:ChainA:PHE612	-82.885407	140.425197	General
4a11:ChainA:TYR613	-128.999529	133.759150	General
4a11:ChainA:PHE614	-117.730952	155.408100	General
4a11:ChainA:GLY615	-74.762071	132.268673	Glycine
4a11:ChainA:LEU616	-122.262151	142.540239	General
4a11:ChainA:ASN617	-115.139683	114.848441	General
4a11:ChainA:ILE618	-61.166985	-8.231660	General
4a11:ChainA:GLU619	-103.452802	-68.326452	General
4a11:ChainA:THR620	-66.410570	-38.171932	General
4a11:ChainA:GLY621	76.388291	29.541505	Glycine
4a11:ChainA:LEU622	-93.475551	124.682351	General
4a11:ChainA:LEU623	-91.139318	117.987342	General
4a11:ChainA:SER624	-128.755603	159.655387	General
4a11:ChainA:ASP625	55.058145	67.093476	General
4a11:ChainA:ARG626	-65.454988	140.570682	General
4a11:ChainA:LYS627	-149.970817	146.765531	General
4a11:ChainA:LYS628	-142.260348	138.016772	General
4a11:ChainA:VAL629	-130.971088	151.699789	General
4a11:ChainA:THR630	-113.767013	109.672541	General
4a11:ChainA:LEU631	-114.791253	105.755781	General
4a11:ChainA:GLY632	100.951318	152.651717	Glycine
4a11:ChainA:THR633	-99.182490	-13.585711	General
4a11:ChainA:GLN634	-92.518265	161.820532	Pre-Pro
4a11:ChainA:PRO635	-54.737468	128.691900	Proline
4a11:ChainA:THR636	-102.050705	121.535370	General
4a11:ChainA:VAL637	-104.571767	142.997214	General
4a11:ChainA:LEU638	-108.814750	146.296818	General
4a11:ChainA:ARG639	-134.782224	144.090045	General
4a11:ChainA:THR640	-88.027520	139.395054	General
4a11:ChainA:PHE641	-142.484884	131.005895	General
4a11:ChainA:ARG642	-83.018467	122.862000	General
4a11:ChainA:SER643	-113.536234	106.420011	General
4a11:ChainA:LEU644	46.711658	-119.931895	General
4a11:ChainA:SER645	-50.833095	-55.744010	General
4a11:ChainA:THR646	-118.319775	160.314994	General
4a11:ChainA:THR647	-88.246106	130.898069	General
4a11:ChainA:ASN648	-120.917174	148.482878	General
4a11:ChainA:VAL649	-103.400946	121.376465	General
4a11:ChainA:PHE650	-86.826306	139.366492	General
4a11:ChainA:ALA651	-121.267826	111.804148	General
4a11:ChainA:CYS652	-88.479127	123.439132	General
4a11:ChainA:SER653	-169.649646	-172.720972	General
4a11:ChainA:ASP654	-74.089490	-15.424905	General
4a11:ChainA:ARG655	-129.907347	76.210510	Pre-Pro
4a11:ChainA:PRO656	-60.715719	135.564658	Proline
4a11:ChainA:THR657	-138.538435	144.463501	General
4a11:ChainA:VAL658	-105.576229	131.056050	General
4a11:ChainA:ILE659	-117.362742	124.813380	General
4a11:ChainA:TYR660	-151.095748	-171.613508	General
4a11:ChainA:SER661	-121.216420	144.945076	General
4a11:ChainA:SER662	-145.323672	134.777513	General
4a11:ChainA:ASN663	54.739755	29.767098	General
4a11:ChainA:HIS664	60.553788	33.273547	General
4a11:ChainA:LYS665	-140.851721	129.324633	General
4a11:ChainA:LEU666	-56.665206	140.351136	General
4a11:ChainA:VAL667	-126.701145	128.471300	General
4a11:ChainA:PHE668	-116.276981	106.198418	General
4a11:ChainA:SER669	-95.171182	124.201171	General
4a11:ChainA:ASN670	-64.757163	154.318244	General
4a11:ChainA:VAL671	-117.957491	135.651674	General
4a11:ChainA:ASN672	-78.404390	6.238229	General
4a11:ChainA:LEU673	-70.741662	161.374676	General
4a11:ChainA:LYS674	-75.362344	-67.698099	General
4a11:ChainA:GLU675	-150.038993	143.091646	General
4a11:ChainA:VAL676	-133.512067	117.332820	General
4a11:ChainA:ASN677	-80.946334	-43.317904	General
4a11:ChainA:TYR678	-146.054447	155.633653	General
4a11:ChainA:MET679	-152.651284	149.253761	General
4a11:ChainA:CYS680	-144.917541	146.629189	Pre-Pro
4a11:ChainA:PRO681	-74.020519	134.849886	Proline
4a11:ChainA:LEU682	-128.537362	115.546312	General
4a11:ChainA:ASN683	-115.748853	108.776393	General
4a11:ChainA:SER684	-113.291087	175.124209	General
4a11:ChainA:ASP685	-59.971775	-29.227078	General
4a11:ChainA:GLY686	-104.942244	-13.912892	Glycine
4a11:ChainA:TYR687	-124.712820	79.778175	Pre-Pro
4a11:ChainA:PRO688	-73.495957	130.209317	Proline
4a11:ChainA:ASP689	39.266004	49.227194	General
4a11:ChainA:SER690	-105.088316	-175.411260	General
4a11:ChainA:LEU691	-121.281847	144.434832	General
4a11:ChainA:ALA692	-100.231423	113.708784	General
4a11:ChainA:LEU693	-115.711302	144.973229	General
4a11:ChainA:ALA694	-138.625853	131.891075	General
4a11:ChainA:ASN695	-111.366392	-174.664423	General
4a11:ChainA:ASN696	-52.019841	-35.457995	General
4a11:ChainA:SER697	-96.171627	-58.396725	General
4a11:ChainA:THR698	-117.086753	153.119910	General
4a11:ChainA:LEU699	-101.382796	111.056283	General
4a11:ChainA:THR700	-109.249608	149.157404	General
4a11:ChainA:ILE701	-121.767283	150.862375	General
4a11:ChainA:GLY702	162.670715	-164.988800	Glycine
4a11:ChainA:THR703	-134.191247	165.887107	General
4a11:ChainA:ILE704	-75.943776	130.895472	General
4a11:ChainA:ASP705	-76.629522	124.136503	General
4a11:ChainA:GLU706	-55.883281	-59.581385	General
4a11:ChainA:ILE707	-66.061746	130.107046	General
4a11:ChainA:GLN708	-82.415149	130.963307	General
4a11:ChainA:LYS709	-118.155356	156.559311	General
4a11:ChainA:LEU710	-70.778898	134.270515	General
4a11:ChainA:HIS711	-107.083076	135.930072	General
4a11:ChainA:ILE712	-123.388787	128.557665	General
4a11:ChainA:ARG713	-117.097657	148.238657	General
4a11:ChainA:THR714	-113.064851	136.411575	General
4a11:ChainA:VAL715	-123.968001	89.416430	Pre-Pro
4a11:ChainA:PRO716	-62.745200	126.170769	Proline
4a11:ChainA:LEU717	-101.028123	-16.249792	General
4a11:ChainA:TYR718	55.706331	23.860084	General
4a11:ChainA:GLU719	-165.211224	-176.276898	General
4a11:ChainA:SER720	-102.097044	113.053015	Pre-Pro
4a11:ChainA:PRO721	-75.981833	143.567357	Proline
4a11:ChainA:ARG722	-122.716545	-63.060789	General
4a11:ChainA:LYS723	-118.575982	160.103611	General
4a11:ChainA:ILE724	-150.222857	142.837020	General
4a11:ChainA:CYS725	-157.560750	158.329754	General
4a11:ChainA:TYR726	-112.365800	123.671311	General
4a11:ChainA:GLN727	-104.578543	105.006839	General
4a11:ChainA:GLU728	-67.363944	-48.534999	General
4a11:ChainA:VAL729	-60.052892	-26.978242	General
4a11:ChainA:SER730	-98.116492	-5.198443	General
4a11:ChainA:GLN731	57.439880	40.462176	General
4a11:ChainA:CYS732	-155.855855	162.589683	General
4a11:ChainA:PHE733	-95.574359	136.861389	General
4a11:ChainA:GLY734	-84.411373	140.159662	Glycine
4a11:ChainA:VAL735	-142.473247	135.121312	General
4a11:ChainA:LEU736	-97.082852	120.057014	General
4a11:ChainA:SER737	-118.230572	159.220092	General
4a11:ChainA:SER738	-135.728212	121.416001	General
4a11:ChainA:ARG739	-105.539826	147.531217	General
4a11:ChainA:ILE740	-87.184134	136.712517	General
4a11:ChainA:GLU741	-125.476254	156.486153	General
4a11:ChainA:VAL742	-122.054592	163.102467	General
4a11:ChainA:THR749	-135.056170	162.833538	General
4a11:ChainA:THR750	-150.575983	150.749005	General
4a11:ChainA:ALA751	-75.114816	161.108333	General
4a11:ChainA:LEU752	-81.892025	-28.783511	General
4a11:ChainA:ARG753	-146.675533	146.724699	Pre-Pro
4a11:ChainA:PRO754	-65.210923	133.592055	Proline
4a11:ChainA:SER755	-131.072638	178.742938	General
4a11:ChainA:ALA756	-48.459258	-33.867142	General
4a11:ChainA:SER757	-66.844604	-30.301309	General
4a11:ChainA:THR758	-94.466988	-8.402136	General
4a11:ChainA:GLN759	-93.365782	-4.774031	General
4a11:ChainA:ALA760	-56.382421	145.159488	General
4a11:ChainA:LEU761	-73.743093	-41.408369	General
4a11:ChainA:SER762	-133.372437	148.909650	General
4a11:ChainA:SER763	-149.706782	150.922381	General
4a11:ChainA:SER764	-132.885763	165.276159	General
4a11:ChainA:VAL765	-130.153425	139.188715	General
4a11:ChainA:SER766	-57.556580	128.893883	General
4a11:ChainA:SER767	-97.087842	2.126603	General
4a11:ChainA:SER768	-50.877176	137.378439	General
4a11:ChainA:LYS769	-96.431556	-4.364977	General
4a11:ChainA:LEU770	-55.665348	-50.663752	General
4a11:ChainA:PHE771	-103.348343	110.404937	General
4a11:ChainA:GLU785	-140.762776	130.239897	General
4a11:ChainA:VAL786	-116.159363	141.181855	General
4a11:ChainA:GLU787	-77.332295	133.219260	General
4a11:ChainA:VAL788	-109.859419	132.297442	General
4a11:ChainA:HIS789	-113.604216	130.460357	General
4a11:ChainA:ASN790	-121.761853	147.432325	General
4a11:ChainA:LEU791	-95.358464	118.558288	General
4a11:ChainA:LEU792	-104.439778	126.649760	General
4a11:ChainA:ILE793	-89.197639	122.389005	General
4a11:ChainA:ILE794	-125.665323	126.693575	General
4a11:ChainA:ASP795	-60.885786	134.607335	General
4a11:ChainA:GLN796	-72.558277	-6.469261	General
4a11:ChainA:HIS797	-116.820910	-62.938747	General
4a11:ChainA:THR798	-70.285928	-29.872697	General
4a11:ChainA:PHE799	66.562621	21.892998	General
4a11:ChainA:GLU800	-78.295622	159.120732	General
4a11:ChainA:VAL801	-90.146533	107.991525	General
4a11:ChainA:LEU802	-73.325481	-41.917675	General
4a11:ChainA:HIS803	-149.607286	152.437398	General
4a11:ChainA:ALA804	-133.170962	113.857995	General
4a11:ChainA:HIS805	-94.901913	124.086310	General
4a11:ChainA:GLN806	-101.276703	132.421423	General
4a11:ChainA:PHE807	-81.969963	-175.669284	General
4a11:ChainA:LEU808	-69.597755	161.550134	General
4a11:ChainA:GLN809	-55.080799	134.284934	General
4a11:ChainA:ASN810	64.695522	21.915694	General
4a11:ChainA:GLU811	-93.879741	144.775159	General
4a11:ChainA:TYR812	-119.631571	124.669739	General
4a11:ChainA:ALA813	-74.630198	122.216993	General
4a11:ChainA:LEU814	-111.421947	-56.598921	General
4a11:ChainA:SER815	-125.332570	151.032359	General
4a11:ChainA:LEU816	-143.082119	135.105909	General
4a11:ChainA:VAL817	-141.137783	141.018729	General
4a11:ChainA:SER818	-116.530427	117.538290	General
4a11:ChainA:CYS819	-168.024359	174.248665	General
4a11:ChainA:LYS820	-115.015303	143.477360	General
4a11:ChainA:LEU821	-115.056836	155.544204	General
4a11:ChainA:GLY822	48.640665	-144.768929	Glycine
4a11:ChainA:LYS823	-86.258913	4.392421	General
4a11:ChainA:ASP824	-91.494564	121.965017	Pre-Pro
4a11:ChainA:PRO825	-70.770873	-18.928609	Proline
4a11:ChainA:ASN826	-71.131037	135.307886	General
4a11:ChainA:THR827	-88.744236	137.776418	General
4a11:ChainA:TYR828	-127.260411	156.191528	General
4a11:ChainA:PHE829	-99.059772	120.773319	General
4a11:ChainA:ILE830	-115.537456	131.162498	General
4a11:ChainA:VAL831	-130.869982	121.044976	General
4a11:ChainA:GLY832	-91.251466	145.818367	Glycine
4a11:ChainA:THR833	-136.168882	-176.782564	General
4a11:ChainA:ALA834	-148.108606	148.586305	General
4a11:ChainA:MET835	-89.680980	119.729151	General
4a11:ChainA:VAL836	-104.504862	108.112075	General
4a11:ChainA:TYR837	-111.167878	151.111036	Pre-Pro
4a11:ChainA:PRO838	-63.836689	-37.293896	Proline
4a11:ChainA:GLU839	-66.892777	-20.464650	General
4a11:ChainA:GLU840	-113.856617	142.370614	General
4a11:ChainA:ALA841	-82.559457	-32.947589	General
4a11:ChainA:GLU842	-136.522802	139.900447	Pre-Pro
4a11:ChainA:PRO843	-69.285106	130.475430	Proline
4a11:ChainA:LYS844	-95.031004	3.725203	General
4a11:ChainA:GLN845	-144.693820	153.852492	General
4a11:ChainA:GLY846	-176.899339	176.634985	Glycine
4a11:ChainA:ARG847	-153.149629	153.736382	General
4a11:ChainA:ILE848	-101.519569	138.867746	General
4a11:ChainA:VAL849	-136.510611	127.106506	General
4a11:ChainA:VAL850	-98.848326	121.815027	General
4a11:ChainA:PHE851	-117.050843	146.764614	General
4a11:ChainA:GLN852	-123.865262	131.106098	General
4a11:ChainA:TYR853	-108.663666	110.351601	General
4a11:ChainA:SER854	-146.006599	150.785212	General
4a11:ChainA:ASP855	50.531468	44.975544	General
4a11:ChainA:GLY856	55.476665	29.803427	Glycine
4a11:ChainA:LYS857	-132.219505	133.300062	General
4a11:ChainA:LEU858	-91.155440	112.252603	General
4a11:ChainA:GLN859	-107.260898	135.408592	General
4a11:ChainA:THR860	-91.403544	111.046380	General
4a11:ChainA:VAL861	-78.732777	-61.834645	General
4a11:ChainA:ALA862	-147.517523	160.062384	General
4a11:ChainA:GLU863	-113.495220	153.601809	General
4a11:ChainA:LYS864	-139.953228	123.122087	General
4a11:ChainA:GLU865	-76.493718	146.838936	General
4a11:ChainA:VAL866	-140.984347	157.997231	General
4a11:ChainA:LYS867	-81.518181	5.928650	General
4a11:ChainA:GLY868	-179.702529	-160.059726	Glycine
4a11:ChainA:ALA869	-70.283304	133.734976	General
4a11:ChainA:VAL870	-97.759562	99.364697	General
4a11:ChainA:TYR871	-81.426223	-27.393295	General
4a11:ChainA:SER872	-154.529303	154.324382	General
4a11:ChainA:MET873	-148.161875	148.378447	General
4a11:ChainA:VAL874	-151.038943	143.043430	General
4a11:ChainA:GLU875	-74.569530	122.022563	General
4a11:ChainA:PHE876	-116.079547	106.242240	General
4a11:ChainA:ASN877	45.901608	49.439225	General
4a11:ChainA:GLY878	75.413519	11.722930	Glycine
4a11:ChainA:LYS879	-125.757706	162.691560	General
4a11:ChainA:LEU880	-101.232596	132.080561	General
4a11:ChainA:LEU881	-115.571038	114.807846	General
4a11:ChainA:ALA882	-128.173084	152.412391	General
4a11:ChainA:SER883	-111.664889	130.571685	General
4a11:ChainA:ILE884	-117.680827	107.458355	General
4a11:ChainA:ASN885	53.027295	-112.471689	General
4a11:ChainA:SER886	-84.085443	-4.517581	General
4a11:ChainA:THR887	-111.352341	126.576370	General
4a11:ChainA:VAL888	-102.909514	122.228437	General
4a11:ChainA:ARG889	-135.127951	158.094075	General
4a11:ChainA:LEU890	-112.605164	127.920952	General
4a11:ChainA:TYR891	-106.550777	141.956664	General
4a11:ChainA:GLU892	-107.225355	145.655088	General
4a11:ChainA:TRP893	-98.756288	114.632536	General
4a11:ChainA:THR894	-73.108144	159.188721	General
4a11:ChainA:THR895	-64.468592	-8.207297	General
4a11:ChainA:GLU896	-93.325385	5.443324	General
4a11:ChainA:LYS897	59.698475	69.527442	General
4a11:ChainA:GLU898	-158.473083	169.605518	General
4a11:ChainA:LEU899	-105.411821	108.836467	General
4a11:ChainA:ARG900	-100.666965	123.909163	General
4a11:ChainA:THR901	-66.690880	126.487584	General
4a11:ChainA:GLU902	-94.788320	-63.311329	General
4a11:ChainA:CYS903	-138.832030	144.136658	General
4a11:ChainA:ASN904	-107.821680	143.427195	General
4a11:ChainA:HIS905	-121.212292	111.777986	General
4a11:ChainA:TYR906	-95.223070	-3.302637	General
4a11:ChainA:ASN907	-91.784583	95.790610	General
4a11:ChainA:ASN908	-164.827961	160.241093	General
4a11:ChainA:ILE909	-99.441289	-62.197779	General
4a11:ChainA:MET910	-141.305141	122.519836	General
4a11:ChainA:ALA911	-100.331855	99.951318	General
4a11:ChainA:LEU912	-96.105946	-15.429319	General
4a11:ChainA:TYR913	-143.714604	134.548772	General
4a11:ChainA:LEU914	-131.779357	135.583595	General
4a11:ChainA:LYS915	-139.665926	155.109121	General
4a11:ChainA:THR916	-140.914056	140.788067	General
4a11:ChainA:LYS917	-134.612532	113.462893	General
4a11:ChainA:GLY918	65.565064	-124.879245	Glycine
4a11:ChainA:ASP919	-90.833424	3.291504	General
4a11:ChainA:PHE920	-91.760981	139.255092	General
4a11:ChainA:ILE921	-122.109345	139.166571	General
4a11:ChainA:LEU922	-113.591349	117.385705	General
4a11:ChainA:VAL923	-112.126717	108.520318	General
4a11:ChainA:GLY924	-75.288946	129.803205	Glycine
4a11:ChainA:ASP925	-115.055030	155.915001	General
4a11:ChainA:LEU926	-56.038728	-55.117156	General
4a11:ChainA:MET927	-114.218122	-46.323466	General
4a11:ChainA:ARG928	-58.433253	4.311651	General
4a11:ChainA:SER929	66.591595	-126.434117	General
4a11:ChainA:VAL930	-123.628433	153.709868	General
4a11:ChainA:LEU931	-137.979774	129.863604	General
4a11:ChainA:LEU932	-94.150206	112.034408	General
4a11:ChainA:LEU933	-116.200410	144.313000	General
4a11:ChainA:ALA934	-128.259573	164.318189	General
4a11:ChainA:TYR935	-112.952304	113.863349	General
4a11:ChainA:LYS936	-87.784552	107.383718	Pre-Pro
4a11:ChainA:PRO937	-59.380050	-27.655870	Proline
4a11:ChainA:MET938	-64.154067	-58.199639	General
4a11:ChainA:GLU939	-80.048144	-7.036958	General
4a11:ChainA:GLY940	56.138358	52.853054	Glycine
4a11:ChainA:ASN941	-154.510271	178.103481	General
4a11:ChainA:PHE942	-105.873830	144.472846	General
4a11:ChainA:GLU943	-138.240660	127.167488	General
4a11:ChainA:GLU944	-64.817531	133.599193	General
4a11:ChainA:ILE945	-92.749999	-60.574236	General
4a11:ChainA:ALA946	-152.889258	163.786694	General
4a11:ChainA:ARG947	-135.459992	161.919645	General
4a11:ChainA:ASP948	-98.136094	117.613938	General
4a11:ChainA:PHE949	-90.138379	9.848438	General
4a11:ChainA:ASN950	-91.615109	120.709873	Pre-Pro
4a11:ChainA:PRO951	-71.377474	128.945780	Proline
4a11:ChainA:ASN952	-149.159714	142.928810	General
4a11:ChainA:TRP953	-90.602621	119.152988	General
4a11:ChainA:MET954	-91.337671	138.228979	General
4a11:ChainA:SER955	-98.853978	-56.997038	General
4a11:ChainA:ALA956	-133.440751	169.844736	General
4a11:ChainA:VAL957	-145.189215	141.804322	General
4a11:ChainA:GLU958	-146.185280	148.836827	General
4a11:ChainA:ILE959	-96.545168	121.849132	General
4a11:ChainA:LEU960	-83.271448	-43.000429	General
4a11:ChainA:ASP961	-166.298221	178.351262	General
4a11:ChainA:ASP962	-50.512993	-24.475703	General
4a11:ChainA:ASP963	-102.348655	-59.068048	General
4a11:ChainA:ASN964	-83.234397	144.476534	General
4a11:ChainA:PHE965	-129.063448	129.065693	General
4a11:ChainA:LEU966	-96.786993	142.182714	General
4a11:ChainA:GLY967	-147.689658	156.259112	Glycine
4a11:ChainA:ALA968	-116.708931	123.876914	General
4a11:ChainA:GLU969	-85.133108	147.293499	General
4a11:ChainA:ASN970	-51.105976	-27.934027	General
4a11:ChainA:ALA971	-93.527697	15.650384	General
4a11:ChainA:PHE972	73.354176	33.000216	General
4a11:ChainA:ASN973	-109.472936	152.604919	General
4a11:ChainA:LEU974	-112.173066	150.370464	General
4a11:ChainA:PHE975	-145.516562	169.160672	General
4a11:ChainA:VAL976	-134.038484	136.289986	General
4a11:ChainA:CYS977	-114.193999	155.655992	General
4a11:ChainA:GLN978	-146.775609	140.592421	General
4a11:ChainA:LYS979	-72.797238	121.027257	General
4a11:ChainA:ASP980	-74.628978	163.119814	General
4a11:ChainA:ASP986	-82.778702	-166.446975	General
4a11:ChainA:GLU987	-78.331360	1.502962	General
4a11:ChainA:GLU988	-84.652214	5.109807	General
4a11:ChainA:ARG989	-64.359413	-3.513353	General
4a11:ChainA:GLN990	-82.385771	5.681279	General
4a11:ChainA:HIS991	-100.295434	125.075829	General
4a11:ChainA:LEU992	-88.399068	124.745229	General
4a11:ChainA:GLN993	-82.638586	146.206301	General
4a11:ChainA:GLU994	-94.641091	108.816787	General
4a11:ChainA:VAL995	-99.662711	0.530845	General
4a11:ChainA:GLY996	-155.100301	149.946102	Glycine
4a11:ChainA:LEU997	-145.968215	131.076062	General
4a11:ChainA:PHE998	-151.224367	137.818491	General
4a11:ChainA:HIS999	-92.562135	113.968075	General
4a11:ChainA:LEU1000	-79.645070	-39.881592	General
4a11:ChainA:GLY1001	87.070791	0.567334	Glycine
4a11:ChainA:GLU1002	-130.580022	148.967571	General
4a11:ChainA:PHE1003	-94.134570	111.596553	General
4a11:ChainA:VAL1004	-86.022582	118.383032	General
4a11:ChainA:ASN1005	-85.062027	-36.163820	General
4a11:ChainA:VAL1006	-147.282912	137.914686	General
4a11:ChainA:PHE1007	-113.516977	134.137605	General
4a11:ChainA:CYS1008	-147.728216	140.053600	General
4a11:ChainA:HIS1009	-65.050201	133.508630	General
4a11:ChainA:GLY1010	155.162864	171.907208	Glycine
4a11:ChainA:SER1011	-143.237836	152.124023	General
4a11:ChainA:LEU1012	-93.288573	8.999010	General
4a11:ChainA:VAL1013	-120.804852	177.475936	General
4a11:ChainA:THR1024	-142.496580	130.162881	General
4a11:ChainA:GLN1025	-81.371203	128.421808	General
4a11:ChainA:GLY1026	82.190631	153.548896	Glycine
4a11:ChainA:SER1027	-144.243035	120.922553	General
4a11:ChainA:VAL1028	-117.254213	137.049995	General
4a11:ChainA:LEU1029	-110.040620	148.516555	General
4a11:ChainA:PHE1030	-134.357390	140.309967	General
4a11:ChainA:GLY1031	-96.720726	151.937216	Glycine
4a11:ChainA:THR1032	-135.632825	174.932217	General
4a11:ChainA:VAL1033	-74.162987	-36.154670	General
4a11:ChainA:ASN1034	-85.781349	1.903288	General
4a11:ChainA:GLY1035	94.932281	-12.283164	Glycine
4a11:ChainA:MET1036	-58.026719	138.828708	General
4a11:ChainA:ILE1037	-118.780687	123.841317	General
4a11:ChainA:GLY1038	-108.407366	173.876876	Glycine
4a11:ChainA:LEU1039	-141.094808	134.096206	General
4a11:ChainA:VAL1040	-116.652836	138.720839	General
4a11:ChainA:THR1041	-151.270879	163.504796	General
4a11:ChainA:SER1042	-106.427297	149.707742	General
4a11:ChainA:LEU1043	-124.565221	149.663815	General
4a11:ChainA:SER1044	-70.706648	147.457910	General
4a11:ChainA:GLU1045	-48.480187	-41.438838	General
4a11:ChainA:SER1046	-53.140307	-43.282149	General
4a11:ChainA:TRP1047	-70.568376	-51.443426	General
4a11:ChainA:TYR1048	-48.787610	-48.659940	General
4a11:ChainA:ASN1049	-65.518327	-44.675460	General
4a11:ChainA:LEU1050	-51.719901	-57.235173	General
4a11:ChainA:LEU1051	-59.142012	-39.978627	General
4a11:ChainA:LEU1052	-56.380306	-47.962078	General
4a11:ChainA:ASP1053	-62.385675	-45.095298	General
4a11:ChainA:MET1054	-57.723072	-44.764764	General
4a11:ChainA:GLN1055	-51.068157	-54.450123	General
4a11:ChainA:ASN1056	-59.392749	-43.552215	General
4a11:ChainA:ARG1057	-70.878411	-42.511973	General
4a11:ChainA:LEU1058	-50.946114	-49.563894	General
4a11:ChainA:ASN1059	-53.769213	-51.265458	General
4a11:ChainA:LYS1060	-53.589290	-42.940850	General
4a11:ChainA:VAL1061	-78.131364	-40.501901	General
4a11:ChainA:ILE1062	-71.791039	136.064648	General
4a11:ChainA:LYS1063	-95.329788	108.636500	General
4a11:ChainA:SER1064	-80.151758	152.932007	General
4a11:ChainA:VAL1065	-59.397185	-68.490488	General
4a11:ChainA:GLY1066	-76.489228	14.075001	Glycine
4a11:ChainA:LYS1067	59.934468	24.145374	General
4a11:ChainA:ILE1068	-71.728049	150.891861	General
4a11:ChainA:GLU1069	-86.476038	129.086123	General
4a11:ChainA:HIS1070	-60.375199	-44.260778	General
4a11:ChainA:SER1071	-65.551416	-29.142365	General
4a11:ChainA:PHE1072	-64.530745	-52.897913	General
4a11:ChainA:TRP1073	-49.325631	-39.087149	General
4a11:ChainA:ARG1074	-97.196995	0.471165	General
4a11:ChainA:SER1075	-71.254407	128.377972	General
4a11:ChainA:PHE1076	-52.849383	131.250240	General
4a11:ChainA:HIS1077	-147.283860	135.111476	General
4a11:ChainA:THR1078	-149.629866	-170.924236	General
4a11:ChainA:GLU1079	-60.547764	-52.897281	General
4a11:ChainA:ARG1080	-85.231090	-6.459978	General
4a11:ChainA:LYS1081	-154.936263	146.559984	General
4a11:ChainA:THR1082	-144.500407	124.543259	General
4a11:ChainA:GLU1083	-145.061333	152.365294	Pre-Pro
4a11:ChainA:PRO1084	-67.353974	131.570290	Proline
4a11:ChainA:ALA1085	-52.079084	128.807172	General
4a11:ChainA:THR1086	-134.291826	156.677700	General
4a11:ChainA:GLY1087	69.345271	18.666261	Glycine
4a11:ChainA:PHE1088	-137.397447	127.122539	General
4a11:ChainA:ILE1089	-100.926446	136.501393	General
4a11:ChainA:ASP1090	-89.437446	109.221935	General
4a11:ChainA:GLY1091	-64.944710	-42.955411	Glycine
4a11:ChainA:ASP1092	-51.073844	-46.847115	General
4a11:ChainA:LEU1093	-63.111151	-45.024702	General
4a11:ChainA:ILE1094	-69.443170	-42.534355	General
4a11:ChainA:GLU1095	-67.033201	-10.994598	General
4a11:ChainA:SER1096	-76.915790	-10.492579	General
4a11:ChainA:PHE1097	-71.532215	-18.913752	General
4a11:ChainA:LEU1098	-79.488451	-22.763958	General
4a11:ChainA:ASP1099	-94.201508	-10.354500	General
4a11:ChainA:ILE1100	-74.694170	158.323162	General
4a11:ChainA:SER1101	-56.955590	141.985559	General
4a11:ChainA:ARG1102	-45.891655	-51.232094	Pre-Pro
4a11:ChainA:PRO1103	-62.067259	-47.041227	Proline
4a11:ChainA:LYS1104	-57.625503	-28.859615	General
4a11:ChainA:MET1105	-65.544489	-54.623997	General
4a11:ChainA:GLN1106	-60.649376	-25.082311	General
4a11:ChainA:GLU1107	-66.035065	-55.015188	General
4a11:ChainA:VAL1108	-53.723711	-54.632424	General
4a11:ChainA:VAL1109	-47.355913	-63.516741	General
4a11:ChainA:ALA1110	44.900765	-123.764540	General
4a11:ChainA:ASN1111	-76.379865	-70.602104	General
4a11:ChainA:LEU1112	60.801332	-137.438928	General
4a11:ChainA:THR1125	-136.322391	121.799901	General
4a11:ChainA:ALA1126	49.535155	-114.182009	General
4a11:ChainA:ASP1127	-49.401201	-26.251195	General
4a11:ChainA:ASP1128	-55.399015	-57.763596	General
4a11:ChainA:LEU1129	-61.398755	-39.842513	General
4a11:ChainA:ILE1130	-53.821921	-50.299005	General
4a11:ChainA:LYS1131	-51.854195	-55.970243	General
4a11:ChainA:VAL1132	-51.284272	-63.263345	General
4a11:ChainA:VAL1133	-53.498926	-32.413788	General
4a11:ChainA:GLU1134	-68.372792	-43.500985	General
4a11:ChainA:GLU1135	-60.087129	-42.918289	General
4a11:ChainA:LEU1136	-57.908215	-20.306944	General
4a11:ChainA:THR1137	-86.940092	-7.342299	General
4a11:ChainA:ARG1138	-70.492393	-8.428390	General
4a11:ChainA:ILE1139	-92.815287	3.419616	General
4a11:ChainB:LEU2	-67.220137	-26.737486	General
4a11:ChainB:GLY3	-77.901182	-33.184005	Glycine
4a11:ChainB:PHE4	-58.832370	-56.432835	General
4a11:ChainB:LEU5	-52.698149	-69.931851	General
4a11:ChainB:SER6	-52.001638	-29.265207	General
4a11:ChainB:ALA7	-70.440067	-58.276256	General
4a11:ChainB:ARG8	-52.397460	-35.356730	General
4a11:ChainB:GLN9	-75.215759	-42.586126	General
4a11:ChainB:THR10	-90.337374	3.627606	General
4a11:ChainB:GLY11	59.183449	35.395980	Glycine
4a11:ChainB:LEU12	-61.692108	-58.440068	General
4a11:ChainB:GLU13	-109.576235	151.902380	General
4a11:ChainB:ASP14	-50.040908	132.859767	Pre-Pro
4a11:ChainB:PRO15	-67.732834	-26.187150	Proline
4a11:ChainB:LEU16	-92.373911	-1.199442	General
4a11:ChainB:ARG17	-80.185704	-48.353757	General
4a11:ChainB:LEU18	-59.738671	-30.987391	General
4a11:ChainB:ARG19	-70.192018	-54.677675	General
4a11:ChainB:ARG20	-56.304159	-44.251088	General
4a11:ChainB:ALA21	-64.922398	-34.544230	General
4a11:ChainB:GLU22	-70.065734	-47.529895	General
4a11:ChainB:SER23	-52.757588	-41.941295	General
4a11:ChainB:THR24	-68.544524	-40.567834	General
4a11:ChainB:ARG25	-50.820225	-39.896034	General
4a11:ChainB:ARG26	-67.353895	-50.604970	General
4a11:ChainB:VAL27	-50.094748	-41.377532	General
4a11:ChainB:LEU28	-62.531696	-32.528420	General
4a11:ChainB:GLY29	-90.711388	23.305538	Glycine
4a11:ChainB:LEU30	-66.364282	133.594914	General
4a11:ChainB:GLU31	-158.637714	163.086679	General
4a11:ChainB:LEU32	-68.391701	124.737777	General
4a11:ChainB:ASN33	-89.437673	105.953904	General
4a11:ChainB:LYS34	-87.264596	0.899943	General
4a11:ChainB:ASP35	-95.122759	-7.859381	General
4a11:ChainB:ARG36	-121.115115	131.615386	General
4a11:ChainB:ASP37	-115.079542	154.524220	General
4a11:ChainB:VAL38	-117.180259	125.496863	General
4a11:ChainB:GLU39	-53.949022	127.855729	General
4a11:ChainB:ARG40	-81.867506	118.487935	General
4a11:ChainB:ILE41	-120.644628	-57.053926	General
4a11:ChainB:HIS42	-46.728250	129.482223	General
4a11:ChainB:GLY43	-89.394003	-25.799038	Glycine
4a11:ChainB:GLY44	-101.543915	166.060189	Glycine
4a11:ChainB:GLY45	-66.321051	148.007265	Glycine
4a11:ChainB:ILE46	-78.299954	113.449795	General
4a11:ChainB:ASN47	-86.043772	-24.022305	General
4a11:ChainB:THR48	-156.732650	151.353057	General
4a11:ChainB:LEU49	-137.327325	143.171833	General
4a11:ChainB:ASP50	-142.478471	125.778526	General
4a11:ChainB:ILE51	-95.693835	130.132700	General
4a11:ChainB:GLU52	-49.486410	130.593908	Pre-Pro
4a11:ChainB:PRO53	-65.030828	-45.080534	Proline
4a11:ChainB:VAL54	-97.448153	126.004588	General
4a11:ChainB:GLU55	71.370690	-17.238628	General
4a11:ChainB:GLY56	47.167727	43.422987	Glycine
4a11:ChainB:ARG57	-83.263870	-43.802395	General
4a11:ChainB:TYR58	-107.238527	152.057076	General
4a11:ChainB:MET59	-141.179924	139.201852	General
4a11:ChainB:LEU60	-102.375716	138.859673	General
4a11:ChainB:SER61	-123.098662	154.591430	General
4a11:ChainB:GLY62	-144.239075	145.103184	Glycine
4a11:ChainB:GLY63	-110.199002	167.807074	Glycine
4a11:ChainB:SER64	-70.415438	-14.234773	General
4a11:ChainB:ASP65	-85.324012	-2.165733	General
4a11:ChainB:GLY66	81.143512	3.249314	Glycine
4a11:ChainB:VAL67	-88.575418	146.981111	General
4a11:ChainB:ILE68	-114.238770	127.775244	General
4a11:ChainB:VAL69	-112.671317	150.141587	General
4a11:ChainB:LEU70	-124.836979	114.834540	General
4a11:ChainB:TYR71	-104.124879	149.973646	General
4a11:ChainB:ASP72	-95.008587	117.739052	General
4a11:ChainB:LEU73	-83.170353	-6.875176	General
4a11:ChainB:GLU74	-81.435009	157.321698	General
4a11:ChainB:ASN75	-116.695097	118.707530	General
4a11:ChainB:SER76	-87.394168	-13.941808	General
4a11:ChainB:SER77	-76.230121	163.507182	General
4a11:ChainB:ARG78	-64.862185	-27.662716	General
4a11:ChainB:GLN79	-83.814279	157.997257	General
4a11:ChainB:SER80	-79.250764	-28.940620	General
4a11:ChainB:TYR81	-93.660443	130.908051	General
4a11:ChainB:TYR82	-158.281236	166.337245	General
4a11:ChainB:THR83	-101.848776	146.127897	General
4a11:ChainB:CYS84	-92.125032	106.215403	General
4a11:ChainB:LYS85	-78.079239	143.932475	General
4a11:ChainB:ALA86	-78.506185	122.111214	General
4a11:ChainB:VAL87	-70.318495	-52.320463	General
4a11:ChainB:CYS88	-129.725309	166.546312	General
4a11:ChainB:SER89	-150.888587	144.119699	General
4a11:ChainB:ILE90	-101.661217	104.538490	General
4a11:ChainB:GLY91	-109.165445	-178.938659	Glycine
4a11:ChainB:ARG92	-47.527865	-39.823491	General
4a11:ChainB:ASP93	-82.710210	-23.047202	General
4a11:ChainB:HIS94	-59.373994	126.612178	Pre-Pro
4a11:ChainB:PRO95	-52.896380	-35.864675	Proline
4a11:ChainB:ASP96	-95.594332	4.976620	General
4a11:ChainB:VAL97	-52.817297	142.760226	General
4a11:ChainB:HIS98	-66.741350	141.989778	General
4a11:ChainB:ARG99	-79.137008	-42.612117	General
4a11:ChainB:TYR100	-114.003190	-175.634893	General
4a11:ChainB:SER101	-48.959707	137.150297	General
4a11:ChainB:VAL102	-89.865754	112.791274	General
4a11:ChainB:GLU103	-84.798072	-38.068785	General
4a11:ChainB:THR104	-137.754318	148.536405	General
4a11:ChainB:VAL105	-144.065878	130.919378	General
4a11:ChainB:GLN106	-143.241973	135.591481	General
4a11:ChainB:TRP107	-68.065038	128.936753	General
4a11:ChainB:TYR108	-50.662466	124.763594	Pre-Pro
4a11:ChainB:PRO109	-78.001398	152.827172	Proline
4a11:ChainB:HIS110	77.114974	-15.174791	General
4a11:ChainB:ASP111	-137.369374	118.400703	General
4a11:ChainB:THR112	-77.337675	-27.118725	General
4a11:ChainB:GLY113	-70.595230	6.885453	Glycine
4a11:ChainB:MET114	-146.652309	138.214869	General
4a11:ChainB:PHE115	-130.905101	171.217527	General
4a11:ChainB:THR116	-133.384540	147.365395	General
4a11:ChainB:SER117	-133.758372	143.658483	General
4a11:ChainB:SER118	-120.974644	150.094864	General
4a11:ChainB:SER119	-134.237891	177.177290	General
4a11:ChainB:PHE120	-83.220777	-0.983775	General
4a11:ChainB:ASP121	-87.119330	9.932485	General
4a11:ChainB:LYS122	70.591245	27.187786	General
4a11:ChainB:THR123	-123.328983	160.892360	General
4a11:ChainB:LEU124	-126.856415	121.446009	General
4a11:ChainB:LYS125	-115.140741	136.016484	General
4a11:ChainB:VAL126	-103.986815	114.190426	General
4a11:ChainB:TRP127	-98.887199	173.379976	General
4a11:ChainB:ASP128	-133.211437	115.277134	General
4a11:ChainB:THR129	-68.783020	-37.043391	General
4a11:ChainB:ASN130	-67.421752	-56.912475	General
4a11:ChainB:THR131	-80.814992	-9.289363	General
4a11:ChainB:LEU132	46.168011	34.197957	General
4a11:ChainB:GLN133	-122.400367	159.943874	General
4a11:ChainB:THR134	-67.065661	157.205749	General
4a11:ChainB:ALA135	-128.114480	-57.541904	General
4a11:ChainB:ASP136	-133.725063	141.819374	General
4a11:ChainB:VAL137	-125.900356	133.291248	General
4a11:ChainB:PHE138	-119.090431	142.482133	General
4a11:ChainB:ASN139	-117.216342	152.058428	General
4a11:ChainB:PHE140	-133.764182	152.857849	General
4a11:ChainB:GLU141	-67.047459	-8.409042	General
4a11:ChainB:GLU142	-142.876626	169.370585	General
4a11:ChainB:THR143	-65.128778	142.147486	General
4a11:ChainB:VAL144	-91.642955	114.917495	General
4a11:ChainB:TYR145	-83.024194	-64.683138	General
4a11:ChainB:SER146	-124.283573	142.686430	General
4a11:ChainB:HIS147	-127.920550	164.547503	General
4a11:ChainB:HIS148	-160.655786	157.418788	General
4a11:ChainB:MET149	-129.942774	158.479662	General
4a11:ChainB:SER150	-75.085692	120.414197	Pre-Pro
4a11:ChainB:PRO151	-74.016339	-25.117463	Proline
4a11:ChainB:VAL152	-68.339260	-44.429374	General
4a11:ChainB:SER153	-156.980892	175.936327	General
4a11:ChainB:THR154	-100.064590	4.595881	General
4a11:ChainB:LYS155	-56.722368	-30.342290	General
4a11:ChainB:HIS156	-139.229439	161.415297	General
4a11:ChainB:CYS157	-101.301565	6.219558	General
4a11:ChainB:LEU158	-57.979655	135.622826	General
4a11:ChainB:VAL159	-106.490918	146.950304	General
4a11:ChainB:ALA160	-112.658883	123.184808	General
4a11:ChainB:VAL161	-114.284548	116.405480	General
4a11:ChainB:GLY162	-80.773824	126.524807	Glycine
4a11:ChainB:THR163	-131.984225	-178.756677	General
4a11:ChainB:ARG164	-71.279312	-23.781207	General
4a11:ChainB:GLY165	-66.798061	149.616884	Glycine
4a11:ChainB:PRO166	-71.555323	-14.810907	Proline
4a11:ChainB:LYS167	-84.657123	134.371240	General
4a11:ChainB:VAL168	-87.332877	137.644210	General
4a11:ChainB:GLN169	-109.059454	125.663102	General
4a11:ChainB:LEU170	-112.760614	106.778756	General
4a11:ChainB:CYS171	-93.961382	137.794905	General
4a11:ChainB:ASP172	-104.937140	110.375151	General
4a11:ChainB:LEU173	-59.521858	-31.346262	General
4a11:ChainB:LYS174	-75.183231	121.365142	General
4a11:ChainB:SER175	52.682141	-156.580205	General
4a11:ChainB:GLY176	-88.301260	-49.429670	Glycine
4a11:ChainB:SER177	43.003218	-135.623277	General
4a11:ChainB:CYS178	66.982092	43.129182	General
4a11:ChainB:SER179	-94.354494	2.936192	General
4a11:ChainB:HIS180	-85.476836	121.708832	General
4a11:ChainB:ILE181	-131.050697	128.648922	General
4a11:ChainB:LEU182	-98.176926	123.280263	General
4a11:ChainB:GLN183	-115.147630	155.810729	General
4a11:ChainB:GLY184	118.968009	-11.263102	Glycine
4a11:ChainB:HIS185	-79.310939	141.579283	General
4a11:ChainB:ARG186	-100.870111	-1.070507	General
4a11:ChainB:GLN187	-146.796495	-165.982583	General
4a11:ChainB:GLU188	-56.520045	135.328608	General
4a11:ChainB:ILE189	-88.965548	113.138517	General
4a11:ChainB:LEU190	-95.226148	-11.868727	General
4a11:ChainB:ALA191	-155.013011	148.036443	General
4a11:ChainB:VAL192	-142.378165	135.616506	General
4a11:ChainB:SER193	-144.358367	131.708553	General
4a11:ChainB:TRP194	-77.940977	149.276250	General
4a11:ChainB:SER195	-67.469353	136.278295	Pre-Pro
4a11:ChainB:PRO196	-67.210827	-26.601972	Proline
4a11:ChainB:ARG197	-92.224894	-58.491868	General
4a11:ChainB:TYR198	-95.890295	136.090665	General
4a11:ChainB:ASP199	-55.632611	-54.219400	General
4a11:ChainB:TYR200	-98.906167	2.823426	General
4a11:ChainB:ILE201	-86.993918	128.675404	General
4a11:ChainB:LEU202	-126.524855	149.668239	General
4a11:ChainB:ALA203	-116.656203	132.174805	General
4a11:ChainB:THR204	-128.131517	140.571426	General
4a11:ChainB:ALA205	-127.340029	138.753573	General
4a11:ChainB:SER206	-133.022534	161.601301	General
4a11:ChainB:ALA207	-65.353840	-5.151947	General
4a11:ChainB:ASP208	-80.819811	9.831911	General
4a11:ChainB:SER209	67.733178	21.856612	General
4a11:ChainB:ARG210	-126.915248	153.747143	General
4a11:ChainB:VAL211	-130.061543	133.107644	General
4a11:ChainB:LYS212	-129.618815	143.438204	General
4a11:ChainB:LEU213	-110.608452	126.737192	General
4a11:ChainB:TRP214	-116.239110	148.558783	General
4a11:ChainB:ASP215	-97.097223	108.567462	General
4a11:ChainB:VAL216	-62.376557	-20.417743	General
4a11:ChainB:ARG217	-66.187232	-16.861393	General
4a11:ChainB:ARG218	-86.132520	135.335842	General
4a11:ChainB:ALA219	-66.958524	-39.199988	General
4a11:ChainB:SER220	-136.620502	140.843722	General
4a11:ChainB:GLY221	90.504877	156.253619	Glycine
4a11:ChainB:CYS222	-100.611769	177.450548	General
4a11:ChainB:LEU223	-84.624022	-62.875731	General
4a11:ChainB:ILE224	-134.613333	161.414883	General
4a11:ChainB:THR225	-124.487824	127.701812	General
4a11:ChainB:LEU226	-69.253404	123.207532	General
4a11:ChainB:ASP227	-112.893574	120.311652	General
4a11:ChainB:GLN228	-71.062032	-14.288584	General
4a11:ChainB:HIS229	-99.049564	4.198634	General
4a11:ChainB:ASN230	43.855436	40.250187	General
4a11:ChainB:GLY231	59.806522	23.933398	Glycine
4a11:ChainB:LYS232	-82.185703	-9.582353	General
4a11:ChainB:LYS233	-112.907792	127.256089	General
4a11:ChainB:SER234	-92.163473	109.171570	General
4a11:ChainB:GLN235	-119.559302	161.490219	General
4a11:ChainB:ALA236	-72.747359	173.021447	General
4a11:ChainB:VAL237	-71.031162	-170.909117	General
4a11:ChainB:GLU238	61.562919	-11.406773	General
4a11:ChainB:SER239	-115.132548	-52.541238	General
4a11:ChainB:ALA240	-62.227250	163.280385	General
4a11:ChainB:ASN241	56.767663	54.799060	General
4a11:ChainB:THR242	-111.547587	140.856974	General
4a11:ChainB:ALA243	-79.526583	-48.241310	General
4a11:ChainB:HIS244	-132.907753	169.199043	General
4a11:ChainB:ASN245	-89.182319	15.428747	General
4a11:ChainB:GLY246	-154.814835	-166.436202	Glycine
4a11:ChainB:LYS247	-60.787133	138.221784	General
4a11:ChainB:VAL248	-94.058666	104.821631	General
4a11:ChainB:ASN249	-100.282492	-14.686095	General
4a11:ChainB:GLY250	-106.511882	146.753062	Glycine
4a11:ChainB:LEU251	-142.463768	130.396165	General
4a11:ChainB:CYS252	-148.920404	138.308893	General
4a11:ChainB:PHE253	-91.244113	140.818402	General
4a11:ChainB:THR254	-69.156894	150.333837	General
4a11:ChainB:SER255	-47.338217	-42.302502	General
4a11:ChainB:ASP256	-72.924625	-15.912010	General
4a11:ChainB:GLY257	86.485745	6.313831	Glycine
4a11:ChainB:LEU258	-93.307373	-2.770716	General
4a11:ChainB:HIS259	-145.402238	156.925542	General
4a11:ChainB:LEU260	-120.125546	138.205511	General
4a11:ChainB:LEU261	-109.411665	126.657865	General
4a11:ChainB:THR262	-121.776343	139.860070	General
4a11:ChainB:VAL263	-116.335124	129.732960	General
4a11:ChainB:GLY264	-109.665512	176.525552	Glycine
4a11:ChainB:THR265	-86.609342	-1.078660	General
4a11:ChainB:ASP266	-84.036079	3.953827	General
4a11:ChainB:ASN267	65.674142	45.517483	General
4a11:ChainB:ARG268	-138.854543	151.729567	General
4a11:ChainB:MET269	-125.758542	132.168500	General
4a11:ChainB:ARG270	-124.414182	144.174946	General
4a11:ChainB:LEU271	-112.929482	129.337171	General
4a11:ChainB:TRP272	-122.981797	149.196074	General
4a11:ChainB:ASN273	-63.516003	122.066525	General
4a11:ChainB:SER274	-71.595110	-14.078585	General
4a11:ChainB:SER275	-87.470769	-68.359107	General
4a11:ChainB:ASN276	-92.164539	-7.553511	General
4a11:ChainB:GLY277	70.616594	26.482920	Glycine
4a11:ChainB:GLU278	-75.907176	147.591567	General
4a11:ChainB:ASN279	-77.090755	127.096039	General
4a11:ChainB:THR280	-84.279047	-13.855134	General
4a11:ChainB:LEU281	65.723337	25.314113	General
4a11:ChainB:VAL282	-60.784214	133.720704	General
4a11:ChainB:ASN283	-60.653309	-74.104884	General
4a11:ChainB:TYR284	65.109803	-14.932212	General
4a11:ChainB:GLY285	62.118121	-166.953587	Glycine
4a11:ChainB:LYS286	-69.969989	131.985778	General
4a11:ChainB:VAL287	-125.414187	114.053572	General
4a11:ChainB:CYS288	-72.678718	117.988658	General
4a11:ChainB:ASN289	-131.503657	109.780285	General
4a11:ChainB:ASN290	-106.586510	-3.257724	General
4a11:ChainB:SER291	-52.914739	135.877002	General
4a11:ChainB:LYS292	-82.811470	-32.955396	General
4a11:ChainB:LYS293	-84.545369	-165.900330	General
4a11:ChainB:GLY294	-79.309429	165.781349	Glycine
4a11:ChainB:LEU295	-128.274633	116.042084	General
4a11:ChainB:LYS296	-91.781099	126.380208	General
4a11:ChainB:PHE297	-140.023098	171.718994	General
4a11:ChainB:THR298	-146.913256	173.381294	General
4a11:ChainB:VAL299	-124.641260	149.296726	General
4a11:ChainB:SER300	-73.060613	161.574351	General
4a11:ChainB:CYS301	-150.668438	147.208183	General
4a11:ChainB:GLY302	92.124525	20.748450	Glycine
4a11:ChainB:CYS303	-122.651849	165.047254	General
4a11:ChainB:SER304	-49.183109	-69.578673	General
4a11:ChainB:SER305	-81.606539	149.468617	General
4a11:ChainB:GLU306	-101.598046	129.086984	General
4a11:ChainB:PHE307	-112.991902	153.856216	General
4a11:ChainB:VAL308	-117.003751	133.509184	General
4a11:ChainB:PHE309	-111.569133	104.587554	General
4a11:ChainB:VAL310	-111.959045	129.754457	Pre-Pro
4a11:ChainB:PRO311	-57.767036	133.969462	Proline
4a11:ChainB:TYR312	-136.607236	113.304063	General
4a11:ChainB:GLY313	55.905366	-134.387999	Glycine
4a11:ChainB:SER314	-91.352408	8.112666	General
4a11:ChainB:THR315	-113.071281	178.733298	General
4a11:ChainB:ILE316	-123.483810	114.261885	General
4a11:ChainB:ALA317	-74.510167	127.136304	General
4a11:ChainB:VAL318	-105.261934	124.066859	General
4a11:ChainB:TYR319	-122.398571	165.383472	General
4a11:ChainB:THR320	-97.882880	125.177583	General
4a11:ChainB:VAL321	-53.331195	-55.538096	General
4a11:ChainB:TYR322	-83.655458	-43.276198	General
4a11:ChainB:SER323	-69.099443	-47.823490	General
4a11:ChainB:GLY324	92.863377	20.344829	Glycine
4a11:ChainB:GLU325	-90.937649	138.913314	General
4a11:ChainB:GLN326	-78.972596	118.550935	General
4a11:ChainB:ILE327	-76.610664	-61.000468	General
4a11:ChainB:THR328	-159.132966	165.776417	General
4a11:ChainB:MET329	-112.470131	111.787688	General
4a11:ChainB:LEU330	-73.441952	120.553392	General
4a11:ChainB:LYS331	-116.444546	100.864819	General
4a11:ChainB:GLY332	-121.714846	-17.206953	Glycine
4a11:ChainB:HIS333	-101.292731	146.314623	General
4a11:ChainB:TYR334	-93.370374	-10.910249	General
4a11:ChainB:LYS335	-135.789195	176.212604	General
4a11:ChainB:THR336	-55.568518	130.801703	General
4a11:ChainB:VAL337	-86.849751	119.260167	General
4a11:ChainB:ASP338	-85.283160	-33.241388	General
4a11:ChainB:CYS339	-160.483394	159.582020	General
4a11:ChainB:CYS340	-148.885941	143.955277	General
4a11:ChainB:VAL341	-129.624404	147.245372	General
4a11:ChainB:PHE342	-99.927331	130.551987	General
4a11:ChainB:GLN343	-90.646450	105.322503	General
4a11:ChainB:SER344	-69.074624	-27.672548	General
4a11:ChainB:ASN345	-63.576474	-60.183352	General
4a11:ChainB:PHE346	-102.707975	2.758238	General
4a11:ChainB:GLN347	65.918628	37.766373	General
4a11:ChainB:GLU348	-101.047845	177.417623	General
4a11:ChainB:LEU349	-144.570001	140.696362	General
4a11:ChainB:TYR350	-121.702116	135.019574	General
4a11:ChainB:SER351	-123.838751	132.211060	General
4a11:ChainB:GLY352	-97.635696	147.488555	Glycine
4a11:ChainB:SER353	-152.947932	165.808893	General
4a11:ChainB:ARG354	-70.793232	-1.567375	General
4a11:ChainB:ASP355	-87.344139	9.100152	General
4a11:ChainB:CYS356	58.361236	38.074871	General
4a11:ChainB:ASN357	-136.650613	144.530025	General
4a11:ChainB:ILE358	-108.877123	114.152950	General
4a11:ChainB:LEU359	-96.982443	144.363384	General
4a11:ChainB:ALA360	-99.338681	129.497517	General
4a11:ChainB:TRP361	-121.267504	110.610154	General
4a11:ChainB:VAL362	-117.541375	152.988109	Pre-Pro
4a11:ChainB:PRO363	-72.673804	141.956545	Proline
4a11:ChainB:SER364	-114.492821	137.328209	General
