4ci3:ChainA:TYR3	-127.792545	120.042662	General
4ci3:ChainA:ASN4	-116.677827	163.066383	General
4ci3:ChainA:TYR5	-128.747633	123.370178	General
4ci3:ChainA:VAL6	-118.960341	131.774132	General
4ci3:ChainA:VAL7	-142.265487	150.861896	General
4ci3:ChainA:THR8	-83.717358	114.983456	General
4ci3:ChainA:ALA9	-82.635484	-33.075692	General
4ci3:ChainA:GLN10	-146.739834	124.184977	General
4ci3:ChainA:LYS11	-60.986237	158.905093	Pre-Pro
4ci3:ChainA:PRO12	-61.415466	136.216747	Proline
4ci3:ChainA:THR13	-96.467317	-40.269160	General
4ci3:ChainA:ALA14	-55.537667	141.557667	General
4ci3:ChainA:VAL15	-93.496263	120.635370	General
4ci3:ChainA:ASN16	-90.697947	-25.381895	General
4ci3:ChainA:GLY17	-177.993231	161.911840	Glycine
4ci3:ChainA:CYS18	-153.934939	143.831233	General
4ci3:ChainA:VAL19	-135.365474	162.041526	General
4ci3:ChainA:THR20	-128.730455	141.246050	General
4ci3:ChainA:GLY21	177.959118	-160.142973	Glycine
4ci3:ChainA:HIS22	-123.474356	64.566711	General
4ci3:ChainA:PHE23	-69.041914	-50.099068	General
4ci3:ChainA:THR24	-68.113797	-74.683900	General
4ci3:ChainA:SER25	-123.466078	156.197227	General
4ci3:ChainA:ALA26	-70.778643	-0.407942	General
4ci3:ChainA:GLU27	-97.947232	-52.248949	General
4ci3:ChainA:ASP28	-70.728402	124.644212	General
4ci3:ChainA:LEU29	-80.696446	120.449042	General
4ci3:ChainA:ASN30	-104.029642	146.454671	General
4ci3:ChainA:LEU31	-121.958264	113.233812	General
4ci3:ChainA:LEU32	-103.445343	120.179120	General
4ci3:ChainA:ILE33	-110.396370	128.804456	General
4ci3:ChainA:ALA34	-100.698482	115.860712	General
4ci3:ChainA:LYS35	-114.792091	60.223795	General
4ci3:ChainA:ASN36	67.258986	-89.835851	General
4ci3:ChainA:THR37	-88.947516	-5.822899	General
4ci3:ChainA:ARG38	-112.310535	146.685551	General
4ci3:ChainA:LEU39	-129.492623	107.773556	General
4ci3:ChainA:GLU40	-92.912848	125.624898	General
4ci3:ChainA:ILE41	-116.017343	132.765912	General
4ci3:ChainA:TYR42	-133.614403	165.458954	General
4ci3:ChainA:VAL43	-122.428758	134.427868	General
4ci3:ChainA:VAL44	-71.537907	103.494989	General
4ci3:ChainA:THR45	-68.998096	-19.152891	General
4ci3:ChainA:ALA46	72.530994	-30.691126	General
4ci3:ChainA:GLU47	-114.762581	27.102001	General
4ci3:ChainA:GLY48	150.495694	-148.676740	Glycine
4ci3:ChainA:LEU49	-136.048561	118.704002	General
4ci3:ChainA:ARG50	-88.760573	107.568995	Pre-Pro
4ci3:ChainA:PRO51	-77.922432	109.982664	Proline
4ci3:ChainA:VAL52	-89.725330	-58.788067	General
4ci3:ChainA:LYS53	-155.472923	151.494395	General
4ci3:ChainA:GLU54	-129.470971	116.522465	General
4ci3:ChainA:VAL55	-116.720170	130.061152	General
4ci3:ChainA:GLY56	-81.745982	161.463847	Glycine
4ci3:ChainA:MET57	-142.986717	154.583098	General
4ci3:ChainA:TYR58	-91.618784	54.190735	General
4ci3:ChainA:GLY59	178.804109	165.343451	Glycine
4ci3:ChainA:LYS60	-97.240184	123.579695	General
4ci3:ChainA:ILE61	-64.595628	126.146116	General
4ci3:ChainA:ALA62	-108.045887	-52.805024	General
4ci3:ChainA:VAL63	-113.605966	143.591076	General
4ci3:ChainA:MET64	-156.365390	95.792539	General
4ci3:ChainA:GLU65	-139.464081	126.769314	General
4ci3:ChainA:LEU66	-74.111504	159.710473	General
4ci3:ChainA:PHE67	-167.552224	146.900446	General
4ci3:ChainA:ARG68	-123.235886	94.798579	Pre-Pro
4ci3:ChainA:PRO69	-82.215631	107.554049	Proline
4ci3:ChainA:LYS70	54.429743	-129.524727	General
4ci3:ChainA:GLY71	-74.919402	114.324709	Glycine
4ci3:ChainA:GLU72	-148.569766	141.417060	General
4ci3:ChainA:SER73	-66.030834	-27.993805	General
4ci3:ChainA:LYS74	-154.698587	-154.252677	General
4ci3:ChainA:ASP75	-104.570547	149.369035	General
4ci3:ChainA:LEU76	-103.400791	137.254288	General
4ci3:ChainA:LEU77	-108.882358	129.138578	General
4ci3:ChainA:PHE78	-101.515144	136.927727	General
4ci3:ChainA:ILE79	-134.996385	135.216650	General
4ci3:ChainA:LEU80	-127.316135	127.418830	General
4ci3:ChainA:THR81	-87.275570	170.714341	General
4ci3:ChainA:ALA82	-65.901849	-26.244736	General
4ci3:ChainA:LYS83	-87.464689	12.302218	General
4ci3:ChainA:TYR84	66.115826	32.577736	General
4ci3:ChainA:ASN85	-83.941356	120.032099	General
4ci3:ChainA:ALA86	-110.712867	139.780918	General
4ci3:ChainA:CYS87	-155.758079	144.255990	General
4ci3:ChainA:ILE88	-106.117602	123.911130	General
4ci3:ChainA:LEU89	-119.225809	134.842137	General
4ci3:ChainA:GLU90	-110.727905	145.661882	General
4ci3:ChainA:TYR91	-88.412200	142.441569	General
4ci3:ChainA:LYS92	-141.265432	122.451016	General
4ci3:ChainA:GLN93	-131.352408	132.816427	General
4ci3:ChainA:SER94	-148.785605	90.791559	General
4ci3:ChainA:GLY95	74.456567	-131.861347	Glycine
4ci3:ChainA:GLU96	-81.867783	-4.108653	General
4ci3:ChainA:SER97	-96.564470	111.279821	General
4ci3:ChainA:ILE98	-114.232893	130.225934	General
4ci3:ChainA:ASP99	-143.664810	126.879307	General
4ci3:ChainA:ILE100	-78.930686	134.573584	General
4ci3:ChainA:ILE101	-119.662151	130.479395	General
4ci3:ChainA:THR102	-75.558387	137.341635	General
4ci3:ChainA:ARG103	-110.173749	-30.919346	General
4ci3:ChainA:ALA104	-160.324083	150.453510	General
4ci3:ChainA:HIS105	-161.640440	145.147876	General
4ci3:ChainA:GLY106	-177.403093	158.594225	Glycine
4ci3:ChainA:ASN107	-96.426356	113.191809	General
4ci3:ChainA:VAL108	-82.510687	-7.865083	General
4ci3:ChainA:GLN109	-51.808481	138.692140	General
4ci3:ChainA:ASP110	-92.438432	145.618014	General
4ci3:ChainA:ARG111	-58.439160	-31.662679	General
4ci3:ChainA:ILE112	-133.257182	-179.694381	General
4ci3:ChainA:GLY113	109.079533	145.960917	Glycine
4ci3:ChainA:ARG114	-92.631031	116.171407	Pre-Pro
4ci3:ChainA:PRO115	-60.736762	124.627291	Proline
4ci3:ChainA:SER116	-52.044264	150.369188	General
4ci3:ChainA:GLU117	-71.636341	-36.744462	General
4ci3:ChainA:THR118	-83.305807	16.051386	General
4ci3:ChainA:GLY119	75.325789	-169.718845	Glycine
4ci3:ChainA:ILE120	-80.682253	125.695590	General
4ci3:ChainA:ILE121	-115.782844	118.766748	General
4ci3:ChainA:GLY122	-117.454663	93.301194	Glycine
4ci3:ChainA:ILE123	-102.714863	158.009861	General
4ci3:ChainA:ILE124	-135.705567	134.595952	General
4ci3:ChainA:ASP125	-59.565954	142.313280	Pre-Pro
4ci3:ChainA:PRO126	-62.902985	-30.430359	Proline
4ci3:ChainA:GLU127	-83.133006	4.899203	General
4ci3:ChainA:CYS128	64.306521	22.309098	General
4ci3:ChainA:ARG129	-70.451828	-21.521110	General
4ci3:ChainA:MET130	-166.982295	176.693629	General
4ci3:ChainA:ILE131	-123.344377	125.394577	General
4ci3:ChainA:GLY132	-105.323041	125.204135	Glycine
4ci3:ChainA:LEU133	-124.352356	126.317613	General
4ci3:ChainA:ARG134	-112.961674	89.424834	General
4ci3:ChainA:LEU135	-104.012820	-32.396993	General
4ci3:ChainA:TYR136	-128.434129	140.123655	General
4ci3:ChainA:ASP137	-73.565125	127.470522	General
4ci3:ChainA:GLY138	98.755622	5.730635	Glycine
4ci3:ChainA:LEU139	-142.394247	148.216545	General
4ci3:ChainA:PHE140	-129.537969	97.394715	General
4ci3:ChainA:LYS141	-71.235331	139.554691	General
4ci3:ChainA:VAL142	-128.077076	121.299610	General
4ci3:ChainA:ILE143	-114.134434	97.588987	Pre-Pro
4ci3:ChainA:PRO144	-68.933896	99.720164	Proline
4ci3:ChainA:GLU151	-108.830175	14.041146	General
4ci3:ChainA:LEU152	47.006842	65.932037	General
4ci3:ChainA:LYS153	-62.924541	127.611451	General
4ci3:ChainA:ALA154	-123.337434	157.776968	General
4ci3:ChainA:PHE155	-152.048446	147.833008	General
4ci3:ChainA:ASN156	-100.042293	159.746180	General
4ci3:ChainA:ILE157	-137.394974	125.556130	General
4ci3:ChainA:ARG158	-66.857580	95.480975	General
4ci3:ChainA:LEU159	-85.839987	101.181268	General
4ci3:ChainA:GLU160	-47.219615	-47.978215	General
4ci3:ChainA:GLU161	-79.933080	107.681123	General
4ci3:ChainA:LEU162	-68.103822	-43.206041	General
4ci3:ChainA:HIS163	-98.572442	88.529792	General
4ci3:ChainA:VAL164	-92.819277	124.555736	General
4ci3:ChainA:ILE165	-80.704699	-66.701660	General
4ci3:ChainA:ASP166	-135.678745	159.836066	General
4ci3:ChainA:VAL167	-152.096207	144.738040	General
4ci3:ChainA:LYS168	-143.779650	154.850250	General
4ci3:ChainA:PHE169	-83.619313	123.537687	General
4ci3:ChainA:LEU170	-69.224366	135.764800	General
4ci3:ChainA:TYR171	-77.993378	158.444384	General
4ci3:ChainA:GLY172	48.255581	66.042766	Glycine
4ci3:ChainA:CYS173	-133.163443	134.188184	General
4ci3:ChainA:GLN174	-62.154854	-43.909603	General
4ci3:ChainA:ALA175	-113.478898	119.621519	Pre-Pro
4ci3:ChainA:PRO176	-43.185265	133.115292	Proline
4ci3:ChainA:THR177	-131.682845	144.913391	General
4ci3:ChainA:ILE178	-118.334700	131.834738	General
4ci3:ChainA:CYS179	-112.707985	125.676869	General
4ci3:ChainA:PHE180	-133.898425	139.233800	General
4ci3:ChainA:VAL181	-84.546939	132.973495	General
4ci3:ChainA:TYR182	-139.455036	151.385091	General
4ci3:ChainA:GLN183	-118.338829	142.236474	General
4ci3:ChainA:ASP184	-139.871278	171.083482	Pre-Pro
4ci3:ChainA:PRO185	-57.964753	-27.817435	Proline
4ci3:ChainA:GLN186	-67.006754	-46.667645	General
4ci3:ChainA:GLY187	173.678860	-158.805224	Glycine
4ci3:ChainA:ARG188	-115.435490	118.087865	General
4ci3:ChainA:HIS189	-128.114134	151.641775	General
4ci3:ChainA:VAL190	-95.298152	137.634726	General
4ci3:ChainA:LYS191	-135.147520	164.304637	General
4ci3:ChainA:THR192	-130.842523	145.674889	General
4ci3:ChainA:TYR193	-144.996561	143.324903	General
4ci3:ChainA:GLU194	-102.496605	123.482804	General
4ci3:ChainA:VAL195	-92.507389	115.688584	General
4ci3:ChainA:SER196	-97.563277	126.917263	General
4ci3:ChainA:LEU197	-84.072654	-48.561705	General
4ci3:ChainA:ARG198	-61.162819	-15.145165	General
4ci3:ChainA:GLU199	-120.484635	-9.868507	General
4ci3:ChainA:LYS200	54.302654	34.339681	General
4ci3:ChainA:GLU201	-142.694804	175.902917	General
4ci3:ChainA:PHE202	-102.622994	141.950352	General
4ci3:ChainA:ASN203	-137.808670	142.055546	General
4ci3:ChainA:LYS204	-25.564740	126.925844	General
4ci3:ChainA:GLY205	-68.780194	158.629784	Glycine
4ci3:ChainA:PRO206	-58.039329	-23.495301	Proline
4ci3:ChainA:TRP207	-140.975792	160.021052	General
4ci3:ChainA:LYS208	-55.143689	150.438601	General
4ci3:ChainA:GLN209	-72.677871	78.247446	General
4ci3:ChainA:GLU210	-71.278473	131.147435	General
4ci3:ChainA:ASN211	-72.125214	127.931897	General
4ci3:ChainA:VAL212	-108.886848	176.490316	General
4ci3:ChainA:GLU213	-54.478703	142.854399	General
4ci3:ChainA:ALA214	-54.812816	-28.834090	General
4ci3:ChainA:GLU215	-117.135821	40.198696	General
4ci3:ChainA:ALA216	-73.607136	121.895582	General
4ci3:ChainA:SER217	-108.222222	-42.804229	General
4ci3:ChainA:MET218	-130.942183	144.212975	General
4ci3:ChainA:VAL219	-99.301449	126.996669	General
4ci3:ChainA:ILE220	-118.413144	105.630463	General
4ci3:ChainA:ALA221	-70.493030	117.081012	General
4ci3:ChainA:VAL222	-101.941557	130.218453	Pre-Pro
4ci3:ChainA:PRO223	-70.416355	-179.456749	Proline
4ci3:ChainA:GLU224	-68.381879	149.896191	Pre-Pro
4ci3:ChainA:PRO225	-82.614906	-1.113161	Proline
4ci3:ChainA:PHE226	-71.287986	-67.484083	General
4ci3:ChainA:GLY227	74.916198	179.580404	Glycine
4ci3:ChainA:GLY228	75.395546	-157.549808	Glycine
4ci3:ChainA:ALA229	-141.263179	149.446985	General
4ci3:ChainA:ILE230	-110.031732	105.352831	General
4ci3:ChainA:ILE231	-83.944977	129.146475	General
4ci3:ChainA:ILE232	-111.688050	133.432265	General
4ci3:ChainA:GLY233	-125.736579	-166.264043	Glycine
4ci3:ChainA:GLN234	-71.939406	-52.476837	General
4ci3:ChainA:GLU235	-102.201342	-22.767319	General
4ci3:ChainA:SER236	-129.073797	153.495072	General
4ci3:ChainA:ILE237	-123.505312	112.022941	General
4ci3:ChainA:THR238	-117.534254	150.913170	General
4ci3:ChainA:TYR239	-118.434621	137.401481	General
4ci3:ChainA:HIS240	-132.298972	133.302753	General
4ci3:ChainA:ASN241	-152.972244	59.872057	General
4ci3:ChainA:GLY242	70.496236	-95.645330	Glycine
4ci3:ChainA:ASP243	-90.530797	-4.853871	General
4ci3:ChainA:LYS244	-99.870848	124.543223	General
4ci3:ChainA:TYR245	-140.501984	147.526060	General
4ci3:ChainA:LEU246	-158.836425	90.389389	General
4ci3:ChainA:ALA247	-91.449781	116.990407	General
4ci3:ChainA:ILE248	-121.548063	143.997475	General
4ci3:ChainA:ALA249	-129.668124	79.861069	Pre-Pro
4ci3:ChainA:PRO250	-75.753690	137.245374	Proline
4ci3:ChainA:PRO251	-70.173548	-29.522335	Proline
4ci3:ChainA:ILE252	-56.252618	-21.914230	General
4ci3:ChainA:ILE253	-102.157133	6.619043	General
4ci3:ChainA:LYS254	-72.887788	-41.840338	General
4ci3:ChainA:GLN255	-51.761264	-49.801731	General
4ci3:ChainA:SER256	-133.503316	152.254601	General
4ci3:ChainA:THR257	-74.888698	141.671746	General
4ci3:ChainA:ILE258	-80.414690	118.048613	General
4ci3:ChainA:VAL259	-100.190115	-29.226336	General
4ci3:ChainA:CYS260	-144.165904	158.570688	General
4ci3:ChainA:HIS261	-140.280423	-177.766642	General
4ci3:ChainA:ASN262	-169.387626	151.610614	General
4ci3:ChainA:ARG263	-94.180548	126.369171	General
4ci3:ChainA:VAL264	-91.559013	-59.581919	General
4ci3:ChainA:ASP265	-92.995116	126.091701	Pre-Pro
4ci3:ChainA:PRO266	-56.429292	-25.625244	Proline
4ci3:ChainA:ASN267	-73.610345	-28.427146	General
4ci3:ChainA:GLY268	104.195952	37.287530	Glycine
4ci3:ChainA:SER269	-94.066654	-26.489709	General
4ci3:ChainA:ARG270	-132.652583	138.891562	General
4ci3:ChainA:TYR271	-135.464701	137.757850	General
4ci3:ChainA:LEU272	-86.179958	139.107730	General
4ci3:ChainA:LEU273	-126.236057	140.660247	General
4ci3:ChainA:GLY274	-135.405776	132.699614	Glycine
4ci3:ChainA:ASP275	-101.846879	-178.332738	General
4ci3:ChainA:MET276	-74.970063	-9.649699	General
4ci3:ChainA:GLU277	-105.509858	8.676324	General
4ci3:ChainA:GLY278	78.044482	20.879101	Glycine
4ci3:ChainA:ARG279	-85.767707	137.258847	General
4ci3:ChainA:LEU280	-108.774578	129.086664	General
4ci3:ChainA:PHE281	-121.909804	153.655823	General
4ci3:ChainA:MET282	-116.691423	115.172147	General
4ci3:ChainA:LEU283	-93.270876	104.834303	General
4ci3:ChainA:LEU284	-96.541145	140.567957	General
4ci3:ChainA:ARG301	-141.176842	140.445696	General
4ci3:ChainA:VAL302	-119.498349	137.061883	General
4ci3:ChainA:GLU303	-134.318070	130.760848	General
4ci3:ChainA:LEU304	-77.806467	123.059057	General
4ci3:ChainA:LEU305	-86.059783	-51.410903	General
4ci3:ChainA:GLY306	172.349475	-161.268615	Glycine
4ci3:ChainA:GLU307	-111.231888	137.543425	General
4ci3:ChainA:THR308	-129.854685	-171.492704	General
4ci3:ChainA:SER309	-73.490499	157.754989	General
4ci3:ChainA:ILE310	-63.957264	101.313733	General
4ci3:ChainA:ALA311	-72.770603	130.981727	General
4ci3:ChainA:GLU312	-88.986250	-44.351892	General
4ci3:ChainA:CYS313	-140.707047	149.225185	General
4ci3:ChainA:LEU314	-123.686940	148.331384	General
4ci3:ChainA:THR315	-144.863777	121.627627	General
4ci3:ChainA:TYR316	-89.403290	128.688919	General
4ci3:ChainA:LEU317	-141.451010	143.689056	General
4ci3:ChainA:ASP318	53.795149	-138.057088	General
4ci3:ChainA:ASN319	-116.356457	112.828468	General
4ci3:ChainA:GLY320	80.398923	-26.847602	Glycine
4ci3:ChainA:VAL321	-78.042490	137.771179	General
4ci3:ChainA:VAL322	-130.391241	138.695733	General
4ci3:ChainA:PHE323	-100.014846	122.848388	General
4ci3:ChainA:VAL324	-103.459361	104.485004	General
4ci3:ChainA:GLY325	-88.324703	101.255124	Glycine
4ci3:ChainA:SER326	-106.530459	136.243180	General
4ci3:ChainA:ARG327	-103.769758	-21.818795	General
4ci3:ChainA:LEU328	-92.834451	-18.413154	General
4ci3:ChainA:GLY329	-155.162917	-178.747613	Glycine
4ci3:ChainA:ASP330	-54.475362	129.698456	General
4ci3:ChainA:SER331	-72.051253	161.924772	General
4ci3:ChainA:GLN332	-139.128388	162.660182	General
4ci3:ChainA:LEU333	-121.006376	116.733569	General
4ci3:ChainA:VAL334	-131.452238	152.451949	General
4ci3:ChainA:LYS335	-107.149511	124.646324	General
4ci3:ChainA:LEU336	-90.675247	85.875342	General
4ci3:ChainA:ASN337	-70.748965	146.484244	General
4ci3:ChainA:VAL338	-74.726333	-25.800826	General
4ci3:ChainA:ASP339	-115.902614	129.615913	General
4ci3:ChainA:SER340	-70.908804	143.055416	General
4ci3:ChainA:ASN341	-75.493657	-171.843015	General
4ci3:ChainA:GLU342	-58.468815	-39.239951	General
4ci3:ChainA:GLN343	-72.531495	-25.325762	General
4ci3:ChainA:GLY344	104.262906	1.534429	Glycine
4ci3:ChainA:SER345	-81.332307	124.903162	General
4ci3:ChainA:TYR346	-85.400332	0.770350	General
4ci3:ChainA:VAL347	-112.042386	127.587230	General
4ci3:ChainA:VAL348	-130.873401	128.391691	General
4ci3:ChainA:ALA349	-79.075412	127.543960	General
4ci3:ChainA:MET350	-97.681016	-69.863395	General
4ci3:ChainA:GLU351	-123.769785	140.899712	General
4ci3:ChainA:THR352	-111.998626	132.766460	General
4ci3:ChainA:PHE353	-115.495806	114.246767	General
4ci3:ChainA:THR354	-54.499173	125.164131	General
4ci3:ChainA:ASN355	-129.550300	118.254871	General
4ci3:ChainA:LEU356	-83.970524	-21.774939	General
4ci3:ChainA:GLY357	-73.108958	138.654170	Glycine
4ci3:ChainA:PRO358	-85.350989	142.987934	Proline
4ci3:ChainA:ILE359	-90.883066	105.137384	General
4ci3:ChainA:VAL360	-94.299848	-15.995474	General
4ci3:ChainA:ASP361	-173.266429	153.608329	General
4ci3:ChainA:MET362	-159.361458	167.636733	General
4ci3:ChainA:CYS363	-154.578107	151.503751	General
4ci3:ChainA:VAL364	-100.401228	120.316723	General
4ci3:ChainA:VAL365	-131.012941	132.489696	General
4ci3:ChainA:ASP366	-76.305372	61.046782	General
4ci3:ChainA:LEU367	-72.418280	155.100761	General
4ci3:ChainA:GLU368	66.856635	-95.619522	General
4ci3:ChainA:ARG369	-102.480604	141.206306	General
4ci3:ChainA:GLN370	-72.596475	138.611871	General
4ci3:ChainA:GLY371	94.449592	-32.023809	Glycine
4ci3:ChainA:GLN372	-87.362294	99.606215	General
4ci3:ChainA:GLY373	-81.161236	140.725445	Glycine
4ci3:ChainA:GLN374	-121.791559	152.369091	General
4ci3:ChainA:LEU375	-116.231884	109.374437	General
4ci3:ChainA:VAL376	-99.534466	117.275692	General
4ci3:ChainA:THR377	-109.642936	156.303696	General
4ci3:ChainA:CYS378	-98.693724	96.392694	General
4ci3:ChainA:SER379	-109.462937	150.527746	General
4ci3:ChainA:GLY380	71.108228	-177.779425	Glycine
4ci3:ChainA:ALA381	-146.713680	157.037220	General
4ci3:ChainA:PHE382	56.504822	-132.560035	General
4ci3:ChainA:LYS383	-63.159721	-19.236932	General
4ci3:ChainA:GLU384	-92.892425	4.554758	General
4ci3:ChainA:GLY385	-63.687401	136.912021	Glycine
4ci3:ChainA:SER386	-155.075086	170.812765	General
4ci3:ChainA:LEU387	-111.215826	147.178563	General
4ci3:ChainA:ARG388	-132.206589	128.244442	General
4ci3:ChainA:ILE389	-109.753641	112.738774	General
4ci3:ChainA:ILE390	-109.134498	116.577629	General
4ci3:ChainA:ARG391	-127.761806	135.715473	General
4ci3:ChainA:ASN392	-76.591587	126.795990	General
4ci3:ChainA:GLY393	107.073894	148.849059	Glycine
4ci3:ChainA:ILE394	-75.874257	148.791657	General
4ci3:ChainA:GLY395	-114.659643	165.688960	Glycine
4ci3:ChainA:ILE396	-122.173283	138.600039	General
4ci3:ChainA:HIS397	-110.065750	98.130290	General
4ci3:ChainA:GLU398	-64.322249	127.033586	General
4ci3:ChainA:HIS399	-118.003546	-21.700341	General
4ci3:ChainA:ALA400	-147.498244	148.249931	General
4ci3:ChainA:SER401	-143.618314	121.938482	General
4ci3:ChainA:ILE402	-128.225488	136.066695	General
4ci3:ChainA:ASP403	-79.257882	99.238417	General
4ci3:ChainA:LEU404	-142.789788	83.003587	Pre-Pro
4ci3:ChainA:PRO405	-73.595961	157.584630	Proline
4ci3:ChainA:GLY406	63.292151	47.418222	Glycine
4ci3:ChainA:ILE407	-79.863579	129.506565	General
4ci3:ChainA:LYS408	-111.547595	3.378698	General
4ci3:ChainA:GLY409	178.506081	149.019194	Glycine
4ci3:ChainA:LEU410	-136.113190	127.465885	General
4ci3:ChainA:TRP411	-140.491562	133.012335	Pre-Pro
4ci3:ChainA:PRO412	-90.169733	145.672039	Proline
4ci3:ChainA:LEU413	-135.098019	156.573609	General
4ci3:ChainA:ARG414	-117.777072	93.968581	General
4ci3:ChainA:SER415	-68.602189	-12.309291	General
4ci3:ChainA:ASP416	-116.381464	114.643418	Pre-Pro
4ci3:ChainA:PRO417	-68.883884	-27.023147	Proline
4ci3:ChainA:ASN418	-68.456903	-19.786485	General
4ci3:ChainA:ARG419	-98.106128	145.083165	General
4ci3:ChainA:GLU420	-90.152057	-18.539338	General
4ci3:ChainA:THR421	-95.371231	149.694526	General
4ci3:ChainA:ASP422	-69.687514	123.546802	General
4ci3:ChainA:ASP423	-119.935106	-4.659418	General
4ci3:ChainA:THR424	-128.922463	134.393479	General
4ci3:ChainA:LEU425	-120.451959	120.828406	General
4ci3:ChainA:VAL426	-107.636561	123.624430	General
4ci3:ChainA:LEU427	-108.049249	144.766603	General
4ci3:ChainA:SER428	-120.141290	137.158936	General
4ci3:ChainA:PHE429	-133.492924	175.889556	General
4ci3:ChainA:VAL430	-59.299765	108.516146	General
4ci3:ChainA:GLY431	65.116659	8.837110	Glycine
4ci3:ChainA:GLN432	-133.651386	164.167484	General
4ci3:ChainA:THR433	-139.889502	127.723458	General
4ci3:ChainA:ARG434	-115.963711	148.555202	General
4ci3:ChainA:VAL435	-122.468300	128.669114	General
4ci3:ChainA:LEU436	-112.295941	140.296174	General
4ci3:ChainA:MET437	-108.896859	140.529621	General
4ci3:ChainA:LEU438	-109.021908	94.402088	General
4ci3:ChainA:ASN439	-94.026295	77.528331	General
4ci3:ChainA:GLY440	74.201018	-120.324951	Glycine
4ci3:ChainA:GLU441	-85.906547	-8.031314	General
4ci3:ChainA:GLU442	-88.922356	116.702582	General
4ci3:ChainA:VAL443	-96.272233	127.740581	General
4ci3:ChainA:GLU444	-136.973790	142.951905	General
4ci3:ChainA:GLU445	-71.934099	128.312009	General
4ci3:ChainA:THR446	-146.836185	175.848254	General
4ci3:ChainA:GLU447	-126.579311	114.806694	General
4ci3:ChainA:LEU448	-80.644823	116.779155	General
4ci3:ChainA:MET449	-60.406362	127.712169	General
4ci3:ChainA:GLY450	108.004719	-29.822609	Glycine
4ci3:ChainA:PHE451	-84.370514	145.996717	General
4ci3:ChainA:VAL452	-94.998162	139.713033	General
4ci3:ChainA:ASP453	-100.627921	-18.279607	General
4ci3:ChainA:ASP454	-89.405305	11.554997	General
4ci3:ChainA:GLN455	-135.249291	141.088363	General
4ci3:ChainA:GLN456	-71.466667	127.897750	General
4ci3:ChainA:THR457	-85.910650	140.458064	General
4ci3:ChainA:PHE458	-108.577465	-25.388009	General
4ci3:ChainA:PHE459	-165.968248	150.001520	General
4ci3:ChainA:CYS460	-167.679202	143.381656	General
4ci3:ChainA:GLY461	178.837955	175.694033	Glycine
4ci3:ChainA:ASN462	-74.657996	127.225919	General
4ci3:ChainA:VAL463	-126.875788	176.251184	General
4ci3:ChainA:ALA464	-44.710919	143.545890	General
4ci3:ChainA:HIS465	63.869228	46.526706	General
4ci3:ChainA:GLN466	47.555480	52.184427	General
4ci3:ChainA:GLN467	-125.521146	172.385824	General
4ci3:ChainA:LEU468	-132.027771	149.988393	General
4ci3:ChainA:ILE469	-127.404367	149.659677	General
4ci3:ChainA:GLN470	-141.889972	113.750303	General
4ci3:ChainA:ILE471	-102.162615	113.350266	General
4ci3:ChainA:THR472	-111.415670	173.674618	General
4ci3:ChainA:SER473	-59.784797	-21.725866	General
4ci3:ChainA:ALA474	-98.277639	-50.127021	General
4ci3:ChainA:SER475	-143.387051	-175.358503	General
4ci3:ChainA:VAL476	-118.480194	112.596008	General
4ci3:ChainA:ARG477	-107.201178	127.618851	General
4ci3:ChainA:LEU478	-110.513617	118.048202	General
4ci3:ChainA:VAL479	-116.110440	133.508709	General
4ci3:ChainA:SER480	-80.958758	155.104007	General
4ci3:ChainA:GLN481	-91.225768	-23.269422	General
4ci3:ChainA:GLU482	-134.375116	91.965222	Pre-Pro
4ci3:ChainA:PRO483	-91.816690	176.303730	Proline
4ci3:ChainA:LYS484	-75.854436	113.923322	General
4ci3:ChainA:ALA485	-165.359162	154.131600	General
4ci3:ChainA:LEU486	-75.563778	119.386510	General
4ci3:ChainA:VAL487	-99.721768	-27.783096	General
4ci3:ChainA:SER488	-155.057167	154.063345	General
4ci3:ChainA:GLU489	-150.153696	131.165152	General
4ci3:ChainA:TRP490	-118.128653	136.686618	General
4ci3:ChainA:LYS491	-136.382187	153.497799	General
4ci3:ChainA:GLU492	-64.308825	137.608417	Pre-Pro
4ci3:ChainA:PRO493	-54.460343	-28.830048	Proline
4ci3:ChainA:GLN494	-99.274359	26.556233	General
4ci3:ChainA:ALA495	53.952748	19.925079	General
4ci3:ChainA:LYS496	-67.931127	160.310713	General
4ci3:ChainA:ASN497	-83.255545	139.667826	General
4ci3:ChainA:ILE498	-73.735904	126.414040	General
4ci3:ChainA:SER499	-92.659298	-52.211979	General
4ci3:ChainA:VAL500	-124.548211	154.878587	General
4ci3:ChainA:ALA501	-153.507467	140.069445	General
4ci3:ChainA:SER502	-138.886357	142.994912	General
4ci3:ChainA:CYS503	-153.901990	138.542399	General
4ci3:ChainA:ASN504	-112.878552	-130.102763	General
4ci3:ChainA:SER505	-104.475910	-23.019934	General
4ci3:ChainA:SER506	-120.817648	-20.404422	General
4ci3:ChainA:GLN507	-124.696033	154.608302	General
4ci3:ChainA:VAL508	-140.147665	133.740677	General
4ci3:ChainA:VAL509	-130.003249	116.746300	General
4ci3:ChainA:VAL510	-122.296631	141.789066	General
4ci3:ChainA:ALA511	-105.766979	140.230422	General
4ci3:ChainA:VAL512	-129.122938	81.314468	General
4ci3:ChainA:GLY513	71.660587	-97.911545	Glycine
4ci3:ChainA:ARG514	-97.088632	-29.575872	General
4ci3:ChainA:ALA515	-70.698758	149.192099	General
4ci3:ChainA:LEU516	-127.988574	147.432998	General
4ci3:ChainA:TYR517	-136.602712	128.229429	General
4ci3:ChainA:TYR518	-104.391287	115.849912	General
4ci3:ChainA:LEU519	-112.874148	152.805233	General
4ci3:ChainA:GLN520	-117.063704	136.998476	General
4ci3:ChainA:ILE521	-87.527605	98.733889	General
4ci3:ChainA:HIS522	-107.077270	170.992751	Pre-Pro
4ci3:ChainA:PRO523	-69.334019	122.584880	Proline
4ci3:ChainA:GLN524	56.062073	29.261672	General
4ci3:ChainA:GLU525	-153.333418	134.056263	General
4ci3:ChainA:LEU526	-111.449419	98.148680	General
4ci3:ChainA:ARG527	-89.524946	125.013489	General
4ci3:ChainA:GLN528	-85.024705	104.580347	General
4ci3:ChainA:ILE529	-76.808227	-63.728688	General
4ci3:ChainA:SER530	-138.660825	174.984819	General
4ci3:ChainA:HIS531	-157.996858	150.048563	General
4ci3:ChainA:THR532	-143.996033	165.827192	General
4ci3:ChainA:GLU533	-115.503478	132.774215	General
4ci3:ChainA:MET534	-96.127224	158.452095	General
4ci3:ChainA:GLU535	-58.743872	-35.506054	General
4ci3:ChainA:HIS536	-138.870560	177.257847	General
4ci3:ChainA:GLU537	-62.835101	139.088053	General
4ci3:ChainA:VAL538	-79.299674	132.132696	General
4ci3:ChainA:ALA539	-104.652015	-39.324136	General
4ci3:ChainA:CYS540	-155.997506	154.749089	General
4ci3:ChainA:LEU541	-140.320705	147.675563	General
4ci3:ChainA:ASP542	-147.973778	130.808296	General
4ci3:ChainA:ILE543	-130.289140	33.347553	General
4ci3:ChainA:THR544	-61.009127	124.057431	Pre-Pro
4ci3:ChainA:PRO545	-78.934274	122.388746	Proline
4ci3:ChainA:LEU546	-108.685425	149.149945	General
4ci3:ChainA:GLY547	78.399336	-160.184710	Glycine
4ci3:ChainA:ASP548	-82.196430	59.951852	General
4ci3:ChainA:SER549	-105.722736	111.529778	General
4ci3:ChainA:ASN550	-73.074837	79.346159	General
4ci3:ChainA:GLY551	55.706103	19.487552	Glycine
4ci3:ChainA:LEU552	-128.219431	106.432008	General
4ci3:ChainA:SER553	-87.532893	130.123068	Pre-Pro
4ci3:ChainA:PRO554	-92.687628	5.596169	Proline
4ci3:ChainA:LEU555	-125.005450	147.304431	General
4ci3:ChainA:CYS556	-135.801837	113.526322	General
4ci3:ChainA:ALA557	-88.066040	135.351501	General
4ci3:ChainA:ILE558	-144.083257	137.048351	General
4ci3:ChainA:GLY559	-108.432806	134.561395	Glycine
4ci3:ChainA:LEU560	-116.319815	155.873903	General
4ci3:ChainA:TRP561	-79.133213	168.801077	General
4ci3:ChainA:THR562	60.643965	-60.060369	General
4ci3:ChainA:ASP563	-75.309231	-18.989928	General
4ci3:ChainA:ILE564	56.737754	59.627227	General
4ci3:ChainA:SER565	-118.298125	142.384881	General
4ci3:ChainA:ALA566	-100.236762	119.506834	General
4ci3:ChainA:ARG567	-123.012866	135.012238	General
4ci3:ChainA:ILE568	-102.019795	113.155099	General
4ci3:ChainA:LEU569	-107.960200	150.530458	General
4ci3:ChainA:LYS570	-92.379564	140.969815	General
4ci3:ChainA:LEU571	-108.898235	135.251565	Pre-Pro
4ci3:ChainA:PRO572	-89.054395	-21.145749	Proline
4ci3:ChainA:SER573	-44.431490	-36.374966	General
4ci3:ChainA:PHE574	74.638180	21.208567	General
4ci3:ChainA:GLU575	-70.186269	135.669196	General
4ci3:ChainA:LEU576	-74.438782	121.533047	General
4ci3:ChainA:LEU577	-98.728583	-41.896241	General
4ci3:ChainA:HIS578	-146.774784	151.638605	General
4ci3:ChainA:LYS579	-144.006847	101.596235	General
4ci3:ChainA:GLU580	-91.692040	127.532311	General
4ci3:ChainA:MET581	-91.110753	97.247657	General
4ci3:ChainA:LEU582	-63.088460	-27.966805	General
4ci3:ChainA:GLY583	73.752717	135.656749	Glycine
4ci3:ChainA:GLY584	125.451772	-166.779495	Glycine
4ci3:ChainA:GLU585	-113.014747	-5.946463	General
4ci3:ChainA:ILE586	-93.413743	118.779360	General
4ci3:ChainA:ILE587	-71.222393	140.331238	Pre-Pro
4ci3:ChainA:PRO588	-64.027892	128.833893	Proline
4ci3:ChainA:ARG589	-96.326133	-41.998018	General
4ci3:ChainA:SER590	-129.861003	139.297260	General
4ci3:ChainA:ILE591	-132.305266	140.300335	General
4ci3:ChainA:LEU592	-151.325056	134.530173	General
4ci3:ChainA:MET593	-101.026890	129.267408	General
4ci3:ChainA:THR594	-143.333283	169.576419	General
4ci3:ChainA:THR595	-129.461411	118.605019	General
4ci3:ChainA:PHE596	-119.789792	127.767253	General
4ci3:ChainA:GLU597	45.388890	49.369875	General
4ci3:ChainA:SER598	63.113698	1.156554	General
4ci3:ChainA:SER599	-96.028662	132.004232	General
4ci3:ChainA:HIS600	-90.306076	135.826864	General
4ci3:ChainA:TYR601	-132.661724	157.363675	General
4ci3:ChainA:LEU602	-116.780707	122.990353	General
4ci3:ChainA:LEU603	-108.689795	134.491165	General
4ci3:ChainA:CYS604	-139.618445	118.995842	General
4ci3:ChainA:ALA605	-103.136518	134.387849	General
4ci3:ChainA:LEU606	-97.948820	162.650400	General
4ci3:ChainA:GLY607	-59.422415	-20.151285	Glycine
4ci3:ChainA:ASP608	-90.264674	6.340397	General
4ci3:ChainA:GLY609	86.481695	1.257179	Glycine
4ci3:ChainA:ALA610	-79.503370	145.486147	General
4ci3:ChainA:LEU611	-129.133298	124.204874	General
4ci3:ChainA:PHE612	-100.828506	136.589599	General
4ci3:ChainA:TYR613	-139.667665	123.942001	General
4ci3:ChainA:PHE614	-123.221898	161.522789	General
4ci3:ChainA:GLY615	-86.175131	146.475904	Glycine
4ci3:ChainA:LEU616	-122.459921	130.465586	General
4ci3:ChainA:ASN617	-88.797229	117.575786	General
4ci3:ChainA:ILE618	-65.012263	-33.141309	General
4ci3:ChainA:GLU619	-81.983407	-48.475751	General
4ci3:ChainA:THR620	-87.075438	-36.489445	General
4ci3:ChainA:GLY621	94.424912	8.351234	Glycine
4ci3:ChainA:LEU622	-72.791004	127.591200	General
4ci3:ChainA:LEU623	-93.884197	117.756867	General
4ci3:ChainA:SER624	-124.278503	166.699164	General
4ci3:ChainA:ASP625	53.798686	53.176089	General
4ci3:ChainA:ARG626	-56.496051	121.682221	General
4ci3:ChainA:LYS627	-130.204954	133.381013	General
4ci3:ChainA:LYS628	-109.804773	134.857723	General
4ci3:ChainA:VAL629	-132.522363	135.015273	General
4ci3:ChainA:THR630	-92.569775	109.089942	General
4ci3:ChainA:LEU631	-90.903795	-56.260718	General
4ci3:ChainA:GLY632	-142.898949	-161.675255	Glycine
4ci3:ChainA:THR633	-105.142107	-21.144598	General
4ci3:ChainA:GLN634	-101.848934	154.956281	Pre-Pro
4ci3:ChainA:PRO635	-60.782544	128.471020	Proline
4ci3:ChainA:THR636	-82.697303	137.165313	General
4ci3:ChainA:VAL637	-111.102091	125.721353	General
4ci3:ChainA:LEU638	-104.062467	118.951906	General
4ci3:ChainA:ARG639	-126.545816	133.731219	General
4ci3:ChainA:THR640	-88.632069	134.531802	General
4ci3:ChainA:PHE641	-140.572675	156.805776	General
4ci3:ChainA:ARG642	-103.458297	135.524864	General
4ci3:ChainA:SER643	-143.066639	120.721106	General
4ci3:ChainA:LEU644	49.726800	53.403683	General
4ci3:ChainA:SER645	52.197262	39.048810	General
4ci3:ChainA:THR646	-140.644031	128.516867	General
4ci3:ChainA:THR647	-74.667159	129.211787	General
4ci3:ChainA:ASN648	-132.980190	172.645366	General
4ci3:ChainA:VAL649	-128.228026	121.502311	General
4ci3:ChainA:PHE650	-92.620894	123.146968	General
4ci3:ChainA:ALA651	-104.501058	92.482948	General
4ci3:ChainA:CYS652	-74.616314	118.934251	General
4ci3:ChainA:SER653	-163.805889	-167.245996	General
4ci3:ChainA:ASP654	-70.376070	-14.094875	General
4ci3:ChainA:ARG655	-125.371467	74.510382	Pre-Pro
4ci3:ChainA:PRO656	-56.200621	132.857587	Proline
4ci3:ChainA:THR657	-133.856666	146.262167	General
4ci3:ChainA:VAL658	-104.063529	131.135618	General
4ci3:ChainA:ILE659	-109.090776	113.417686	General
4ci3:ChainA:TYR660	-130.183689	177.282446	General
4ci3:ChainA:SER661	-118.163840	134.076187	General
4ci3:ChainA:SER662	-144.470462	110.714760	General
4ci3:ChainA:ASN663	63.368983	46.701262	General
4ci3:ChainA:HIS664	53.038267	33.845330	General
4ci3:ChainA:LYS665	-133.630225	137.177106	General
4ci3:ChainA:LEU666	-75.711285	129.176859	General
4ci3:ChainA:VAL667	-111.344875	146.780288	General
4ci3:ChainA:PHE668	-126.575254	102.382910	General
4ci3:ChainA:SER669	-105.240651	134.462921	General
4ci3:ChainA:ASN670	-67.598706	156.462296	General
4ci3:ChainA:VAL671	-108.166683	141.218350	General
4ci3:ChainA:ASN672	-89.091369	75.185140	General
4ci3:ChainA:LEU673	-148.792710	136.940718	General
4ci3:ChainA:LYS674	-51.048355	-40.935452	General
4ci3:ChainA:GLU675	-174.668145	146.850945	General
4ci3:ChainA:VAL676	-132.566508	128.529067	General
4ci3:ChainA:ASN677	-94.172584	-49.286555	General
4ci3:ChainA:TYR678	-140.775649	153.120806	General
4ci3:ChainA:MET679	-154.023782	166.243255	General
4ci3:ChainA:CYS680	-159.945665	155.878871	Pre-Pro
4ci3:ChainA:PRO681	-90.594763	129.147267	Proline
4ci3:ChainA:LEU682	-114.141980	120.601467	General
4ci3:ChainA:ASN683	-120.351029	86.977650	General
4ci3:ChainA:SER684	-109.071147	164.347747	General
4ci3:ChainA:ASP685	-58.430020	-30.549561	General
4ci3:ChainA:GLY686	-93.245191	-31.286183	Glycine
4ci3:ChainA:TYR687	-126.635781	83.583772	Pre-Pro
4ci3:ChainA:PRO688	-84.218886	141.327264	Proline
4ci3:ChainA:ASP689	48.441297	42.645848	General
4ci3:ChainA:SER690	-99.966678	174.278985	General
4ci3:ChainA:LEU691	-128.941237	119.100474	General
4ci3:ChainA:ALA692	-93.029006	115.290302	General
4ci3:ChainA:LEU693	-114.216178	142.488072	General
4ci3:ChainA:ALA694	-131.121043	137.686673	General
4ci3:ChainA:ASN695	-118.183543	-151.915508	General
4ci3:ChainA:ASN696	-67.536878	-42.653307	General
4ci3:ChainA:SER697	-105.468508	-39.355233	General
4ci3:ChainA:THR698	-131.229393	154.756431	General
4ci3:ChainA:LEU699	-100.607568	123.770947	General
4ci3:ChainA:THR700	-125.570870	127.278805	General
4ci3:ChainA:ILE701	-98.663359	128.883625	General
4ci3:ChainA:GLY702	-160.917043	-177.721635	Glycine
4ci3:ChainA:THR703	-115.504864	138.985200	General
4ci3:ChainA:ILE704	-86.902135	144.972093	General
4ci3:ChainA:ASP705	-71.130088	-162.315247	General
4ci3:ChainA:GLU706	-74.284614	129.796822	General
4ci3:ChainA:ILE707	-81.125092	91.270721	General
4ci3:ChainA:GLN708	-154.197478	159.246792	General
4ci3:ChainA:LYS709	-59.670765	-46.788692	General
4ci3:ChainA:LEU710	-111.730865	154.356081	General
4ci3:ChainA:HIS711	-117.277023	139.161689	General
4ci3:ChainA:ILE712	-124.645796	111.040557	General
4ci3:ChainA:ARG713	-93.341696	127.504767	General
4ci3:ChainA:THR714	-102.976148	126.820124	General
4ci3:ChainA:VAL715	-117.464812	83.430719	Pre-Pro
4ci3:ChainA:PRO716	-63.066258	130.930127	Proline
4ci3:ChainA:LEU717	-98.924301	-25.815540	General
4ci3:ChainA:TYR718	66.664607	20.787094	General
4ci3:ChainA:GLU719	-151.709981	173.787127	General
4ci3:ChainA:SER720	-81.762467	111.618898	Pre-Pro
4ci3:ChainA:PRO721	-77.784422	132.968937	Proline
4ci3:ChainA:ARG722	-112.381779	-55.294169	General
4ci3:ChainA:LYS723	-123.949590	159.232867	General
4ci3:ChainA:ILE724	-152.154751	142.169109	General
4ci3:ChainA:CYS725	-153.211140	169.005631	General
4ci3:ChainA:TYR726	-127.770126	134.617481	General
4ci3:ChainA:GLN727	-110.838403	110.141672	General
4ci3:ChainA:GLU728	-70.658032	-46.289974	General
4ci3:ChainA:VAL729	-60.980766	-14.881966	General
4ci3:ChainA:SER730	-110.831994	-12.191230	General
4ci3:ChainA:GLN731	58.616015	30.205465	General
4ci3:ChainA:CYS732	-141.211008	160.221861	General
4ci3:ChainA:PHE733	-102.486434	145.311102	General
4ci3:ChainA:GLY734	-99.298976	122.940162	Glycine
4ci3:ChainA:VAL735	-127.768429	120.549261	General
4ci3:ChainA:LEU736	-85.144063	132.334035	General
4ci3:ChainA:SER737	-146.792963	157.028091	General
4ci3:ChainA:SER738	-135.240221	140.590069	General
4ci3:ChainA:ARG739	-124.244447	140.321648	General
4ci3:ChainA:ILE740	-83.445238	129.996523	General
4ci3:ChainA:GLU741	-126.245836	148.744761	General
4ci3:ChainA:VAL742	-101.154799	151.111494	General
4ci3:ChainA:GLN743	-69.917610	105.731782	General
4ci3:ChainA:ASP744	-83.099680	167.563594	General
4ci3:ChainA:THR745	-77.607754	49.895742	General
4ci3:ChainA:SER746	-153.962538	170.300699	General
4ci3:ChainA:GLY747	-72.290316	55.840087	Glycine
4ci3:ChainA:GLY748	169.576597	-149.837838	Glycine
4ci3:ChainA:THR749	-134.769359	160.253051	General
4ci3:ChainA:THR750	-131.102233	145.223192	General
4ci3:ChainA:ALA751	-64.421381	163.998607	General
4ci3:ChainA:LEU752	-97.281438	-27.221931	General
4ci3:ChainA:ARG753	-166.584917	161.052632	Pre-Pro
4ci3:ChainA:PRO754	-70.897814	140.659116	Proline
4ci3:ChainA:SER755	-145.021106	166.754758	General
4ci3:ChainA:ALA756	-37.012466	-53.284462	General
4ci3:ChainA:SER757	-66.018609	-24.006154	General
4ci3:ChainA:THR758	-86.061168	-41.496298	General
4ci3:ChainA:GLN759	-94.563919	42.797751	General
4ci3:ChainA:ALA760	-78.416279	146.839757	General
4ci3:ChainA:LEU761	-57.079276	-49.392947	General
4ci3:ChainA:SER762	-130.508993	131.092970	General
4ci3:ChainA:SER763	-112.033975	156.865400	General
4ci3:ChainA:SER764	-157.417425	158.533135	General
4ci3:ChainA:VAL765	-133.771466	151.925388	General
4ci3:ChainA:SER766	-74.096625	136.188869	General
4ci3:ChainA:SER767	-92.250513	121.755359	General
4ci3:ChainA:SER768	-66.995906	139.108865	General
4ci3:ChainA:LYS769	-141.601137	-9.564735	General
4ci3:ChainA:LEU770	-99.327418	156.130982	General
4ci3:ChainA:GLU785	-124.516336	121.639830	General
4ci3:ChainA:VAL786	-104.619209	146.818215	General
4ci3:ChainA:GLU787	-100.292450	120.992072	General
4ci3:ChainA:VAL788	-105.975871	126.877177	General
4ci3:ChainA:HIS789	-101.635992	146.609091	General
4ci3:ChainA:ASN790	-144.162416	156.592222	General
4ci3:ChainA:LEU791	-112.286471	107.686940	General
4ci3:ChainA:LEU792	-88.675097	150.645554	General
4ci3:ChainA:ILE793	-122.672639	115.881948	General
4ci3:ChainA:ILE794	-122.637203	126.500232	General
4ci3:ChainA:ASP795	-64.280328	130.801063	General
4ci3:ChainA:GLN796	-64.623902	-4.738470	General
4ci3:ChainA:HIS797	-113.653968	-62.232370	General
4ci3:ChainA:THR798	-72.587835	-36.135315	General
4ci3:ChainA:PHE799	68.159899	45.512747	General
4ci3:ChainA:GLU800	-106.904158	142.651069	General
4ci3:ChainA:VAL801	-73.836172	94.418693	General
4ci3:ChainA:LEU802	-67.715402	-41.024465	General
4ci3:ChainA:HIS803	-152.285162	147.363633	General
4ci3:ChainA:ALA804	-134.781942	117.802628	General
4ci3:ChainA:HIS805	-102.937768	111.404573	General
4ci3:ChainA:GLN806	-80.186372	129.731368	General
4ci3:ChainA:PHE807	-79.256208	174.117370	General
4ci3:ChainA:LEU808	-62.455295	158.992782	General
4ci3:ChainA:GLN809	-61.506075	134.033934	General
4ci3:ChainA:ASN810	66.842908	-1.914705	General
4ci3:ChainA:GLU811	-79.902169	120.575216	General
4ci3:ChainA:TYR812	-103.679871	112.938714	General
4ci3:ChainA:ALA813	-78.302547	125.658618	General
4ci3:ChainA:LEU814	-110.931093	-53.790506	General
4ci3:ChainA:SER815	-116.910555	149.263903	General
4ci3:ChainA:LEU816	-144.672571	125.876819	General
4ci3:ChainA:VAL817	-140.774281	133.302319	General
4ci3:ChainA:SER818	-107.065664	99.292006	General
4ci3:ChainA:CYS819	-146.358061	177.985438	General
4ci3:ChainA:LYS820	-112.247139	132.857583	General
4ci3:ChainA:LEU821	-122.686278	152.194661	General
4ci3:ChainA:GLY822	55.474746	-142.430574	Glycine
4ci3:ChainA:LYS823	-81.615540	-16.802231	General
4ci3:ChainA:ASP824	-60.752610	131.500326	Pre-Pro
4ci3:ChainA:PRO825	-94.783085	7.343027	Proline
4ci3:ChainA:ASN826	-95.256860	134.260152	General
4ci3:ChainA:THR827	-82.845237	120.020559	General
4ci3:ChainA:TYR828	-107.491834	142.037233	General
4ci3:ChainA:PHE829	-89.589554	113.562176	General
4ci3:ChainA:ILE830	-108.972781	133.791438	General
4ci3:ChainA:VAL831	-123.631366	134.932649	General
4ci3:ChainA:GLY832	-109.844821	118.675645	Glycine
4ci3:ChainA:THR833	-114.754560	173.863582	General
4ci3:ChainA:ALA834	-142.337104	134.003693	General
4ci3:ChainA:MET835	-88.764832	110.099480	General
4ci3:ChainA:VAL836	-103.610093	120.264663	General
4ci3:ChainA:TYR837	-126.642773	143.923791	Pre-Pro
4ci3:ChainA:PRO838	-60.770572	-40.274989	Proline
4ci3:ChainA:GLU839	-61.452870	-44.229413	General
4ci3:ChainA:GLU840	-69.401744	145.508766	General
4ci3:ChainA:ALA841	-104.027044	-46.153830	General
4ci3:ChainA:GLU842	-115.160669	116.458383	Pre-Pro
4ci3:ChainA:PRO843	-44.554989	124.737298	Proline
4ci3:ChainA:LYS844	-87.239686	-20.415006	General
4ci3:ChainA:GLN845	-129.918175	164.143950	General
4ci3:ChainA:GLY846	-174.998916	165.866678	Glycine
4ci3:ChainA:ARG847	-131.592068	158.865093	General
4ci3:ChainA:ILE848	-126.101427	113.123361	General
4ci3:ChainA:VAL849	-115.713637	123.653175	General
4ci3:ChainA:VAL850	-97.473410	121.788043	General
4ci3:ChainA:PHE851	-119.834352	148.766043	General
4ci3:ChainA:GLN852	-119.443939	124.730265	General
4ci3:ChainA:TYR853	-96.275843	96.888636	General
4ci3:ChainA:SER854	-135.270593	140.606311	General
4ci3:ChainA:ASP855	57.737490	37.876019	General
4ci3:ChainA:GLY856	65.858602	19.649300	Glycine
4ci3:ChainA:LYS857	-143.570089	133.206199	General
4ci3:ChainA:LEU858	-75.091635	123.586013	General
4ci3:ChainA:GLN859	-107.609163	121.268071	General
4ci3:ChainA:THR860	-73.452751	111.093981	General
4ci3:ChainA:VAL861	-84.010897	-57.027925	General
4ci3:ChainA:ALA862	-136.497518	141.342411	General
4ci3:ChainA:GLU863	-127.786275	100.652334	General
4ci3:ChainA:LYS864	-103.783111	117.995300	General
4ci3:ChainA:GLU865	-87.322333	126.029272	General
4ci3:ChainA:VAL866	-114.883116	160.837448	General
4ci3:ChainA:LYS867	-87.904686	36.088632	General
4ci3:ChainA:GLY868	176.727783	-171.813833	Glycine
4ci3:ChainA:ALA869	-78.064196	132.598840	General
4ci3:ChainA:VAL870	-94.708346	72.532173	General
4ci3:ChainA:TYR871	-59.444892	-36.384947	General
4ci3:ChainA:SER872	-147.698043	148.109174	General
4ci3:ChainA:MET873	-144.501239	140.508502	General
4ci3:ChainA:VAL874	-147.198923	143.299211	General
4ci3:ChainA:GLU875	-76.638722	111.697997	General
4ci3:ChainA:PHE876	-110.748613	96.120452	General
4ci3:ChainA:ASN877	39.184282	66.317420	General
4ci3:ChainA:GLY878	70.870467	8.631785	Glycine
4ci3:ChainA:LYS879	-123.560638	168.878310	General
4ci3:ChainA:LEU880	-109.167846	121.883498	General
4ci3:ChainA:LEU881	-104.719983	125.259521	General
4ci3:ChainA:ALA882	-145.946515	137.562079	General
4ci3:ChainA:SER883	-88.142704	139.990499	General
4ci3:ChainA:ILE884	-128.500456	96.308135	General
4ci3:ChainA:ASN885	55.046561	-109.764657	General
4ci3:ChainA:SER886	-80.913062	-37.082342	General
4ci3:ChainA:THR887	-71.743000	153.471128	General
4ci3:ChainA:VAL888	-122.356276	120.132664	General
4ci3:ChainA:ARG889	-114.271191	142.932431	General
4ci3:ChainA:LEU890	-110.858295	125.556830	General
4ci3:ChainA:TYR891	-115.576862	137.951056	General
4ci3:ChainA:GLU892	-105.190209	133.521440	General
4ci3:ChainA:TRP893	-93.861528	107.203526	General
4ci3:ChainA:THR894	-76.715021	172.923909	General
4ci3:ChainA:THR895	-69.479456	-32.869383	General
4ci3:ChainA:GLU896	-67.590652	-0.691563	General
4ci3:ChainA:LYS897	54.031376	66.548888	General
4ci3:ChainA:GLU898	-162.963269	135.764772	General
4ci3:ChainA:LEU899	-68.025028	135.904550	General
4ci3:ChainA:ARG900	-122.841414	121.360560	General
4ci3:ChainA:THR901	-53.040348	123.528798	General
4ci3:ChainA:GLU902	-102.107627	-83.994823	General
4ci3:ChainA:CYS903	-124.743997	155.952176	General
4ci3:ChainA:ASN904	-129.611392	146.797984	General
4ci3:ChainA:HIS905	-126.910640	116.301505	General
4ci3:ChainA:TYR906	-92.107123	115.912814	General
4ci3:ChainA:ASN907	-101.400201	-19.842989	General
4ci3:ChainA:ASN908	70.321280	-12.025199	General
4ci3:ChainA:ILE909	-122.777422	132.284222	General
4ci3:ChainA:MET910	-53.287114	129.750131	General
4ci3:ChainA:ALA911	-90.572256	58.815795	General
4ci3:ChainA:LEU912	-61.436679	-47.166869	General
4ci3:ChainA:TYR913	-103.983664	132.077281	General
4ci3:ChainA:LEU914	-142.819933	99.260009	General
4ci3:ChainA:LYS915	-119.473973	151.533602	General
4ci3:ChainA:THR916	-148.713803	160.397328	General
4ci3:ChainA:LYS917	-163.201842	107.724026	General
4ci3:ChainA:GLY918	63.887578	-141.957177	Glycine
4ci3:ChainA:ASP919	-86.564724	19.269268	General
4ci3:ChainA:PHE920	-108.701590	115.558811	General
4ci3:ChainA:ILE921	-113.846495	134.244901	General
4ci3:ChainA:LEU922	-105.452652	130.949765	General
4ci3:ChainA:VAL923	-117.301480	127.993413	General
4ci3:ChainA:GLY924	-128.291583	150.308985	Glycine
4ci3:ChainA:ASP925	-114.716746	158.050701	General
4ci3:ChainA:LEU926	-69.210111	-14.174919	General
4ci3:ChainA:MET927	-103.968139	24.845575	General
4ci3:ChainA:ARG928	69.791483	5.799470	General
4ci3:ChainA:SER929	-70.521976	98.280947	General
4ci3:ChainA:VAL930	-98.975777	145.662740	General
4ci3:ChainA:LEU931	-147.350110	135.993101	General
4ci3:ChainA:LEU932	-103.675570	124.948323	General
4ci3:ChainA:LEU933	-109.105745	158.897679	General
4ci3:ChainA:ALA934	-139.094705	128.350916	General
4ci3:ChainA:TYR935	-87.369023	117.650721	General
4ci3:ChainA:LYS936	-85.226583	106.417545	Pre-Pro
4ci3:ChainA:PRO937	-58.713370	-51.356674	Proline
4ci3:ChainA:MET938	-66.124780	-34.110652	General
4ci3:ChainA:GLU939	-78.852537	-31.906320	General
4ci3:ChainA:GLY940	62.895639	52.639476	Glycine
4ci3:ChainA:ASN941	-154.085664	169.275791	General
4ci3:ChainA:PHE942	-105.292394	138.786509	General
4ci3:ChainA:GLU943	-118.777194	124.741852	General
4ci3:ChainA:GLU944	-78.636138	100.153640	General
4ci3:ChainA:ILE945	-63.494606	-69.219976	General
4ci3:ChainA:ALA946	-140.098528	161.826300	General
4ci3:ChainA:ARG947	-145.253797	159.826642	General
4ci3:ChainA:ASP948	-153.975229	131.286074	General
4ci3:ChainA:PHE949	-134.021713	95.510949	General
4ci3:ChainA:ASN950	-136.059377	91.141497	Pre-Pro
4ci3:ChainA:PRO951	-50.462160	121.454668	Proline
4ci3:ChainA:ASN952	-165.789837	146.587125	General
4ci3:ChainA:TRP953	-65.587926	130.338213	General
4ci3:ChainA:MET954	-120.938184	123.797737	General
4ci3:ChainA:SER955	-97.384584	-27.101129	General
4ci3:ChainA:ALA956	-157.633625	159.052747	General
4ci3:ChainA:VAL957	-156.107962	144.944395	General
4ci3:ChainA:GLU958	-149.067001	141.936174	General
4ci3:ChainA:ILE959	-80.372977	126.787877	General
4ci3:ChainA:LEU960	-82.476698	-48.503307	General
4ci3:ChainA:ASP961	-152.259027	-163.780594	General
4ci3:ChainA:ASP962	-60.349648	-39.375418	General
4ci3:ChainA:ASP963	-109.965678	-7.090927	General
4ci3:ChainA:ASN964	-125.137549	157.166865	General
4ci3:ChainA:PHE965	-150.699636	141.653618	General
4ci3:ChainA:LEU966	-104.674749	143.595761	General
4ci3:ChainA:GLY967	-151.683213	162.180066	Glycine
4ci3:ChainA:ALA968	-105.121091	124.962344	General
4ci3:ChainA:GLU969	-121.940357	153.046893	General
4ci3:ChainA:ASN970	-51.484859	135.474455	General
4ci3:ChainA:ALA971	80.195843	49.581884	General
4ci3:ChainA:PHE972	49.838921	44.650079	General
4ci3:ChainA:ASN973	-108.555106	163.116931	General
4ci3:ChainA:LEU974	-121.948669	146.321965	General
4ci3:ChainA:PHE975	-139.913389	163.009754	General
4ci3:ChainA:VAL976	-138.472304	119.323955	General
4ci3:ChainA:CYS977	-101.208652	146.590975	General
4ci3:ChainA:GLN978	-121.219444	178.821656	General
4ci3:ChainA:THR985	-79.909477	147.570172	General
4ci3:ChainA:ASP986	-59.830774	-50.448560	General
4ci3:ChainA:GLU987	-63.220300	-0.584214	General
4ci3:ChainA:GLU988	-108.269265	-50.361154	General
4ci3:ChainA:ARG989	-67.191201	-29.235555	General
4ci3:ChainA:GLN990	-82.106440	9.549567	General
4ci3:ChainA:HIS991	-131.282149	131.431954	General
4ci3:ChainA:LEU992	-92.142617	143.983517	General
4ci3:ChainA:GLN993	-120.493088	128.865139	General
4ci3:ChainA:GLU994	-71.069313	99.502845	General
4ci3:ChainA:VAL995	-95.812588	-22.989608	General
4ci3:ChainA:GLY996	-126.520738	128.832921	Glycine
4ci3:ChainA:LEU997	-139.023774	128.624563	General
4ci3:ChainA:PHE998	-156.442237	128.914039	General
4ci3:ChainA:HIS999	-85.071003	106.623525	General
4ci3:ChainA:LEU1000	-75.521733	-43.329796	General
4ci3:ChainA:GLY1001	94.124759	5.024241	Glycine
4ci3:ChainA:GLU1002	-132.850777	152.795727	General
4ci3:ChainA:PHE1003	-99.131001	98.532518	General
4ci3:ChainA:VAL1004	-75.680390	122.647710	General
4ci3:ChainA:ASN1005	-100.170330	-24.612411	General
4ci3:ChainA:VAL1006	-146.946001	140.104398	General
4ci3:ChainA:PHE1007	-117.699662	142.660580	General
4ci3:ChainA:CYS1008	-151.418669	130.589547	General
4ci3:ChainA:HIS1009	-78.042648	125.229869	General
4ci3:ChainA:GLY1010	163.168980	175.948959	Glycine
4ci3:ChainA:SER1011	-148.865035	140.962544	General
4ci3:ChainA:LEU1012	-86.618333	-2.345295	General
4ci3:ChainA:VAL1013	-100.615351	143.150872	General
4ci3:ChainA:PRO1023	-64.259075	-38.255898	Proline
4ci3:ChainA:THR1024	-118.082987	155.732257	General
4ci3:ChainA:GLN1025	-112.768995	125.443693	General
4ci3:ChainA:GLY1026	70.806777	172.573157	Glycine
4ci3:ChainA:SER1027	-158.250977	113.727275	General
4ci3:ChainA:VAL1028	-121.747142	123.463108	General
4ci3:ChainA:LEU1029	-94.251619	154.076897	General
4ci3:ChainA:PHE1030	-140.779864	140.545707	General
4ci3:ChainA:GLY1031	-112.742054	129.839860	Glycine
4ci3:ChainA:THR1032	-112.576327	171.780108	General
4ci3:ChainA:VAL1033	-64.127409	-34.547104	General
4ci3:ChainA:ASN1034	-84.472016	2.031124	General
4ci3:ChainA:GLY1035	83.002791	7.936892	Glycine
4ci3:ChainA:MET1036	-77.961646	134.589981	General
4ci3:ChainA:ILE1037	-113.634955	140.546818	General
4ci3:ChainA:GLY1038	-138.792613	167.341842	Glycine
4ci3:ChainA:LEU1039	-132.285256	133.769800	General
4ci3:ChainA:VAL1040	-119.329803	124.682257	General
4ci3:ChainA:THR1041	-133.959449	155.920519	General
4ci3:ChainA:SER1042	-88.681555	152.989959	General
4ci3:ChainA:LEU1043	-128.761804	162.288610	General
4ci3:ChainA:SER1044	-80.957442	158.144761	General
4ci3:ChainA:GLU1045	-50.515811	-46.104428	General
4ci3:ChainA:SER1046	-80.148478	-33.625913	General
4ci3:ChainA:TRP1047	-65.968291	-36.137004	General
4ci3:ChainA:TYR1048	-62.998356	-50.620918	General
4ci3:ChainA:ASN1049	-60.381815	-39.758068	General
4ci3:ChainA:LEU1050	-58.374547	-50.739080	General
4ci3:ChainA:LEU1051	-70.692814	-33.058103	General
4ci3:ChainA:LEU1052	-68.286953	-43.776291	General
4ci3:ChainA:ASP1053	-60.634975	-43.728399	General
4ci3:ChainA:MET1054	-59.378511	-39.749773	General
4ci3:ChainA:GLN1055	-62.001091	-41.562076	General
4ci3:ChainA:ASN1056	-68.125909	-32.841995	General
4ci3:ChainA:ARG1057	-79.440062	-36.448355	General
4ci3:ChainA:LEU1058	-64.293479	-38.944945	General
4ci3:ChainA:ASN1059	-70.261397	-12.334778	General
4ci3:ChainA:LYS1060	-89.964968	-23.024544	General
4ci3:ChainA:VAL1061	-91.929349	-55.720440	General
4ci3:ChainA:ILE1062	-62.320580	128.373001	General
4ci3:ChainA:LYS1063	-87.508427	119.695096	General
4ci3:ChainA:SER1064	-89.237669	131.526566	General
4ci3:ChainA:VAL1065	-65.666852	117.207617	General
4ci3:ChainA:GLY1066	83.476164	3.248543	Glycine
4ci3:ChainA:LYS1067	56.322866	49.598266	General
4ci3:ChainA:ILE1068	-90.184485	133.704478	General
4ci3:ChainA:GLU1069	-72.546450	126.569229	General
4ci3:ChainA:HIS1070	-54.567852	-43.323625	General
4ci3:ChainA:SER1071	-54.184670	-40.594475	General
4ci3:ChainA:PHE1072	-67.917009	-47.966322	General
4ci3:ChainA:TRP1073	-57.487299	-43.854682	General
4ci3:ChainA:ARG1074	-83.220332	-7.857925	General
4ci3:ChainA:SER1075	-62.532752	122.964339	General
4ci3:ChainA:PHE1076	-51.442532	114.857346	General
4ci3:ChainA:HIS1077	-124.046152	138.388212	General
4ci3:ChainA:THR1078	-137.702009	174.504007	General
4ci3:ChainA:GLU1079	-66.083208	-28.040951	General
4ci3:ChainA:ARG1080	-83.707980	-84.336065	General
4ci3:ChainA:LYS1081	-102.486358	152.872098	General
4ci3:ChainA:THR1082	-131.451964	104.015448	General
4ci3:ChainA:GLU1083	-115.609093	139.384771	Pre-Pro
4ci3:ChainA:PRO1084	-57.746701	149.707621	Proline
4ci3:ChainA:ALA1085	-63.052549	135.312238	General
4ci3:ChainA:THR1086	-128.485114	145.177814	General
4ci3:ChainA:GLY1087	54.730062	26.132572	Glycine
4ci3:ChainA:PHE1088	-138.986775	138.088811	General
4ci3:ChainA:ILE1089	-115.564761	126.023839	General
4ci3:ChainA:ASP1090	-77.742433	91.397610	General
4ci3:ChainA:GLY1091	-52.684261	-38.858227	Glycine
4ci3:ChainA:ASP1092	-58.713703	-41.242398	General
4ci3:ChainA:LEU1093	-71.863528	-44.883562	General
4ci3:ChainA:ILE1094	-58.630608	-41.644427	General
4ci3:ChainA:GLU1095	-66.358204	-26.360711	General
4ci3:ChainA:SER1096	-73.324392	-2.958324	General
4ci3:ChainA:PHE1097	-68.047686	-37.432165	General
4ci3:ChainA:LEU1098	-69.834544	-14.793743	General
4ci3:ChainA:ASP1099	-99.688800	-23.906197	General
4ci3:ChainA:ILE1100	-68.640154	162.935882	General
4ci3:ChainA:SER1101	-60.552451	147.083083	General
4ci3:ChainA:ARG1102	-58.069725	-40.083876	Pre-Pro
4ci3:ChainA:PRO1103	-66.172797	-27.967626	Proline
4ci3:ChainA:LYS1104	-72.349365	-32.154457	General
4ci3:ChainA:MET1105	-64.762869	-41.238940	General
4ci3:ChainA:GLN1106	-62.458011	-39.331757	General
4ci3:ChainA:GLU1107	-64.943807	-50.244526	General
4ci3:ChainA:VAL1108	-57.599387	-46.679638	General
4ci3:ChainA:VAL1109	-77.621036	-17.532685	General
4ci3:ChainA:ALA1110	-65.344527	117.234736	General
4ci3:ChainA:ASN1111	65.717600	15.183136	General
4ci3:ChainA:LEU1112	-62.876463	-44.554865	General
4ci3:ChainA:ARG1122	-135.249396	141.808041	General
4ci3:ChainA:GLU1123	-80.446806	148.248896	General
4ci3:ChainA:ALA1124	-121.873044	123.284180	General
4ci3:ChainA:THR1125	-81.157765	154.967752	General
4ci3:ChainA:ALA1126	-63.864947	-34.979474	General
4ci3:ChainA:ASP1127	-63.523343	-36.324240	General
4ci3:ChainA:ASP1128	-66.649077	-45.522219	General
4ci3:ChainA:LEU1129	-71.126680	-25.333817	General
4ci3:ChainA:ILE1130	-69.267345	-47.128988	General
4ci3:ChainA:LYS1131	-59.246382	-48.632879	General
4ci3:ChainA:VAL1132	-57.114530	-53.458547	General
4ci3:ChainA:VAL1133	-63.270272	-40.501233	General
4ci3:ChainA:GLU1134	-59.646614	-48.409258	General
4ci3:ChainA:GLU1135	-52.964977	-40.450434	General
4ci3:ChainA:LEU1136	-71.169572	-24.427678	General
4ci3:ChainA:THR1137	-78.110060	-17.443839	General
4ci3:ChainA:ARG1138	-77.573623	-16.010166	General
4ci3:ChainA:ILE1139	-69.642979	-23.268471	General
4ci3:ChainB:ILE48	-85.898934	131.615740	General
4ci3:ChainB:ASN49	-111.195676	6.972441	General
4ci3:ChainB:PHE50	-76.884681	144.043225	General
4ci3:ChainB:ASP51	-80.428187	94.631480	General
4ci3:ChainB:THR52	-49.821087	-23.108394	General
4ci3:ChainB:SER53	-72.916890	-41.804309	General
4ci3:ChainB:LEU54	-37.932957	-53.750368	Pre-Pro
4ci3:ChainB:PRO55	-58.427186	-43.571813	Proline
4ci3:ChainB:THR56	-56.674786	-23.586867	General
4ci3:ChainB:SER57	-86.257297	-10.638412	General
4ci3:ChainB:HIS58	50.755331	56.346794	General
4ci3:ChainB:MET59	-59.350357	-30.138837	General
4ci3:ChainB:TYR60	-59.698560	-29.184305	General
4ci3:ChainB:LEU61	-73.473754	-12.882196	General
4ci3:ChainB:GLY62	90.278986	143.888740	Glycine
4ci3:ChainB:SER63	-78.957722	-170.571025	General
4ci3:ChainB:ASP64	62.293363	54.423924	General
4ci3:ChainB:MET65	-109.095855	144.008438	General
4ci3:ChainB:GLU66	-68.936740	120.566190	General
4ci3:ChainB:GLU67	-98.181647	139.331348	General
4ci3:ChainB:PHE68	-120.733421	138.807275	General
4ci3:ChainB:HIS69	-107.818200	-55.451838	General
4ci3:ChainB:GLY70	-42.291546	129.325177	Glycine
4ci3:ChainB:ARG71	-107.441326	137.549011	General
4ci3:ChainB:THR72	-111.443992	130.988825	General
4ci3:ChainB:LEU73	-140.571620	126.613871	General
4ci3:ChainB:HIS74	-87.201378	143.144961	General
4ci3:ChainB:ASP75	-57.431579	149.719059	General
4ci3:ChainB:ASP76	-63.643752	146.279722	General
4ci3:ChainB:ASP77	60.909718	-1.960241	General
4ci3:ChainB:SER78	-71.111352	143.343370	General
4ci3:ChainB:CYS79	-89.155645	139.098338	General
4ci3:ChainB:GLN80	-140.095845	158.073120	General
4ci3:ChainB:VAL81	-119.529687	102.663958	General
4ci3:ChainB:ILE82	-112.705579	138.337962	Pre-Pro
4ci3:ChainB:PRO83	-68.027878	153.690370	Proline
4ci3:ChainB:VAL84	-119.517095	128.981514	General
4ci3:ChainB:LEU85	-76.625807	120.638085	Pre-Pro
4ci3:ChainB:PRO86	-58.164276	-28.834456	Proline
4ci3:ChainB:HIS87	-104.685109	16.524342	General
4ci3:ChainB:VAL88	-95.287493	129.844857	General
4ci3:ChainB:MET89	-128.580832	-4.333765	General
4ci3:ChainB:VAL90	-81.344779	154.009016	General
4ci3:ChainB:MET91	-90.001622	131.444020	General
4ci3:ChainB:LEU92	-109.752953	127.218280	General
4ci3:ChainB:ILE93	-91.819915	144.325167	Pre-Pro
4ci3:ChainB:PRO94	-56.162151	143.400390	Proline
4ci3:ChainB:GLY95	86.470731	-14.132123	Glycine
4ci3:ChainB:GLN96	-78.780754	135.206806	General
4ci3:ChainB:THR97	-80.887346	122.196726	General
4ci3:ChainB:LEU98	-108.175071	108.993929	Pre-Pro
4ci3:ChainB:PRO99	-88.567689	135.784974	Proline
4ci3:ChainB:LEU100	-127.696904	152.403005	General
4ci3:ChainB:GLN101	-139.168794	93.960050	General
4ci3:ChainB:LEU102	-99.839800	130.672953	General
4ci3:ChainB:PHE103	-132.893902	-15.481270	General
4ci3:ChainB:HIS104	-70.584595	122.996984	Pre-Pro
4ci3:ChainB:PRO105	-46.473868	-41.264051	Proline
4ci3:ChainB:GLN106	-65.171397	-36.323511	General
4ci3:ChainB:GLU107	-74.423732	-44.511656	General
4ci3:ChainB:VAL108	-55.990842	-50.497942	General
4ci3:ChainB:SER109	-65.611057	-35.474595	General
4ci3:ChainB:MET110	-56.430446	-57.393696	General
4ci3:ChainB:VAL111	-69.205926	-36.978289	General
4ci3:ChainB:ARG112	-57.858696	-35.899058	General
4ci3:ChainB:ASN113	-80.454766	-34.347421	General
4ci3:ChainB:LEU114	-65.644288	-33.232794	General
4ci3:ChainB:ILE115	-66.254670	-35.369418	General
4ci3:ChainB:GLN116	-68.734078	-5.987707	General
4ci3:ChainB:LYS117	-143.969660	-122.615371	General
4ci3:ChainB:ASP118	-47.710905	-36.185959	General
4ci3:ChainB:ARG119	64.953141	-0.512613	General
4ci3:ChainB:THR120	-107.841287	136.328201	General
4ci3:ChainB:PHE121	-122.812547	170.682837	General
4ci3:ChainB:ALA122	-107.465116	128.622021	General
4ci3:ChainB:VAL123	-108.813520	117.229150	General
4ci3:ChainB:LEU124	-88.664681	132.498685	General
4ci3:ChainB:ALA125	-91.643576	91.044121	General
4ci3:ChainB:TYR126	-68.016478	124.633288	General
4ci3:ChainB:SER127	-78.474667	-31.579077	General
4ci3:ChainB:ASN128	-146.607182	100.139530	General
4ci3:ChainB:VAL129	-63.293346	-30.401304	General
4ci3:ChainB:ARG130	-67.719885	-52.082584	General
4ci3:ChainB:GLU131	-87.960159	16.295709	General
4ci3:ChainB:ARG132	40.766825	51.064624	General
4ci3:ChainB:GLU133	-97.423898	125.828195	General
4ci3:ChainB:ALA134	-146.459056	133.132377	General
4ci3:ChainB:HIS135	-111.015411	-17.328667	General
4ci3:ChainB:PHE136	-133.298360	165.182807	General
4ci3:ChainB:GLY137	-170.885635	-179.193598	Glycine
4ci3:ChainB:THR138	-136.410114	142.195844	General
4ci3:ChainB:THR139	-82.006030	142.183029	General
4ci3:ChainB:ALA140	-120.292186	126.073879	General
4ci3:ChainB:GLU141	-106.498531	124.486036	General
4ci3:ChainB:ILE142	-68.024666	124.754218	General
4ci3:ChainB:TYR143	-112.242679	-26.554176	General
4ci3:ChainB:ALA144	-138.507155	136.420025	General
4ci3:ChainB:TYR145	-145.477242	142.417657	General
4ci3:ChainB:ARG146	-153.458180	126.573838	General
4ci3:ChainB:GLU147	-98.231967	137.630185	General
4ci3:ChainB:GLU148	-136.030497	165.845705	General
4ci3:ChainB:GLN149	-140.855234	122.656005	General
4ci3:ChainB:GLU150	-160.569175	148.561679	General
4ci3:ChainB:TYR151	54.519727	35.839004	General
4ci3:ChainB:GLY152	78.703987	5.057813	Glycine
4ci3:ChainB:ILE153	-124.481832	162.216908	General
4ci3:ChainB:GLU154	-103.179323	125.523368	General
4ci3:ChainB:THR155	-123.620670	150.207375	General
4ci3:ChainB:VAL156	-141.448009	134.590854	General
4ci3:ChainB:LYS157	-116.096900	122.239721	General
4ci3:ChainB:VAL158	-123.160250	161.906041	General
4ci3:ChainB:LYS159	-134.927591	113.499955	General
4ci3:ChainB:ALA160	-118.352871	167.802631	General
4ci3:ChainB:ILE161	-136.573857	137.408188	General
4ci3:ChainB:GLY162	-62.109221	136.489200	Glycine
4ci3:ChainB:ARG163	-124.160351	-66.625681	General
4ci3:ChainB:GLN164	-127.870251	132.017492	General
4ci3:ChainB:ARG165	-76.515214	151.747600	General
4ci3:ChainB:PHE166	-141.242374	167.292889	General
4ci3:ChainB:LYS167	-111.968582	117.976757	General
4ci3:ChainB:VAL168	-67.736752	126.514712	General
4ci3:ChainB:LEU169	-103.667557	-31.988938	General
4ci3:ChainB:GLU170	-173.104194	134.024672	General
4ci3:ChainB:ILE171	-107.884602	107.315277	General
4ci3:ChainB:ARG172	-95.417577	140.655653	General
4ci3:ChainB:THR173	-110.653955	138.470867	General
4ci3:ChainB:GLN174	-96.720595	157.041572	General
4ci3:ChainB:SER175	-56.221075	-38.436574	General
4ci3:ChainB:ASP176	-64.725657	-13.885834	General
4ci3:ChainB:GLY177	111.084498	-37.673459	Glycine
4ci3:ChainB:ILE178	-70.672377	136.064978	General
4ci3:ChainB:GLN179	-97.811132	155.248152	General
4ci3:ChainB:GLN180	-109.952108	154.811003	General
4ci3:ChainB:ALA181	-135.944586	117.811324	General
4ci3:ChainB:LYS182	-77.602515	109.841907	General
4ci3:ChainB:VAL183	-126.059174	155.635578	General
4ci3:ChainB:GLN184	-118.748812	116.448964	General
4ci3:ChainB:ILE185	-63.026997	123.937149	General
4ci3:ChainB:LEU186	-91.214619	123.733024	Pre-Pro
4ci3:ChainB:PRO187	-74.607720	149.606211	Proline
4ci3:ChainB:GLU188	-81.991255	124.271031	General
4ci3:ChainB:ARG189	-96.084675	113.235765	General
4ci3:ChainB:VAL190	-103.899460	124.244700	General
4ci3:ChainB:LEU191	-110.013780	149.183257	Pre-Pro
4ci3:ChainB:PRO192	-77.814944	-178.938423	Proline
4ci3:ChainB:SER193	-51.866170	146.639472	General
4ci3:ChainB:THR194	-57.087425	-31.236213	General
4ci3:ChainB:MET195	-90.932299	-14.537238	General
4ci3:ChainB:SER196	-45.857284	-50.480462	General
4ci3:ChainB:ALA197	-67.239957	-57.268904	General
4ci3:ChainB:VAL198	-55.280461	-36.295935	General
4ci3:ChainB:GLN199	-97.413947	106.768788	General
4ci3:ChainB:LEU200	-133.549316	63.064889	General
4ci3:ChainB:GLN201	-150.752667	-166.778451	General
4ci3:ChainB:SER202	-66.361686	-35.446245	General
4ci3:ChainB:LEU203	-69.250161	-11.037738	General
4ci3:ChainB:SER204	-51.222055	-50.627387	General
4ci3:ChainB:ARG205	-83.118746	66.258151	General
4ci3:ChainB:ARG206	-139.161949	81.191753	General
4ci3:ChainB:HIS207	-70.532804	148.276498	General
4ci3:ChainB:ALA221	76.370631	-28.814731	General
4ci3:ChainB:PHE222	-76.132790	-4.459499	General
4ci3:ChainB:ARG223	-63.676320	-39.465933	General
4ci3:ChainB:GLN224	-73.813190	-29.919737	General
4ci3:ChainB:TRP225	-62.374939	-45.257366	General
4ci3:ChainB:TRP226	-63.958288	-32.474363	General
4ci3:ChainB:GLN227	-71.229805	-45.937517	General
4ci3:ChainB:LYS228	-62.431764	-37.225018	General
4ci3:ChainB:TYR229	-61.498042	-49.947887	General
4ci3:ChainB:GLN230	-62.515225	-50.048011	General
4ci3:ChainB:LYS231	-57.440945	-37.181649	General
4ci3:ChainB:ARG232	-83.204866	-60.452427	General
4ci3:ChainB:LYS233	-53.580255	-40.283430	General
4ci3:ChainB:PHE234	-106.036012	31.403395	General
4ci3:ChainB:HIS235	-65.640619	-37.192857	General
4ci3:ChainB:CYS236	-69.347271	3.719949	General
4ci3:ChainB:ALA237	-67.954250	-19.696868	General
4ci3:ChainB:SER238	-68.061908	-18.851942	General
4ci3:ChainB:LEU239	-84.848619	-20.156703	General
4ci3:ChainB:THR240	-103.356902	-174.980181	General
4ci3:ChainB:SER241	-101.111289	14.230487	General
4ci3:ChainB:TRP242	-130.644722	146.715874	Pre-Pro
4ci3:ChainB:PRO243	-76.856320	161.282940	Proline
4ci3:ChainB:PRO244	-61.277428	-33.999053	Proline
4ci3:ChainB:TRP245	-66.227245	-20.550898	General
4ci3:ChainB:LEU246	-80.785152	-41.430804	General
4ci3:ChainB:TYR247	-61.357186	-29.471231	General
4ci3:ChainB:SER248	-59.781431	-42.669489	General
4ci3:ChainB:LEU249	-58.211216	-11.863812	General
4ci3:ChainB:TYR250	-121.902254	6.624762	General
4ci3:ChainB:ASP251	-85.075643	122.141258	General
4ci3:ChainB:ALA252	-54.947907	-51.666918	General
4ci3:ChainB:GLU253	-55.545030	-43.507085	General
4ci3:ChainB:THR254	-65.751858	-53.797063	General
4ci3:ChainB:LEU255	-58.064245	-37.902341	General
4ci3:ChainB:MET256	-66.053943	-45.749732	General
4ci3:ChainB:GLU257	-65.858685	-24.746219	General
4ci3:ChainB:ARG258	-72.926794	-38.051206	General
4ci3:ChainB:VAL259	-71.891377	-51.759655	General
4ci3:ChainB:LYS260	-49.464614	-27.321705	General
4ci3:ChainB:ARG261	-65.556272	-48.724741	General
4ci3:ChainB:GLN262	-67.741562	-40.581543	General
4ci3:ChainB:LEU263	-59.916212	-34.729580	General
4ci3:ChainB:HIS264	-76.218773	-23.835974	General
4ci3:ChainB:GLU265	-73.125557	-23.024514	General
4ci3:ChainB:TRP266	-92.740032	-43.133106	General
4ci3:ChainB:ASP267	-113.139776	99.445070	General
4ci3:ChainB:GLU268	-70.585781	-24.060630	General
4ci3:ChainB:ASN269	-106.627520	26.472608	General
4ci3:ChainB:LEU270	-80.674840	133.999593	General
4ci3:ChainB:LYS271	-112.793940	121.587831	General
4ci3:ChainB:ASP272	-49.442855	-23.116085	General
4ci3:ChainB:GLU273	-65.366239	-28.526729	General
4ci3:ChainB:SER274	-71.187995	-30.565842	General
4ci3:ChainB:LEU275	-76.694518	142.505104	Pre-Pro
4ci3:ChainB:PRO276	-69.858023	144.033617	Proline
4ci3:ChainB:THR277	-79.554406	-40.200458	General
4ci3:ChainB:ASN278	-68.352889	129.073815	Pre-Pro
4ci3:ChainB:PRO279	-63.615917	-22.447677	Proline
4ci3:ChainB:ILE280	-64.502209	-53.694675	General
4ci3:ChainB:ASP281	-69.726559	-36.274990	General
4ci3:ChainB:PHE282	-65.659175	-50.423481	General
4ci3:ChainB:SER283	-56.409047	-42.742870	General
4ci3:ChainB:TYR284	-66.490409	-43.524985	General
4ci3:ChainB:ARG285	-56.693105	-53.212182	General
4ci3:ChainB:VAL286	-59.473537	-36.548053	General
4ci3:ChainB:ALA287	-61.217484	-41.008407	General
4ci3:ChainB:ALA288	-74.173773	-10.069035	General
4ci3:ChainB:CYS289	-115.284331	12.629077	General
4ci3:ChainB:LEU290	-93.490961	115.102877	Pre-Pro
4ci3:ChainB:PRO291	-72.516099	80.202196	Proline
4ci3:ChainB:ILE292	-117.829665	159.503156	General
4ci3:ChainB:ASP293	-63.335266	161.531907	General
4ci3:ChainB:ASP294	-62.275185	-39.206116	General
4ci3:ChainB:ALA295	-62.085653	-42.586145	General
4ci3:ChainB:LEU296	-72.167502	-33.845196	General
4ci3:ChainB:ARG297	-64.848023	-42.042719	General
4ci3:ChainB:ILE298	-62.733768	-41.303982	General
4ci3:ChainB:GLN299	-59.003273	-40.708130	General
4ci3:ChainB:LEU300	-67.612975	-38.894591	General
4ci3:ChainB:LEU301	-67.823316	-30.952202	General
4ci3:ChainB:LYS302	-65.409432	-36.297241	General
4ci3:ChainB:ILE303	-46.376497	126.470588	General
4ci3:ChainB:GLY304	-93.551722	-31.188039	Glycine
4ci3:ChainB:SER305	-97.138731	141.238850	General
4ci3:ChainB:ALA306	-65.148054	-32.839237	General
4ci3:ChainB:ILE307	-67.737776	-51.466345	General
4ci3:ChainB:GLN308	-61.088098	-34.060783	General
4ci3:ChainB:ARG309	-70.254799	-48.853379	General
4ci3:ChainB:LEU310	-61.609989	-43.286685	General
4ci3:ChainB:ARG311	-59.145363	-43.028662	General
4ci3:ChainB:CYS312	-62.109803	-52.779450	General
4ci3:ChainB:GLU313	-55.562411	-40.518971	General
4ci3:ChainB:LEU314	-66.295553	-36.651427	General
4ci3:ChainB:ASP315	-67.215415	-46.714892	General
4ci3:ChainB:ILE316	-58.540261	-49.933531	General
4ci3:ChainB:MET317	-58.830233	-39.315137	General
4ci3:ChainB:ASN318	-78.079918	-43.852017	General
4ci3:ChainB:LYS319	-72.300919	-21.332685	General
4ci3:ChainB:CYS320	-66.059321	133.550685	General
4ci3:ChainB:THR321	-138.160533	-73.337712	General
4ci3:ChainB:SER322	-107.163485	145.846026	General
4ci3:ChainB:LEU323	-118.172018	110.353133	General
4ci3:ChainB:CYS324	-99.797873	176.120800	General
4ci3:ChainB:CYS325	-80.737331	118.654599	General
4ci3:ChainB:LYS326	-54.794971	-33.986723	General
4ci3:ChainB:GLN327	-68.881937	-58.827904	General
4ci3:ChainB:CYS328	-89.821444	-8.856246	General
4ci3:ChainB:GLN329	66.928208	-39.055389	General
4ci3:ChainB:ASP330	-98.891071	-10.554860	General
4ci3:ChainB:THR331	-72.437507	113.209898	General
4ci3:ChainB:GLU332	-78.125967	131.000236	General
4ci3:ChainB:ILE333	-108.426760	-42.957174	General
4ci3:ChainB:THR334	-154.643310	174.577982	General
4ci3:ChainB:THR335	-127.503229	161.343642	General
4ci3:ChainB:LYS336	-51.480366	-40.372333	General
4ci3:ChainB:ASN337	-63.212803	-23.142057	General
4ci3:ChainB:GLU338	-89.679339	-11.089047	General
4ci3:ChainB:ILE339	-67.413758	138.402177	General
4ci3:ChainB:PHE340	-154.050633	147.720120	General
4ci3:ChainB:SER341	-89.702573	104.237275	General
4ci3:ChainB:LEU342	-91.661219	-7.278109	General
4ci3:ChainB:SER343	-125.015519	153.536364	General
4ci3:ChainB:LEU344	-69.556643	-30.468731	General
4ci3:ChainB:CYS345	-78.916238	12.465123	General
4ci3:ChainB:GLY346	114.840780	-178.736572	Glycine
4ci3:ChainB:PRO347	-64.974134	-33.291677	Proline
4ci3:ChainB:MET348	-113.589001	140.913134	General
4ci3:ChainB:ALA349	-156.166814	157.253072	General
4ci3:ChainB:ALA350	-90.357799	128.713897	General
4ci3:ChainB:TYR351	-131.651503	154.766788	General
4ci3:ChainB:VAL352	-106.950630	135.814887	General
4ci3:ChainB:ASN353	-84.986799	170.920658	Pre-Pro
4ci3:ChainB:PRO354	-57.001687	-11.301401	Proline
4ci3:ChainB:HIS355	-110.394229	18.418350	General
4ci3:ChainB:GLY356	76.366106	3.945723	Glycine
4ci3:ChainB:TYR357	-79.674177	125.370588	General
4ci3:ChainB:ILE358	-89.229073	126.404090	General
4ci3:ChainB:HIS359	-116.629768	114.753823	General
4ci3:ChainB:GLU360	-84.524286	105.470497	General
4ci3:ChainB:THR361	-105.807867	136.025703	General
4ci3:ChainB:LEU362	-103.870982	127.422577	General
4ci3:ChainB:THR363	-90.441371	123.278757	General
4ci3:ChainB:VAL364	-133.161638	149.897863	General
4ci3:ChainB:TYR365	-81.390628	-38.402076	General
4ci3:ChainB:LYS366	-128.569588	136.496830	General
4ci3:ChainB:ALA367	-127.789279	158.214381	General
4ci3:ChainB:CYS368	-113.159059	-74.394203	General
4ci3:ChainB:ASN369	-87.605171	61.444566	General
4ci3:ChainB:LEU370	-111.975133	144.859330	General
4ci3:ChainB:ASN371	-124.152454	132.565875	General
4ci3:ChainB:LEU372	-96.419361	154.804500	General
4ci3:ChainB:SER373	-138.122443	139.721209	General
4ci3:ChainB:GLY374	78.440302	178.693571	Glycine
4ci3:ChainB:ARG375	-101.090471	157.955205	Pre-Pro
4ci3:ChainB:PRO376	-58.311474	150.857442	Proline
4ci3:ChainB:SER377	-135.585612	151.416191	General
4ci3:ChainB:THR378	-111.461187	-3.561507	General
4ci3:ChainB:GLU379	-59.748183	124.149194	General
4ci3:ChainB:HIS380	57.788442	26.151978	General
4ci3:ChainB:SER381	-57.136059	129.543717	General
4ci3:ChainB:TRP382	-79.496932	-17.327007	General
4ci3:ChainB:PHE383	-121.392621	99.579042	Pre-Pro
4ci3:ChainB:PRO384	-64.096787	129.210081	Proline
4ci3:ChainB:GLY385	105.723517	-8.936638	Glycine
4ci3:ChainB:TYR386	-113.975524	140.247615	General
4ci3:ChainB:ALA387	-101.260256	151.011657	General
4ci3:ChainB:TRP388	-116.999071	149.892688	General
4ci3:ChainB:THR389	-138.019784	132.727165	General
4ci3:ChainB:ILE390	-55.048238	131.846094	General
4ci3:ChainB:ALA391	-120.942826	133.694185	General
4ci3:ChainB:GLN392	-131.115831	155.450942	General
4ci3:ChainB:CYS393	-58.951031	136.109754	General
4ci3:ChainB:ARG394	-65.349557	-40.943510	General
4ci3:ChainB:ILE395	-73.026903	-62.328530	General
4ci3:ChainB:CYS396	-97.707674	-20.063167	General
4ci3:ChainB:GLY397	91.087368	7.739992	Glycine
4ci3:ChainB:ASN398	-60.197971	134.651972	General
4ci3:ChainB:HIS399	-72.083324	109.319452	General
4ci3:ChainB:MET400	-93.106790	-15.946423	General
4ci3:ChainB:GLY401	140.145878	-134.940102	Glycine
4ci3:ChainB:TRP402	-144.751751	161.819828	General
4ci3:ChainB:LYS403	-105.331233	125.278538	General
4ci3:ChainB:PHE404	-103.018398	128.756943	General
4ci3:ChainB:THR405	-126.030151	136.386168	General
4ci3:ChainB:ALA406	-61.985962	141.401798	General
4ci3:ChainB:THR407	-91.495616	-11.263936	General
4ci3:ChainB:LYS408	-126.053267	138.702370	General
4ci3:ChainB:LYS409	-56.879660	-29.943637	General
4ci3:ChainB:ASP410	-83.955769	-10.928449	General
4ci3:ChainB:MET411	-70.225629	142.571893	General
4ci3:ChainB:SER412	-132.890811	120.425548	Pre-Pro
4ci3:ChainB:PRO413	-70.643769	150.633293	Proline
4ci3:ChainB:GLN414	-77.141258	-25.645889	General
4ci3:ChainB:LYS415	-153.731421	151.962682	General
4ci3:ChainB:PHE416	-156.419037	-179.452475	General
4ci3:ChainB:TRP417	-127.788724	133.211804	General
4ci3:ChainB:GLY418	-103.232188	95.852965	Glycine
4ci3:ChainB:LEU419	-99.646462	126.260093	General
4ci3:ChainB:THR420	-73.425420	134.191843	General
4ci3:ChainB:ARG421	-64.966820	-29.861637	General
4ci3:ChainB:SER422	-59.590717	-19.240969	General
4ci3:ChainB:ALA423	-92.986664	-15.988477	General
4ci3:ChainB:LEU424	-99.844743	158.994401	General
4ci3:ChainB:LEU425	-149.406887	113.339912	Pre-Pro
4ci3:ChainB:PRO426	-67.668852	1.933521	Proline
