4e1r:ChainA:VAL5	-78.872177	120.022664	General
4e1r:ChainA:THR6	-115.500406	125.694418	General
4e1r:ChainA:VAL7	-101.528436	126.610874	General
4e1r:ChainA:THR8	-126.877625	133.583743	General
4e1r:ChainA:LEU9	-87.944527	107.273724	General
4e1r:ChainA:VAL10	-101.882190	132.365419	General
4e1r:ChainA:ASP11	-57.681473	119.255655	General
4e1r:ChainA:ASP12	-71.574550	-15.789983	General
4e1r:ChainA:PHE13	-90.202823	-53.819295	General
4e1r:ChainA:ASP14	-106.152465	6.405800	General
4e1r:ChainA:GLY15	60.675401	3.873597	Glycine
4e1r:ChainA:SER16	-124.896955	109.808239	General
4e1r:ChainA:GLY17	120.101464	-175.095917	Glycine
4e1r:ChainA:ALA18	-80.496638	106.719071	General
4e1r:ChainA:ALA19	-63.379835	144.932662	General
4e1r:ChainA:ASP20	-101.903593	-24.697234	General
4e1r:ChainA:GLU21	-156.116705	159.450835	General
4e1r:ChainA:THR22	-107.415608	129.816051	General
4e1r:ChainA:VAL23	-109.482516	137.279247	General
4e1r:ChainA:GLU24	-101.971035	138.641265	General
4e1r:ChainA:PHE25	-157.197117	173.720304	General
4e1r:ChainA:GLY26	-155.298759	155.777577	Glycine
4e1r:ChainA:LEU27	-154.712829	133.572321	General
4e1r:ChainA:ASP28	56.764028	34.440814	General
4e1r:ChainA:GLY29	85.120040	-1.964484	Glycine
4e1r:ChainA:VAL30	-98.151841	133.592438	General
4e1r:ChainA:THR31	-100.311387	139.181012	General
4e1r:ChainA:TYR32	-127.470294	157.000347	General
4e1r:ChainA:GLU33	-126.021496	151.335998	General
4e1r:ChainA:ILE34	-153.575832	137.076650	General
4e1r:ChainA:ASP35	-95.163037	132.300277	General
4e1r:ChainA:LEU36	-145.657176	153.053507	General
4e1r:ChainA:SER37	-65.738357	159.600658	General
4e1r:ChainA:THR38	-53.688279	-44.840779	General
4e1r:ChainA:LYS39	-54.394355	-48.463539	General
4e1r:ChainA:ASN40	-71.081530	-37.692555	General
4e1r:ChainA:ALA41	-64.839325	-34.373920	General
4e1r:ChainA:THR42	-65.535153	-36.330573	General
4e1r:ChainA:LYS43	-65.730357	-43.911876	General
4e1r:ChainA:LEU44	-67.425132	-41.459239	General
4e1r:ChainA:ARG45	-68.305346	-30.242189	General
4e1r:ChainA:GLY46	-66.130801	-35.722631	Glycine
4e1r:ChainA:ASP47	-73.129135	-25.156230	General
4e1r:ChainA:LEU48	-94.745819	-13.163861	General
4e1r:ChainA:LYS49	-50.381986	-50.558572	General
4e1r:ChainA:GLN50	-71.612181	-29.754883	General
4e1r:ChainA:TRP51	-78.214727	-36.214196	General
4e1r:ChainA:VAL52	-64.171087	-44.606592	General
4e1r:ChainA:ALA53	-57.071155	-48.641255	General
4e1r:ChainA:ALA54	-75.223332	-18.350270	General
4e1r:ChainA:GLY55	-92.202130	179.545021	Glycine
4e1r:ChainA:ARG56	-134.504295	139.740576	General
4e1r:ChainA:ARG57	-63.013464	136.432571	General
4e1r:ChainB:VAL5	-102.880690	132.758001	General
4e1r:ChainB:THR6	-114.952423	139.207757	General
4e1r:ChainB:VAL7	-122.974637	115.318921	General
4e1r:ChainB:THR8	-135.064870	146.899295	General
4e1r:ChainB:LEU9	-83.747570	115.210707	General
4e1r:ChainB:VAL10	-104.458137	135.253951	General
4e1r:ChainB:ASP11	-53.926536	118.216841	General
4e1r:ChainB:ASP12	-69.398584	-26.334706	General
4e1r:ChainB:PHE13	-77.905458	-45.140784	General
4e1r:ChainB:ASP14	-113.964761	-15.792609	General
4e1r:ChainB:GLY15	78.402119	8.555883	Glycine
4e1r:ChainB:SER16	-135.705144	56.701900	General
4e1r:ChainB:GLY17	-172.913125	154.135384	Glycine
4e1r:ChainB:ALA18	-66.432364	130.689437	General
4e1r:ChainB:ALA19	-80.611117	138.866223	General
4e1r:ChainB:ASP20	-99.652152	-21.712793	General
4e1r:ChainB:GLU21	-155.057113	161.101289	General
4e1r:ChainB:THR22	-113.518347	129.878582	General
4e1r:ChainB:VAL23	-112.553486	132.171066	General
4e1r:ChainB:GLU24	-98.935338	133.964197	General
4e1r:ChainB:PHE25	-146.401909	172.278993	General
4e1r:ChainB:GLY26	-146.844848	148.767325	Glycine
4e1r:ChainB:LEU27	-147.020582	133.828980	General
4e1r:ChainB:ASP28	55.545411	35.335582	General
4e1r:ChainB:GLY29	95.373310	-20.926831	Glycine
4e1r:ChainB:VAL30	-90.148174	133.570440	General
4e1r:ChainB:THR31	-103.546369	139.217541	General
4e1r:ChainB:TYR32	-126.305117	152.819814	General
4e1r:ChainB:GLU33	-124.321398	148.222807	General
4e1r:ChainB:ILE34	-149.986712	141.119183	General
4e1r:ChainB:ASP35	-100.140500	132.895708	General
4e1r:ChainB:LEU36	-146.439032	153.389569	General
4e1r:ChainB:SER37	-64.711092	158.986021	General
4e1r:ChainB:THR38	-52.996504	-39.161470	General
4e1r:ChainB:LYS39	-62.870942	-52.381685	General
4e1r:ChainB:ASN40	-67.566387	-26.881730	General
4e1r:ChainB:ALA41	-68.502004	-36.017599	General
4e1r:ChainB:THR42	-65.280756	-40.961229	General
4e1r:ChainB:LYS43	-63.927455	-42.033445	General
4e1r:ChainB:LEU44	-62.475699	-53.284962	General
4e1r:ChainB:ARG45	-61.585467	-31.614704	General
4e1r:ChainB:GLY46	-68.338238	-32.497327	Glycine
4e1r:ChainB:ASP47	-73.085916	-25.225959	General
4e1r:ChainB:LEU48	-99.395164	-11.068831	General
4e1r:ChainB:LYS49	-53.212920	-54.904019	General
4e1r:ChainB:GLN50	-60.353466	-32.337567	General
4e1r:ChainB:TRP51	-76.957561	-42.046713	General
4e1r:ChainB:VAL52	-57.276831	-44.065203	General
4e1r:ChainB:ALA53	-61.473460	-36.260663	General
4e1r:ChainB:ALA54	-91.118948	-16.279660	General
4e1r:ChainB:GLY55	-87.056198	171.425869	Glycine
4e1r:ChainB:ARG56	-117.711337	127.685808	General
4e1r:ChainB:ARG57	-64.203876	132.265101	General
4e1r:ChainB:VAL58	-126.853276	-176.866860	General
