4eog:ChainA:VAL5	-124.040178	150.476410	General
4eog:ChainA:LEU6	-122.684862	134.080108	General
4eog:ChainA:VAL7	-120.152856	132.891758	General
4eog:ChainA:THR8	-142.759257	125.941338	General
4eog:ChainA:THR9	-88.182473	135.362801	General
4eog:ChainA:TRP10	-124.237700	144.901714	General
4eog:ChainA:GLY11	-100.518334	-104.473332	Glycine
4eog:ChainA:ASN12	-117.499494	99.574268	Pre-Pro
4eog:ChainA:PRO13	-61.304216	-24.140078	Proline
4eog:ChainA:PHE14	-83.126673	13.985480	General
4eog:ChainA:GLN15	-118.028050	-8.365198	General
4eog:ChainA:TRP16	-90.083840	136.348473	General
4eog:ChainA:GLU17	-103.529907	156.199393	Pre-Pro
4eog:ChainA:PRO18	-58.816913	138.634870	Proline
4eog:ChainA:ILE19	-156.094038	156.623877	General
4eog:ChainA:THR20	-90.426249	129.924687	General
4eog:ChainA:TYR21	-111.302083	134.845811	General
4eog:ChainA:GLU22	-111.988206	148.865823	General
4eog:ChainA:TYR23	-173.394129	123.105054	General
4eog:ChainA:ARG24	46.875132	52.136973	General
4eog:ChainA:GLY25	77.945108	-17.935811	Glycine
4eog:ChainA:ILE26	-91.731367	142.810971	General
4eog:ChainA:LYS27	-131.635101	114.307368	General
4eog:ChainA:VAL28	-127.240042	131.662904	General
4eog:ChainA:LYS29	-94.197523	137.709994	General
4eog:ChainA:SER30	-174.043251	-179.020228	General
4eog:ChainA:ARG31	-94.661465	-23.934571	General
4eog:ChainA:ASN32	-111.159020	158.489691	General
4eog:ChainA:THR33	-85.917556	-22.060558	General
4eog:ChainA:LEU34	-42.053723	-48.333398	Pre-Pro
4eog:ChainA:PRO35	-57.261574	-54.175088	Proline
4eog:ChainA:ILE36	-57.061119	-37.760658	General
4eog:ChainA:LEU37	-70.993024	-37.217540	General
4eog:ChainA:VAL38	-72.504950	-39.906838	General
4eog:ChainA:LYS39	-69.128444	-38.151814	General
4eog:ChainA:THR40	-81.029445	-41.935801	General
4eog:ChainA:LEU41	-92.734382	-28.958341	General
4eog:ChainA:GLU42	51.219945	54.866710	Pre-Pro
4eog:ChainA:PRO43	-62.348355	150.682754	Proline
4eog:ChainA:GLU44	-88.560022	-14.551678	General
4eog:ChainA:ARG45	-151.984845	159.825995	General
4eog:ChainA:ILE46	-150.905525	122.052230	General
4eog:ChainA:LEU47	-107.335737	128.894169	General
4eog:ChainA:ILE48	-111.983387	120.317379	General
4eog:ChainA:LEU49	-103.656695	123.278675	General
4eog:ChainA:VAL50	-129.698677	172.683680	General
4eog:ChainA:ALA51	-116.567182	152.081169	General
4eog:ChainA:ASP52	-61.487984	-6.468314	General
4eog:ChainA:ASN56	66.701082	7.681217	General
4eog:ChainA:TYR57	-62.080875	138.288419	General
4eog:ChainA:TYR58	-161.539798	123.373828	General
4eog:ChainA:ASP59	-97.416933	112.111790	General
4eog:ChainA:SER60	-67.568420	-33.589658	General
4eog:ChainA:GLY61	-76.924255	-30.939899	Glycine
4eog:ChainA:LYS62	-102.683658	-2.215028	General
4eog:ChainA:ASN63	43.606607	58.764458	General
4eog:ChainA:LYS64	-154.403384	142.557897	Pre-Pro
4eog:ChainA:PRO65	-73.917588	165.324433	Proline
4eog:ChainA:GLU66	-86.509610	67.634645	General
4eog:ChainA:ILE67	-144.411189	137.432777	General
4eog:ChainA:GLU68	-70.557494	156.788678	General
4eog:ChainA:GLU69	-77.205496	147.235413	General
4eog:ChainA:LYS70	-128.573401	-174.947777	General
4eog:ChainA:SER71	-120.881872	127.320560	General
4eog:ChainA:PHE72	-106.261832	153.346985	General
4eog:ChainA:SER73	-128.632157	-17.056294	General
4eog:ChainA:SER74	-138.928736	146.895301	General
4eog:ChainA:TYR75	-60.906750	-21.256424	General
4eog:ChainA:SER76	-61.288377	-38.689499	General
4eog:ChainA:GLU77	-73.875877	-45.763948	General
4eog:ChainA:VAL78	-49.263467	-44.710271	General
4eog:ChainA:VAL79	-67.960362	-48.184128	General
4eog:ChainA:GLU80	-66.071827	-33.615066	General
4eog:ChainA:ASP81	-67.417284	-39.710937	General
4eog:ChainA:THR82	-59.721230	-45.413380	General
4eog:ChainA:LYS83	-56.910380	-47.043020	General
4eog:ChainA:GLU84	-51.168986	-50.572495	General
4eog:ChainA:ARG85	-65.048307	-42.413632	General
4eog:ChainA:ILE86	-67.372012	-37.329821	General
4eog:ChainA:LEU87	-62.143993	-38.632921	General
4eog:ChainA:TRP88	-62.401386	-50.895927	General
4eog:ChainA:HIS89	-53.648744	-36.023498	General
4eog:ChainA:ILE90	-70.155074	-41.079935	General
4eog:ChainA:LYS91	-84.238950	-52.716956	General
4eog:ChainA:GLU92	-80.572395	-2.035192	General
4eog:ChainA:GLU93	-135.749911	-57.964617	General
4eog:ChainA:VAL94	-57.808035	-56.556614	General
4eog:ChainA:ILE95	-71.308788	-48.076090	General
4eog:ChainA:GLU96	-49.268917	-56.901809	General
4eog:ChainA:GLU97	-68.041335	-12.327698	General
4eog:ChainA:LEU98	-82.820770	-21.028283	General
4eog:ChainA:ARG99	-58.453758	-19.235027	General
4eog:ChainA:GLU100	-111.144881	4.454774	General
4eog:ChainA:GLU101	-124.685076	-37.923498	General
4eog:ChainA:ASP102	-161.725116	70.430095	Pre-Pro
4eog:ChainA:PRO103	-45.259699	-29.436507	Proline
4eog:ChainA:GLU104	-73.094251	-37.292375	General
4eog:ChainA:LEU105	-65.444586	-41.158930	General
4eog:ChainA:ALA106	-58.296377	-44.837328	General
4eog:ChainA:LYS107	-64.946899	-37.457078	General
4eog:ChainA:LYS108	-65.997503	-40.645817	General
4eog:ChainA:ILE109	-75.103929	-33.337514	General
4eog:ChainA:GLU110	-63.966522	-44.219701	General
4eog:ChainA:LYS114	-71.354562	-60.186311	General
4eog:ChainA:ASP115	-62.532612	-176.511194	General
4eog:ChainA:GLU116	-100.418219	34.586610	General
4eog:ChainA:ARG117	-65.330536	-40.011348	General
4eog:ChainA:ILE118	-117.349732	133.917056	General
4eog:ChainA:THR119	-132.439771	144.464513	General
4eog:ChainA:ILE120	-107.568140	136.801056	General
4eog:ChainA:GLU121	-128.948451	139.289197	General
4eog:ChainA:VAL122	-103.122261	126.975281	General
4eog:ChainA:LEU123	-112.307313	154.136666	Pre-Pro
4eog:ChainA:PRO124	-65.981888	124.080231	Proline
4eog:ChainA:GLY125	-113.916267	-170.285367	Glycine
4eog:ChainA:VAL126	-141.465569	137.890292	General
4eog:ChainA:GLY127	152.378578	145.485493	Glycine
4eog:ChainA:VAL128	-108.123687	110.020230	General
4eog:ChainA:PHE129	-122.231587	172.251646	General
4eog:ChainA:GLY130	-68.961239	-19.339927	Glycine
4eog:ChainA:ASN131	-99.700649	-19.934689	General
4eog:ChainA:ILE132	-172.728909	159.341903	General
4eog:ChainA:THR133	-122.268735	128.793463	General
4eog:ChainA:VAL134	-121.056983	117.353420	General
4eog:ChainA:GLU135	-109.442119	138.254373	General
4eog:ChainA:GLY136	164.825468	-176.668282	Glycine
4eog:ChainA:ASP140	-55.067735	-38.514974	General
4eog:ChainA:PHE141	-60.545817	-49.976595	General
4eog:ChainA:TYR142	-58.261592	-52.955814	General
4eog:ChainA:TYR143	-61.524260	-43.458953	General
4eog:ChainA:TYR144	-67.444427	-35.143121	General
4eog:ChainA:ALA145	-58.836295	-44.470588	General
4eog:ChainA:THR146	-63.226897	-35.661614	General
4eog:ChainA:TYR147	-67.724664	-52.024230	General
4eog:ChainA:LYS148	-56.448202	-43.632092	General
4eog:ChainA:LEU149	-68.130414	-33.246623	General
4eog:ChainA:ALA150	-60.905927	-31.633010	General
4eog:ChainA:GLU151	-86.205062	-49.988452	General
4eog:ChainA:TRP152	-69.636411	-48.162194	General
4eog:ChainA:LEU153	-46.877565	130.061690	Pre-Pro
4eog:ChainA:PRO154	-69.932721	167.941591	Proline
4eog:ChainA:VAL155	-131.718645	92.636770	General
4eog:ChainA:GLN156	-156.805651	164.307775	General
4eog:ChainA:ASN157	-86.356139	135.991598	General
4eog:ChainA:ASN158	74.947619	42.020140	General
4eog:ChainA:LEU159	-84.657556	133.714913	General
4eog:ChainA:GLU160	-116.640480	106.031054	General
4eog:ChainA:VAL161	-98.964806	117.233054	General
4eog:ChainA:TYR162	-102.158062	127.654551	General
4eog:ChainA:LEU163	-115.571787	112.272127	General
4eog:ChainA:ASP164	-95.869936	114.713866	General
4eog:ChainA:LEU165	-101.105589	3.153001	General
4eog:ChainA:THR166	-46.430714	-50.583428	General
4eog:ChainA:HIS167	-97.254041	9.696986	General
4eog:ChainA:GLY168	-65.961433	143.665567	Glycine
4eog:ChainA:ILE169	-104.966364	-55.195762	General
4eog:ChainA:ASN170	-113.004798	-91.390534	General
4eog:ChainA:THR174	-57.158644	-42.529781	General
4eog:ChainA:PHE175	-58.735097	-46.864496	General
4eog:ChainA:THR176	-68.808001	-37.410135	General
4eog:ChainA:TYR177	-63.310896	-41.939915	General
4eog:ChainA:ARG178	-69.036904	-43.446204	General
4eog:ChainA:ALA179	-64.175273	-45.030050	General
4eog:ChainA:LEU180	-64.901948	-40.656692	General
4eog:ChainA:ARG181	-72.234136	-26.941604	General
4eog:ChainA:ASN182	-67.098603	-48.664821	General
4eog:ChainA:LEU183	-66.455099	-45.675659	General
4eog:ChainA:LEU184	-63.553524	-31.823085	General
4eog:ChainA:GLY185	-61.754871	-22.841128	Glycine
4eog:ChainA:LEU186	-86.623447	-34.255359	General
4eog:ChainA:LEU187	-64.368963	-32.016420	General
4eog:ChainA:ALA188	-67.290575	-5.377335	General
4eog:ChainA:TYR189	-73.587798	-32.581283	General
4eog:ChainA:LEU190	-112.253166	-38.351174	General
4eog:ChainA:TYR191	-120.936127	158.907866	General
4eog:ChainA:ASN192	-81.905468	141.901111	General
4eog:ChainA:VAL193	-157.382783	138.051935	General
4eog:ChainA:LYS194	-103.015931	147.291771	General
4eog:ChainA:PHE195	-135.480558	105.207337	General
4eog:ChainA:GLU196	-112.202953	147.135276	General
4eog:ChainA:ILE197	-117.804227	132.493276	General
4eog:ChainA:VAL198	-117.606979	150.226527	General
4eog:ChainA:ASN199	-159.713349	121.477289	General
4eog:ChainA:SER200	-78.766353	159.136483	General
4eog:ChainA:GLU201	-69.431596	161.666631	Pre-Pro
4eog:ChainA:PRO202	-63.586339	141.950764	Proline
4eog:ChainA:TYR203	-66.103585	127.005316	Pre-Pro
4eog:ChainA:PRO204	-53.465072	118.986074	Proline
4eog:ChainA:LEU205	-110.453623	156.059511	General
4eog:ChainA:GLY206	44.172677	39.206786	Glycine
4eog:ChainA:VAL207	-125.547386	159.948745	General
4eog:ChainA:SER208	-60.926946	150.613427	General
4eog:ChainA:GLN209	-56.992977	-25.709236	General
4eog:ChainA:GLU210	-78.027092	-37.958281	General
4eog:ChainA:ILE211	-75.691367	-25.413889	General
4eog:ChainA:ARG212	-76.544738	-27.991116	General
4eog:ChainA:GLU213	-81.756245	-19.429881	General
4eog:ChainA:ASP214	-89.713185	-7.039572	General
4eog:ChainA:THR215	-91.101062	116.499140	General
4eog:ChainA:ILE216	-113.120678	121.393017	General
4eog:ChainA:LEU217	-83.723183	126.226400	General
4eog:ChainA:HIS218	-86.108517	132.041359	General
4eog:ChainA:ILE219	-86.004776	118.160287	General
4eog:ChainA:ARG220	-101.263861	143.093950	General
4eog:ChainA:GLU221	-102.252526	120.953736	General
4eog:ChainA:ILE222	-132.814206	27.457245	General
4eog:ChainA:GLY223	-76.309498	177.720928	Glycine
4eog:ChainA:GLU224	-97.995256	-8.660269	General
4eog:ChainA:GLY225	80.581696	-130.140725	Glycine
4eog:ChainA:VAL226	-63.045777	127.201407	General
4eog:ChainA:VAL227	-83.777835	133.384657	General
4eog:ChainA:ARG228	-109.054145	135.307477	Pre-Pro
4eog:ChainA:PRO229	-64.542963	144.303050	Proline
4eog:ChainA:ARG230	-132.097944	127.944396	Pre-Pro
4eog:ChainA:PRO231	-60.114808	123.132723	Proline
4eog:ChainA:GLN232	-113.785973	106.080583	General
4eog:ChainA:TYR233	-83.091695	74.004656	General
4eog:ChainA:SER234	-124.440625	91.437219	Pre-Pro
4eog:ChainA:PRO235	-74.305387	168.373532	Proline
4eog:ChainA:VAL236	-124.179736	102.822618	General
4eog:ChainA:GLU237	-40.691072	129.102898	General
4eog:ChainA:GLY238	75.024891	20.497221	Glycine
4eog:ChainA:LYS239	-131.851877	62.103366	General
4eog:ChainA:LEU240	-36.929552	-63.029256	General
4eog:ChainA:TYR241	-52.551800	-48.729177	General
4eog:ChainA:TRP242	-55.714617	-54.228772	General
4eog:ChainA:ASN243	-53.636843	-44.867624	General
4eog:ChainA:ALA244	-54.268410	-43.078900	General
4eog:ChainA:PHE245	-68.837246	-38.017073	General
4eog:ChainA:ILE246	-63.819874	-38.022372	General
4eog:ChainA:SER247	-66.642902	-33.688809	General
4eog:ChainA:SER248	-69.196579	-32.437364	General
4eog:ChainA:VAL249	-77.911108	-22.973823	General
4eog:ChainA:ALA250	-87.802872	-40.734157	General
4eog:ChainA:ASN251	-102.499163	-23.163322	General
4eog:ChainA:GLY252	91.200587	69.133662	Glycine
4eog:ChainA:PHE253	-116.742979	93.491327	Pre-Pro
4eog:ChainA:PRO254	-53.626106	-48.289229	Proline
4eog:ChainA:LEU255	-65.726560	-41.045274	General
4eog:ChainA:VAL256	-65.446991	-33.563917	General
4eog:ChainA:PHE257	-59.181319	-59.002760	General
4eog:ChainA:ALA258	-65.016441	-35.116674	General
4eog:ChainA:SER259	-73.163450	-33.082879	General
4eog:ChainA:PHE260	-116.819759	15.784394	General
4eog:ChainA:TYR261	-49.786624	117.822774	Pre-Pro
4eog:ChainA:PRO262	-79.131933	158.814427	Proline
4eog:ChainA:ASN263	-84.929970	122.836005	General
4eog:ChainA:ILE264	-52.827304	-30.033557	General
4eog:ChainA:ARG265	-74.045917	-29.006853	General
4eog:ChainA:ASP266	-67.222290	-34.635825	General
4eog:ChainA:VAL267	-81.939375	-43.570843	General
4eog:ChainA:GLU268	-53.170109	-37.232151	General
4eog:ChainA:ASP269	-80.040766	-20.747846	General
4eog:ChainA:TYR270	-72.306790	-41.516563	General
4eog:ChainA:LEU271	-63.677550	-48.811159	General
4eog:ChainA:ASN272	-55.307071	-48.911482	General
4eog:ChainA:LYS273	-63.944548	-48.236656	General
4eog:ChainA:LYS274	-62.377104	-36.619780	General
4eog:ChainA:LEU275	-69.001426	-40.123448	General
4eog:ChainA:GLU276	-65.909042	-39.847013	General
4eog:ChainA:GLU277	-66.100767	-18.336020	General
4eog:ChainA:PHE278	-85.149603	-50.877536	General
4eog:ChainA:LEU279	-59.352389	-39.701116	General
4eog:ChainA:VAL280	-66.188973	-19.306729	General
4eog:ChainA:GLY281	-86.004904	-3.319124	Glycine
4eog:ChainA:ILE282	-84.261027	101.621345	General
4eog:ChainA:GLU283	-77.488804	133.884365	General
4eog:ChainA:VAL284	-118.108682	103.396939	General
4eog:ChainA:GLY285	-118.156289	-128.627725	Glycine
4eog:ChainA:GLU286	-161.591664	127.605853	General
4eog:ChainA:ARG287	-72.272881	173.491710	General
4eog:ChainA:GLU288	-55.623746	-41.748973	General
4eog:ChainA:ASP289	-85.282390	22.502599	General
4eog:ChainA:GLY290	79.209153	-15.283286	Glycine
4eog:ChainA:LYS291	-70.012500	163.734293	Pre-Pro
4eog:ChainA:PRO292	-65.674612	145.072914	Proline
4eog:ChainA:TYR293	-131.578600	96.547261	General
4eog:ChainA:VAL294	-92.349423	116.905236	General
4eog:ChainA:LYS295	-123.555753	110.321400	General
4eog:ChainA:ARG296	-84.187948	113.211283	General
4eog:ChainA:GLU297	-95.104128	-1.899669	General
4eog:ChainA:LYS298	-125.820084	148.476953	General
4eog:ChainA:ALA299	-127.351171	155.773151	General
4eog:ChainA:LEU300	-86.865883	149.957826	General
4eog:ChainA:ASP301	-112.075560	169.799442	General
4eog:ChainA:ARG302	-59.002695	-23.135986	General
4eog:ChainA:SER303	-65.816962	-35.883099	General
4eog:ChainA:PHE304	-63.990053	-33.515385	General
4eog:ChainA:LYS305	-73.706292	-48.949409	General
4eog:ChainA:ASN306	-62.971756	-40.256349	General
4eog:ChainA:ALA307	-58.613167	-46.145346	General
4eog:ChainA:SER308	-60.272720	-34.868893	General
4eog:ChainA:LYS309	-67.853074	-47.504262	General
4eog:ChainA:LEU310	-56.285986	-41.219862	General
4eog:ChainA:TYR311	-56.992942	-45.452879	General
4eog:ChainA:TYR312	-70.696144	-36.669074	General
4eog:ChainA:ALA313	-60.029604	-46.855913	General
4eog:ChainA:LEU314	-61.163061	-31.365841	General
4eog:ChainA:ARG315	-71.559081	-32.011623	General
4eog:ChainA:VAL316	-73.657684	-47.479355	General
4eog:ChainA:PHE317	-72.312148	-34.861977	General
4eog:ChainA:ASN318	-62.420626	-11.451576	General
4eog:ChainA:THR319	-85.370466	3.665977	General
4eog:ChainA:LYS320	-138.554188	-12.283326	General
4eog:ChainA:PHE321	-138.496342	120.598967	General
4eog:ChainA:GLN322	-127.460827	-13.318160	General
4eog:ChainA:ASN323	-87.962615	5.977118	General
4eog:ChainA:TYR324	-108.971960	154.846521	Pre-Pro
4eog:ChainA:PRO325	-62.544002	143.557288	Proline
4eog:ChainA:LYS326	-137.799301	121.847293	General
4eog:ChainA:LYS327	-81.254725	-27.279985	General
4eog:ChainA:GLU328	-122.509597	95.556736	General
4eog:ChainA:VAL329	-106.086390	138.254550	Pre-Pro
4eog:ChainA:PRO330	-81.530587	160.053961	Proline
4eog:ChainA:ILE331	-56.281149	-23.106811	General
4eog:ChainA:GLU332	-66.257569	-43.780403	General
4eog:ChainA:GLU333	-75.354979	-28.358955	General
4eog:ChainA:ILE337	-53.723579	-46.714437	General
4eog:ChainA:SER338	-59.838515	-33.938794	General
4eog:ChainA:LYS339	-65.383616	-9.862995	General
4eog:ChainA:ILE340	-71.958205	-40.325889	General
4eog:ChainA:PHE341	-76.201836	4.980774	General
4eog:ChainA:GLU342	-58.512922	-27.845481	General
4eog:ChainA:SER343	-63.704246	-32.341456	General
4eog:ChainA:LEU344	-107.342510	79.235183	Pre-Pro
4eog:ChainA:PRO345	-28.526600	-55.583077	Proline
4eog:ChainA:ARG346	-53.183292	-41.570278	General
4eog:ChainA:ILE347	-82.113218	-42.727731	General
4eog:ChainA:GLY348	-59.676038	-38.125028	Glycine
4eog:ChainA:ILE349	-69.197388	-31.183561	General
4eog:ChainA:ILE350	-69.934988	-39.593429	General
4eog:ChainA:LEU351	-70.482411	-43.705532	General
4eog:ChainA:GLU352	-47.509099	-48.177725	General
4eog:ChainA:ARG353	-66.240490	-58.159839	General
4eog:ChainA:GLN354	-53.471969	-34.975687	General
4eog:ChainA:VAL355	-77.960602	-38.580721	General
4eog:ChainA:GLU356	-60.917290	-40.242108	General
4eog:ChainA:TRP357	-55.121150	-47.851811	General
4eog:ChainA:LEU358	-67.406573	-21.548383	General
4eog:ChainA:ARG359	-80.069046	-31.475923	General
4eog:ChainA:ASN360	-69.301794	-34.682178	General
4eog:ChainA:LEU361	-57.265231	-52.072247	General
4eog:ChainA:VAL362	-67.252004	-38.690482	General
4eog:ChainA:TYR363	-107.810658	-25.129961	General
4eog:ChainA:GLY364	109.418623	162.531994	Glycine
4eog:ChainA:ARG365	-114.749874	112.964273	General
4eog:ChainA:LEU366	-105.797956	114.027851	General
4eog:ChainA:TRP367	-147.262801	174.462793	General
4eog:ChainA:TYR368	-125.916064	143.049952	General
4eog:ChainA:GLU369	-132.526895	106.916710	General
4eog:ChainA:ASN370	55.180824	64.427096	General
4eog:ChainA:GLY371	64.738162	-21.161637	Glycine
4eog:ChainA:GLU372	-74.467270	164.272605	General
4eog:ChainA:GLN373	-126.461307	83.596848	General
4eog:ChainA:LYS374	-95.329778	151.623408	General
4eog:ChainA:ILE375	-151.342604	158.609946	General
4eog:ChainA:LYS376	-138.432743	152.734374	General
4eog:ChainA:LYS377	-97.557402	159.515822	General
4eog:ChainA:GLY378	-109.314310	176.529866	Glycine
4eog:ChainA:LEU379	-49.187128	-33.275932	General
4eog:ChainA:LEU380	-56.259057	-56.564878	General
4eog:ChainA:GLU381	-65.718713	-49.585872	General
4eog:ChainA:ILE382	-50.518490	-36.414703	General
4eog:ChainA:ILE383	-70.953716	-27.863825	General
4eog:ChainA:LYS384	-77.826391	-50.490260	General
4eog:ChainA:ASP385	-53.130492	107.344301	General
4eog:ChainA:LYS386	-64.363926	-17.673499	General
4eog:ChainA:LYS387	-76.997936	-37.957367	General
4eog:ChainA:ASP388	-52.092784	114.011123	General
4eog:ChainA:LYS389	-109.037891	6.842896	General
4eog:ChainA:ARG390	-60.887353	127.281232	General
4eog:ChainA:LYS391	-42.976453	-34.224664	General
4eog:ChainA:GLU392	-68.362588	-49.344967	General
4eog:ChainA:ALA393	-67.954570	-27.139368	General
4eog:ChainA:GLU394	-66.064319	-59.345800	General
4eog:ChainA:ALA395	-54.616022	-46.079890	General
4eog:ChainA:LEU396	-61.440506	-43.518700	General
4eog:ChainA:LYS397	-61.101212	-30.079000	General
4eog:ChainA:LYS398	-79.936345	-13.310131	General
4eog:ChainA:GLY399	96.116968	17.617154	Glycine
4eog:ChainA:LYS400	-80.707692	149.132062	General
4eog:ChainA:THR401	-71.912446	127.650804	General
4eog:ChainA:ILE402	-123.106067	141.207879	General
4eog:ChainA:SER403	-65.991056	162.723375	General
4eog:ChainA:LEU404	-73.042811	-26.928268	General
4eog:ChainA:ALA405	-74.342839	-43.443031	General
4eog:ChainA:GLU406	-59.459993	-32.665833	General
4eog:ChainA:ALA407	-71.767316	-31.236891	General
4eog:ChainA:ALA408	-69.844872	-28.032543	General
4eog:ChainA:LYS409	-77.277607	-43.992500	General
4eog:ChainA:LEU410	-60.288770	-13.709779	General
4eog:ChainA:THR411	-140.685743	-149.682170	General
4eog:ChainA:ARG412	-122.944521	140.239577	General
4eog:ChainA:PRO427	-98.811973	13.588168	Proline
4eog:ChainA:ASN428	-108.371425	99.409992	General
4eog:ChainA:VAL429	-60.897678	-39.537807	General
4eog:ChainA:VAL430	-62.943757	-50.350778	General
4eog:ChainA:ARG431	-55.234963	-54.631965	General
4eog:ChainA:ASN432	-56.332970	-42.779326	General
4eog:ChainA:PHE433	-59.802371	-41.704776	General
4eog:ChainA:ILE434	-66.591289	-47.170190	General
4eog:ChainA:ALA435	-55.348983	-47.862486	General
4eog:ChainA:HIS436	-80.578875	3.447049	General
4eog:ChainA:SER437	60.799585	33.029671	General
4eog:ChainA:GLY438	85.884090	-6.559014	Glycine
4eog:ChainA:PHE439	-90.552202	64.967844	General
4eog:ChainA:GLU440	-79.449051	131.113542	General
4eog:ChainA:TYR441	-66.040366	-15.705549	General
4eog:ChainA:ASN442	-78.386687	-43.229331	General
4eog:ChainA:ILE443	-105.980617	-14.636013	General
4eog:ChainA:VAL444	-89.900667	123.344625	General
4eog:ChainA:TYR445	-112.170687	166.223351	General
4eog:ChainA:VAL446	-125.597786	151.503089	General
4eog:ChainA:LYS447	-152.007342	132.380744	General
4eog:ChainA:TYR448	-101.035953	126.182430	General
4eog:ChainA:ASP449	-110.377794	119.012976	General
4eog:ChainA:ARG450	-71.556438	-28.599531	General
4eog:ChainA:LEU451	-68.782823	-42.662577	General
4eog:ChainA:SER452	-88.746203	-24.827027	General
4eog:ChainA:ASP453	64.633802	56.803435	General
4eog:ChainA:ARG454	-151.446466	153.344141	General
4eog:ChainA:LEU455	-91.654429	129.390150	General
4eog:ChainA:TYR456	-115.825377	139.274555	General
4eog:ChainA:PHE457	-106.957370	144.023587	General
4eog:ChainA:PHE458	-160.856041	162.053744	General
4eog:ChainA:TYR459	-93.983122	113.641367	General
4eog:ChainA:LYS460	-68.093236	-43.823837	General
4eog:ChainA:ASP461	-95.711902	90.440779	General
4eog:ChainA:LYS462	-53.251526	-56.430945	General
4eog:ChainA:GLU463	-53.508915	-49.868721	General
4eog:ChainA:LYS464	-73.008229	-23.892555	General
4eog:ChainA:ALA465	-70.081611	-43.002544	General
4eog:ChainA:ALA466	-65.893287	-42.482267	General
4eog:ChainA:ASN467	-64.283797	-47.105493	General
4eog:ChainA:LEU468	-58.413051	-39.150743	General
4eog:ChainA:ALA469	-66.539502	-54.105317	General
4eog:ChainA:TYR470	-51.389728	-48.649981	General
4eog:ChainA:GLU471	-55.652660	-37.750313	General
4eog:ChainA:ALA472	-70.621855	0.839753	General
4eog:ChainA:LEU473	-97.923021	-34.156648	General
4eog:ChainA:LEU474	-91.190994	-10.838723	General
4eog:ChainA:TYR475	-63.910589	138.212637	General
4eog:ChainA:ARG476	-142.429080	122.723415	General
4eog:ChainA:GLY477	-55.731813	173.361243	Glycine
4eog:ChainA:GLU478	-102.341651	134.581373	General
4eog:ChainA:LYS479	-125.778722	-49.636428	General
