4g4k:ChainA:THR142	-95.823457	135.189114	General
4g4k:ChainA:ILE143	-122.225731	132.878640	General
4g4k:ChainA:GLU144	-87.805357	122.194853	General
4g4k:ChainA:LEU145	-103.122306	104.262803	General
4g4k:ChainA:LYS146	-75.837550	116.464749	General
4g4k:ChainA:ARG147	-98.199151	-19.249079	General
4g4k:ChainA:GLY148	144.886544	-104.193373	Glycine
4g4k:ChainA:SER149	-72.784969	-29.326410	General
4g4k:ChainA:ASN150	-121.125806	162.725032	General
4g4k:ChainA:SER151	-120.201851	153.258379	General
4g4k:ChainA:VAL152	-110.889574	137.799938	General
4g4k:ChainA:TYR153	-110.106774	125.273071	General
4g4k:ChainA:VAL154	-130.976341	162.798848	General
4g4k:ChainA:GLN155	-82.878704	151.613571	General
4g4k:ChainA:TYR156	-45.517612	-49.982364	General
4g4k:ChainA:ASP157	-83.551591	6.221864	General
4g4k:ChainA:ASP158	-77.594600	-15.862275	General
4g4k:ChainA:ILE159	-98.584752	122.749893	General
4g4k:ChainA:MET160	-74.103895	-57.812561	General
4g4k:ChainA:PHE161	-159.639071	164.755185	General
4g4k:ChainA:PHE162	-106.920684	145.357784	General
4g4k:ChainA:GLU163	-131.540392	136.558405	General
4g4k:ChainA:SER164	-99.513006	136.792841	General
4g4k:ChainA:SER165	-129.284931	144.112034	General
4g4k:ChainA:THR166	-71.855715	-10.041235	General
4g4k:ChainA:LYS167	-92.336731	1.265868	General
4g4k:ChainA:SER168	-146.096573	148.713476	General
4g4k:ChainA:HIS169	-82.487826	-7.131666	General
4g4k:ChainA:ARG170	-104.050301	151.350570	General
4g4k:ChainA:LEU171	-78.291856	164.414323	General
4g4k:ChainA:ILE172	-119.602512	118.703155	General
4g4k:ChainA:ALA173	-87.204236	120.382982	General
4g4k:ChainA:HIS174	-92.349441	104.089682	General
4g4k:ChainA:LEU175	-92.306483	175.039420	General
4g4k:ChainA:ASP176	-54.082604	-46.195647	General
4g4k:ChainA:ASN177	-111.242455	-7.207627	General
4g4k:ChainA:ARG178	-165.612420	171.007672	General
4g4k:ChainA:GLN179	-109.120789	141.551267	General
4g4k:ChainA:ILE180	-129.757139	122.261028	General
4g4k:ChainA:GLU181	-81.341622	144.339246	General
4g4k:ChainA:PHE182	-157.122724	169.308581	General
4g4k:ChainA:TYR183	-92.964423	123.212758	General
4g4k:ChainA:GLY184	-175.551901	-173.789983	Glycine
4g4k:ChainA:ASN185	-137.456907	143.953934	General
4g4k:ChainA:LEU186	-61.910848	-36.866602	General
4g4k:ChainA:LYS187	-63.577681	-47.757485	General
4g4k:ChainA:GLU188	-60.285309	-42.178598	General
4g4k:ChainA:LEU189	-63.810034	-39.468422	General
4g4k:ChainA:SER190	-63.829720	-24.579088	General
4g4k:ChainA:GLN191	-86.133021	-7.274184	General
4g4k:ChainA:LEU192	-64.437698	-32.850838	General
4g4k:ChainA:ASP193	-165.850239	148.022308	General
4g4k:ChainA:ASP194	-57.057122	-26.151218	General
4g4k:ChainA:ARG195	-71.600281	-21.115258	General
4g4k:ChainA:PHE196	-89.200562	137.089214	General
4g4k:ChainA:PHE197	-146.416215	125.778927	General
4g4k:ChainA:ARG198	-74.775484	107.086041	General
4g4k:ChainA:CYS199	-108.497933	-0.744196	General
4g4k:ChainA:HIS200	-167.288140	154.530028	General
4g4k:ChainA:ASN201	-53.515384	-31.811393	General
4g4k:ChainA:SER202	-98.570872	-8.068688	General
4g4k:ChainA:PHE203	-136.576404	136.517597	General
4g4k:ChainA:VAL204	-117.815612	120.130212	General
4g4k:ChainA:VAL205	-102.530655	151.625594	General
4g4k:ChainA:ASN206	-96.454633	107.615629	General
4g4k:ChainA:ARG207	-55.144500	-31.826943	General
4g4k:ChainA:HIS208	-64.741793	-20.484641	General
4g4k:ChainA:ASN209	-108.283718	7.221103	General
4g4k:ChainA:ILE210	-79.893303	126.717538	General
4g4k:ChainA:GLU211	-91.728194	-42.215596	General
4g4k:ChainA:SER212	-160.135209	163.956371	General
4g4k:ChainA:ILE213	-134.609635	126.360882	General
4g4k:ChainA:ASP214	-92.205505	101.959750	General
4g4k:ChainA:SER215	-72.715716	-23.985984	General
4g4k:ChainA:LYS216	-71.932901	-54.030486	General
4g4k:ChainA:GLU217	-84.962517	-10.042017	General
4g4k:ChainA:ARG218	62.798822	51.475864	General
4g4k:ChainA:ILE219	-116.965286	131.389535	General
4g4k:ChainA:VAL220	-107.537026	124.025038	General
4g4k:ChainA:TYR221	-106.950085	136.860534	General
4g4k:ChainA:PHE222	-108.484969	163.440650	General
4g4k:ChainA:LYS223	-56.566219	-28.826080	General
4g4k:ChainA:ASN224	-91.404710	12.535187	General
4g4k:ChainA:LYS225	80.054788	-4.286747	General
4g4k:ChainA:GLU226	-69.487978	160.849420	General
4g4k:ChainA:HIS227	-133.661929	162.848689	General
4g4k:ChainA:CYS228	-139.077873	-174.241817	General
4g4k:ChainA:TYR229	-112.144560	160.669871	General
4g4k:ChainA:ALA230	-127.558538	145.964034	General
4g4k:ChainA:SER231	-73.893766	161.051324	General
4g4k:ChainA:VAL232	-57.530543	-39.461254	General
4g4k:ChainA:ARG233	-55.569208	-44.539499	General
4g4k:ChainA:ASN234	-111.083463	-7.508593	General
4g4k:ChainA:VAL235	-59.316765	-39.835538	General
4g4k:ChainA:LYS236	-81.316488	-7.689424	General
4g4k:ChainA:LYS237	-94.624570	-11.224417	General
4g4k:ChainB:VAL140	-70.968829	-16.949605	General
4g4k:ChainB:GLU141	-119.637919	33.873064	General
4g4k:ChainB:THR142	-102.100375	135.051246	General
4g4k:ChainB:ILE143	-117.034850	128.371060	General
4g4k:ChainB:GLU144	-91.822319	112.109971	General
4g4k:ChainB:LEU145	-86.922763	110.623312	General
4g4k:ChainB:LYS146	-73.489647	132.002225	General
4g4k:ChainB:ARG147	-151.431480	57.870898	General
4g4k:ChainB:GLY148	74.798104	-120.003039	Glycine
4g4k:ChainB:SER149	-71.083090	-28.280817	General
4g4k:ChainB:ASN150	-133.333621	143.944874	General
4g4k:ChainB:SER151	-88.078305	158.681298	General
4g4k:ChainB:VAL152	-119.836719	115.163421	General
4g4k:ChainB:TYR153	-95.005785	121.813644	General
4g4k:ChainB:VAL154	-126.340524	161.508489	General
4g4k:ChainB:GLN155	-86.135721	149.865747	General
4g4k:ChainB:TYR156	-46.140547	-48.279449	General
4g4k:ChainB:ASP157	-85.947571	2.349341	General
4g4k:ChainB:ASP158	-71.894930	-17.958572	General
4g4k:ChainB:ILE159	-97.480449	124.888156	General
4g4k:ChainB:MET160	-76.490352	-56.762503	General
4g4k:ChainB:PHE161	-159.094176	164.724458	General
4g4k:ChainB:PHE162	-105.747652	145.921547	General
4g4k:ChainB:GLU163	-133.056529	139.504701	General
4g4k:ChainB:SER164	-80.841412	132.898195	General
4g4k:ChainB:SER165	-74.556454	134.809286	General
4g4k:ChainB:THR166	-86.108698	-11.780768	General
4g4k:ChainB:LYS167	-87.467040	-26.558021	General
4g4k:ChainB:SER168	-156.106453	-177.892294	General
4g4k:ChainB:HIS169	-83.181824	-4.398610	General
4g4k:ChainB:ARG170	-73.088512	156.289648	General
4g4k:ChainB:LEU171	-98.197846	165.067701	General
4g4k:ChainB:ILE172	-122.597243	121.347825	General
4g4k:ChainB:ALA173	-89.721278	120.259019	General
4g4k:ChainB:HIS174	-92.579982	108.833010	General
4g4k:ChainB:LEU175	-98.759727	-179.032689	General
4g4k:ChainB:ASP176	-53.117566	-52.593140	General
4g4k:ChainB:ASN177	-120.305881	12.621564	General
4g4k:ChainB:ARG178	-161.075493	164.928439	General
4g4k:ChainB:GLN179	-109.367705	145.560869	General
4g4k:ChainB:ILE180	-131.691508	120.983782	General
4g4k:ChainB:GLU181	-85.023586	144.091315	General
4g4k:ChainB:PHE182	-157.517585	177.888967	General
4g4k:ChainB:TYR183	-105.331692	121.563054	General
4g4k:ChainB:GLY184	-174.705687	-172.172177	Glycine
4g4k:ChainB:ASN185	-137.548794	144.433788	General
4g4k:ChainB:LEU186	-59.477204	-40.998140	General
4g4k:ChainB:LYS187	-61.135459	-47.278803	General
4g4k:ChainB:GLU188	-62.507875	-41.989919	General
4g4k:ChainB:LEU189	-61.203424	-39.284422	General
4g4k:ChainB:SER190	-67.123875	-20.022338	General
4g4k:ChainB:GLN191	-89.915855	-6.084146	General
4g4k:ChainB:LEU192	-66.277573	-35.732851	General
4g4k:ChainB:ASP193	-163.222641	155.861561	General
4g4k:ChainB:ASP194	-63.492499	-22.174105	General
4g4k:ChainB:ARG195	-72.626067	-23.304123	General
4g4k:ChainB:PHE196	-87.395123	137.944005	General
4g4k:ChainB:PHE197	-144.988324	128.410982	General
4g4k:ChainB:ARG198	-80.457225	99.540133	General
4g4k:ChainB:CYS199	-100.059078	0.767305	General
4g4k:ChainB:HIS200	-169.736503	158.227365	General
4g4k:ChainB:ASN201	-59.914777	-30.889513	General
4g4k:ChainB:SER202	-97.022607	-8.104591	General
4g4k:ChainB:PHE203	-135.159834	136.264215	General
4g4k:ChainB:VAL204	-119.234698	117.293183	General
4g4k:ChainB:VAL205	-99.035810	150.928936	General
4g4k:ChainB:ASN206	-91.899564	107.495308	General
4g4k:ChainB:ARG207	-51.886546	-34.301802	General
4g4k:ChainB:HIS208	-63.047388	-25.252064	General
4g4k:ChainB:ASN209	-106.685902	6.971847	General
4g4k:ChainB:ILE210	-76.910630	128.732626	General
4g4k:ChainB:GLU211	-86.355432	-48.765734	General
4g4k:ChainB:SER212	-158.499965	172.108661	General
4g4k:ChainB:ILE213	-137.110853	137.276199	General
4g4k:ChainB:ASP214	-109.280009	102.188449	General
4g4k:ChainB:SER215	-73.248455	-27.967756	General
4g4k:ChainB:LYS216	-68.796852	-46.318609	General
4g4k:ChainB:GLU217	-87.136092	-8.976376	General
4g4k:ChainB:ARG218	56.724435	50.344225	General
4g4k:ChainB:ILE219	-120.236381	130.049362	General
4g4k:ChainB:VAL220	-105.304289	125.970194	General
4g4k:ChainB:TYR221	-103.975137	137.354489	General
4g4k:ChainB:PHE222	-106.739469	164.302867	General
4g4k:ChainB:LYS223	-64.456689	-20.681786	General
4g4k:ChainB:ASN224	-94.888187	15.203512	General
4g4k:ChainB:LYS225	74.128543	-1.671907	General
4g4k:ChainB:GLU226	-68.556913	166.253745	General
4g4k:ChainB:HIS227	-141.433403	161.302882	General
4g4k:ChainB:CYS228	-141.648731	-172.726060	General
4g4k:ChainB:TYR229	-115.357120	160.648032	General
4g4k:ChainB:ALA230	-127.400478	146.389449	General
4g4k:ChainB:SER231	-71.153531	158.440154	General
4g4k:ChainB:VAL232	-53.394600	-42.149472	General
4g4k:ChainB:ARG233	-76.905035	-20.827323	General
4g4k:ChainB:ASN234	-108.942633	-14.016638	General
4g4k:ChainB:VAL235	-57.704746	-39.187212	General
4g4k:ChainB:LYS236	-81.459009	-2.047039	General
4g4k:ChainB:LYS237	-99.233466	-5.215520	General
