4him:ChainA:PHE5	-90.707056	145.470041	General
4him:ChainA:SER6	-119.130605	153.997196	General
4him:ChainA:LEU7	-80.931126	155.248461	General
4him:ChainA:LEU8	-70.456567	-19.869274	General
4him:ChainA:SER9	-63.223047	-24.737671	General
4him:ChainA:GLN10	-95.285057	-18.487853	General
4him:ChainA:ILE11	-75.442011	150.223757	General
4him:ChainA:THR12	-132.894517	162.620387	Pre-Pro
4him:ChainA:PRO13	-59.602962	152.190979	Proline
4him:ChainA:HIS14	59.950115	42.781275	General
4him:ChainA:GLN15	-133.279515	177.597074	General
4him:ChainA:ARG16	-107.810368	143.776157	General
4him:ChainA:CYS17	-153.129127	172.630344	General
4him:ChainA:SER18	-140.141329	141.837244	General
4him:ChainA:PHE19	-157.438839	153.753275	General
4him:ChainA:TYR20	-91.009928	144.284803	General
4him:ChainA:ALA21	-156.272314	163.075998	General
4him:ChainA:GLN22	-101.780735	139.574175	General
4him:ChainA:VAL23	-82.084775	123.721252	General
4him:ChainA:ILE24	-97.662071	-42.477434	General
4him:ChainA:LYS25	-143.420050	137.318986	General
4him:ChainA:THR26	-118.066436	149.477484	General
4him:ChainA:TRP27	-147.112741	116.598262	General
4him:ChainA:TYR28	-89.810776	144.444670	General
4him:ChainA:SER29	-136.272150	-178.080463	General
4him:ChainA:ASP30	-87.179183	7.095355	General
4him:ChainA:LYS31	-116.558763	-30.723564	General
4him:ChainA:ASN32	-164.906207	174.620668	General
4him:ChainA:PHE33	-121.063156	130.092403	General
4him:ChainA:THR34	-113.398584	134.526638	General
4him:ChainA:LEU35	-115.003808	147.440224	General
4him:ChainA:TYR36	-118.957186	123.161963	General
4him:ChainA:VAL37	-137.983351	155.191307	General
4him:ChainA:THR38	-145.471391	154.135506	General
4him:ChainA:ASP39	-123.809102	17.974469	General
4him:ChainA:TYR40	60.361255	32.853555	General
4him:ChainA:THR41	-119.573140	151.507377	General
4him:ChainA:GLU42	-94.137733	142.325909	General
4him:ChainA:ASN43	-134.758139	127.151863	General
4him:ChainA:GLU44	-61.841285	-15.953033	General
4him:ChainA:LEU45	-101.879266	1.619416	General
4him:ChainA:PHE46	-77.835627	148.476305	General
4him:ChainA:PHE47	-65.965615	136.031479	Pre-Pro
4him:ChainA:PRO48	-77.378406	100.054828	Proline
4him:ChainA:MET49	-72.160841	123.767733	General
4him:ChainA:SER50	-91.318996	132.468131	Pre-Pro
4him:ChainA:PRO51	-79.825471	-1.312237	Proline
4him:ChainA:TYR52	-99.320587	-5.232001	General
4him:ChainA:THR53	-62.198720	128.743144	General
4him:ChainA:SER54	-79.510076	130.535697	General
4him:ChainA:SER55	86.799265	7.230919	General
4him:ChainA:SER56	-79.840882	149.750976	General
4him:ChainA:ARG57	-85.887276	-8.156072	General
4him:ChainA:TRP58	-68.796847	127.480235	General
4him:ChainA:ARG59	-118.723534	13.996820	General
4him:ChainA:GLY60	120.012606	158.986572	Glycine
4him:ChainA:PRO61	-81.225198	154.741032	Proline
4him:ChainA:PHE62	-102.847084	165.436506	General
4him:ChainA:GLY63	73.309655	-159.591827	Glycine
4him:ChainA:ARG64	-91.343130	69.327596	General
4him:ChainA:PHE65	-126.250826	-4.705107	General
4him:ChainA:SER66	-136.093536	154.685816	General
4him:ChainA:ILE67	-127.207024	140.525296	General
4him:ChainA:ARG68	-80.135125	130.293667	General
4him:ChainA:CYS69	-116.044883	124.606123	General
4him:ChainA:ILE70	-100.751859	122.649417	General
4him:ChainA:LEU71	-110.433939	118.803304	General
4him:ChainA:TRP72	-104.954839	157.551265	General
4him:ChainA:ASP73	50.619417	-130.670150	General
4him:ChainA:GLU74	-59.649732	-30.854277	General
4him:ChainA:HIS75	-64.716203	-43.608630	General
4him:ChainA:ASP76	-57.772051	-58.815329	General
4him:ChainA:PHE77	-58.907450	-37.378719	General
4him:ChainA:TYR78	-70.038613	-45.901693	General
4him:ChainA:CYS79	-85.934357	-28.030991	General
4him:ChainA:ARG80	-43.557193	-47.245155	General
4him:ChainA:ASN81	-113.497049	35.875972	General
4him:ChainA:TYR82	-142.093801	-53.361102	General
4him:ChainA:ILE83	-81.863670	121.951123	General
4him:ChainA:LYS84	-114.660823	151.910468	General
4him:ChainA:GLU85	-49.642219	127.772128	General
4him:ChainA:GLY86	102.755499	-23.924112	Glycine
4him:ChainA:ASP87	-62.956122	149.523685	General
4him:ChainA:TYR88	-94.249639	138.983601	General
4him:ChainA:VAL89	-127.772453	153.583615	General
4him:ChainA:VAL90	-115.481444	126.447101	General
4him:ChainA:MET91	-116.978953	129.299129	General
4him:ChainA:LYS92	-122.752847	127.208833	General
4him:ChainA:ASN93	68.498678	32.777659	General
4him:ChainA:VAL94	-88.165602	156.779260	General
4him:ChainA:ARG95	-91.906539	144.876491	General
4him:ChainA:THR96	-110.305132	151.096621	General
4him:ChainA:LYS97	-149.258143	-178.671801	General
4him:ChainA:ILE98	-112.441256	138.450668	General
4him:ChainA:ASP99	-84.944235	-170.167447	General
4him:ChainA:HIS100	-72.546529	-7.924330	General
4him:ChainA:LEU101	-116.118513	-4.610560	General
4him:ChainA:GLY102	103.070617	12.649795	Glycine
4him:ChainA:TYR103	-98.733979	138.510317	General
4him:ChainA:LEU104	-60.226224	140.174804	General
4him:ChainA:GLU105	-144.570486	159.474574	General
4him:ChainA:CYS106	-105.511790	144.657868	General
4him:ChainA:ILE107	-128.738270	136.037315	General
4him:ChainA:LEU108	-112.608633	97.926411	General
4him:ChainA:HIS109	-71.819819	153.001116	General
4him:ChainA:GLY110	-45.371065	136.225811	Glycine
4him:ChainA:ASP111	-145.276990	64.131187	General
4him:ChainA:SER112	-64.345048	-27.882483	General
4him:ChainA:ALA113	-78.815020	-3.674417	General
4him:ChainA:LYS114	54.912282	43.739850	General
4him:ChainA:ARG115	-81.422424	-35.678455	General
4him:ChainA:TYR116	-105.544153	-5.708093	General
4him:ChainA:ASN117	57.280611	36.595842	General
4him:ChainA:MET118	-73.878817	146.207040	General
4him:ChainA:SER119	-158.770060	154.705527	General
4him:ChainA:ILE120	-135.010668	133.782622	General
4him:ChainA:GLU121	-146.041719	162.319610	General
4him:ChainA:LYS122	-71.697380	148.242658	General
4him:ChainA:VAL123	-120.586528	132.475357	General
4him:ChainA:ASP124	-64.766852	138.596973	General
4him:ChainA:SER125	-57.480203	-18.667094	General
4him:ChainA:GLU126	-94.379507	-8.825642	General
4him:ChainA:GLU127	-65.654124	129.299394	Pre-Pro
4him:ChainA:PRO128	-70.084754	-9.185842	Proline
4him:ChainA:GLU129	-64.713849	-14.154582	General
4him:ChainA:LEU130	-102.460162	2.886914	General
4him:ChainA:ASN131	-65.512152	-37.530519	General
4him:ChainA:GLU132	-78.214383	-33.507532	General
4him:ChainA:ILE133	-52.571945	-51.333626	General
4him:ChainA:LYS134	-65.296576	-45.356500	General
4him:ChainA:SER135	-58.414249	-45.975002	General
4him:ChainA:ARG136	-65.937335	-37.267064	General
4him:ChainA:LYS137	-63.065241	-25.149883	General
4him:ChainA:ARG138	-67.421836	-22.324701	General
4him:ChainA:LEU139	-69.759540	-22.130654	General
4him:ChainA:TYR140	-119.874857	-7.111593	General
