4hja:ChainA:SER4	-168.861542	167.791333	General
4hja:ChainA:PHE5	-89.516811	148.044755	General
4hja:ChainA:SER6	-123.214653	152.062806	General
4hja:ChainA:LEU7	-76.611833	152.924695	General
4hja:ChainA:LEU8	-57.961478	-29.631283	General
4hja:ChainA:SER9	-62.890394	-20.439348	General
4hja:ChainA:GLN10	-98.525207	-14.154067	General
4hja:ChainA:ILE11	-77.109599	151.957930	General
4hja:ChainA:THR12	-131.813352	168.468506	Pre-Pro
4hja:ChainA:PRO13	-71.904308	151.887825	Proline
4hja:ChainA:HIS14	62.974482	45.751306	General
4hja:ChainA:GLN15	-137.552722	174.261766	General
4hja:ChainA:ARG16	-102.886869	139.908551	General
4hja:ChainA:CYS17	-152.677948	166.025895	General
4hja:ChainA:SER18	-132.825603	144.101705	General
4hja:ChainA:PHE19	-159.412735	157.705259	General
4hja:ChainA:TYR20	-97.519591	140.181157	General
4hja:ChainA:ALA21	-153.835401	162.511835	General
4hja:ChainA:GLN22	-101.408154	134.677649	General
4hja:ChainA:VAL23	-76.850785	119.396002	General
4hja:ChainA:ILE24	-94.127444	-43.802443	General
4hja:ChainA:LYS25	-141.774740	140.464488	General
4hja:ChainA:THR26	-123.750241	149.816010	General
4hja:ChainA:TRP27	-146.711789	116.993545	General
4hja:ChainA:TYR28	-93.348451	148.216159	General
4hja:ChainA:SER29	-133.944898	178.931922	General
4hja:ChainA:ASP30	-83.177108	5.605179	General
4hja:ChainA:LYS31	-110.198950	-33.684046	General
4hja:ChainA:ASN32	-158.791608	-175.951836	General
4hja:ChainA:PHE33	-128.496298	131.872732	General
4hja:ChainA:THR34	-120.358609	132.923127	General
4hja:ChainA:LEU35	-113.539914	152.284905	General
4hja:ChainA:TYR36	-119.846601	119.766123	General
4hja:ChainA:VAL37	-125.812747	151.288368	General
4hja:ChainA:THR38	-132.965369	150.445665	General
4hja:ChainA:ASP39	-116.210472	17.503314	General
4hja:ChainA:TYR40	56.595472	38.369402	General
4hja:ChainA:THR41	-125.363623	151.551240	General
4hja:ChainA:GLU42	-92.555421	145.198682	General
4hja:ChainA:ASN43	-136.949957	125.004650	General
4hja:ChainA:GLU44	-58.777047	-21.058710	General
4hja:ChainA:LEU45	-93.875740	2.866066	General
4hja:ChainA:PHE46	-82.331123	155.581516	General
4hja:ChainA:PHE47	-72.693614	139.611614	Pre-Pro
4hja:ChainA:PRO48	-80.744711	89.373262	Proline
4hja:ChainA:MET49	-58.949935	127.405699	General
4hja:ChainA:SER50	-93.625337	136.920918	Pre-Pro
4hja:ChainA:PRO51	-84.535087	-2.571535	Proline
4hja:ChainA:TYR52	-94.077253	3.418046	General
4hja:ChainA:THR53	-66.689306	133.776435	General
4hja:ChainA:SER54	-74.114113	114.519980	General
4hja:ChainA:SER55	68.431884	99.839413	General
4hja:ChainA:SER56	-158.847466	138.334383	General
4hja:ChainA:ARG57	-85.473044	-4.439323	General
4hja:ChainA:TRP58	-66.083305	133.783170	General
4hja:ChainA:ARG59	-120.810022	18.215743	General
4hja:ChainA:GLY60	115.413497	173.332298	Glycine
4hja:ChainA:PRO61	-68.831602	154.749543	Proline
4hja:ChainA:PHE62	-99.508178	166.469919	General
4hja:ChainA:GLY63	72.343230	-160.552815	Glycine
4hja:ChainA:ARG64	-88.422759	67.807229	General
4hja:ChainA:PHE65	-121.721797	-3.848995	General
4hja:ChainA:SER66	-129.532956	153.986666	General
4hja:ChainA:ILE67	-125.320773	136.960374	General
4hja:ChainA:ARG68	-78.258385	138.179750	General
4hja:ChainA:CYS69	-124.556349	117.907994	General
4hja:ChainA:ILE70	-97.199066	117.639732	General
4hja:ChainA:LEU71	-102.810889	123.841093	General
4hja:ChainA:TRP72	-109.508732	152.714977	General
4hja:ChainA:ASP73	55.590667	-128.534353	General
4hja:ChainA:GLU74	-59.313656	-33.153148	General
4hja:ChainA:HIS75	-63.865328	-43.507346	General
4hja:ChainA:ASP76	-59.131045	-58.085733	General
4hja:ChainA:PHE77	-60.961214	-36.814087	General
4hja:ChainA:TYR78	-68.586101	-46.592906	General
4hja:ChainA:CYS79	-86.192402	-25.287199	General
4hja:ChainA:ARG80	-61.672597	-30.036324	General
4hja:ChainA:ASN81	-112.131101	26.742485	General
4hja:ChainA:TYR82	-136.053527	-53.658764	General
4hja:ChainA:ILE83	-81.099247	124.738548	General
4hja:ChainA:LYS84	-120.406022	155.272379	General
4hja:ChainA:GLU85	-52.271510	134.900331	General
4hja:ChainA:GLY86	94.361454	-21.827159	Glycine
4hja:ChainA:ASP87	-64.213240	158.984620	General
4hja:ChainA:TYR88	-105.328790	144.665624	General
4hja:ChainA:VAL89	-136.726217	153.075127	General
4hja:ChainA:VAL90	-116.478373	124.278114	General
4hja:ChainA:MET91	-114.855213	127.399295	General
4hja:ChainA:LYS92	-119.033907	135.570148	General
4hja:ChainA:ASN93	56.220127	39.918743	General
4hja:ChainA:VAL94	-88.735920	158.712074	General
4hja:ChainA:ARG95	-99.233834	139.539107	General
4hja:ChainA:THR96	-108.592817	152.103519	General
4hja:ChainA:LYS97	-151.666564	-176.271725	General
4hja:ChainA:ILE98	-118.568200	132.350188	General
4hja:ChainA:ASP99	-72.671054	-173.252852	General
4hja:ChainA:HIS100	-63.672413	-25.028471	General
4hja:ChainA:LEU101	-104.670654	12.103175	General
4hja:ChainA:GLY102	89.534340	15.086059	Glycine
4hja:ChainA:TYR103	-95.893844	143.247096	General
4hja:ChainA:LEU104	-65.964624	153.545018	General
4hja:ChainA:GLU105	-164.414967	148.353134	General
4hja:ChainA:CYS106	-122.257445	147.779782	General
4hja:ChainA:ILE107	-140.273609	131.342814	General
4hja:ChainA:LEU108	-114.238105	92.796040	General
4hja:ChainA:HIS109	-70.725796	155.292093	General
4hja:ChainA:GLY110	-58.352556	135.779593	Glycine
4hja:ChainA:ASP111	-142.626761	67.423395	General
4hja:ChainA:SER112	-59.309958	-45.895890	General
4hja:ChainA:ALA113	-60.241073	-3.820797	General
4hja:ChainA:LYS114	45.290524	50.847469	General
4hja:ChainA:ARG115	-80.052851	-34.748105	General
4hja:ChainA:TYR116	-100.440164	-18.208954	General
4hja:ChainA:ASN117	67.172674	33.251866	General
4hja:ChainA:MET118	-76.165462	149.452333	General
4hja:ChainA:SER119	-165.389161	158.535249	General
4hja:ChainA:ILE120	-143.143836	123.649270	General
4hja:ChainA:GLU121	-130.605178	154.955129	General
4hja:ChainA:LYS122	-67.575840	148.916941	General
4hja:ChainA:VAL123	-115.146794	139.038173	General
4hja:ChainA:ASP124	-63.751160	131.250423	General
4hja:ChainA:SER125	-45.716591	-18.895056	General
4hja:ChainA:GLU126	-102.780840	-5.059503	General
4hja:ChainA:GLU127	-53.245243	136.517295	Pre-Pro
4hja:ChainA:PRO128	-73.391270	-15.095513	Proline
4hja:ChainA:GLU129	-62.840169	-14.423912	General
4hja:ChainA:LEU130	-95.205458	-5.654762	General
4hja:ChainA:ASN131	-56.354301	-37.123941	General
4hja:ChainA:GLU132	-69.567109	-46.894262	General
4hja:ChainA:ILE133	-56.598384	-39.453552	General
4hja:ChainA:LYS134	-69.749190	-40.084258	General
4hja:ChainA:SER135	-70.881942	-47.111450	General
4hja:ChainA:ARG136	-57.240330	-42.279742	General
4hja:ChainA:LYS137	-54.520001	-34.621681	General
4hja:ChainA:ARG138	-59.899273	-24.394099	General
4hja:ChainA:LEU139	-77.263688	-21.235181	General
4hja:ChainA:TYR140	-109.523595	-0.264219	General
