4hpz:ChainA:LEU155	-53.034534	-22.992022	General
4hpz:ChainA:ARG156	-62.886399	-26.071584	General
4hpz:ChainA:THR157	-69.798799	-11.965791	General
4hpz:ChainA:LEU158	-102.982172	6.747093	General
4hpz:ChainA:GLY159	101.430948	1.840256	Glycine
4hpz:ChainA:TYR160	-76.811331	142.821792	General
4hpz:ChainA:SER161	-76.206554	164.835893	General
4hpz:ChainA:GLN162	-60.527706	-39.252373	General
4hpz:ChainA:GLN163	-60.382881	-54.031298	General
4hpz:ChainA:GLN164	-52.165717	-44.376267	General
4hpz:ChainA:GLN165	-66.041234	-45.015169	General
4hpz:ChainA:GLU166	-59.776648	-35.260911	General
4hpz:ChainA:LYS167	-66.510342	-29.473559	General
4hpz:ChainA:ILE168	-66.514763	-55.168729	General
4hpz:ChainA:LYS169	112.292952	112.476589	Pre-Pro
4hpz:ChainA:PRO170	-35.154159	-53.550508	Proline
4hpz:ChainA:LYS171	-72.261940	-4.767962	General
4hpz:ChainA:VAL172	-107.356734	-13.998536	General
4hpz:ChainA:ARG173	-58.754713	-35.329730	General
4hpz:ChainA:SER174	-71.747519	-31.868639	General
4hpz:ChainA:THR175	-69.793475	-44.182627	General
4hpz:ChainA:VAL176	-52.530261	-49.267602	General
4hpz:ChainA:ALA177	-62.937744	-34.928256	General
4hpz:ChainA:GLN178	-61.707603	-43.487272	General
4hpz:ChainA:HIS179	-106.173445	-3.435542	General
4hpz:ChainA:HIS180	-50.341206	-52.300792	General
4hpz:ChainA:GLU181	-56.272603	-49.414894	General
4hpz:ChainA:ALA182	-62.297921	-43.318635	General
4hpz:ChainA:LEU183	-63.260585	-51.881602	General
4hpz:ChainA:VAL184	-63.342719	-32.581913	General
4hpz:ChainA:GLY185	-64.565257	-23.720386	Glycine
4hpz:ChainA:HIS186	-85.619520	-5.326643	General
4hpz:ChainA:GLY187	103.964384	-2.618254	Glycine
4hpz:ChainA:PHE188	-71.512913	135.735185	General
4hpz:ChainA:THR189	-77.634947	169.922359	General
4hpz:ChainA:HIS190	-60.580499	-35.375691	General
4hpz:ChainA:ALA191	-62.648627	-49.636608	General
4hpz:ChainA:HIS192	-48.979052	-45.753763	General
4hpz:ChainA:ILE193	-72.846153	-33.493841	General
4hpz:ChainA:VAL194	-62.069383	-51.866330	General
4hpz:ChainA:ALA195	-59.039601	-47.983374	General
4hpz:ChainA:LEU196	-54.282561	-39.371007	General
4hpz:ChainA:SER197	-61.276174	-17.617697	General
4hpz:ChainA:GLN198	-55.384109	-22.403597	General
4hpz:ChainA:HIS199	-128.507198	83.916591	Pre-Pro
4hpz:ChainA:PRO200	-38.320567	-48.771627	Proline
4hpz:ChainA:ALA201	-60.661807	-23.951195	General
4hpz:ChainA:ALA202	-71.297930	-25.056173	General
4hpz:ChainA:LEU203	-55.128185	-53.187481	General
4hpz:ChainA:GLY204	-71.239627	-41.814071	Glycine
4hpz:ChainA:THR205	-68.037142	-36.633702	General
4hpz:ChainA:VAL206	-70.168719	-41.231413	General
4hpz:ChainA:ALA207	-56.122389	-49.936825	General
4hpz:ChainA:VAL208	-82.836121	172.874697	General
4hpz:ChainA:LYS209	61.800837	-13.514636	General
4hpz:ChainA:TYR210	-48.250369	-46.987991	General
4hpz:ChainA:GLN211	-61.783842	-36.797718	General
4hpz:ChainA:ASP212	-68.811625	-31.294528	General
4hpz:ChainA:MET213	-67.176843	-41.993405	General
4hpz:ChainA:ILE214	-66.351338	-34.861938	General
4hpz:ChainA:ALA215	-68.285017	-40.612159	General
4hpz:ChainA:ALA216	-76.767945	-28.187413	General
4hpz:ChainA:LEU217	-133.888284	73.963100	Pre-Pro
4hpz:ChainA:PRO218	-58.825109	-36.823626	Proline
4hpz:ChainA:GLU219	-80.621216	-9.606350	General
4hpz:ChainA:ALA220	-57.496642	122.129626	General
4hpz:ChainA:THR221	-83.192076	166.510188	General
4hpz:ChainA:HIS222	-57.390469	-50.452280	General
4hpz:ChainA:GLU223	-66.376611	-30.266816	General
4hpz:ChainA:ALA224	-64.378310	-40.310559	General
4hpz:ChainA:ILE225	-67.055022	-39.029183	General
4hpz:ChainA:VAL226	-64.629174	-38.763606	General
4hpz:ChainA:GLY227	-62.978379	-36.449221	Glycine
4hpz:ChainA:VAL228	-74.319284	-51.520890	General
4hpz:ChainA:GLY229	-68.057349	-26.828093	Glycine
4hpz:ChainA:LYS230	-64.020200	-26.810948	General
4hpz:ChainA:GLN231	-73.694955	175.897119	General
4hpz:ChainA:TRP232	-56.535560	-36.995735	General
4hpz:ChainA:SER233	-111.340511	27.962956	General
4hpz:ChainA:GLY234	39.368186	-107.172524	Glycine
4hpz:ChainA:ALA235	137.309730	-100.937665	General
4hpz:ChainA:CYS236	-75.051929	-11.640743	General
4hpz:ChainA:ALA237	-65.450272	-43.713254	General
4hpz:ChainA:LEU238	-66.845358	-36.305437	General
4hpz:ChainA:GLU239	-64.587135	-43.479594	General
4hpz:ChainA:ALA240	-62.197554	-39.523683	General
4hpz:ChainA:LEU241	-61.376044	-45.531385	General
4hpz:ChainA:LEU242	-52.141431	-41.599609	General
4hpz:ChainA:THR243	-80.583846	-38.466972	General
4hpz:ChainA:VAL244	-108.074148	-11.936944	General
4hpz:ChainA:ALA245	-53.558565	-44.265882	General
4hpz:ChainA:GLY246	-58.646829	-46.396922	Glycine
4hpz:ChainA:GLU247	-67.378514	-47.309968	General
4hpz:ChainA:LEU248	-56.871166	-25.869670	General
4hpz:ChainA:ARG249	-73.062527	-27.186511	General
4hpz:ChainA:GLY250	-83.960264	-160.403387	Glycine
4hpz:ChainA:PRO251	-73.781456	151.112435	Proline
4hpz:ChainA:PRO252	-90.904617	-8.695110	Proline
4hpz:ChainA:LEU253	-94.297054	-28.938995	General
4hpz:ChainA:GLN254	47.455281	47.782951	General
4hpz:ChainA:LEU255	-68.877589	150.496009	General
4hpz:ChainA:ASP256	-107.820307	173.533717	General
4hpz:ChainA:THR257	-70.082592	-32.506752	General
4hpz:ChainA:GLY258	-57.004381	-47.399119	Glycine
4hpz:ChainA:GLN259	-65.245512	-45.047173	General
4hpz:ChainA:LEU260	-57.412744	-36.016356	General
4hpz:ChainA:LEU261	-75.625268	-34.034350	General
4hpz:ChainA:LYS262	-64.325597	-41.647687	General
4hpz:ChainA:ILE263	-61.260883	-59.937921	General
4hpz:ChainA:ALA264	-55.863934	-41.646251	General
4hpz:ChainA:LYS265	-71.547188	-48.192233	General
4hpz:ChainA:ARG266	-85.093041	-34.739240	General
4hpz:ChainA:GLY267	-111.695786	-5.702927	Glycine
4hpz:ChainA:GLY268	70.666198	-170.372562	Glycine
4hpz:ChainA:VAL269	-55.342285	-39.290967	General
4hpz:ChainA:THR270	-60.407854	-46.721834	General
4hpz:ChainA:ALA271	-62.043348	-46.605421	General
4hpz:ChainA:VAL272	-57.910351	-52.560438	General
4hpz:ChainA:GLU273	-70.632891	-26.178244	General
4hpz:ChainA:VAL274	-72.295321	-43.025454	General
4hpz:ChainA:HIS275	-55.898610	-47.899376	General
4hpz:ChainA:HIS276	-59.147810	-53.602672	General
4hpz:ChainA:THR277	-56.645819	-46.224154	General
4hpz:ChainA:TRP278	-99.406900	11.493892	General
4hpz:ChainA:ARG279	-33.594969	-58.987367	General
4hpz:ChainA:ASN280	-78.204340	-45.080546	General
4hpz:ChainA:ALA281	-56.125538	-45.906918	General
4hpz:ChainA:LEU282	-60.235661	-30.333018	General
4hpz:ChainA:THR283	-99.255861	-14.517921	General
4hpz:ChainA:GLY284	-94.724203	169.692629	Glycine
4hpz:ChainA:ALA285	-60.812896	143.954350	Pre-Pro
4hpz:ChainA:PRO286	-90.632614	0.616055	Proline
4hpz:ChainA:LEU287	-81.818474	-55.311585	General
4hpz:ChainA:ASN288	51.414926	43.288253	General
4hpz:ChainA:LEU289	-68.435607	152.850691	General
4hpz:ChainA:THR290	-86.378312	159.423076	Pre-Pro
4hpz:ChainA:PRO291	-54.912762	-44.572602	Proline
4hpz:ChainA:ASP292	-54.249082	-44.369560	General
4hpz:ChainA:GLN293	-64.331061	-45.644571	General
4hpz:ChainA:VAL294	-56.071992	-46.184979	General
4hpz:ChainA:VAL295	-61.653694	-38.368786	General
4hpz:ChainA:ALA296	-69.603406	-37.209562	General
4hpz:ChainA:ILE297	-71.064623	-42.987961	General
4hpz:ChainA:ALA298	-45.289897	-57.224040	General
4hpz:ChainA:SER299	-85.362926	71.400710	General
4hpz:ChainA:ASN300	-166.055300	153.771405	General
4hpz:ChainA:ILE301	-56.245331	134.109741	General
4hpz:ChainA:GLY302	78.852321	0.555088	Glycine
4hpz:ChainA:GLY303	-43.286962	-47.898037	Glycine
4hpz:ChainA:LYS304	-63.410581	-47.233973	General
4hpz:ChainA:GLN305	-60.024868	-40.658246	General
4hpz:ChainA:ALA306	-60.977056	-41.329701	General
4hpz:ChainA:LEU307	-66.088331	-39.293809	General
4hpz:ChainA:GLU308	-67.632150	-38.194857	General
4hpz:ChainA:THR309	-74.976770	-43.751918	General
4hpz:ChainA:VAL310	-51.268427	-46.829922	General
4hpz:ChainA:GLN311	-52.918265	-42.168813	General
4hpz:ChainA:ARG312	-78.289183	-45.174452	General
4hpz:ChainA:LEU313	-96.378605	-19.086640	General
4hpz:ChainA:LEU314	-50.582033	-54.999151	Pre-Pro
4hpz:ChainA:PRO315	-68.150051	-34.186216	Proline
4hpz:ChainA:VAL316	-66.719855	-40.216250	General
4hpz:ChainA:LEU317	-68.952495	-41.786106	General
4hpz:ChainA:CYS318	-70.104108	-36.748504	General
4hpz:ChainA:GLN319	-92.128369	-20.331454	General
4hpz:ChainA:ASP320	-107.076997	-21.797592	General
4hpz:ChainA:HIS321	-124.140022	0.706653	General
4hpz:ChainA:GLY322	73.981877	8.191342	Glycine
4hpz:ChainA:LEU323	-65.806088	148.702236	General
4hpz:ChainA:THR324	-86.888769	152.550636	Pre-Pro
4hpz:ChainA:PRO325	-48.900505	-42.753019	Proline
4hpz:ChainA:GLN326	-62.477656	-34.573435	General
4hpz:ChainA:GLN327	-64.794211	-46.293872	General
4hpz:ChainA:VAL328	-57.276918	-46.442840	General
4hpz:ChainA:VAL329	-59.707719	-46.252772	General
4hpz:ChainA:ALA330	-56.788630	-44.521437	General
4hpz:ChainA:ILE331	-61.952202	-41.121994	General
4hpz:ChainA:ALA332	-80.226796	-10.790617	General
4hpz:ChainA:SER333	-91.844501	16.883156	General
4hpz:ChainA:ASN334	-114.235719	-178.760315	General
4hpz:ChainA:GLY335	-57.352860	143.804770	Glycine
4hpz:ChainA:GLY336	64.416626	38.500029	Glycine
4hpz:ChainA:GLY337	-52.804349	-37.028004	Glycine
4hpz:ChainA:LYS338	-61.451697	-48.336744	General
4hpz:ChainA:GLN339	-65.947230	-37.012175	General
4hpz:ChainA:ALA340	-65.748825	-44.188059	General
4hpz:ChainA:LEU341	-62.841597	-45.870684	General
4hpz:ChainA:GLU342	-63.752067	-35.374475	General
4hpz:ChainA:THR343	-70.785664	-40.522709	General
4hpz:ChainA:VAL344	-62.550494	-40.740987	General
4hpz:ChainA:GLN345	-61.074097	-43.394512	General
4hpz:ChainA:ARG346	-68.478538	-48.697671	General
4hpz:ChainA:LEU347	-97.966565	-18.937984	General
4hpz:ChainA:LEU348	-57.636688	-53.196840	Pre-Pro
4hpz:ChainA:PRO349	-61.830563	-34.045801	Proline
4hpz:ChainA:VAL350	-61.490236	-50.855145	General
4hpz:ChainA:LEU351	-73.077848	-32.761815	General
4hpz:ChainA:CYS352	-73.616521	-40.250994	General
4hpz:ChainA:GLN353	-81.829558	-35.058977	General
4hpz:ChainA:ALA354	-97.400945	-33.292392	General
4hpz:ChainA:HIS355	-118.632027	1.817008	General
4hpz:ChainA:GLY356	65.276779	30.190467	Glycine
4hpz:ChainA:LEU357	-77.988532	142.812045	General
4hpz:ChainA:THR358	-79.518296	157.445370	Pre-Pro
4hpz:ChainA:PRO359	-58.276123	-38.048848	Proline
4hpz:ChainA:ASP360	-56.093728	-36.351314	General
4hpz:ChainA:GLN361	-68.348055	-42.387501	General
4hpz:ChainA:VAL362	-58.815657	-46.152859	General
4hpz:ChainA:VAL363	-60.614415	-44.986638	General
4hpz:ChainA:ALA364	-60.689425	-39.687337	General
4hpz:ChainA:ILE365	-67.244027	-40.361581	General
4hpz:ChainA:ALA366	-80.342765	-19.751888	General
4hpz:ChainA:SER367	-94.023411	38.480530	General
4hpz:ChainA:HIS368	-131.208348	160.648127	General
4hpz:ChainA:ASP369	-52.408567	130.165075	General
4hpz:ChainA:GLY370	74.099865	18.522586	Glycine
4hpz:ChainA:GLY371	-57.242187	-42.284622	Glycine
4hpz:ChainA:LYS372	-55.286585	-48.352048	General
4hpz:ChainA:GLN373	-70.940493	-35.951114	General
4hpz:ChainA:ALA374	-56.597774	-46.138674	General
4hpz:ChainA:LEU375	-60.911325	-49.321442	General
4hpz:ChainA:GLU376	-58.990336	-38.126541	General
4hpz:ChainA:THR377	-79.273231	-26.227883	General
4hpz:ChainA:VAL378	-60.845116	-47.512729	General
4hpz:ChainA:GLN379	-55.701895	-41.373199	General
4hpz:ChainA:ARG380	-80.009114	-32.338625	General
4hpz:ChainA:LEU381	-105.443874	-20.705406	General
4hpz:ChainA:LEU382	-53.695577	-47.652695	Pre-Pro
4hpz:ChainA:PRO383	-62.292783	-39.165972	Proline
4hpz:ChainA:VAL384	-68.592919	-49.489794	General
4hpz:ChainA:LEU385	-59.284371	-42.281452	General
4hpz:ChainA:CYS386	-70.196005	-46.860076	General
4hpz:ChainA:GLN387	-65.828401	-51.828009	General
4hpz:ChainA:ASP388	-67.188900	-41.818404	General
4hpz:ChainA:HIS389	-124.118747	-176.362275	General
4hpz:ChainA:GLY390	-76.062637	-4.610907	Glycine
4hpz:ChainA:LEU391	-51.724110	132.582909	General
4hpz:ChainA:THR392	-95.399749	160.324902	Pre-Pro
4hpz:ChainA:PRO393	-47.497565	-45.614613	Proline
4hpz:ChainA:GLN394	-71.050880	-31.141168	General
4hpz:ChainA:GLN395	-62.725273	-46.159098	General
4hpz:ChainA:VAL396	-59.102504	-41.198995	General
4hpz:ChainA:VAL397	-62.683083	-38.069107	General
4hpz:ChainA:ALA398	-65.627625	-36.753543	General
4hpz:ChainA:ILE399	-70.068485	-39.796490	General
4hpz:ChainA:ALA400	-81.067539	-18.837670	General
4hpz:ChainA:SER401	-86.108118	26.032768	General
4hpz:ChainA:ASN402	-126.052431	160.447798	General
4hpz:ChainA:ILE403	-49.185346	139.966432	General
4hpz:ChainA:GLY404	77.099101	11.806327	Glycine
4hpz:ChainA:GLY405	-54.433984	-45.565777	Glycine
4hpz:ChainA:LYS406	-53.879798	-56.118281	General
4hpz:ChainA:GLN407	-67.457496	-33.222033	General
4hpz:ChainA:ALA408	-60.339504	-46.818559	General
4hpz:ChainA:LEU409	-63.023235	-46.917817	General
4hpz:ChainA:GLU410	-59.868533	-35.772678	General
4hpz:ChainA:THR411	-75.119695	-36.509601	General
4hpz:ChainA:VAL412	-55.937930	-47.033527	General
4hpz:ChainA:GLN413	-55.158767	-49.725172	General
4hpz:ChainA:ARG414	-68.488011	-44.839705	General
4hpz:ChainA:LEU415	-98.768791	-21.383709	General
4hpz:ChainA:LEU416	-51.983288	-44.837760	Pre-Pro
4hpz:ChainA:PRO417	-60.891629	-49.350997	Proline
4hpz:ChainA:VAL418	-67.631978	-38.426570	General
4hpz:ChainA:LEU419	-61.797024	-37.731934	General
4hpz:ChainA:CYS420	-80.806845	-46.992567	General
4hpz:ChainA:GLN421	-73.062563	-49.546257	General
4hpz:ChainA:ASP422	-86.867440	-24.044440	General
4hpz:ChainA:HIS423	-115.441417	-2.953282	General
4hpz:ChainA:GLY424	75.581158	10.287019	Glycine
4hpz:ChainA:LEU425	-70.987049	160.316180	General
4hpz:ChainA:THR426	-95.179603	158.133890	Pre-Pro
4hpz:ChainA:PRO427	-52.023744	-39.502674	Proline
4hpz:ChainA:ASP428	-58.120675	-38.773711	General
4hpz:ChainA:GLN429	-70.696567	-40.800709	General
4hpz:ChainA:VAL430	-57.290351	-47.641697	General
4hpz:ChainA:VAL431	-55.664313	-42.146704	General
4hpz:ChainA:ALA432	-62.526971	-45.989992	General
4hpz:ChainA:ILE433	-61.525098	-39.151904	General
4hpz:ChainA:ALA434	-80.293383	-11.287639	General
4hpz:ChainA:SER435	-90.579526	20.899119	General
4hpz:ChainA:ASN436	-128.153473	160.247920	General
4hpz:ChainA:ASP437	-43.091909	141.014095	General
4hpz:ChainA:GLY438	77.501777	8.068534	Glycine
4hpz:ChainA:GLY439	-45.431555	-44.403235	Glycine
4hpz:ChainA:LYS440	-53.763487	-57.318019	General
4hpz:ChainA:GLN441	-62.983666	-35.414685	General
4hpz:ChainA:ALA442	-62.015493	-46.417536	General
4hpz:ChainA:LEU443	-61.150204	-51.717480	General
4hpz:ChainA:GLU444	-57.488416	-41.432628	General
4hpz:ChainA:THR445	-67.675402	-39.355863	General
4hpz:ChainA:VAL446	-58.598053	-46.482261	General
4hpz:ChainA:GLN447	-56.228475	-40.876831	General
4hpz:ChainA:ARG448	-75.665301	-46.276650	General
4hpz:ChainA:LEU449	-98.826106	-15.443975	General
4hpz:ChainA:LEU450	-50.541746	-54.201474	Pre-Pro
4hpz:ChainA:PRO451	-66.153039	-35.164216	Proline
4hpz:ChainA:VAL452	-68.715793	-40.277244	General
4hpz:ChainA:LEU453	-67.438440	-40.212424	General
4hpz:ChainA:CYS454	-71.349403	-42.279360	General
4hpz:ChainA:GLN455	-77.911952	-37.553117	General
4hpz:ChainA:ASP456	-85.958460	-34.287886	General
4hpz:ChainA:HIS457	-118.810340	4.473794	General
4hpz:ChainA:GLY458	67.799956	19.591294	Glycine
4hpz:ChainA:LEU459	-65.227807	152.561782	General
4hpz:ChainA:THR460	-93.939509	159.863967	Pre-Pro
4hpz:ChainA:PRO461	-58.146833	-38.129941	Proline
4hpz:ChainA:GLU462	-54.425748	-43.303957	General
4hpz:ChainA:GLN463	-65.499274	-44.659475	General
4hpz:ChainA:VAL464	-58.997290	-41.940385	General
4hpz:ChainA:VAL465	-65.335492	-40.274975	General
4hpz:ChainA:ALA466	-61.218975	-39.090588	General
4hpz:ChainA:ILE467	-69.311209	-37.787885	General
4hpz:ChainA:ALA468	-82.478661	-8.821225	General
4hpz:ChainA:SER469	-94.134828	34.261631	General
4hpz:ChainA:ASN470	-134.417563	168.744038	General
4hpz:ChainA:GLY471	-47.979648	138.964181	Glycine
4hpz:ChainA:GLY472	57.870061	48.602574	Glycine
4hpz:ChainA:GLY473	-55.463710	-39.118992	Glycine
4hpz:ChainA:LYS474	-55.847895	-48.462545	General
4hpz:ChainA:GLN475	-67.397191	-42.274857	General
4hpz:ChainA:ALA476	-57.173565	-48.003193	General
4hpz:ChainA:LEU477	-62.499879	-45.793600	General
4hpz:ChainA:GLU478	-64.126402	-32.005200	General
4hpz:ChainA:THR479	-74.368915	-39.918600	General
4hpz:ChainA:VAL480	-59.347788	-46.662647	General
4hpz:ChainA:GLN481	-55.623871	-39.227867	General
4hpz:ChainA:ARG482	-72.302876	-49.848071	General
4hpz:ChainA:LEU483	-100.838698	-11.677374	General
4hpz:ChainA:LEU484	-60.270534	-52.033241	Pre-Pro
4hpz:ChainA:PRO485	-64.215999	-40.831620	Proline
4hpz:ChainA:VAL486	-58.793269	-52.795439	General
4hpz:ChainA:LEU487	-67.379348	-34.452037	General
4hpz:ChainA:CYS488	-71.036968	-39.454547	General
4hpz:ChainA:GLN489	-80.414618	-37.098350	General
4hpz:ChainA:ALA490	-98.644542	-34.475565	General
4hpz:ChainA:HIS491	-117.923414	12.198565	General
4hpz:ChainA:GLY492	87.864464	-39.891457	Glycine
4hpz:ChainA:LEU493	-35.538598	149.048047	General
4hpz:ChainA:THR494	-95.523274	154.931756	Pre-Pro
4hpz:ChainA:PRO495	-55.879241	-38.486063	Proline
4hpz:ChainA:ASP496	-63.613064	-35.971914	General
4hpz:ChainA:GLN497	-68.882499	-37.036444	General
4hpz:ChainA:VAL498	-64.807919	-44.437564	General
4hpz:ChainA:VAL499	-59.715637	-42.033216	General
4hpz:ChainA:ALA500	-65.420325	-45.846419	General
4hpz:ChainA:ILE501	-61.568831	-44.220907	General
4hpz:ChainA:ALA502	-70.344293	-20.884870	General
4hpz:ChainA:SER503	-85.151276	30.319489	General
4hpz:ChainA:HIS504	-117.755619	162.161036	General
4hpz:ChainA:ASP505	-31.559443	-52.920237	General
4hpz:ChainA:GLY506	-110.095843	46.430358	Glycine
4hpz:ChainA:GLY507	-60.642713	-51.776515	Glycine
4hpz:ChainA:LYS508	-53.163653	-40.643487	General
4hpz:ChainA:GLN509	-78.126619	-32.383270	General
4hpz:ChainA:ALA510	-66.327534	-35.158868	General
4hpz:ChainA:LEU511	-64.678656	-46.612244	General
4hpz:ChainA:GLU512	-67.169582	-36.160666	General
4hpz:ChainA:THR513	-65.890141	-41.834822	General
4hpz:ChainA:VAL514	-60.696408	-50.915166	General
4hpz:ChainA:GLN515	-53.221195	-44.978456	General
4hpz:ChainA:ARG516	-70.166016	-41.861537	General
4hpz:ChainA:LEU517	-98.263644	-17.925909	General
4hpz:ChainA:LEU518	-59.228647	-52.300493	Pre-Pro
4hpz:ChainA:PRO519	-56.592228	-36.263084	Proline
4hpz:ChainA:VAL520	-72.597999	-45.540851	General
4hpz:ChainA:LEU521	-61.210270	-35.427506	General
4hpz:ChainA:CYS522	-72.197702	-42.395194	General
4hpz:ChainA:GLN523	-65.998524	-51.060944	General
4hpz:ChainA:ASP524	-76.953513	-34.750543	General
4hpz:ChainA:HIS525	-129.255798	169.880194	General
4hpz:ChainA:GLY526	-70.136483	-2.454183	Glycine
4hpz:ChainA:LEU527	-39.467346	127.308951	General
4hpz:ChainA:THR528	-95.648360	155.614479	Pre-Pro
4hpz:ChainA:PRO529	-50.168006	-36.638300	Proline
4hpz:ChainA:ALA530	-64.226346	-41.446963	General
4hpz:ChainA:GLN531	-62.076180	-45.550478	General
4hpz:ChainA:ALA532	-56.871693	-44.704005	General
4hpz:ChainA:VAL533	-58.676759	-46.825498	General
4hpz:ChainA:ALA534	-59.284444	-36.989913	General
4hpz:ChainA:ILE535	-70.275138	-48.848870	General
4hpz:ChainA:ALA536	-69.044251	-24.713092	General
4hpz:ChainA:ASN537	-75.643417	49.718966	General
4hpz:ChainA:ASN538	-145.480331	167.715595	General
4hpz:ChainA:ASN539	-43.192461	-57.632585	General
4hpz:ChainA:GLY540	-67.451814	-115.210275	Glycine
4hpz:ChainA:GLY541	107.448268	-67.315954	Glycine
4hpz:ChainA:LYS542	-55.615008	-54.815391	General
4hpz:ChainA:GLN543	-62.742901	-41.843049	General
4hpz:ChainA:ALA544	-58.969911	-47.425648	General
4hpz:ChainA:LEU545	-66.129844	-45.374662	General
4hpz:ChainA:GLU546	-58.106974	-46.016604	General
4hpz:ChainA:THR547	-68.235987	-35.279992	General
4hpz:ChainA:VAL548	-57.817689	-47.327052	General
4hpz:ChainA:GLN549	-62.984985	-41.096371	General
4hpz:ChainA:ARG550	-70.581575	-51.676716	General
4hpz:ChainA:LEU551	-79.606805	-18.678863	General
4hpz:ChainA:LEU552	-44.653101	-55.970608	Pre-Pro
4hpz:ChainA:PRO553	-56.847683	-46.804097	Proline
4hpz:ChainA:VAL554	-64.868672	-41.038253	General
4hpz:ChainA:LEU555	-57.554709	-44.317760	General
4hpz:ChainA:CYS556	-78.196136	-39.878601	General
4hpz:ChainA:GLN557	-82.717644	-50.551097	General
4hpz:ChainA:ASP558	-90.975507	-22.065885	General
4hpz:ChainA:HIS559	-117.569468	-0.198061	General
4hpz:ChainA:GLY560	81.614097	-7.291729	Glycine
4hpz:ChainA:LEU561	-59.270023	151.873149	General
4hpz:ChainA:THR562	-93.020982	158.803562	Pre-Pro
4hpz:ChainA:PRO563	-58.559066	-38.999552	Proline
4hpz:ChainA:ASP564	-64.239412	-28.548292	General
4hpz:ChainA:GLN565	-72.858299	-44.557228	General
4hpz:ChainA:VAL566	-53.861534	-47.017021	General
4hpz:ChainA:VAL567	-57.999367	-48.211849	General
4hpz:ChainA:ALA568	-54.040117	-52.813091	General
4hpz:ChainA:ILE569	-64.754207	-35.343484	General
4hpz:ChainA:ALA570	-75.743832	-29.418637	General
4hpz:ChainA:SER571	-84.979060	31.933457	General
4hpz:ChainA:ASN572	-131.987610	-53.022126	General
4hpz:ChainA:GLY573	117.360086	-38.329497	Glycine
4hpz:ChainA:GLY574	-78.115512	60.967955	Glycine
4hpz:ChainA:GLY575	174.409190	-177.954364	Glycine
4hpz:ChainA:LYS576	77.707014	-69.875572	General
4hpz:ChainA:GLN577	-58.736129	-38.330410	General
4hpz:ChainA:ALA578	-64.610530	-35.450013	General
4hpz:ChainA:LEU579	-65.224277	-46.846483	General
4hpz:ChainA:GLU580	-60.246481	-47.633866	General
4hpz:ChainA:SER581	-54.193638	-43.670324	General
4hpz:ChainA:ILE582	-56.065776	-40.147331	General
4hpz:ChainA:VAL583	-83.146954	-17.168292	General
4hpz:ChainA:ALA584	-77.475340	8.621202	General
