4idx:ChainB:PHE18	-53.442406	127.002153	General
4idx:ChainB:ASN19	-106.137161	99.144058	Pre-Pro
4idx:ChainB:PRO20	-55.247946	-25.867061	Proline
4idx:ChainB:GLU21	-78.719781	-37.034469	General
4idx:ChainB:VAL22	-72.655686	-40.635975	General
4idx:ChainB:GLY23	-52.237970	-44.015675	Glycine
4idx:ChainB:TYR24	-61.672922	-44.537269	General
4idx:ChainB:VAL25	-60.618467	-47.332481	General
4idx:ChainB:ALA26	-61.339086	-35.438768	General
4idx:ChainB:PHE27	-65.321934	-55.142327	General
4idx:ChainB:ILE28	-61.694602	-28.229691	General
4idx:ChainB:GLY29	-55.140804	-35.014088	Glycine
4idx:ChainB:LYS30	-97.456554	-71.026379	General
4idx:ChainB:TYR31	-80.676375	-33.216885	General
4idx:ChainB:GLY32	-59.115871	48.191275	Glycine
4idx:ChainB:GLN33	-139.019563	-6.421814	General
4idx:ChainB:GLN34	-113.018460	-11.558311	General
4idx:ChainB:LEU35	-74.986667	128.109526	General
4idx:ChainB:ASN36	-140.218766	165.967526	General
4idx:ChainB:PHE37	-59.100306	-27.284815	General
4idx:ChainB:GLY38	-61.366999	-42.739764	Glycine
4idx:ChainB:VAL39	-77.484490	-27.213226	General
4idx:ChainB:ALA40	-70.445034	-30.988104	General
4idx:ChainB:ARG41	-67.529088	-44.268475	General
4idx:ChainB:VAL42	-70.757947	-43.569873	General
4idx:ChainB:PHE43	-55.848027	-53.185140	General
4idx:ChainB:PHE44	-66.362880	-32.009482	General
4idx:ChainB:LEU45	-76.579245	-19.093053	General
4idx:ChainB:ASN46	-125.839984	22.652583	General
4idx:ChainB:GLN47	-63.994715	-51.855002	General
4idx:ChainB:LYS48	-56.927536	-42.778525	General
4idx:ChainB:LYS49	-53.525650	-45.837471	General
4idx:ChainB:ALA50	-65.778740	-37.028288	General
4idx:ChainB:LYS51	-62.162426	-36.571887	General
4idx:ChainB:MET52	-74.062626	-44.578395	General
4idx:ChainB:VAL53	-61.189052	-37.912610	General
4idx:ChainB:LEU54	-69.111273	-28.962377	General
4idx:ChainB:HIS55	-71.682956	-34.011823	General
4idx:ChainB:LYS56	-93.761360	-29.645842	General
4idx:ChainB:THR57	-66.703422	157.162032	General
4idx:ChainB:ALA58	-128.634307	40.828543	General
4idx:ChainB:GLN59	-117.649887	113.799085	Pre-Pro
4idx:ChainB:PRO60	-49.646478	-25.049186	Proline
4idx:ChainB:SER61	-119.025278	134.853191	General
4idx:ChainB:VAL62	-140.685795	124.781587	General
4idx:ChainB:ASP63	-78.377949	118.630548	General
4idx:ChainB:LEU64	-113.956107	143.227523	General
4idx:ChainB:THR65	-125.668167	107.446316	General
4idx:ChainB:PHE66	-105.340405	98.331999	General
4idx:ChainB:GLY67	63.506853	46.115126	Glycine
4idx:ChainB:GLY68	109.014328	-61.541286	Glycine
4idx:ChainB:VAL69	-79.459076	140.995857	General
4idx:ChainB:LYS70	139.019858	-7.875966	General
4idx:ChainB:PHE71	-69.762113	139.718228	General
4idx:ChainB:THR72	-101.508382	121.644309	General
4idx:ChainB:VAL73	-127.602553	138.194256	General
4idx:ChainB:VAL74	-71.711010	125.760680	General
4idx:ChainB:ASN75	-87.718822	102.988276	General
4idx:ChainB:ASN76	-109.596306	18.838010	General
4idx:ChainB:HIS77	-100.466276	-32.397352	General
4idx:ChainB:PHE78	-51.358468	125.855639	Pre-Pro
4idx:ChainB:PRO79	-44.373756	-18.418533	Proline
4idx:ChainB:GLN80	-107.876393	13.891505	General
4idx:ChainB:TYR81	-122.883041	-4.318675	General
4idx:ChainB:VAL82	-50.282886	-29.592825	General
4idx:ChainB:SER83	-130.544706	74.494969	General
4idx:ChainB:ASN84	-100.520182	162.910832	Pre-Pro
4idx:ChainB:PRO85	-69.008479	129.423459	Proline
4idx:ChainB:VAL86	-107.545309	113.484905	Pre-Pro
4idx:ChainB:PRO87	-56.143938	139.740265	Proline
4idx:ChainB:ASP88	-50.054745	-62.130283	General
4idx:ChainB:ASN89	-88.922092	30.370026	General
4idx:ChainB:ALA90	-101.015756	116.543585	General
4idx:ChainB:ILE91	-71.592923	104.309242	General
4idx:ChainB:THR92	-83.912343	173.663970	General
4idx:ChainB:LEU93	-67.103045	-34.771621	General
4idx:ChainB:HIS94	-73.488589	-55.136373	General
4idx:ChainB:ARG95	-49.573992	-39.776369	General
4idx:ChainB:MET96	-60.364117	-42.507915	General
4idx:ChainB:SER97	-63.121207	-46.027209	General
4idx:ChainB:GLY98	-51.262548	-45.076252	Glycine
4idx:ChainB:TYR99	-72.056350	-34.447800	General
4idx:ChainB:LEU100	-73.502826	-25.743506	General
4idx:ChainB:ALA101	-77.043421	-48.433864	General
4idx:ChainB:ARG102	-65.073777	-23.395316	General
4idx:ChainB:TRP103	-77.195989	-46.408602	General
4idx:ChainB:ILE104	-57.408994	-49.402972	General
4idx:ChainB:ALA105	-43.023664	-57.880227	General
4idx:ChainB:ASP106	-51.231829	-47.334937	General
4idx:ChainB:THR107	-68.430129	-15.587661	General
4idx:ChainB:CYS108	-96.876877	-29.129963	General
4idx:ChainB:LYS109	-65.170623	-39.631217	General
4idx:ChainB:ALA110	-79.203953	-51.167300	General
4idx:ChainB:SER111	-132.140637	119.921668	General
4idx:ChainB:VAL112	-72.219889	-21.030667	General
4idx:ChainB:LEU113	-66.806536	-23.139976	General
4idx:ChainB:LYS114	-78.681950	-40.945025	General
4idx:ChainB:LEU115	-59.031243	-43.199372	General
4idx:ChainB:ALA116	-69.577555	-23.466963	General
4idx:ChainB:GLU117	-79.367568	-41.657690	General
4idx:ChainB:ALA118	-61.306019	-36.367872	General
4idx:ChainB:SER119	-59.581522	-46.971280	General
4idx:ChainB:ALA120	-57.149479	-47.987481	General
4idx:ChainB:GLN121	-91.730629	-61.679419	General
4idx:ChainB:ILE122	-64.518994	143.558055	General
4idx:ChainB:VAL123	-140.689939	120.287444	General
4idx:ChainB:MET124	-92.480756	99.875642	Pre-Pro
4idx:ChainB:PRO125	-64.300343	-31.664364	Proline
4idx:ChainB:LEU126	-70.245761	-17.183438	General
4idx:ChainB:ALA127	-90.166192	-37.060146	General
4idx:ChainB:GLU128	-61.121777	-53.963337	General
4idx:ChainB:VAL129	-68.071401	134.703423	General
4idx:ChainB:LYS130	95.245736	-24.837722	General
4idx:ChainB:GLY131	71.718776	69.878873	Glycine
4idx:ChainB:CYS132	-102.432332	-67.224140	General
4idx:ChainB:THR133	73.759722	161.862699	General
4idx:ChainB:TRP134	-71.798355	-20.818453	General
4idx:ChainB:ALA135	-50.453358	-19.251951	General
4idx:ChainB:ASP136	-110.938667	18.623167	General
4idx:ChainB:GLY137	96.363606	130.948748	Glycine
4idx:ChainB:TYR138	-62.429278	-30.166875	General
4idx:ChainB:THR139	-59.855735	-44.385372	General
4idx:ChainB:MET140	-70.802874	-51.434779	General
4idx:ChainB:TYR141	-59.001784	-54.550226	General
4idx:ChainB:LEU142	-69.459922	-15.262139	General
4idx:ChainB:GLY143	-67.993850	-18.174888	Glycine
4idx:ChainB:PHE144	-75.907975	-10.756751	General
4idx:ChainB:ALA145	-67.317608	133.403336	Pre-Pro
4idx:ChainB:PRO146	-69.089366	132.380723	Proline
4idx:ChainB:GLY147	105.068141	-13.553017	Glycine
4idx:ChainB:ALA148	-69.150001	-10.094368	General
4idx:ChainB:GLU149	-67.670558	-31.729300	General
4idx:ChainB:MET150	-57.484310	-16.822028	General
4idx:ChainB:PHE151	-132.955163	69.454854	General
4idx:ChainB:LEU152	-66.234503	-31.125007	General
4idx:ChainB:ASP153	-73.264054	-32.189298	General
4idx:ChainB:ALA154	-77.363259	-32.103663	General
4idx:ChainB:PHE155	-110.706013	30.325242	General
4idx:ChainB:ASP156	48.749398	36.675976	General
4idx:ChainB:PHE157	69.339689	5.267578	General
4idx:ChainB:TYR158	-56.808532	-34.727627	Pre-Pro
4idx:ChainB:PRO159	-67.329610	-36.697503	Proline
4idx:ChainB:LEU160	-66.796226	-38.344647	General
4idx:ChainB:VAL161	-77.482819	-33.742316	General
4idx:ChainB:ILE162	-66.919205	-36.833802	General
4idx:ChainB:GLU163	-82.855917	-20.096983	General
4idx:ChainB:MET164	-70.257714	-39.605753	General
4idx:ChainB:HIS165	-65.401169	-45.426660	General
4idx:ChainB:ARG166	-57.653866	-27.763640	General
4idx:ChainB:VAL167	-75.456610	-30.761075	General
4idx:ChainB:LEU168	-88.476767	-69.135465	General
4idx:ChainB:LYS169	-56.217441	-63.057337	General
4idx:ChainB:ASP170	-83.867166	-175.434801	General
4idx:ChainB:ASN171	-132.335430	67.063847	General
4idx:ChainB:MET172	-67.166492	147.762362	General
4idx:ChainB:ASP173	-54.229905	123.153963	General
4idx:ChainB:VAL174	-49.426073	-28.625212	General
4idx:ChainB:ASN175	-67.221020	-42.931348	General
4idx:ChainB:PHE176	-74.583357	72.863218	General
4idx:ChainB:MET177	175.132641	-170.621205	General
4idx:ChainB:LYS178	87.259111	-36.211683	General
4idx:ChainB:LYS179	-70.838766	-39.006259	General
4idx:ChainB:VAL180	-86.376813	-38.494422	General
4idx:ChainB:LEU181	-44.995548	-30.816504	General
4idx:ChainB:ARG182	-87.563170	-10.339600	General
4idx:ChainB:GLN183	-42.562206	-47.922777	General
4idx:ChainB:ARG184	94.516513	162.640967	General
4idx:ChainB:TYR185	-151.118433	137.270743	General
4idx:ChainB:GLY186	51.808648	-138.344209	Glycine
4idx:ChainB:THR187	-98.636004	-95.990700	General
4idx:ChainB:MET188	-49.481583	-45.887257	General
4idx:ChainB:THR189	-64.848013	126.935477	General
4idx:ChainB:ALA190	-85.843051	39.671292	General
4idx:ChainB:GLU191	54.300283	-72.856237	General
4idx:ChainB:GLU192	35.595535	-93.511514	General
4idx:ChainB:TRP193	-151.911672	-86.765621	General
4idx:ChainB:MET194	-63.586809	-31.945955	General
4idx:ChainB:THR195	-34.753787	-62.987987	General
4idx:ChainB:GLN196	-101.780218	116.899815	General
4idx:ChainB:LYS197	-24.883477	126.752022	General
4idx:ChainB:ILE198	-71.626657	-20.436176	General
4idx:ChainB:THR199	-54.125450	-48.221014	General
4idx:ChainB:GLU200	-67.194842	-24.635523	General
4idx:ChainB:ILE201	-81.607917	-32.922442	General
4idx:ChainB:LYS202	-68.435582	-42.469438	General
4idx:ChainB:ALA203	-58.590092	-48.697941	General
4idx:ChainB:ALA204	-57.347887	-38.827839	General
4idx:ChainB:PHE205	-61.684233	-55.887935	General
4idx:ChainB:ASN206	-54.965971	-32.985030	General
4idx:ChainB:SER207	-64.560430	-44.598517	General
4idx:ChainB:VAL208	-70.866492	-35.275224	General
4idx:ChainB:GLY209	-60.539031	-16.350673	Glycine
4idx:ChainB:GLN210	-74.392092	-24.402103	General
4idx:ChainB:LEU211	-90.606402	-29.432096	General
4idx:ChainB:ALA212	51.028583	-175.734474	General
4idx:ChainB:TRP213	-158.378694	129.023242	General
4idx:ChainB:ALA214	-162.642116	136.422757	General
4idx:ChainB:LYS215	-65.874974	-138.921813	General
4idx:ChainB:SER216	119.268482	-177.291824	General
4idx:ChainB:GLY217	131.965308	138.180265	Glycine
4idx:ChainB:PHE218	161.716938	-17.146268	General
4idx:ChainB:SER219	-125.227814	141.787923	Pre-Pro
4idx:ChainB:PRO220	-102.979699	128.659967	Proline
4idx:ChainB:ALA221	-82.614038	117.838007	General
4idx:ChainB:ALA222	-78.579381	1.504140	General
4idx:ChainB:ARG223	-87.618637	-30.805130	General
4idx:ChainB:THR224	166.327607	164.036283	General
4idx:ChainA:GLN12	-146.111673	-137.368239	General
4idx:ChainA:ARG13	-76.241717	152.115186	General
4idx:ChainA:ASN14	-128.494355	-51.716706	General
4idx:ChainA:ALA15	-132.958832	-36.978182	General
4idx:ChainA:ALA16	60.214757	-59.251232	General
4idx:ChainA:THR17	169.294748	124.520851	General
4idx:ChainA:PHE18	86.570934	133.976163	General
4idx:ChainA:ASN19	-96.121347	-152.918595	Pre-Pro
4idx:ChainA:PRO20	-103.290146	-19.856891	Proline
4idx:ChainA:GLU21	-61.323831	-42.640916	General
4idx:ChainA:VAL22	-69.036145	-46.651126	General
4idx:ChainA:GLY23	-58.516590	-35.871088	Glycine
4idx:ChainA:TYR24	-67.732033	-48.908336	General
4idx:ChainA:VAL25	-72.858279	-18.539962	General
4idx:ChainA:ALA26	-78.026070	-40.435496	General
4idx:ChainA:PHE27	-61.153951	-42.013814	General
4idx:ChainA:ILE28	-67.660497	-20.611132	General
4idx:ChainA:GLY29	-65.351963	-44.763570	Glycine
4idx:ChainA:LYS30	-73.122799	-43.022356	General
4idx:ChainA:TYR31	-120.908912	-13.933233	General
4idx:ChainA:GLY32	-51.945667	-32.850324	Glycine
4idx:ChainA:GLN33	-56.188141	-43.628384	General
4idx:ChainA:GLN34	-114.691669	27.683214	General
4idx:ChainA:LEU35	-90.639225	132.924328	General
4idx:ChainA:ASN36	-139.158974	160.436897	General
4idx:ChainA:PHE37	-56.544372	-16.751534	General
4idx:ChainA:GLY38	-72.241409	-41.117035	Glycine
4idx:ChainA:VAL39	-68.207164	-31.617617	General
4idx:ChainA:ALA40	-68.699627	-43.786304	General
4idx:ChainA:ARG41	-54.769132	-46.918457	General
4idx:ChainA:VAL42	-69.511331	-53.079067	General
4idx:ChainA:PHE43	-56.933574	-55.260971	General
4idx:ChainA:PHE44	-58.057365	-24.685223	General
4idx:ChainA:LEU45	-86.863969	-46.650127	General
4idx:ChainA:ASN46	-73.197549	-15.447253	General
4idx:ChainA:GLN47	-48.891994	-49.606765	General
4idx:ChainA:LYS48	-49.114740	-50.992729	General
4idx:ChainA:LYS49	-73.628874	-37.672853	General
4idx:ChainA:ALA50	-57.286520	-41.172909	General
4idx:ChainA:LYS51	-55.256474	-37.828973	General
4idx:ChainA:MET52	-70.956246	-45.764292	General
4idx:ChainA:VAL53	-62.638633	-42.853358	General
4idx:ChainA:LEU54	-62.369683	-31.797455	General
4idx:ChainA:HIS55	-70.747378	-30.181493	General
4idx:ChainA:LYS56	-83.323597	-44.102395	General
4idx:ChainA:THR57	-78.057074	143.464068	General
4idx:ChainA:ALA58	-83.767622	-0.339471	General
4idx:ChainA:GLN59	-75.361512	143.639295	Pre-Pro
4idx:ChainA:PRO60	-71.574577	-32.344155	Proline
4idx:ChainA:SER61	-152.461903	106.280019	General
4idx:ChainA:VAL62	-93.572403	-169.406163	General
4idx:ChainA:ASP63	-149.839242	132.815760	General
4idx:ChainA:LEU64	-127.302216	157.276635	General
4idx:ChainA:THR65	-120.128204	133.661375	General
4idx:ChainA:PHE66	-132.964900	98.235497	General
4idx:ChainA:GLY67	75.574924	18.613327	Glycine
4idx:ChainA:GLY68	136.746036	-65.001212	Glycine
4idx:ChainA:VAL69	-92.797601	145.281543	General
4idx:ChainA:LYS70	129.952445	13.262394	General
4idx:ChainA:PHE71	-96.622646	139.188742	General
4idx:ChainA:THR72	-91.639459	118.675113	General
4idx:ChainA:VAL73	-115.944726	160.859879	General
4idx:ChainA:VAL74	-96.845078	140.025319	General
4idx:ChainA:ASN75	-83.417937	120.552397	General
4idx:ChainA:ASN76	-130.711767	2.195686	General
4idx:ChainA:HIS77	-112.044056	-27.336753	General
4idx:ChainA:PHE78	-58.872962	121.826844	Pre-Pro
4idx:ChainA:PRO79	-53.386426	-27.971418	Proline
4idx:ChainA:GLN80	-80.446519	-19.426111	General
4idx:ChainA:TYR81	-108.378953	-1.585988	General
4idx:ChainA:VAL82	-56.378047	-46.084898	General
4idx:ChainA:SER83	-87.604524	-17.330742	General
4idx:ChainA:ASN84	-57.235694	159.221016	Pre-Pro
4idx:ChainA:PRO85	-80.000916	150.068313	Proline
4idx:ChainA:VAL86	-122.570026	123.874336	Pre-Pro
4idx:ChainA:PRO87	-55.769931	160.671569	Proline
4idx:ChainA:ASP88	-72.929310	-50.085160	General
4idx:ChainA:ASN89	-63.998965	-23.312768	General
4idx:ChainA:ALA90	-61.546859	105.313607	General
4idx:ChainA:ILE91	-76.802546	102.095141	General
4idx:ChainA:THR92	-79.351513	139.290503	General
4idx:ChainA:LEU93	-46.881178	-34.425944	General
4idx:ChainA:HIS94	-71.225576	-30.411052	General
4idx:ChainA:ARG95	-72.909215	-46.714761	General
4idx:ChainA:MET96	-52.049730	-36.858838	General
4idx:ChainA:SER97	-70.583812	-38.787825	General
4idx:ChainA:GLY98	-74.263799	-35.920735	Glycine
4idx:ChainA:TYR99	-65.959868	-58.446959	General
4idx:ChainA:LEU100	-56.317220	-43.565311	General
4idx:ChainA:ALA101	-55.146364	-33.384428	General
4idx:ChainA:ARG102	-74.405781	-39.841755	General
4idx:ChainA:TRP103	-61.279592	-34.515072	General
4idx:ChainA:ILE104	-72.525637	-40.570687	General
4idx:ChainA:ALA105	-65.365674	-28.976670	General
4idx:ChainA:ASP106	-90.348047	-22.037209	General
4idx:ChainA:THR107	-76.731022	-39.021967	General
4idx:ChainA:CYS108	-62.154241	-56.830088	General
4idx:ChainA:LYS109	-80.607860	68.963320	General
4idx:ChainA:ALA110	-149.181693	-70.039856	General
4idx:ChainA:SER111	-145.284247	137.032686	General
4idx:ChainA:VAL112	-39.745691	-82.052345	General
4idx:ChainA:LEU113	-30.559396	115.360771	General
4idx:ChainA:LYS114	124.581915	-28.397391	General
4idx:ChainA:LEU115	-59.340640	-45.889516	General
4idx:ChainA:ALA116	-57.317363	-36.660814	General
4idx:ChainA:GLU117	-74.030928	-35.581001	General
4idx:ChainA:ALA118	-68.545116	-22.355261	General
4idx:ChainA:SER119	-78.428542	-46.528323	General
4idx:ChainA:ALA120	-73.522802	-26.339143	General
4idx:ChainA:GLN121	-106.316393	-65.656300	General
4idx:ChainA:ILE122	-69.703771	137.717895	General
4idx:ChainA:VAL123	-132.673700	138.957174	General
4idx:ChainA:MET124	-107.680719	107.070987	Pre-Pro
4idx:ChainA:PRO125	-67.996987	-30.329544	Proline
4idx:ChainA:LEU126	-79.800576	-16.895450	General
4idx:ChainA:ALA127	-96.211955	-24.732050	General
4idx:ChainA:GLU128	-84.154158	-15.627699	General
4idx:ChainA:VAL129	-79.380683	14.765050	General
4idx:ChainA:LYS130	-138.658833	8.854612	General
4idx:ChainA:GLY131	53.427806	76.212863	Glycine
4idx:ChainA:CYS132	-104.323122	-71.766528	General
4idx:ChainA:THR133	71.183720	165.173683	General
4idx:ChainA:TRP134	-66.080286	-19.534134	General
4idx:ChainA:ALA135	-53.441385	-30.923539	General
4idx:ChainA:ASP136	-81.278487	14.900869	General
4idx:ChainA:GLY137	72.759134	115.330480	Glycine
4idx:ChainA:TYR138	-34.551708	-35.552891	General
4idx:ChainA:THR139	-52.974571	-52.203105	General
4idx:ChainA:MET140	-67.572751	-52.688948	General
4idx:ChainA:TYR141	-54.278987	-55.804281	General
4idx:ChainA:LEU142	-61.299796	-27.281415	General
4idx:ChainA:GLY143	-62.372330	-21.543925	Glycine
4idx:ChainA:PHE144	-68.070909	-25.553982	General
4idx:ChainA:ALA145	-58.622654	137.065938	Pre-Pro
4idx:ChainA:PRO146	-55.214820	142.882499	Proline
4idx:ChainA:GLY147	79.000835	-2.141524	Glycine
4idx:ChainA:ALA148	-63.645819	-17.286712	General
4idx:ChainA:GLU149	-68.756280	-21.881856	General
4idx:ChainA:MET150	-59.779750	-21.744501	General
4idx:ChainA:PHE151	-133.515806	56.673839	General
4idx:ChainA:LEU152	-43.888662	-39.760514	General
4idx:ChainA:ASP153	-71.746233	-35.436704	General
4idx:ChainA:ALA154	-67.679824	-1.834883	General
4idx:ChainA:PHE155	-139.319137	14.218802	General
4idx:ChainA:ASP156	53.661623	54.987698	General
4idx:ChainA:PHE157	61.051907	4.692332	General
4idx:ChainA:TYR158	-63.559051	-43.532287	Pre-Pro
4idx:ChainA:PRO159	-58.733609	-32.019828	Proline
4idx:ChainA:LEU160	-73.486894	-36.307246	General
4idx:ChainA:VAL161	-75.267719	-44.459901	General
4idx:ChainA:ILE162	-61.172925	-43.620056	General
4idx:ChainA:GLU163	-75.370683	-8.885804	General
4idx:ChainA:MET164	-100.061949	-7.502316	General
4idx:ChainA:HIS165	-102.050433	-38.198331	General
4idx:ChainA:ARG166	-89.979150	1.670375	General
4idx:ChainA:VAL167	-85.427583	-22.514851	General
4idx:ChainA:LEU168	-103.712264	-58.610329	General
4idx:ChainA:LYS169	-79.921721	2.850892	General
4idx:ChainA:ASP170	-138.423170	-171.315491	General
4idx:ChainA:ASN171	-107.498728	74.305322	General
4idx:ChainA:MET172	-119.347351	169.453024	General
4idx:ChainA:ASP173	-102.647710	155.141884	General
4idx:ChainA:VAL174	-69.971539	-2.375985	General
4idx:ChainA:ASN175	-61.670514	-36.217373	General
4idx:ChainA:PHE176	-93.905473	43.963402	General
4idx:ChainA:MET177	-136.612052	-21.983774	General
4idx:ChainA:LYS178	-63.169979	-36.844199	General
4idx:ChainA:LYS179	-64.420247	-48.253974	General
4idx:ChainA:VAL180	-63.944684	-41.842102	General
4idx:ChainA:LEU181	-83.788438	-177.598910	General
4idx:ChainA:ARG182	75.713077	-8.124594	General
4idx:ChainA:GLN183	-92.338319	140.056744	General
4idx:ChainA:ARG184	-92.049867	147.208405	General
4idx:ChainA:TYR185	-104.231743	56.480832	General
4idx:ChainA:GLY186	84.950192	59.195150	Glycine
4idx:ChainA:THR187	46.449575	71.277041	General
4idx:ChainA:MET188	-115.177725	122.301666	General
4idx:ChainA:THR189	-85.668630	134.505218	General
4idx:ChainA:ALA190	67.644870	78.605086	General
4idx:ChainA:GLU191	-107.141223	-40.609085	General
4idx:ChainA:GLU192	-10.519095	-81.315827	General
4idx:ChainA:TRP193	-132.609721	-93.105289	General
4idx:ChainA:MET194	50.051358	28.349358	General
4idx:ChainA:THR195	-111.269508	-155.284133	General
4idx:ChainA:GLN196	-96.004367	145.690511	General
4idx:ChainA:LYS197	70.184951	19.133694	General
4idx:ChainA:ILE198	48.316458	49.315277	General
4idx:ChainA:THR199	-40.586797	117.517235	General
4idx:ChainA:GLU200	53.759093	-71.004434	General
4idx:ChainA:ILE201	0.452889	-88.046422	General
4idx:ChainA:LYS202	-109.882915	-28.364577	General
4idx:ChainA:ALA203	-76.769502	31.344603	General
4idx:ChainA:ALA204	-156.677143	-34.119508	General
4idx:ChainA:PHE205	-74.551825	-75.563486	General
4idx:ChainA:ASN206	35.803207	28.115371	General
4idx:ChainA:SER207	-108.138104	-33.188774	General
4idx:ChainA:VAL208	-74.073103	-19.417617	General
4idx:ChainA:GLY209	-78.136461	-46.077068	Glycine
4idx:ChainA:GLN210	-71.786999	-31.390908	General
4idx:ChainA:LEU211	-72.154883	122.104325	General
4idx:ChainA:ALA212	-72.021146	174.175534	General
4idx:ChainA:TRP213	-57.209209	-36.469007	General
4idx:ChainA:ALA214	46.710768	-130.766647	General
4idx:ChainA:LYS215	58.214236	24.786230	General
4idx:ChainA:SER216	-64.710484	-42.658215	General
4idx:ChainA:GLY217	93.374922	-27.451465	Glycine
4idx:ChainA:PHE218	-159.321220	135.623025	General
4idx:ChainA:SER219	-62.910581	145.323933	Pre-Pro
4idx:ChainA:PRO220	-36.020768	115.638332	Proline
4idx:ChainA:ALA221	82.905020	-32.769505	General
4idx:ChainA:ALA222	-58.105926	98.009539	General
4idx:ChainA:ARG223	-136.703265	-134.540649	General
4idx:ChainA:THR224	-100.082721	88.419799	General
4idx:ChainA:PHE225	-162.636095	144.703303	General
4idx:ChainA:LEU226	-65.572595	-79.582689	General
4idx:ChainA:GLN227	-168.522218	133.928341	General
4idx:ChainC:THR17	-109.755755	-30.925285	General
4idx:ChainC:PHE18	-89.162703	134.324683	General
4idx:ChainC:ASN19	-83.850441	123.427089	Pre-Pro
4idx:ChainC:PRO20	-58.241201	-15.864056	Proline
4idx:ChainC:GLU21	-75.265329	-33.660787	General
4idx:ChainC:VAL22	-71.653304	-39.587002	General
4idx:ChainC:GLY23	-66.095466	-37.803961	Glycine
4idx:ChainC:TYR24	-65.071349	-55.510638	General
4idx:ChainC:VAL25	-59.002601	-26.826099	General
4idx:ChainC:ALA26	-75.788180	-42.190396	General
4idx:ChainC:PHE27	-59.963432	-34.684981	General
4idx:ChainC:ILE28	-71.705717	-30.049602	General
4idx:ChainC:GLY29	-67.129641	-40.368187	Glycine
4idx:ChainC:LYS30	-70.978900	-55.136634	General
4idx:ChainC:TYR31	-111.463462	-16.398177	General
4idx:ChainC:GLY32	-51.572990	-35.259632	Glycine
4idx:ChainC:GLN33	-63.611579	-22.001413	General
4idx:ChainC:GLN34	-114.334794	-8.518130	General
4idx:ChainC:LEU35	-68.641546	124.241366	General
4idx:ChainC:ASN36	-136.145667	156.312538	General
4idx:ChainC:PHE37	-47.007961	-37.527671	General
4idx:ChainC:GLY38	-56.684470	-44.831233	Glycine
4idx:ChainC:VAL39	-75.626491	-18.436241	General
4idx:ChainC:ALA40	-83.133134	-22.785279	General
4idx:ChainC:ARG41	-66.194658	-50.539171	General
4idx:ChainC:VAL42	-57.153791	-41.623314	General
4idx:ChainC:PHE43	-66.725103	-45.561415	General
4idx:ChainC:PHE44	-78.670932	15.203481	General
4idx:ChainC:LEU45	-118.166834	-44.542541	General
4idx:ChainC:ASN46	-90.520128	51.642497	General
4idx:ChainC:GLN47	-88.329404	-66.512283	General
4idx:ChainC:LYS48	-81.229339	-7.639251	General
4idx:ChainC:LYS49	-99.250053	1.899815	General
4idx:ChainC:ALA50	-94.804857	-11.826545	General
4idx:ChainC:LYS51	-65.849589	-28.489307	General
4idx:ChainC:MET52	-74.950166	-43.447210	General
4idx:ChainC:VAL53	-53.412211	-45.863322	General
4idx:ChainC:LEU54	-75.261825	-37.730262	General
4idx:ChainC:HIS55	-60.994949	-40.424729	General
4idx:ChainC:LYS56	-77.574034	-46.913803	General
4idx:ChainC:THR57	-77.176300	126.216578	General
4idx:ChainC:ALA58	-87.184413	68.881425	General
4idx:ChainC:GLN59	-137.305895	131.897588	Pre-Pro
4idx:ChainC:PRO60	-60.156247	-28.471137	Proline
4idx:ChainC:SER61	-147.531380	122.533749	General
4idx:ChainC:VAL62	-115.380656	137.107620	General
4idx:ChainC:ASP63	-85.527226	86.509587	General
4idx:ChainC:LEU64	-73.867011	158.665715	General
4idx:ChainC:THR65	-129.525442	125.036106	General
4idx:ChainC:PHE66	-127.368458	62.883814	General
4idx:ChainC:GLY67	74.970455	66.748832	Glycine
4idx:ChainC:GLY68	104.052697	-89.849452	Glycine
4idx:ChainC:VAL69	-69.185288	139.822728	General
4idx:ChainC:LYS70	107.839523	15.401350	General
4idx:ChainC:PHE71	-84.536281	147.606626	General
4idx:ChainC:THR72	-103.386013	88.149183	General
4idx:ChainC:VAL73	-67.352397	127.862239	General
4idx:ChainC:VAL74	-82.933266	136.980924	General
4idx:ChainC:ASN75	-100.178000	118.060575	General
4idx:ChainC:ASN76	-126.660557	0.947402	General
4idx:ChainC:HIS77	-68.309884	-26.888400	General
4idx:ChainC:PHE78	-65.622933	130.581985	Pre-Pro
4idx:ChainC:PRO79	-62.683989	-13.457656	Proline
4idx:ChainC:GLN80	-102.688710	-3.026256	General
4idx:ChainC:TYR81	-100.435801	8.731159	General
4idx:ChainC:VAL82	-68.098298	-29.202318	General
4idx:ChainC:SER83	-71.926539	-16.020057	General
4idx:ChainC:ASN84	-76.301868	130.521360	Pre-Pro
4idx:ChainC:PRO85	-86.517740	128.318636	Proline
4idx:ChainC:VAL86	-76.112692	135.511113	Pre-Pro
4idx:ChainC:PRO87	-62.603084	-170.714368	Proline
4idx:ChainC:ASP88	-101.757512	-46.457459	General
4idx:ChainC:ASN89	-73.071224	-8.158333	General
4idx:ChainC:ALA90	-69.277205	159.714081	General
4idx:ChainC:ILE91	-135.870810	111.485890	General
4idx:ChainC:THR92	-89.033485	170.139135	General
4idx:ChainC:LEU93	-60.583459	-40.671662	General
4idx:ChainC:HIS94	-61.460359	-42.941852	General
4idx:ChainC:ARG95	-65.537641	-50.490104	General
4idx:ChainC:MET96	-53.840063	-56.169600	General
4idx:ChainC:SER97	-43.430023	-60.663582	General
4idx:ChainC:GLY98	-51.489336	-47.461223	Glycine
4idx:ChainC:TYR99	-61.133676	-48.076838	General
4idx:ChainC:LEU100	-62.297787	-39.089967	General
4idx:ChainC:ALA101	-60.132794	-33.775340	General
4idx:ChainC:ARG102	-75.810242	-51.330894	General
4idx:ChainC:TRP103	-49.328379	-45.657498	General
4idx:ChainC:ILE104	-59.538833	-63.406239	General
4idx:ChainC:ALA105	-48.382454	-51.979416	General
4idx:ChainC:ASP106	-45.334506	-48.371692	General
4idx:ChainC:THR107	-75.278557	-26.184683	General
4idx:ChainC:CYS108	-96.535859	-3.101821	General
4idx:ChainC:LYS109	-67.049070	-41.676066	General
4idx:ChainC:ALA110	-82.646762	124.519258	General
4idx:ChainC:SER111	93.878415	-29.091832	General
4idx:ChainC:VAL112	69.059346	-49.720288	General
4idx:ChainC:LEU113	-58.062653	-23.661454	General
4idx:ChainC:LYS114	-96.594182	-10.369776	General
4idx:ChainC:LEU115	-70.917148	-48.025738	General
4idx:ChainC:ALA116	-58.363546	-29.179177	General
4idx:ChainC:GLU117	-56.522269	-47.670500	General
4idx:ChainC:ALA118	-60.685153	-38.766671	General
4idx:ChainC:SER119	-49.424706	-45.401197	General
4idx:ChainC:ALA120	-76.520290	-71.389532	General
4idx:ChainC:GLN121	-57.297812	-23.017753	General
4idx:ChainC:ILE122	-117.865781	150.555851	General
4idx:ChainC:VAL123	-146.136871	132.621430	General
4idx:ChainC:MET124	-99.087382	123.634696	Pre-Pro
4idx:ChainC:PRO125	-69.096263	-38.649616	Proline
4idx:ChainC:LEU126	-72.465668	-38.357858	General
4idx:ChainC:ALA127	-76.932039	-34.345906	General
4idx:ChainC:GLU128	-65.499550	-39.000626	General
4idx:ChainC:VAL129	-63.616235	-51.091498	General
4idx:ChainC:LYS130	-71.709496	-10.451295	General
4idx:ChainC:GLY131	95.130059	37.862533	Glycine
4idx:ChainC:CYS132	-81.482275	-77.585721	General
4idx:ChainC:THR133	78.208527	156.314141	General
4idx:ChainC:TRP134	-62.044633	-32.946073	General
4idx:ChainC:ALA135	-48.629594	-37.030870	General
4idx:ChainC:ASP136	-80.871190	5.522026	General
4idx:ChainC:GLY137	106.632641	135.506512	Glycine
4idx:ChainC:TYR138	-69.272771	-23.206466	General
4idx:ChainC:THR139	-68.336092	-40.156015	General
4idx:ChainC:MET140	-70.349551	-56.443021	General
4idx:ChainC:TYR141	-58.902050	-57.158030	General
4idx:ChainC:LEU142	-62.889769	-17.498355	General
4idx:ChainC:GLY143	-85.438057	23.768014	Glycine
4idx:ChainC:PHE144	-106.048052	-12.351231	General
4idx:ChainC:ALA145	-61.109488	141.634094	Pre-Pro
4idx:ChainC:PRO146	-67.983169	126.492321	Proline
4idx:ChainC:GLY147	96.056573	-0.951026	Glycine
4idx:ChainC:ALA148	-68.146179	-24.105838	General
4idx:ChainC:GLU149	-57.267728	-31.417578	General
4idx:ChainC:MET150	-57.743930	-16.873733	General
4idx:ChainC:PHE151	-139.144196	69.076551	General
4idx:ChainC:LEU152	-76.393760	-29.918587	General
4idx:ChainC:ASP153	-60.031791	-23.588295	General
4idx:ChainC:ALA154	-101.575766	-27.975850	General
4idx:ChainC:PHE155	-101.278439	23.997481	General
4idx:ChainC:ASP156	39.217348	48.494051	General
4idx:ChainC:PHE157	60.730121	17.198327	General
4idx:ChainC:TYR158	-67.533279	-42.855253	Pre-Pro
4idx:ChainC:PRO159	-61.192232	-34.304873	Proline
4idx:ChainC:LEU160	-68.273369	-37.211572	General
4idx:ChainC:VAL161	-72.303524	-54.680853	General
4idx:ChainC:ILE162	-49.648599	-50.051072	General
4idx:ChainC:GLU163	-54.481985	-39.534945	General
4idx:ChainC:MET164	-71.034530	-25.488922	General
4idx:ChainC:HIS165	-81.887136	-50.732297	General
4idx:ChainC:ARG166	-64.559289	-1.936571	General
4idx:ChainC:VAL167	-108.937567	-20.893799	General
4idx:ChainC:LEU168	-82.126038	-82.364369	General
4idx:ChainC:LYS169	-100.617928	120.378534	General
4idx:ChainC:ASP170	119.567514	-160.434247	General
4idx:ChainC:ASN171	-154.717563	136.642718	General
4idx:ChainC:MET172	-139.059356	176.348721	General
4idx:ChainC:ASP173	-80.457444	133.551198	General
4idx:ChainC:VAL174	-73.152313	-3.650218	General
4idx:ChainC:ASN175	-75.194040	-25.536021	General
4idx:ChainC:PHE176	-73.831806	-30.040317	General
4idx:ChainC:MET177	-61.772153	-22.387711	General
4idx:ChainC:LYS178	-60.380830	-43.399681	General
4idx:ChainC:LYS179	-69.431727	-28.403301	General
4idx:ChainC:VAL180	-75.332469	-45.675539	General
4idx:ChainC:LEU181	-79.599910	72.626393	General
4idx:ChainC:ARG182	-156.480329	-34.719759	General
4idx:ChainC:GLN183	-56.840210	135.744912	General
4idx:ChainC:ARG184	-94.703684	111.777163	General
4idx:ChainC:TYR185	-41.279128	-32.479239	General
4idx:ChainC:GLY186	176.177410	-156.850343	Glycine
4idx:ChainC:THR187	-73.782502	-173.391767	General
4idx:ChainC:MET188	21.219608	52.250579	General
4idx:ChainC:THR189	179.678607	-108.883513	General
4idx:ChainC:ALA190	-57.650118	-5.985998	General
4idx:ChainC:GLU191	-158.512721	121.542664	General
4idx:ChainC:GLU192	50.009985	12.713930	General
4idx:ChainC:TRP193	-121.702490	-16.997898	General
4idx:ChainC:MET194	-152.559498	-81.086543	General
4idx:ChainC:THR195	26.835518	-122.939798	General
4idx:ChainC:GLN196	-108.909054	103.849703	General
4idx:ChainC:LYS197	-174.028249	99.601884	General
4idx:ChainC:ILE198	-61.393650	105.050780	General
4idx:ChainC:THR199	52.648055	60.186140	General
4idx:ChainC:GLU200	50.734836	-24.770908	General
4idx:ChainC:ILE201	-45.291371	178.189548	General
4idx:ChainC:LYS202	69.789561	-59.733659	General
4idx:ChainC:ALA203	-59.340995	-49.694582	General
4idx:ChainC:ALA204	-70.210022	-30.456029	General
4idx:ChainC:PHE205	-62.443247	-75.974475	General
4idx:ChainC:ASN206	-68.672926	-5.723838	General
4idx:ChainC:SER207	-71.595347	-41.930536	General
4idx:ChainC:VAL208	-78.012862	-2.967221	General
4idx:ChainC:GLY209	-76.952363	-38.844107	Glycine
4idx:ChainC:GLN210	-63.703997	-29.067706	General
4idx:ChainC:LEU211	-91.922125	120.637026	General
4idx:ChainC:ALA212	-69.280940	158.235448	General
4idx:ChainC:TRP213	-63.228839	-25.445823	General
4idx:ChainC:ALA214	-20.939732	94.607869	General
4idx:ChainC:LYS215	-56.376158	132.097961	General
4idx:ChainC:SER216	-89.355319	-177.346868	General
4idx:ChainC:GLY217	116.077957	-148.499648	Glycine
4idx:ChainC:PHE218	57.018091	-160.831599	General
4idx:ChainC:SER219	-167.721408	109.959826	Pre-Pro
4idx:ChainC:PRO220	-51.375344	120.334789	Proline
4idx:ChainC:ALA221	124.629379	139.398105	General
4idx:ChainC:ALA222	-134.791422	-81.714451	General
4idx:ChainC:ARG223	37.933002	112.902685	General
4idx:ChainC:THR224	107.717338	-151.334161	General
4idx:ChainC:PHE225	-30.901825	-36.859218	General
4idx:ChainC:LEU226	177.682676	144.136297	General
4idx:ChainC:GLN227	84.235205	167.917472	General
