4jlx:ChainA:ALA136	-58.703795	-31.959620	General
4jlx:ChainA:TRP137	-88.500470	-12.227439	General
4jlx:ChainA:LYS138	52.911215	44.690788	General
4jlx:ChainA:LEU139	-60.543595	-32.332857	General
4jlx:ChainA:GLN140	-63.486578	-37.445494	General
4jlx:ChainA:THR141	-65.653584	-40.515854	General
4jlx:ChainA:VAL142	-61.146312	-42.762481	General
4jlx:ChainA:LEU143	-59.296989	-38.723275	General
4jlx:ChainA:GLU144	-65.107003	-43.047787	General
4jlx:ChainA:LYS145	-55.589198	-45.017627	General
4jlx:ChainA:VAL146	-66.618330	-44.898948	General
4jlx:ChainA:ARG147	-56.862852	-42.629339	General
4jlx:ChainA:LEU148	-71.828470	100.527742	General
4jlx:ChainA:SER149	144.470180	-33.301401	General
4jlx:ChainA:ARG150	-57.486656	-16.285979	General
4jlx:ChainA:HIS151	-78.723467	-48.110313	General
4jlx:ChainA:GLU152	-60.710052	-47.324118	General
4jlx:ChainA:ILE153	-63.533243	-28.220964	General
4jlx:ChainA:SER154	-63.346477	-26.057868	General
4jlx:ChainA:GLU155	-93.673952	-23.829955	General
4jlx:ChainA:ALA156	-66.066296	-23.671651	General
4jlx:ChainA:ALA157	-56.790877	-50.629401	General
4jlx:ChainA:GLU158	-47.753602	-41.818007	General
4jlx:ChainA:VAL159	-71.050956	-52.311857	General
4jlx:ChainA:VAL160	-59.615945	-47.077851	General
4jlx:ChainA:ASN161	-52.971601	-45.459242	General
4jlx:ChainA:TRP162	-60.253752	-61.220182	General
4jlx:ChainA:VAL163	-55.098079	-59.898401	General
4jlx:ChainA:VAL164	-54.601432	-52.361386	General
4jlx:ChainA:GLU165	-57.159108	-38.229842	General
4jlx:ChainA:HIS166	-59.272401	-57.547819	General
4jlx:ChainA:LEU167	-49.937724	-37.610916	General
4jlx:ChainA:LEU168	-63.472900	-50.716720	General
4jlx:ChainA:ARG169	-54.642609	-44.098947	General
4jlx:ChainA:ARG170	-55.964221	-57.673157	General
4jlx:ChainA:LEU171	-55.679793	-47.522477	General
4jlx:ChainA:GLN172	-61.399950	-28.724445	General
4jlx:ChainA:GLY173	-92.188855	-25.344425	Glycine
4jlx:ChainA:GLY174	-68.074407	-165.584704	Glycine
4jlx:ChainA:GLU175	-127.972115	26.759016	General
4jlx:ChainA:SER176	-80.687287	174.631628	General
4jlx:ChainA:GLU177	-70.937767	-11.821298	General
4jlx:ChainA:PHE178	-98.651935	22.067425	General
4jlx:ChainA:LYS179	-55.342708	-44.350063	General
4jlx:ChainA:GLY180	-78.711116	11.586683	Glycine
4jlx:ChainA:VAL181	-63.077451	145.426103	General
4jlx:ChainA:ALA182	-147.406113	166.249866	General
4jlx:ChainA:LEU183	-85.952346	148.613692	General
4jlx:ChainA:LEU184	-123.089313	114.218119	General
4jlx:ChainA:ARG185	-87.505358	84.931508	General
4jlx:ChainA:THR186	-132.044256	163.782468	General
4jlx:ChainA:ALA197	-108.179852	111.192079	Pre-Pro
4jlx:ChainA:PRO198	-80.217766	-10.427959	Proline
4jlx:ChainA:ASN199	-97.032605	2.204054	General
4jlx:ChainA:GLU200	-131.203182	113.104357	General
4jlx:ChainA:PHE201	-127.135757	159.302230	General
4jlx:ChainA:ASP202	-134.695811	152.048273	General
4jlx:ChainA:VAL203	-135.960181	158.133290	General
4jlx:ChainA:MET204	-113.130039	127.874004	General
4jlx:ChainA:PHE205	-100.929074	114.463519	General
4jlx:ChainA:LYS206	-90.668353	155.548620	General
4jlx:ChainA:LEU207	-138.944401	106.883548	General
4jlx:ChainA:GLU208	-58.589030	135.714347	General
4jlx:ChainA:VAL209	-147.753689	118.707774	Pre-Pro
4jlx:ChainA:PRO210	-88.162506	164.015298	Proline
4jlx:ChainA:ARG211	59.562613	22.727967	General
4jlx:ChainA:ILE212	-56.856511	131.513422	General
4jlx:ChainA:GLN213	-119.603485	142.127736	General
4jlx:ChainA:LEU214	-118.492436	135.670776	General
4jlx:ChainA:GLU215	-119.778841	121.986736	General
4jlx:ChainA:GLU216	-58.436786	129.366108	General
4jlx:ChainA:TYR217	-84.917431	117.355136	General
4jlx:ChainA:CYS218	43.305742	51.383224	General
4jlx:ChainA:ASN219	53.868379	16.435724	General
4jlx:ChainA:SER220	-85.598623	125.169473	General
4jlx:ChainA:GLY221	-66.763268	-14.091538	Glycine
4jlx:ChainA:ALA222	-100.096874	-37.798836	General
4jlx:ChainA:HIS223	-96.789309	140.253218	General
4jlx:ChainA:TYR224	-142.294464	146.095690	General
4jlx:ChainA:PHE225	-84.372462	136.326621	General
4jlx:ChainA:VAL226	-100.189857	130.806893	General
4jlx:ChainA:LYS227	-135.097337	165.078801	General
4jlx:ChainA:PHE228	-135.773835	141.123962	General
4jlx:ChainA:LYS229	-73.086947	175.680657	General
4jlx:ChainA:ARG230	-70.393006	123.895872	General
4jlx:ChainA:ASN231	-93.659431	130.700468	Pre-Pro
4jlx:ChainA:PRO232	-61.446084	-39.459605	Proline
4jlx:ChainA:GLY233	-70.846414	-169.962500	Glycine
4jlx:ChainA:GLY234	-88.339064	143.092500	Glycine
4jlx:ChainA:ASN235	-87.930224	125.826860	Pre-Pro
4jlx:ChainA:PRO236	-62.837088	-13.560702	Proline
4jlx:ChainA:LEU237	-105.576655	8.481737	General
4jlx:ChainA:GLU238	-54.949347	-31.263806	General
4jlx:ChainA:GLN239	-74.619612	-6.151755	General
4jlx:ChainA:PHE240	-101.127680	-5.324368	General
4jlx:ChainA:LEU241	-84.123996	143.141630	General
4jlx:ChainA:GLU242	-112.024717	106.637502	General
4jlx:ChainA:LYS243	53.186359	-129.234876	General
4jlx:ChainA:GLU244	-83.352906	-14.498304	General
4jlx:ChainA:ILE245	-107.178763	140.798988	General
4jlx:ChainA:LEU246	-82.052423	124.717049	General
4jlx:ChainA:SER247	-82.598045	107.073755	General
4jlx:ChainA:ALA248	-56.016371	-37.984170	General
4jlx:ChainA:SER249	-68.793460	-49.094407	General
4jlx:ChainA:LYS250	-63.232657	-34.843754	General
4jlx:ChainA:MET251	-69.793888	-44.106661	General
4jlx:ChainA:LEU252	-67.165375	-39.915922	General
4jlx:ChainA:SER253	-58.279258	-46.061967	General
4jlx:ChainA:LYS254	-65.809198	-43.797088	General
4jlx:ChainA:PHE255	-56.960308	-47.796526	General
4jlx:ChainA:ARG256	-62.848109	-41.893894	General
4jlx:ChainA:LYS257	-53.274752	-54.505990	General
4jlx:ChainA:ILE258	-77.911870	-21.954255	General
4jlx:ChainA:ILE259	-70.412831	-40.313602	General
4jlx:ChainA:LYS260	-53.623815	-43.421771	General
4jlx:ChainA:GLU261	-72.148837	-20.989689	General
4jlx:ChainA:GLU262	-100.612423	0.165681	General
4jlx:ChainA:ILE263	-73.286773	-13.315649	General
4jlx:ChainA:LYS264	-44.672845	111.567290	General
4jlx:ChainA:ASN265	-10.657859	168.313706	General
4jlx:ChainA:THR269	-148.899564	-144.067930	General
4jlx:ChainA:GLY270	93.428117	17.382755	Glycine
4jlx:ChainA:VAL271	-143.770466	139.833440	General
4jlx:ChainA:THR272	-137.965333	-177.504961	General
4jlx:ChainA:VAL273	-132.937908	122.821604	General
4jlx:ChainA:GLU274	-72.807736	153.634327	General
4jlx:ChainA:ARG275	-60.129402	156.883927	General
4jlx:ChainA:LYS276	-54.100242	116.329651	General
4jlx:ChainA:SER280	-128.860255	144.424556	Pre-Pro
4jlx:ChainA:PRO281	-69.353304	-31.466406	Proline
4jlx:ChainA:ALA282	-60.140524	136.775089	General
4jlx:ChainA:VAL283	-87.600995	107.137908	General
4jlx:ChainA:THR284	-91.916916	132.977473	General
4jlx:ChainA:LEU285	-98.834329	136.728255	General
4jlx:ChainA:LEU286	-106.291450	108.869095	General
4jlx:ChainA:ILE287	-94.706990	114.289413	General
4jlx:ChainA:SER288	-77.150195	-59.453319	General
4jlx:ChainA:LYS289	-132.141737	151.620750	Pre-Pro
4jlx:ChainA:PRO290	-58.212438	-64.851727	Proline
4jlx:ChainA:LYS291	-93.055609	172.285400	General
4jlx:ChainA:GLU292	-90.659720	120.062986	General
4jlx:ChainA:ILE293	-135.971034	133.995302	General
4jlx:ChainA:SER294	-102.784129	125.446411	General
4jlx:ChainA:VAL295	-128.068812	118.652265	General
4jlx:ChainA:ASP296	-91.577244	125.194311	General
4jlx:ChainA:ILE297	-95.386265	118.354823	General
4jlx:ChainA:ILE298	-105.009579	118.373634	General
4jlx:ChainA:LEU299	-75.609240	134.474757	General
4jlx:ChainA:ALA300	-132.023446	145.195769	General
4jlx:ChainA:LEU301	-91.663594	136.997786	General
4jlx:ChainA:GLU302	-107.298114	130.844222	General
4jlx:ChainA:SER303	-120.299826	135.808510	General
4jlx:ChainA:LYS304	-102.735288	13.014442	General
4jlx:ChainA:SER305	-79.730421	170.374620	General
4jlx:ChainA:SER306	-58.117719	150.019803	General
4jlx:ChainA:TRP307	-62.850421	150.736385	Pre-Pro
4jlx:ChainA:PRO308	-61.353518	154.241657	Proline
4jlx:ChainA:ALA309	-52.092295	-32.937402	General
4jlx:ChainA:SER310	-64.121697	-19.732286	General
4jlx:ChainA:THR311	-91.770518	5.042038	General
4jlx:ChainA:GLN312	-53.928959	-46.941252	General
4jlx:ChainA:LYS313	-94.730170	7.968290	General
4jlx:ChainA:GLY314	-78.474583	174.753381	Glycine
4jlx:ChainA:LEU315	55.431582	57.936970	Pre-Pro
4jlx:ChainA:PRO316	-79.217956	66.951571	Proline
4jlx:ChainA:ILE317	-110.026091	9.332408	General
4jlx:ChainA:SER318	-58.105389	-35.111144	General
4jlx:ChainA:GLN319	-84.338875	-15.929990	General
4jlx:ChainA:TRP320	-100.937136	-71.948864	General
4jlx:ChainA:LEU321	-93.844409	-16.857955	General
4jlx:ChainA:GLY322	102.456194	165.384747	Glycine
4jlx:ChainA:ALA323	-69.981076	-40.841026	General
4jlx:ChainA:LYS324	-62.961241	-40.053453	General
4jlx:ChainA:VAL325	-67.136345	-42.402150	General
4jlx:ChainA:LYS326	-61.562052	-45.315530	General
4jlx:ChainA:ASN327	-61.789621	-41.267164	General
4jlx:ChainA:ASN328	-68.498675	-36.676919	General
4jlx:ChainA:LEU329	-65.258580	-39.155231	General
4jlx:ChainA:LYS330	-75.434993	-10.282424	General
4jlx:ChainA:ARG331	-84.310119	-12.096020	General
4jlx:ChainA:GLN332	-72.604027	158.117069	Pre-Pro
4jlx:ChainA:PRO333	-66.354501	166.175735	Proline
4jlx:ChainA:PHE334	-119.665091	165.241054	General
4jlx:ChainA:TYR335	-121.797210	154.386996	General
4jlx:ChainA:LEU336	-127.175471	130.899966	General
4jlx:ChainA:VAL337	-125.021603	136.246408	Pre-Pro
4jlx:ChainA:PRO338	-77.100612	75.110126	Proline
4jlx:ChainA:LYS339	-115.864573	125.971413	General
4jlx:ChainA:HIS340	-140.495648	161.738081	General
4jlx:ChainA:ALA341	-65.986460	155.252497	General
4jlx:ChainA:LYS342	-54.096467	-65.273991	General
4jlx:ChainA:GLU343	-65.460708	156.031726	General
4jlx:ChainA:GLY344	147.044733	156.072677	Glycine
4jlx:ChainA:SER345	-73.977560	170.504391	General
4jlx:ChainA:GLY346	-70.592493	-20.134800	Glycine
4jlx:ChainA:PHE347	-67.032788	-47.295551	General
4jlx:ChainA:GLN348	-61.529586	-38.182191	General
4jlx:ChainA:GLU349	-59.991738	-14.964052	General
4jlx:ChainA:GLU350	-106.032791	9.245200	General
4jlx:ChainA:THR351	-94.709795	162.929366	General
4jlx:ChainA:TRP352	-126.382196	144.766029	General
4jlx:ChainA:ARG353	-110.152064	148.358941	General
4jlx:ChainA:LEU354	-62.974756	141.452436	General
4jlx:ChainA:SER355	-131.751240	129.522203	General
4jlx:ChainA:PHE356	-126.228852	26.149549	General
4jlx:ChainA:SER357	-50.178911	-34.285856	General
4jlx:ChainA:HIS358	-74.567579	-32.998832	General
4jlx:ChainA:ILE359	-71.079603	-42.156899	General
4jlx:ChainA:GLU360	-57.014895	-46.342513	General
4jlx:ChainA:LYS361	-60.017599	-41.408864	General
4jlx:ChainA:ASP362	-62.838667	-46.330243	General
4jlx:ChainA:ILE363	-64.046183	-41.518698	General
4jlx:ChainA:LEU364	-65.278137	-42.061591	General
4jlx:ChainA:LYS365	-71.356424	-33.209402	General
4jlx:ChainA:ASN366	-117.138445	71.860604	General
4jlx:ChainA:HIS367	-103.923001	-4.989885	General
4jlx:ChainA:GLY368	-96.568002	151.689027	Glycine
4jlx:ChainA:GLN369	-68.041415	-42.257304	General
4jlx:ChainA:SER370	-80.637962	143.403084	General
4jlx:ChainA:LYS371	-69.919117	-18.144429	General
4jlx:ChainA:THR372	-95.603097	4.479622	General
4jlx:ChainA:CYS373	-51.371995	123.913489	General
4jlx:ChainA:CYS374	66.206118	10.824365	General
4jlx:ChainA:GLU375	-93.130000	168.935085	General
4jlx:ChainA:ILE376	-61.409439	-38.701217	General
4jlx:ChainA:ASP377	-91.205720	23.350501	General
4jlx:ChainA:GLY378	-128.701215	-164.672938	Glycine
4jlx:ChainA:VAL379	-116.969753	148.673917	General
4jlx:ChainA:LYS380	-80.015820	132.003800	General
4jlx:ChainA:CYS381	-105.166055	172.739677	General
4jlx:ChainA:CYS382	-110.910399	21.159321	General
4jlx:ChainA:ARG383	-59.691696	-50.444383	General
4jlx:ChainA:LYS384	-65.511315	-33.386743	General
4jlx:ChainA:GLU385	-68.796827	-39.226300	General
4jlx:ChainA:CYS386	-64.186161	-41.727053	General
4jlx:ChainA:LEU387	-63.594005	-47.980211	General
4jlx:ChainA:LYS388	-54.408198	-47.996659	General
4jlx:ChainA:LEU389	-62.339701	-41.208181	General
4jlx:ChainA:MET390	-60.460016	-46.000285	General
4jlx:ChainA:LYS391	-62.266441	-42.626940	General
4jlx:ChainA:TYR392	-66.178377	-38.364625	General
4jlx:ChainA:LEU393	-60.865274	-48.495389	General
4jlx:ChainA:LEU394	-61.735030	-43.485508	General
4jlx:ChainA:GLU395	-67.691685	-43.415003	General
4jlx:ChainA:GLN396	-59.550810	-36.301079	General
4jlx:ChainA:LEU397	-71.839430	-43.073388	General
4jlx:ChainA:LYS398	-60.074504	-33.895373	General
4jlx:ChainA:LYS399	-79.883808	-36.026663	General
4jlx:ChainA:LYS400	-61.994549	-33.306339	General
4jlx:ChainA:PHE401	-119.181608	38.522588	General
4jlx:ChainA:GLY402	-72.582075	-2.913342	Glycine
4jlx:ChainA:ASN403	-90.884366	-4.382486	General
4jlx:ChainA:ARG404	-129.432956	165.921838	General
4jlx:ChainA:ARG405	-84.719325	-16.418736	General
4jlx:ChainA:GLU406	-65.398087	-25.884215	General
4jlx:ChainA:LEU407	-102.023335	-3.340518	General
4jlx:ChainA:ALA408	-60.724925	-31.821921	General
4jlx:ChainA:LYS409	-91.739489	-5.857270	General
4jlx:ChainA:PHE410	-85.251677	146.980426	General
4jlx:ChainA:CYS411	-148.428791	175.256169	General
4jlx:ChainA:SER412	-57.594916	-29.734749	General
4jlx:ChainA:TYR413	-63.153314	-31.774774	General
4jlx:ChainA:HIS414	-63.749060	-46.111848	General
4jlx:ChainA:VAL415	-71.937573	-35.779191	General
4jlx:ChainA:LYS416	-62.257361	-42.633314	General
4jlx:ChainA:THR417	-61.368343	-50.626284	General
4jlx:ChainA:ALA418	-56.258018	-41.126001	General
4jlx:ChainA:PHE419	-61.129123	-44.455520	General
4jlx:ChainA:PHE420	-59.481124	-40.208401	General
4jlx:ChainA:HIS421	-63.237968	-35.373168	General
4jlx:ChainA:VAL422	-66.829971	-39.087668	General
4jlx:ChainA:CYS423	-60.202369	-34.268571	General
4jlx:ChainA:THR424	-70.233831	-43.309133	General
4jlx:ChainA:GLN425	-64.137810	-37.059938	General
4jlx:ChainA:ASP426	-119.724568	81.873639	Pre-Pro
4jlx:ChainA:PRO427	-81.749350	-11.518666	Proline
4jlx:ChainA:HIS428	-94.926189	142.044016	General
4jlx:ChainA:ASP429	-59.931597	-31.243510	General
4jlx:ChainA:ASN430	-72.999673	-5.178415	General
4jlx:ChainA:GLN431	-89.691596	-1.792843	General
4jlx:ChainA:TRP432	-131.103124	29.205233	General
4jlx:ChainA:HIS433	-50.434426	134.686772	General
4jlx:ChainA:LEU434	-55.400303	-32.073461	General
4jlx:ChainA:LYS435	-67.553500	-22.864327	General
4jlx:ChainA:ASN436	-99.149149	27.000622	General
4jlx:ChainA:LEU437	-47.824601	-44.655449	General
4jlx:ChainA:GLU438	-62.966783	-45.119417	General
4jlx:ChainA:CYS439	-68.936280	-33.662794	General
4jlx:ChainA:CYS440	-71.198943	-42.253578	General
4jlx:ChainA:PHE441	-62.078646	-41.984652	General
4jlx:ChainA:ASP442	-62.019059	-40.033300	General
4jlx:ChainA:ASN443	-63.918111	-42.917716	General
4jlx:ChainA:CYS444	-62.635969	-41.051187	General
4jlx:ChainA:VAL445	-65.218298	-43.241131	General
4jlx:ChainA:ALA446	-63.135156	-43.629290	General
4jlx:ChainA:TYR447	-58.919532	-45.739166	General
4jlx:ChainA:PHE448	-59.642120	-40.424157	General
4jlx:ChainA:LEU449	-61.118961	-42.520723	General
4jlx:ChainA:GLN450	-63.718218	-39.063759	General
4jlx:ChainA:CYS451	-58.193490	-48.757449	General
4jlx:ChainA:LEU452	-59.741964	-46.596586	General
4jlx:ChainA:LYS453	-65.042144	-47.928336	General
4jlx:ChainA:THR454	-84.036623	-0.155863	General
4jlx:ChainA:GLU455	51.754822	43.576299	General
4jlx:ChainA:GLN456	-133.574919	116.373951	General
4jlx:ChainA:LEU457	-150.480568	90.997929	General
4jlx:ChainA:ALA458	-75.055396	136.465639	General
4jlx:ChainA:ASN459	-52.957035	131.726722	General
4jlx:ChainA:TYR460	-66.367444	-25.568844	General
4jlx:ChainA:PHE461	-100.114852	-22.724608	General
4jlx:ChainA:ILE462	-133.083873	83.780576	Pre-Pro
4jlx:ChainA:PRO463	-61.843269	-26.604415	Proline
4jlx:ChainA:GLY464	-69.605447	-11.170440	Glycine
4jlx:ChainA:VAL465	-98.598777	113.497420	General
4jlx:ChainA:ASN466	-97.860179	104.140176	General
4jlx:ChainA:LEU467	-63.049839	-21.981445	General
4jlx:ChainA:PHE468	-105.057356	15.182835	General
4jlx:ChainA:SER469	-57.415346	147.819685	General
4jlx:ChainA:ARG470	-66.309604	-17.624720	General
4jlx:ChainA:ASP471	-56.354237	-38.199430	General
4jlx:ChainA:LEU472	-97.710038	-38.729761	General
4jlx:ChainA:ILE473	-135.787741	124.586035	General
4jlx:ChainA:ASP474	-68.960238	155.867373	General
4jlx:ChainA:LYS475	-49.927995	-47.795136	Pre-Pro
4jlx:ChainA:PRO476	-62.107815	-30.770604	Proline
4jlx:ChainA:SER477	-64.458502	-46.598431	General
4jlx:ChainA:LYS478	-66.952738	-40.735050	General
4jlx:ChainA:GLU479	-57.335817	-43.926658	General
4jlx:ChainA:PHE480	-60.758126	-48.408207	General
4jlx:ChainA:LEU481	-64.707730	-40.054957	General
4jlx:ChainA:SER482	-54.792101	-48.642700	General
4jlx:ChainA:LYS483	-61.210584	-44.519483	General
4jlx:ChainA:GLN484	-64.836216	-39.719491	General
4jlx:ChainA:ILE485	-69.583005	-40.183894	General
4jlx:ChainA:GLU486	-60.744601	-42.954637	General
4jlx:ChainA:TYR487	-61.415018	-50.340847	General
4jlx:ChainA:GLU488	-57.680092	-48.495126	General
4jlx:ChainA:ARG489	-60.529112	-41.349601	General
4jlx:ChainA:ASN490	-68.561945	-23.939472	General
4jlx:ChainA:ASN491	-109.371743	20.045112	General
4jlx:ChainA:GLY492	67.656748	31.339982	Glycine
4jlx:ChainA:PHE493	58.090847	59.287998	Pre-Pro
4jlx:ChainA:PRO494	-60.446772	-29.332837	Proline
4jlx:ChainA:VAL495	-62.391894	-9.417830	General
4jlx:ChainA:PHE496	-82.501736	-12.763820	General
