4UMK:ChainA:SER56	-50.091977	-40.396422	General
4UMK:ChainA:LEU57	-65.121206	-48.873280	General
4UMK:ChainA:GLU58	-63.422358	-26.708631	General
4UMK:ChainA:GLU59	-77.606187	-36.377626	General
4UMK:ChainA:LEU60	-69.327813	-31.550116	General
4UMK:ChainA:ALA61	-57.015047	-60.257064	General
4UMK:ChainA:GLN62	-77.303431	-11.782476	General
4UMK:ChainA:SER63	-65.432052	-59.072333	General
4UMK:ChainA:ILE64	-58.097459	-50.858959	General
4UMK:ChainA:LYS65	-61.881182	126.508982	General
4UMK:ChainA:GLU66	-39.806443	-45.370254	General
4UMK:ChainA:HIS67	-47.643509	-22.836729	General
4UMK:ChainA:GLY68	30.976070	-110.115846	Glycine
4UMK:ChainA:LEU69	-65.928311	101.836097	General
4UMK:ChainA:LEU70	-54.580413	-26.614296	General
4UMK:ChainA:GLN71	-133.000855	115.577590	Pre-Pro
4UMK:ChainA:PRO72	-46.734313	159.084456	Proline
4UMK:ChainA:VAL73	-79.481039	177.739309	General
4UMK:ChainA:LEU74	-127.873408	121.626846	General
4UMK:ChainA:VAL75	-127.319464	174.449898	General
4UMK:ChainA:VAL76	-115.663420	153.306532	General
4UMK:ChainA:SER77	-107.547293	116.228539	General
4UMK:ChainA:GLU78	-66.299817	-8.622788	General
4UMK:ChainA:ASN79	77.061135	4.043444	General
4UMK:ChainA:GLY80	-146.315473	-36.524096	Glycine
4UMK:ChainA:ARG81	-136.851184	171.168886	General
4UMK:ChainA:TYR82	-118.906966	129.772758	General
4UMK:ChainA:HIS83	-126.902094	144.546045	General
4UMK:ChainA:LEU84	-74.376803	159.585209	General
4UMK:ChainA:ILE85	-141.174579	108.725762	General
4UMK:ChainA:ALA86	59.794948	58.040358	General
4UMK:ChainA:GLY87	-136.594870	0.293340	Glycine
4UMK:ChainA:GLU88	-39.869199	-49.764368	General
4UMK:ChainA:ARG89	-52.955041	-62.901333	General
4UMK:ChainA:ARG90	-52.704622	-46.397882	General
4UMK:ChainA:LEU91	-73.487663	-62.873814	General
4UMK:ChainA:ARG92	-49.051771	-44.413495	General
4UMK:ChainA:ALA93	-60.004875	-40.648963	General
4UMK:ChainA:SER94	-83.020641	12.193999	General
4UMK:ChainA:LYS95	-73.919397	-42.081440	General
4UMK:ChainA:LEU96	-62.049044	-34.275391	General
4UMK:ChainA:ALA97	-76.603324	-178.046409	General
4UMK:ChainA:LYS98	-118.977752	132.388576	General
4UMK:ChainA:MET99	70.760259	-169.658700	Pre-Pro
4UMK:ChainA:PRO100	-88.178661	-15.329130	Proline
4UMK:ChainA:THR101	53.720658	-8.650825	General
4UMK:ChainA:ILE102	-103.152532	-84.191885	General
4UMK:ChainA:LYS103	47.551023	33.602388	General
4UMK:ChainA:ALA104	-160.104809	168.152944	General
4UMK:ChainA:ILE105	-57.928956	109.091239	General
4UMK:ChainA:VAL106	-132.273925	169.202659	General
4UMK:ChainA:VAL107	-52.499405	112.027692	General
4UMK:ChainA:ASP108	-154.360289	156.586438	General
4UMK:ChainA:ILE109	-105.145233	133.447158	General
4UMK:ChainA:GLU110	-113.269913	138.541685	General
4UMK:ChainA:GLN111	-86.003692	-45.892930	General
4UMK:ChainA:GLU112	-43.129908	-48.158905	General
4UMK:ChainA:LYS113	-53.337991	-50.222608	General
4UMK:ChainA:MET114	-63.068395	-24.289318	General
4UMK:ChainA:ARG115	-76.689301	-47.740793	General
4UMK:ChainA:GLU116	-50.927689	-47.648106	General
4UMK:ChainA:VAL117	-58.037834	-54.697441	General
4UMK:ChainA:ALA118	-48.280501	-38.715088	General
4UMK:ChainA:LEU119	-88.647870	-39.363442	General
4UMK:ChainA:ILE120	-59.825744	-40.165004	General
4UMK:ChainA:GLU121	-62.967249	-60.547788	General
4UMK:ChainA:ASN122	-59.002986	-33.407379	General
4UMK:ChainA:ILE123	-98.436268	107.026466	General
4UMK:ChainA:GLN124	-127.416913	128.401903	General
4UMK:ChainA:ARG125	-52.690597	125.896127	General
4UMK:ChainA:GLU126	-71.469874	62.916341	General
4UMK:ChainA:ASP127	-119.807003	-3.977597	General
4UMK:ChainA:LEU128	-82.174781	144.827407	General
4UMK:ChainA:ASN129	-79.773813	174.240273	Pre-Pro
4UMK:ChainA:PRO130	-67.650023	-12.305992	Proline
4UMK:ChainA:LEU131	-84.857403	-41.511786	General
4UMK:ChainA:GLU132	-75.459704	-27.338477	General
4UMK:ChainA:LEU133	-61.561154	-52.433569	General
4UMK:ChainA:ALA134	-56.356378	-39.509716	General
4UMK:ChainA:ARG135	-71.141530	-28.991134	General
4UMK:ChainA:SER136	-73.865987	-43.668764	General
4UMK:ChainA:TYR137	-58.456137	-49.342209	General
4UMK:ChainA:LYS138	-60.947860	-54.745631	General
4UMK:ChainA:GLU139	-46.016529	-42.851609	General
4UMK:ChainA:LEU140	-65.476215	-17.562256	General
4UMK:ChainA:LEU141	-121.769163	2.053762	General
4UMK:ChainA:GLU142	-108.229524	-50.728622	General
4UMK:ChainA:SER143	-74.845095	-17.191452	General
4UMK:ChainA:TYR144	-140.335586	158.730390	General
4UMK:ChainA:GLN145	-92.568502	117.219526	General
4UMK:ChainA:MET146	-132.290900	152.040638	General
4UMK:ChainA:THR147	-91.863122	134.533703	General
4UMK:ChainA:GLN148	-51.098988	-37.849645	General
4UMK:ChainA:GLU149	-51.789509	-49.865245	General
4UMK:ChainA:GLU150	-57.635025	-49.463336	General
4UMK:ChainA:LEU151	-56.491463	-43.662969	General
4UMK:ChainA:SER152	-53.681466	-43.590951	General
4UMK:ChainA:LYS153	-60.684405	-42.966133	General
4UMK:ChainA:ILE154	-61.997514	-57.736719	General
4UMK:ChainA:VAL155	-84.438752	6.616162	General
4UMK:ChainA:LYS156	57.289374	53.545818	General
4UMK:ChainA:LYS157	-135.123440	166.108951	General
4UMK:ChainA:SER158	-74.969803	157.084508	General
4UMK:ChainA:ARG159	-60.555407	-37.051130	General
4UMK:ChainA:ALA160	-57.558928	-53.973751	General
4UMK:ChainA:HIS161	-47.436781	-42.907175	General
4UMK:ChainA:VAL162	-63.104002	-48.567634	General
4UMK:ChainA:ALA163	-54.153782	-65.825063	General
4UMK:ChainA:ASN164	-51.646542	-41.404499	General
4UMK:ChainA:ILE165	-58.823015	-40.483621	General
4UMK:ChainA:MET166	-76.364052	-29.520344	General
4UMK:ChainA:ARG167	-60.815463	-30.918878	General
4UMK:ChainA:LEU168	-49.857802	-25.063926	General
4UMK:ChainA:LEU169	-79.099338	-12.277561	General
4UMK:ChainA:THR170	-104.095562	30.683353	General
4UMK:ChainA:LEU171	-101.897050	160.089753	General
4UMK:ChainA:SER172	-56.624884	149.374638	General
4UMK:ChainA:SER173	-51.867094	-40.353461	General
4UMK:ChainA:LYS174	-61.716719	-44.944307	General
4UMK:ChainA:VAL175	-67.240385	-49.648120	General
4UMK:ChainA:GLN176	-54.252478	-43.212893	General
4UMK:ChainA:ASN177	-77.325511	-6.463714	General
4UMK:ChainA:ALA178	-101.954918	0.156918	General
4UMK:ChainA:LEU179	-110.813339	-31.770958	General
4UMK:ChainA:LEU180	-72.087347	-42.498625	General
4UMK:ChainA:GLU181	-68.383271	169.950264	General
4UMK:ChainA:GLU182	-101.900225	26.801534	General
4UMK:ChainA:LYS183	-96.026237	-11.968524	General
4UMK:ChainA:ILE184	-121.909454	153.193896	General
4UMK:ChainA:THR185	-106.672271	173.295123	General
4UMK:ChainA:SER186	-71.759695	-24.770291	General
4UMK:ChainA:GLY187	-58.944104	-45.476254	Glycine
4UMK:ChainA:HIS188	-68.274760	-61.702196	General
4UMK:ChainA:ALA189	-52.301087	-44.172305	General
4UMK:ChainA:LYS190	-66.816917	-17.432072	General
4UMK:ChainA:VAL191	-80.835743	-19.736745	General
4UMK:ChainA:LEU192	-90.915259	13.441811	General
4UMK:ChainA:VAL193	-87.968526	151.414907	General
4UMK:ChainA:GLY194	69.653974	18.067722	Glycine
4UMK:ChainA:LEU195	-106.616424	149.203636	General
4UMK:ChainA:ASP196	-64.933878	156.544734	General
4UMK:ChainA:GLY197	-51.104395	-47.710868	Glycine
4UMK:ChainA:GLU198	-61.490889	-42.647419	General
4UMK:ChainA:LYS199	-72.192425	-38.415287	General
4UMK:ChainA:GLN200	-51.536454	-44.855618	General
4UMK:ChainA:GLU201	-65.020690	-47.334956	General
4UMK:ChainA:LEU202	-55.783717	-64.334590	General
4UMK:ChainA:ILE203	-60.651442	-42.366272	General
4UMK:ChainA:LEU204	-52.424112	-49.004639	General
4UMK:ChainA:ASN205	-54.260356	-41.200668	General
4UMK:ChainA:SER206	-64.894895	-35.111316	General
4UMK:ChainA:ILE207	-67.575085	-60.283640	General
4UMK:ChainA:ILE208	-57.300232	-40.846881	General
4UMK:ChainA:GLY209	-66.247301	-62.671470	Glycine
4UMK:ChainA:GLN210	-82.765883	6.920517	General
4UMK:ChainA:LYS211	43.061198	58.495846	General
4UMK:ChainA:LEU212	-73.937245	145.321388	General
4UMK:ChainA:SER213	-76.097700	146.703765	General
4UMK:ChainA:VAL214	-46.887245	-20.490895	General
4UMK:ChainA:ARG215	-71.931297	-51.917038	General
4UMK:ChainA:GLN216	-45.233530	-73.138558	General
4UMK:ChainA:THR217	-39.258681	-43.893805	General
4UMK:ChainA:GLU218	-68.039494	-43.618297	General
4UMK:ChainA:ASP219	-59.105478	-47.727882	General
4UMK:ChainA:LEU220	-62.635516	-43.839184	General
4UMK:ChainA:ALA221	-78.304012	-14.682979	General
4UMK:ChainA:ARG222	-58.989495	-38.034122	General
4UMK:ChainA:ASP223	-71.343832	-22.371873	General
4UMK:ChainA:PHE224	-93.447130	30.125667	General
4UMK:ChainA:LYS225	-141.408643	101.543370	General
4UMK:ChainB:TYR46	173.114358	166.357785	General
4UMK:ChainB:GLN47	-151.835192	157.937646	Pre-Pro
4UMK:ChainB:PRO48	-37.190100	-39.682795	Proline
4UMK:ChainB:ARG49	-56.010510	146.267940	General
4UMK:ChainB:LYS50	-71.147478	134.887577	General
4UMK:ChainB:VAL51	-56.490013	139.760925	General
4UMK:ChainB:PHE52	-100.183194	142.261730	General
4UMK:ChainB:SER53	-82.451663	158.520090	General
4UMK:ChainB:GLU54	-96.583588	143.164197	General
4UMK:ChainB:ASP55	-63.302255	137.409907	General
4UMK:ChainB:SER56	-45.730395	-29.265079	General
4UMK:ChainB:LEU57	-52.650690	-42.099184	General
4UMK:ChainB:GLU58	-82.517299	-58.594396	General
4UMK:ChainB:GLU59	-59.890909	-35.181197	General
4UMK:ChainB:LEU60	-73.922514	-45.060074	General
4UMK:ChainB:ALA61	-98.420336	18.732110	General
4UMK:ChainB:GLN62	-86.568159	-26.328890	General
4UMK:ChainB:SER63	-67.098400	-32.598229	General
4UMK:ChainB:ILE64	-84.022312	4.164650	General
4UMK:ChainB:LYS65	-139.781247	7.694479	General
4UMK:ChainB:GLU66	-82.672947	-30.571149	General
4UMK:ChainB:HIS67	-71.716152	-18.659434	General
4UMK:ChainB:GLY68	-97.490332	-26.156663	Glycine
4UMK:ChainB:LEU69	-2.619293	-60.664344	General
4UMK:ChainB:LEU70	32.703790	34.924815	General
4UMK:ChainB:GLN71	-61.543104	141.501500	Pre-Pro
4UMK:ChainB:PRO72	-46.846794	116.717988	Proline
4UMK:ChainB:VAL73	-51.163780	137.667734	General
4UMK:ChainB:LEU74	-141.502994	154.197686	General
4UMK:ChainB:VAL75	-61.555315	122.298000	General
4UMK:ChainB:VAL76	-123.876960	154.829471	General
4UMK:ChainB:SER77	-107.022754	137.752328	General
4UMK:ChainB:GLU78	-127.489512	122.317615	General
4UMK:ChainB:ASN79	-141.920243	123.626248	General
4UMK:ChainB:GLY80	41.826037	68.907857	Glycine
4UMK:ChainB:ARG81	71.816296	-8.748803	General
4UMK:ChainB:TYR82	-104.738182	132.652287	General
4UMK:ChainB:HIS83	-106.943295	85.895667	General
4UMK:ChainB:LEU84	-94.142035	153.594225	General
4UMK:ChainB:ILE85	-69.629410	139.605687	General
4UMK:ChainB:ALA86	-92.592735	-23.224364	General
4UMK:ChainB:GLY87	-129.266674	135.201460	Glycine
4UMK:ChainB:GLU88	-56.079926	-25.941280	General
4UMK:ChainB:ARG89	-88.811981	3.503830	General
4UMK:ChainB:ARG90	-86.469433	-24.267888	General
4UMK:ChainB:LEU91	-41.615359	-37.733558	General
4UMK:ChainB:ARG92	-56.706456	-50.271808	General
4UMK:ChainB:ALA93	-79.548815	-20.013072	General
4UMK:ChainB:SER94	-87.524261	-8.626403	General
4UMK:ChainB:LYS95	-100.074474	-32.992683	General
4UMK:ChainB:LEU96	-79.467795	-10.152736	General
4UMK:ChainB:ALA97	-91.581100	10.293681	General
4UMK:ChainB:LYS98	-70.844926	-29.593494	General
4UMK:ChainB:MET99	-70.302902	146.837356	Pre-Pro
4UMK:ChainB:PRO100	-37.197284	-40.672883	Proline
4UMK:ChainB:THR101	-41.300980	142.184393	General
4UMK:ChainB:ILE102	-74.827802	173.015965	General
4UMK:ChainB:LYS103	-116.324170	109.247975	General
4UMK:ChainB:ALA104	-122.548710	168.951935	General
4UMK:ChainB:ILE105	-113.333629	129.291256	General
4UMK:ChainB:VAL106	-148.487872	158.757315	General
4UMK:ChainB:VAL107	61.540048	48.570325	General
4UMK:ChainB:ASP108	-103.739175	122.648284	General
4UMK:ChainB:ILE109	-91.425235	145.326373	General
4UMK:ChainB:GLU110	-114.694327	107.078716	General
4UMK:ChainB:GLN111	-57.071892	-26.095986	General
4UMK:ChainB:GLU112	-75.072256	-41.171610	General
4UMK:ChainB:LYS113	-71.417968	-30.344776	General
4UMK:ChainB:MET114	-64.623530	-58.508428	General
4UMK:ChainB:ARG115	-52.780735	-38.194322	General
4UMK:ChainB:GLU116	-58.551479	-68.629505	General
4UMK:ChainB:VAL117	-50.414773	-46.126909	General
4UMK:ChainB:ALA118	-50.854262	-55.232455	General
4UMK:ChainB:LEU119	-69.523528	-49.355549	General
4UMK:ChainB:ILE120	-64.359500	-24.997610	General
4UMK:ChainB:GLU121	-78.497943	-43.135152	General
4UMK:ChainB:ASN122	-88.940986	-50.434726	General
4UMK:ChainB:ILE123	-44.871475	-30.207821	General
4UMK:ChainB:GLN124	-113.890504	141.909280	General
4UMK:ChainB:ARG125	-129.536592	17.786327	General
4UMK:ChainB:GLU126	-54.449976	-51.422290	General
4UMK:ChainB:ASP127	-76.666337	117.996193	General
4UMK:ChainB:LEU128	-115.742232	125.931783	General
4UMK:ChainB:ASN129	-161.514587	124.913472	Pre-Pro
4UMK:ChainB:PRO130	-58.656244	-38.521967	Proline
4UMK:ChainB:LEU131	-74.955171	-37.456532	General
4UMK:ChainB:GLU132	-69.234862	-39.712980	General
4UMK:ChainB:LEU133	-57.083293	-58.969085	General
4UMK:ChainB:ALA134	-48.154770	-44.431349	General
4UMK:ChainB:ARG135	-61.291380	-38.005489	General
4UMK:ChainB:SER136	-72.497840	-43.622555	General
4UMK:ChainB:TYR137	-56.689902	-50.467622	General
4UMK:ChainB:LYS138	-58.334114	-53.271830	General
4UMK:ChainB:GLU139	-53.958059	-27.464004	General
4UMK:ChainB:LEU140	-81.438084	-5.761550	General
4UMK:ChainB:LEU141	-107.858686	-54.531330	General
4UMK:ChainB:GLU142	-52.556035	-77.017976	General
4UMK:ChainB:SER143	-66.595791	159.683226	General
4UMK:ChainB:TYR144	52.121838	46.997277	General
4UMK:ChainB:GLN145	-41.893785	115.883385	General
4UMK:ChainB:MET146	-147.593163	147.873538	General
4UMK:ChainB:THR147	-73.896180	-179.374165	General
4UMK:ChainB:GLN148	-72.349142	-38.112980	General
4UMK:ChainB:GLU149	-58.156879	-46.492920	General
4UMK:ChainB:GLU150	-63.680600	-51.249650	General
4UMK:ChainB:LEU151	-50.736973	-42.045080	General
4UMK:ChainB:SER152	-66.967702	-28.208139	General
4UMK:ChainB:LYS153	-69.746231	-41.257860	General
4UMK:ChainB:ILE154	-81.436022	-25.502016	General
4UMK:ChainB:VAL155	-88.408750	-0.964697	General
4UMK:ChainB:LYS156	50.708280	53.534599	General
4UMK:ChainB:LYS157	-140.544131	162.991549	General
4UMK:ChainB:SER158	-72.571931	150.394808	General
4UMK:ChainB:ARG159	-55.367735	-37.965091	General
4UMK:ChainB:ALA160	-46.458822	-55.976193	General
4UMK:ChainB:HIS161	-62.493728	-33.164932	General
4UMK:ChainB:VAL162	-73.112817	-43.164446	General
4UMK:ChainB:ALA163	-51.292859	-63.865927	General
4UMK:ChainB:ASN164	-56.247169	-36.904112	General
4UMK:ChainB:ILE165	-68.712156	-42.781043	General
4UMK:ChainB:MET166	-68.455347	-35.388457	General
4UMK:ChainB:ARG167	-53.901813	-30.163751	General
4UMK:ChainB:LEU168	-77.186769	-3.531411	General
4UMK:ChainB:LEU169	-70.116535	-13.497624	General
4UMK:ChainB:THR170	-123.566280	66.695885	General
4UMK:ChainB:LEU171	-126.064468	166.904942	General
4UMK:ChainB:SER172	-55.011762	132.524692	General
4UMK:ChainB:SER173	-51.778259	-19.798882	General
4UMK:ChainB:LYS174	-83.251796	-26.593242	General
4UMK:ChainB:VAL175	-71.861203	-56.900911	General
4UMK:ChainB:GLN176	-40.049323	-48.276658	General
4UMK:ChainB:ASN177	-72.643137	-15.143646	General
4UMK:ChainB:ALA178	-80.168698	-31.425090	General
4UMK:ChainB:LEU179	-79.461797	-28.300839	General
4UMK:ChainB:LEU180	-89.132780	-10.295694	General
4UMK:ChainB:GLU181	-109.818577	23.291039	General
4UMK:ChainB:GLU182	62.279477	32.634757	General
4UMK:ChainB:LYS183	-86.455943	-25.191460	General
4UMK:ChainB:ILE184	-136.659060	162.120025	General
4UMK:ChainB:THR185	-90.633067	165.386684	General
4UMK:ChainB:SER186	-63.721193	-27.805707	General
4UMK:ChainB:GLY187	-64.863771	-30.147927	Glycine
4UMK:ChainB:HIS188	-74.378668	-60.129853	General
4UMK:ChainB:ALA189	-49.510677	-25.904332	General
4UMK:ChainB:LYS190	-76.843394	-30.081686	General
4UMK:ChainB:VAL191	-80.381346	4.165468	General
4UMK:ChainB:LEU192	-121.210250	26.810552	General
4UMK:ChainB:VAL193	-82.429422	-40.398604	General
4UMK:ChainB:GLY194	-67.152538	-49.028796	Glycine
4UMK:ChainB:LEU195	-33.073373	139.167392	General
4UMK:ChainB:ASP196	-73.594809	159.983543	General
4UMK:ChainB:GLY197	-48.249108	-39.153034	Glycine
4UMK:ChainB:GLU198	-74.534785	-41.025224	General
4UMK:ChainB:LYS199	-68.125252	-40.315392	General
4UMK:ChainB:GLN200	-57.903333	-42.231024	General
4UMK:ChainB:GLU201	-65.932831	-44.745941	General
4UMK:ChainB:LEU202	-65.449027	-52.336469	General
4UMK:ChainB:ILE203	-61.070153	-47.328558	General
4UMK:ChainB:LEU204	-51.094486	-55.695836	General
4UMK:ChainB:ASN205	-54.129085	-33.703666	General
4UMK:ChainB:SER206	-65.844524	-41.466545	General
4UMK:ChainB:ILE207	-62.744999	-51.132309	General
4UMK:ChainB:ILE208	-73.398179	-14.992377	General
4UMK:ChainB:GLY209	-79.785425	-49.396121	Glycine
4UMK:ChainB:GLN210	-116.648935	29.206842	General
4UMK:ChainB:LYS211	43.806824	73.889946	General
4UMK:ChainB:LEU212	-94.429024	133.672838	General
4UMK:ChainB:SER213	-54.120556	154.992555	General
4UMK:ChainB:VAL214	-60.266254	-26.464656	General
4UMK:ChainB:ARG215	-75.234119	-31.542759	General
4UMK:ChainB:GLN216	-66.786025	-61.957048	General
4UMK:ChainB:THR217	-50.675377	-15.571238	General
4UMK:ChainB:GLU218	-90.291242	-32.932705	General
4UMK:ChainB:ASP219	-70.502418	-41.805842	General
4UMK:ChainB:LEU220	-55.255420	-76.030642	General
4UMK:ChainB:ALA221	-54.328501	-3.462298	General
4UMK:ChainB:ARG222	-71.696246	-36.260411	General
4UMK:ChainB:ASP223	-73.021438	-22.527874	General
4UMK:ChainB:PHE224	-95.190698	29.626290	General
4UMK:ChainB:LYS225	-155.663449	126.397152	General
4UMK:ChainB:ILE226	-144.300004	106.264168	General
4UMK:ChainC:LEU36	-69.724382	-40.584456	General
4UMK:ChainC:GLY37	-76.909610	-40.973370	Glycine
4UMK:ChainC:ILE38	-58.266410	-21.939817	General
4UMK:ChainC:ASP39	-97.035066	-27.194218	General
4UMK:ChainC:GLU40	-65.171598	-49.420325	General
4UMK:ChainC:VAL41	-63.673082	-16.595180	General
4UMK:ChainC:MET42	-46.451839	-55.724027	Pre-Pro
4UMK:ChainC:PRO43	-91.696376	126.124997	Proline
4UMK:ChainC:ASN44	50.628253	52.136073	Pre-Pro
4UMK:ChainC:PRO45	-104.849696	156.122882	Proline
4UMK:ChainC:TYR46	-80.109533	-17.664306	General
4UMK:ChainC:GLN47	-118.767174	136.986606	Pre-Pro
4UMK:ChainC:PRO48	-56.813141	-35.015287	Proline
4UMK:ChainC:ARG49	-102.744691	128.902684	General
4UMK:ChainC:LYS50	-65.734404	15.219668	General
4UMK:ChainC:VAL51	19.050964	58.799745	General
4UMK:ChainC:PHE52	-120.077740	-17.151864	General
4UMK:ChainC:SER53	-102.340729	-28.579340	General
4UMK:ChainC:GLU54	-95.480094	-18.160526	General
4UMK:ChainC:ASP55	-71.632304	1.687267	General
4UMK:ChainC:SER56	-54.577687	-36.868577	General
4UMK:ChainC:LEU57	52.705816	-121.028484	General
4UMK:ChainC:GLU58	-106.784729	119.682998	General
4UMK:ChainC:GLU59	-48.190126	-38.576592	General
4UMK:ChainC:LEU60	51.231472	22.530801	General
4UMK:ChainC:ALA61	54.825250	40.797074	General
4UMK:ChainC:GLN62	-136.734927	-11.950101	General
4UMK:ChainC:SER63	-93.373467	-26.607707	General
4UMK:ChainC:ILE64	-81.202577	-11.231621	General
4UMK:ChainC:LYS65	-82.842224	-47.857159	General
4UMK:ChainC:GLU66	-106.922790	8.727000	General
4UMK:ChainC:HIS67	-54.955335	-46.819965	General
4UMK:ChainC:GLY68	34.797366	-131.790686	Glycine
4UMK:ChainC:LEU69	-70.720679	105.999376	General
4UMK:ChainC:LEU70	-101.174407	-179.922770	General
4UMK:ChainC:GLN71	-58.649767	130.923413	Pre-Pro
4UMK:ChainC:PRO72	-55.430991	-32.210753	Proline
4UMK:ChainC:VAL73	-119.297956	122.542743	General
4UMK:ChainC:LEU74	-160.832066	159.588133	General
4UMK:ChainC:VAL75	-138.844588	105.940103	General
4UMK:ChainC:VAL76	40.128115	-132.303236	General
4UMK:ChainC:SER77	-65.452082	-41.391545	General
4UMK:ChainC:GLU78	-130.788742	137.086815	General
4UMK:ChainC:ASN79	-103.534678	70.198977	General
4UMK:ChainC:GLY80	-47.679881	101.824396	Glycine
4UMK:ChainC:ARG81	-49.152039	-153.584040	General
4UMK:ChainC:TYR82	-57.906534	-48.881161	General
4UMK:ChainC:HIS83	-84.284528	98.186664	General
4UMK:ChainC:LEU84	-61.848079	151.234111	General
4UMK:ChainC:ILE85	-166.836662	-176.486882	General
4UMK:ChainC:ALA86	-131.221360	142.943142	General
4UMK:ChainC:GLY87	-69.039590	155.416453	Glycine
4UMK:ChainC:GLU88	-86.039911	-73.911854	General
4UMK:ChainC:ARG89	-95.366515	-65.430885	General
4UMK:ChainC:ARG90	48.142970	57.498853	General
4UMK:ChainC:LEU91	-59.730578	-39.722007	General
4UMK:ChainC:ARG92	-102.190001	-46.477362	General
4UMK:ChainC:ALA93	-68.190719	-28.975344	General
4UMK:ChainC:SER94	-97.687576	-12.266660	General
4UMK:ChainC:LYS95	-101.322378	3.930568	General
4UMK:ChainC:LEU96	-88.207983	-40.705431	General
4UMK:ChainC:ALA97	46.891527	-158.962798	General
4UMK:ChainC:LYS98	-153.198331	167.880548	General
4UMK:ChainC:MET99	-86.828264	-40.871988	Pre-Pro
4UMK:ChainC:PRO100	-103.594738	103.494303	Proline
4UMK:ChainC:THR101	-100.401209	151.399468	General
4UMK:ChainC:ILE102	-109.216631	99.610474	General
4UMK:ChainC:LYS103	-86.800251	-10.200699	General
4UMK:ChainC:ALA104	-33.916030	122.350711	General
4UMK:ChainC:ILE105	-75.191197	3.563997	General
4UMK:ChainC:VAL106	-48.341420	133.297471	General
4UMK:ChainC:VAL107	-108.806495	147.473146	General
4UMK:ChainC:ASP108	-122.428224	-32.242663	General
4UMK:ChainC:ILE109	-40.114641	-44.150892	General
4UMK:ChainC:GLU110	-55.661600	-40.473145	General
4UMK:ChainC:GLN111	-57.775263	-43.013053	General
4UMK:ChainC:GLU112	-71.426296	-38.653066	General
4UMK:ChainC:LYS113	-79.336628	-38.845452	General
4UMK:ChainC:MET114	-59.559711	-38.637697	General
4UMK:ChainC:ARG115	-56.582571	-51.569138	General
4UMK:ChainC:GLU116	-59.663143	-44.535807	General
4UMK:ChainC:VAL117	-64.274929	-36.219455	General
4UMK:ChainC:ALA118	-67.488268	-34.590004	General
4UMK:ChainC:LEU119	-78.334385	-42.001578	General
4UMK:ChainC:ILE120	-65.073932	-48.942638	General
4UMK:ChainC:GLU121	-57.152053	-30.932865	General
4UMK:ChainC:ASN122	-71.166448	-43.429515	General
4UMK:ChainC:ILE123	-53.504247	-29.252517	General
4UMK:ChainC:GLN124	-105.118166	95.552108	General
4UMK:ChainC:ARG125	-148.922633	129.495804	General
4UMK:ChainC:GLU126	-61.888427	-39.716665	General
4UMK:ChainC:ASP127	-100.909831	80.724565	General
4UMK:ChainC:LEU128	-143.869732	123.381922	General
4UMK:ChainC:ASN129	-72.294884	151.067941	Pre-Pro
4UMK:ChainC:PRO130	-48.537928	-39.972069	Proline
4UMK:ChainC:LEU131	-75.285985	-44.838067	General
4UMK:ChainC:GLU132	-53.733469	-49.946490	General
4UMK:ChainC:LEU133	-50.783640	-60.293420	General
4UMK:ChainC:ALA134	-45.966057	-37.989379	General
4UMK:ChainC:ARG135	-59.854274	-56.120679	General
4UMK:ChainC:SER136	-60.405472	-34.164636	General
4UMK:ChainC:TYR137	-61.764509	-47.273772	General
4UMK:ChainC:LYS138	-69.901146	-37.892656	General
4UMK:ChainC:GLU139	-58.057292	-52.022444	General
4UMK:ChainC:LEU140	-64.851564	-41.217372	General
4UMK:ChainC:LEU141	-66.347201	-25.526416	General
4UMK:ChainC:GLU142	-97.240843	-43.498582	General
4UMK:ChainC:SER143	-68.344053	-30.405091	General
4UMK:ChainC:TYR144	-126.609002	172.306549	General
4UMK:ChainC:GLN145	-101.382757	-28.054079	General
4UMK:ChainC:MET146	-46.258738	119.048906	General
4UMK:ChainC:THR147	-56.047705	166.976761	General
4UMK:ChainC:GLN148	-66.903777	-17.874071	General
4UMK:ChainC:GLU149	-64.085433	-45.456296	General
4UMK:ChainC:GLU150	-73.248604	-34.759295	General
4UMK:ChainC:LEU151	-53.962285	-49.108002	General
4UMK:ChainC:SER152	-62.361955	-36.387074	General
4UMK:ChainC:LYS153	-61.419332	-41.692216	General
4UMK:ChainC:ILE154	-61.008084	-52.829937	General
4UMK:ChainC:VAL155	-83.051108	-4.336345	General
4UMK:ChainC:LYS156	71.075808	34.042057	General
4UMK:ChainC:LYS157	-129.736082	176.928164	General
4UMK:ChainC:SER158	-76.969654	163.386466	General
4UMK:ChainC:ARG159	-74.459818	-32.641024	General
4UMK:ChainC:ALA160	-64.359585	-15.724976	General
4UMK:ChainC:HIS161	-75.395142	-53.289933	General
4UMK:ChainC:VAL162	-54.795754	-42.432113	General
4UMK:ChainC:ALA163	-48.797709	-57.719363	General
4UMK:ChainC:ASN164	-70.341051	-39.320783	General
4UMK:ChainC:ILE165	-57.020523	-38.742028	General
4UMK:ChainC:MET166	-75.860233	-28.963744	General
4UMK:ChainC:ARG167	-69.571226	-14.659175	General
4UMK:ChainC:LEU168	-56.279480	-25.056013	General
4UMK:ChainC:LEU169	-71.367404	-24.713039	General
4UMK:ChainC:THR170	-83.881522	6.604820	General
4UMK:ChainC:LEU171	-82.922623	171.603782	General
4UMK:ChainC:SER172	-64.894443	167.122426	General
4UMK:ChainC:SER173	-87.790513	-20.685864	General
4UMK:ChainC:LYS174	-64.653363	-45.321809	General
4UMK:ChainC:VAL175	-66.464960	-48.620369	General
4UMK:ChainC:GLN176	-60.412347	-38.034941	General
4UMK:ChainC:ASN177	-62.338363	-49.128285	General
4UMK:ChainC:ALA178	-53.508754	-47.916314	General
4UMK:ChainC:LEU179	-57.360404	-67.601529	General
4UMK:ChainC:LEU180	-43.904739	-39.851155	General
4UMK:ChainC:GLU181	-77.043692	-2.198343	General
4UMK:ChainC:GLU182	58.487310	26.380452	General
4UMK:ChainC:LYS183	-80.781209	-30.733593	General
4UMK:ChainC:ILE184	-124.780768	171.140395	General
4UMK:ChainC:THR185	-126.632595	161.177434	General
4UMK:ChainC:SER186	-47.004696	-29.540169	General
4UMK:ChainC:GLY187	-62.536097	-55.366923	Glycine
4UMK:ChainC:HIS188	-51.219868	-57.363924	General
4UMK:ChainC:ALA189	-58.509538	-29.316859	General
4UMK:ChainC:LYS190	-79.640478	-21.327401	General
4UMK:ChainC:VAL191	-74.370112	-34.573808	General
4UMK:ChainC:LEU192	-66.971950	-14.491844	General
4UMK:ChainC:VAL193	-69.085757	140.096477	General
4UMK:ChainC:GLY194	92.084132	-2.180712	Glycine
4UMK:ChainC:LEU195	-101.206720	143.286823	General
4UMK:ChainC:ASP196	-53.410534	163.816106	General
4UMK:ChainC:GLY197	-63.421874	-31.793567	Glycine
4UMK:ChainC:GLU198	-66.645830	-52.267538	General
4UMK:ChainC:LYS199	-54.293686	-48.185551	General
4UMK:ChainC:GLN200	-54.043405	-48.798363	General
4UMK:ChainC:GLU201	-76.552464	-26.894827	General
4UMK:ChainC:LEU202	-65.978907	-56.474546	General
4UMK:ChainC:ILE203	-58.880816	-35.408653	General
4UMK:ChainC:LEU204	-66.946617	-35.924890	General
4UMK:ChainC:ASN205	-69.946885	-34.588092	General
4UMK:ChainC:SER206	-65.559061	-51.919525	General
4UMK:ChainC:ILE207	-48.152042	-26.288211	General
4UMK:ChainC:ILE208	-117.117732	113.656859	General
4UMK:ChainC:GLY209	96.218398	-2.590544	Glycine
4UMK:ChainC:GLN210	-112.701070	6.444816	General
4UMK:ChainC:LYS211	46.830341	30.849847	General
4UMK:ChainC:LEU212	-56.998002	160.434852	General
4UMK:ChainC:SER213	-107.941251	159.759966	General
4UMK:ChainC:VAL214	-55.461403	-24.528364	General
4UMK:ChainC:ARG215	-77.907181	-54.370989	General
4UMK:ChainC:GLN216	-54.128920	-39.164484	General
4UMK:ChainC:THR217	-63.913742	-45.210405	General
4UMK:ChainC:GLU218	-62.993301	-34.689708	General
4UMK:ChainC:ASP219	-71.317422	-45.186491	General
4UMK:ChainC:LEU220	-63.376021	-38.578453	General
4UMK:ChainC:ALA221	-70.321228	-35.427052	General
4UMK:ChainC:ARG222	-50.775723	-39.012073	General
4UMK:ChainC:ASP223	-91.727774	18.874661	General
4UMK:ChainC:PHE224	-121.825616	-1.580112	General
4UMK:ChainC:LYS225	-97.115823	158.017611	General
4UMK:ChainC:ILE226	-62.426532	153.930596	General
4UMK:ChainD:PHE52	-41.668396	135.566007	General
4UMK:ChainD:SER53	-114.007915	-0.124423	General
4UMK:ChainD:GLU54	-55.870127	-48.966317	General
4UMK:ChainD:ASP55	-120.234460	155.664173	General
4UMK:ChainD:SER56	-108.896811	-21.373277	General
4UMK:ChainD:LEU57	-101.512084	-16.662861	General
4UMK:ChainD:GLU58	-68.410895	-31.991618	General
4UMK:ChainD:GLU59	-88.206941	-19.806848	General
4UMK:ChainD:LEU60	-87.960490	17.696673	General
4UMK:ChainD:ALA61	-143.295781	-35.828595	General
4UMK:ChainD:GLN62	-49.103294	-20.991372	General
4UMK:ChainD:SER63	-21.325231	-42.160178	General
4UMK:ChainD:ILE64	-43.188690	-35.330458	General
4UMK:ChainD:LYS65	-41.804697	-35.931774	General
4UMK:ChainD:GLU66	61.503267	11.584283	General
4UMK:ChainD:HIS67	-89.046992	149.693067	General
4UMK:ChainD:GLY68	-89.464919	137.767897	Glycine
4UMK:ChainD:LEU69	-86.641620	-7.093290	General
4UMK:ChainD:LEU70	61.631860	16.030700	General
4UMK:ChainD:GLN71	-76.933323	133.590419	Pre-Pro
4UMK:ChainD:PRO72	-57.544858	160.098015	Proline
4UMK:ChainD:VAL73	-138.278707	-11.753545	General
4UMK:ChainD:LEU74	-56.468926	-23.923816	General
4UMK:ChainD:VAL75	-58.630212	-26.350931	General
4UMK:ChainD:VAL76	-153.822305	150.903950	General
4UMK:ChainD:SER77	-73.505762	89.742828	General
4UMK:ChainD:GLU78	-113.429084	52.514693	General
4UMK:ChainD:ASN79	-50.153073	72.916540	General
4UMK:ChainD:GLY80	-37.884044	-30.588789	Glycine
4UMK:ChainD:ARG81	66.224565	24.470441	General
4UMK:ChainD:TYR82	-123.956448	145.219235	General
4UMK:ChainD:HIS83	-136.484391	131.717423	General
4UMK:ChainD:LEU84	-126.177393	120.563747	General
4UMK:ChainD:ILE85	-67.203991	-31.507629	General
4UMK:ChainD:ALA86	45.294191	-129.991943	General
4UMK:ChainD:GLY87	-83.963074	-39.133219	Glycine
4UMK:ChainD:GLU88	-174.695457	159.156478	General
4UMK:ChainD:ARG89	-122.518198	134.936822	General
4UMK:ChainD:ARG90	-130.560016	111.395636	General
4UMK:ChainD:LEU91	-52.941830	-41.642329	General
4UMK:ChainD:ARG92	-59.408634	-57.647583	General
4UMK:ChainD:ALA93	-56.815846	-20.485189	General
4UMK:ChainD:SER94	-110.962720	1.262314	General
4UMK:ChainD:LYS95	-111.689540	7.147817	General
4UMK:ChainD:LEU96	-113.097613	-9.977665	General
4UMK:ChainD:ALA97	-118.912670	112.375136	General
4UMK:ChainD:LYS98	-87.034824	-39.115895	General
4UMK:ChainD:MET99	-27.200171	163.706169	Pre-Pro
4UMK:ChainD:PRO100	-57.297469	-24.805515	Proline
4UMK:ChainD:THR101	66.428887	48.825244	General
4UMK:ChainD:ILE102	-47.109003	72.600325	General
4UMK:ChainD:LYS103	-57.051498	129.768772	General
4UMK:ChainD:ALA104	-38.370003	-39.203785	General
4UMK:ChainD:ILE105	-85.750642	-30.846375	General
4UMK:ChainD:VAL106	-99.700877	141.340910	General
4UMK:ChainD:VAL107	-89.446256	128.251939	General
4UMK:ChainD:ASP108	-53.169801	-27.737560	General
4UMK:ChainD:ILE109	-79.461870	144.873014	General
4UMK:ChainD:GLU110	-93.472170	4.069091	General
4UMK:ChainD:GLN111	-43.085640	-24.873321	General
4UMK:ChainD:GLU112	-47.947497	-33.852815	General
4UMK:ChainD:LYS113	-66.347243	-50.285927	General
4UMK:ChainD:MET114	-69.059369	-29.399556	General
4UMK:ChainD:ARG115	-71.590692	-34.873570	General
4UMK:ChainD:GLU116	-72.061170	-41.927370	General
4UMK:ChainD:VAL117	-68.385489	-31.966918	General
4UMK:ChainD:ALA118	-63.526254	-50.814839	General
4UMK:ChainD:LEU119	-67.949692	-30.184942	General
4UMK:ChainD:ILE120	-78.884184	-29.250586	General
4UMK:ChainD:GLU121	-66.973897	-36.189029	General
4UMK:ChainD:ASN122	-69.665821	-37.238161	General
4UMK:ChainD:ILE123	-68.004757	-38.148186	General
4UMK:ChainD:GLN124	-91.783059	115.645109	General
4UMK:ChainD:ARG125	-150.076922	151.042022	General
4UMK:ChainD:GLU126	-60.744026	-15.016722	General
4UMK:ChainD:ASP127	-49.494158	152.991298	General
4UMK:ChainD:LEU128	-81.043060	-35.645606	General
4UMK:ChainD:ASN129	-61.227892	113.928360	Pre-Pro
4UMK:ChainD:PRO130	-62.928423	-44.221174	Proline
4UMK:ChainD:LEU131	-67.138194	-45.006539	General
4UMK:ChainD:GLU132	-55.827117	-41.741995	General
4UMK:ChainD:LEU133	-54.267505	-57.866782	General
4UMK:ChainD:ALA134	-47.180490	-52.239627	General
4UMK:ChainD:ARG135	-55.511691	-56.703033	General
4UMK:ChainD:SER136	-49.850175	-42.164161	General
4UMK:ChainD:TYR137	-65.429236	-46.214897	General
4UMK:ChainD:LYS138	-64.157846	-43.081479	General
4UMK:ChainD:GLU139	-58.564098	-49.057155	General
4UMK:ChainD:LEU140	-53.292322	-18.958590	General
4UMK:ChainD:LEU141	-94.416319	-48.428927	General
4UMK:ChainD:GLU142	-69.029564	-29.959950	General
4UMK:ChainD:SER143	-83.296395	-28.061814	General
4UMK:ChainD:TYR144	-112.843044	-5.330860	General
4UMK:ChainD:GLN145	51.191434	37.004894	General
4UMK:ChainD:MET146	-92.194296	136.979994	General
4UMK:ChainD:THR147	-61.506933	163.131634	General
4UMK:ChainD:GLN148	-64.034996	-30.355424	General
4UMK:ChainD:GLU149	-66.683268	-43.597698	General
4UMK:ChainD:GLU150	-63.559969	-40.079741	General
4UMK:ChainD:LEU151	-58.541182	-41.524342	General
4UMK:ChainD:SER152	-60.630436	-39.071100	General
4UMK:ChainD:LYS153	-66.792306	-42.937772	General
4UMK:ChainD:ILE154	-67.488538	-36.961754	General
4UMK:ChainD:VAL155	-86.210109	-8.081600	General
4UMK:ChainD:LYS156	60.417294	50.021003	General
4UMK:ChainD:LYS157	-148.142336	163.207685	General
4UMK:ChainD:SER158	-63.359474	166.733360	General
4UMK:ChainD:ARG159	-61.963201	-70.117350	General
4UMK:ChainD:ALA160	-55.559946	-9.734099	General
4UMK:ChainD:HIS161	-78.213462	-39.757859	General
4UMK:ChainD:VAL162	-63.072143	-53.754737	General
4UMK:ChainD:ALA163	-38.315796	-60.874106	General
4UMK:ChainD:ASN164	-64.247977	-37.082278	General
4UMK:ChainD:ILE165	-61.880128	-43.334213	General
4UMK:ChainD:MET166	-66.296717	-45.691120	General
4UMK:ChainD:ARG167	-53.618931	-26.174324	General
4UMK:ChainD:LEU168	-53.147313	-26.626164	General
4UMK:ChainD:LEU169	-75.184732	3.531590	General
4UMK:ChainD:THR170	-108.209565	18.547754	General
4UMK:ChainD:LEU171	-99.592962	158.750447	General
4UMK:ChainD:SER172	-48.739649	153.374523	General
4UMK:ChainD:SER173	-60.913897	-33.135077	General
4UMK:ChainD:LYS174	-65.843186	-43.553515	General
4UMK:ChainD:VAL175	-69.542923	-43.086302	General
4UMK:ChainD:GLN176	-64.940250	-26.886033	General
4UMK:ChainD:ASN177	-68.964841	-50.106772	General
4UMK:ChainD:ALA178	-63.102933	-41.941205	General
4UMK:ChainD:LEU179	-55.999642	-38.011532	General
4UMK:ChainD:LEU180	-79.601043	-22.406430	General
4UMK:ChainD:GLU181	-94.719575	8.223603	General
4UMK:ChainD:GLU182	60.429740	14.861968	General
4UMK:ChainD:LYS183	-82.991855	-15.782607	General
4UMK:ChainD:ILE184	-139.936405	177.810096	General
4UMK:ChainD:THR185	-127.645127	158.485553	General
4UMK:ChainD:SER186	-52.466840	-15.204792	General
4UMK:ChainD:GLY187	-80.107484	-52.796170	Glycine
4UMK:ChainD:HIS188	-48.443349	-58.976864	General
4UMK:ChainD:ALA189	-56.247489	-50.966969	General
4UMK:ChainD:LYS190	-49.133707	-27.066550	General
4UMK:ChainD:VAL191	-81.083586	-22.319590	General
4UMK:ChainD:LEU192	-82.798499	-11.241640	General
4UMK:ChainD:VAL193	-56.139926	124.606235	General
4UMK:ChainD:GLY194	100.420807	5.792812	Glycine
4UMK:ChainD:LEU195	-107.732119	148.196497	General
4UMK:ChainD:ASP196	-60.170046	146.159037	General
4UMK:ChainD:GLY197	-52.143665	-22.256560	Glycine
4UMK:ChainD:GLU198	-79.299978	-41.153743	General
4UMK:ChainD:LYS199	-55.366026	-56.678706	General
4UMK:ChainD:GLN200	-53.562153	-38.836970	General
4UMK:ChainD:GLU201	-73.901314	-35.124880	General
4UMK:ChainD:LEU202	-69.324609	-49.384439	General
4UMK:ChainD:ILE203	-59.617209	-46.966518	General
4UMK:ChainD:LEU204	-56.161837	-43.623064	General
4UMK:ChainD:ASN205	-69.057472	-30.489586	General
4UMK:ChainD:SER206	-62.741510	-58.329388	General
4UMK:ChainD:ILE207	-45.859303	-36.761922	General
4UMK:ChainD:ILE208	-84.866338	-37.472141	General
4UMK:ChainD:GLY209	-88.750981	-18.149216	Glycine
4UMK:ChainD:GLN210	-106.442001	3.187436	General
4UMK:ChainD:LYS211	50.734737	46.679264	General
4UMK:ChainD:LEU212	-67.408985	148.010573	General
4UMK:ChainD:SER213	-90.795326	166.827534	General
4UMK:ChainD:VAL214	-56.199490	-34.243947	General
4UMK:ChainD:ARG215	-63.008824	-63.150202	General
4UMK:ChainD:GLN216	-59.569338	-30.687584	General
4UMK:ChainD:THR217	-63.135592	-46.354686	General
4UMK:ChainD:GLU218	-60.181617	-48.319581	General
4UMK:ChainD:ASP219	-61.766254	-45.765046	General
4UMK:ChainD:LEU220	-60.719002	-45.612200	General
4UMK:ChainD:ALA221	-57.855580	-28.630442	General
4UMK:ChainD:ARG222	-68.166604	-36.739579	General
4UMK:ChainD:ASP223	-80.362913	-1.541209	General
4UMK:ChainD:PHE224	-113.814595	15.064488	General
4UMK:ChainD:LYS225	-107.789940	165.528395	General
