4WJA:ChainA:PRO6	-61.846524	123.349576	Proline
4WJA:ChainA:PRO7	-62.550996	154.972489	Proline
4WJA:ChainA:LEU8	-166.431887	170.502356	General
4WJA:ChainA:CYS9	-162.852247	163.063462	General
4WJA:ChainA:THR10	-130.338998	147.258372	General
4WJA:ChainA:LEU11	-133.672982	157.688167	Pre-Pro
4WJA:ChainA:PRO12	-73.073587	151.898787	Proline
4WJA:ChainA:GLU16	-68.322517	169.053581	Pre-Pro
4WJA:ChainA:PRO17	-69.858444	144.506890	Proline
4WJA:ChainA:PRO18	-71.168210	136.061618	Proline
4WJA:ChainA:ARG19	-118.754383	-17.732037	General
4WJA:ChainA:PHE20	-145.321466	150.657690	General
4WJA:ChainA:VAL21	-124.371110	132.917897	General
4WJA:ChainA:CYS22	-109.190140	137.503486	General
4WJA:ChainA:TYR23	-156.664187	176.974249	General
4WJA:ChainA:CYS24	-152.971097	147.759171	General
4WJA:ChainA:GLU25	-157.506420	155.876761	General
4WJA:ChainA:GLY26	-147.188287	153.865178	Glycine
4WJA:ChainA:PHE37	-76.784790	137.890016	General
4WJA:ChainA:ASN38	-149.634380	155.449447	General
4WJA:ChainA:LEU39	-98.201283	147.374647	General
4WJA:ChainA:TYR40	-131.000232	151.514979	General
4WJA:ChainA:VAL41	-142.417640	132.318236	General
4WJA:ChainA:THR42	-141.441380	148.430126	General
4WJA:ChainA:ASP43	-93.428104	17.912336	General
4WJA:ChainA:ALA44	68.055648	8.762947	General
4WJA:ChainA:ALA45	-113.451401	-55.089158	General
4WJA:ChainA:GLU46	-114.234737	166.091149	General
4WJA:ChainA:LEU47	-136.493872	131.991842	General
4WJA:ChainA:TRP48	-114.793007	146.225829	General
4WJA:ChainA:SER49	-142.279912	154.132836	General
4WJA:ChainA:THR50	-62.145821	-30.469181	General
4WJA:ChainA:CYS51	51.717477	57.559527	General
4WJA:ChainA:PHE52	-78.282823	151.019761	General
4WJA:ChainA:THR53	-114.064697	162.976143	Pre-Pro
4WJA:ChainA:PRO54	-51.879374	-43.997527	Proline
4WJA:ChainA:ASP55	-65.780143	-43.222365	General
4WJA:ChainA:SER56	-71.511260	-33.156564	General
4WJA:ChainA:LEU57	-70.869938	-47.708945	General
4WJA:ChainA:ALA58	-52.050205	-44.301583	General
4WJA:ChainA:ALA59	-70.161180	-18.000581	General
4WJA:ChainA:LEU60	-89.232418	-41.350395	General
4WJA:ChainA:LYS61	-62.636341	-13.590145	General
4WJA:ChainA:ALA62	-76.560783	-70.646837	General
4WJA:ChainA:ARG63	-43.561680	-28.313738	General
4WJA:ChainA:PHE64	-146.198712	-170.504825	General
4WJA:ChainA:GLY65	84.114236	139.586033	Glycine
4WJA:ChainA:LEU66	-105.738154	128.229787	General
4WJA:ChainA:SER67	56.971333	154.900071	General
4WJA:ChainA:ALA68	-95.490780	-2.042452	General
4WJA:ChainA:ILE72	-98.575760	-25.281694	General
4WJA:ChainA:THR73	-43.711943	-54.089041	Pre-Pro
4WJA:ChainA:PRO74	-53.167092	-35.766857	Proline
4WJA:ChainA:ARG75	-80.280672	-26.582877	General
4WJA:ChainA:PHE76	-75.349727	-38.989135	General
4WJA:ChainA:ARG77	-58.362950	-43.702407	General
4WJA:ChainA:ALA78	-52.178411	-67.089465	General
4WJA:ChainA:ALA79	-55.065450	-30.261537	General
4WJA:ChainA:CYS80	-65.815853	-62.931460	General
4WJA:ChainA:GLU81	-45.348451	-28.157037	General
4WJA:ChainA:GLN82	-112.172586	14.731921	General
4WJA:ChainA:GLN83	54.119676	36.967076	General
4WJA:ChainA:ALA84	-116.470800	39.887805	General
4WJA:ChainA:VAL85	-122.897674	113.007008	General
4WJA:ChainA:ALA86	-95.378393	157.004747	General
4WJA:ChainA:LEU87	-151.564276	138.269642	General
4WJA:ChainA:THR88	-135.083651	131.884746	General
4WJA:ChainA:LEU89	-119.864625	146.644427	General
4WJA:ChainA:GLN90	-165.281387	146.652525	General
4WJA:ChainA:GLU91	54.512311	43.388578	General
4WJA:ChainA:ASP92	61.312920	28.838067	General
4WJA:ChainA:ARG93	-144.458511	144.943176	General
4WJA:ChainA:ALA94	-153.226032	170.129811	General
4WJA:ChainA:SER95	-149.222297	148.550455	General
4WJA:ChainA:LEU96	-133.848330	132.850609	General
4WJA:ChainA:THR97	-122.665667	125.408680	General
4WJA:ChainA:LEU98	-98.598348	121.112237	General
4WJA:ChainA:SER99	-111.908776	34.543325	General
4WJA:ChainA:GLY100	-77.263452	-59.640054	Glycine
4WJA:ChainA:GLY101	-101.939750	-146.519174	Glycine
4WJA:ChainA:PRO102	-57.457920	-46.761941	Proline
4WJA:ChainA:SER103	-134.202982	151.517377	General
4WJA:ChainA:ALA104	-69.786625	134.533139	General
4WJA:ChainA:LEU105	-105.509134	138.870310	General
4WJA:ChainA:ALA106	-121.732826	140.907778	General
4WJA:ChainA:PHE107	-129.003733	125.907734	General
4WJA:ChainA:ASP108	-84.063532	131.135914	General
4WJA:ChainA:LEU109	-122.520554	138.664202	General
4WJA:ChainA:SER110	-117.808067	159.314030	General
4WJA:ChainA:LYS111	-72.980008	133.411305	General
4WJA:ChainA:VAL112	-88.430012	124.733611	Pre-Pro
4WJA:ChainA:PRO113	-52.082744	145.917133	Proline
4WJA:ChainA:GLY114	-46.208245	-45.571669	Glycine
4WJA:ChainA:PRO115	-72.588199	-29.473002	Proline
4WJA:ChainA:GLU116	-79.561887	-27.880330	General
4WJA:ChainA:ALA117	-81.143810	-37.427960	General
4WJA:ChainA:ALA118	-51.784529	-55.926411	Pre-Pro
4WJA:ChainA:PRO119	-59.348127	-37.818728	Proline
4WJA:ChainA:ARG120	-59.316734	-45.862914	General
4WJA:ChainA:LEU121	-63.481788	-41.396993	General
4WJA:ChainA:ARG122	-60.046661	-48.765693	General
4WJA:ChainA:ALA123	-65.556845	-39.566709	General
4WJA:ChainA:LEU124	-57.769423	-47.612612	General
4WJA:ChainA:THR125	-61.856058	-48.914821	General
4WJA:ChainA:LEU126	-64.133854	-40.801676	General
4WJA:ChainA:GLY127	-62.206837	-45.065005	Glycine
4WJA:ChainA:LEU128	-61.270515	-37.438233	General
4WJA:ChainA:ALA129	-62.464831	-48.654095	General
4WJA:ChainA:LYS130	-59.261095	-38.341402	General
4WJA:ChainA:ARG131	-67.821305	-32.458989	General
4WJA:ChainA:VAL132	-71.273885	-47.213013	General
4WJA:ChainA:TRP133	-51.675223	-59.231692	General
4WJA:ChainA:SER134	-67.119906	-22.774896	General
4WJA:ChainA:LEU135	-73.827398	-47.052294	General
4WJA:ChainA:GLU136	-63.086061	-32.495057	General
4WJA:ChainA:ARG137	-56.786896	-52.526995	General
4WJA:ChainA:ARG138	-75.291952	-0.532686	General
4WJA:ChainA:LEU139	-112.252007	-19.105483	General
4WJA:ChainA:ALA140	-53.647908	-26.116285	General
4WJA:ChainA:ALA141	-42.464826	-57.643908	General
4WJA:ChainB:PRO6	-62.754255	125.012129	Proline
4WJA:ChainB:PRO7	-66.783145	154.484665	Proline
4WJA:ChainB:LEU8	-168.289282	169.893209	General
4WJA:ChainB:CYS9	-163.012123	164.664360	General
4WJA:ChainB:THR10	-115.704598	165.956379	General
4WJA:ChainB:LEU11	-141.485265	144.325419	Pre-Pro
4WJA:ChainB:PRO12	-78.472219	170.235251	Proline
4WJA:ChainB:PRO13	-66.326467	145.298446	Proline
4WJA:ChainB:GLY14	89.824487	-128.213441	Glycine
4WJA:ChainB:PRO15	-68.582965	-48.896976	Proline
4WJA:ChainB:GLU16	-65.700803	169.661922	Pre-Pro
4WJA:ChainB:PRO17	-68.728509	143.628209	Proline
4WJA:ChainB:PRO18	-71.899693	136.691044	Proline
4WJA:ChainB:ARG19	-115.212987	-19.400785	General
4WJA:ChainB:PHE20	-145.303878	150.410719	General
4WJA:ChainB:VAL21	-120.820360	133.375918	General
4WJA:ChainB:CYS22	-112.531079	136.510503	General
4WJA:ChainB:TYR23	-157.422706	-177.528787	General
4WJA:ChainB:CYS24	-154.418470	168.352256	General
4WJA:ChainB:GLU25	-160.791895	168.327067	General
4WJA:ChainB:GLY26	-143.334911	134.891798	Glycine
4WJA:ChainB:GLU27	-128.705023	129.985870	General
4WJA:ChainB:ARG34	-102.886834	138.413805	General
4WJA:ChainB:GLY35	-89.361921	160.878321	Glycine
4WJA:ChainB:GLY36	-70.606917	160.260886	Glycine
4WJA:ChainB:PHE37	-89.589913	139.354349	General
4WJA:ChainB:ASN38	-149.840740	149.500324	General
4WJA:ChainB:LEU39	-100.397088	146.700896	General
4WJA:ChainB:TYR40	-128.919244	150.511243	General
4WJA:ChainB:VAL41	-140.278335	131.678794	General
4WJA:ChainB:THR42	-141.023869	145.512508	General
4WJA:ChainB:ASP43	-94.165656	17.317431	General
4WJA:ChainB:ALA44	64.618961	10.882620	General
4WJA:ChainB:ALA45	-110.799523	-52.653780	General
4WJA:ChainB:GLU46	-118.689675	169.182331	General
4WJA:ChainB:LEU47	-140.170636	130.791726	General
4WJA:ChainB:TRP48	-115.484744	146.292859	General
4WJA:ChainB:SER49	-141.762392	153.950261	General
4WJA:ChainB:THR50	-63.055534	-29.241487	General
4WJA:ChainB:CYS51	50.289291	54.045266	General
4WJA:ChainB:PHE52	-75.012235	149.629280	General
4WJA:ChainB:THR53	-111.978641	162.690239	Pre-Pro
4WJA:ChainB:PRO54	-48.916681	-47.207048	Proline
4WJA:ChainB:ASP55	-64.717232	-43.728137	General
4WJA:ChainB:SER56	-71.809414	-32.431906	General
4WJA:ChainB:LEU57	-71.582963	-47.701381	General
4WJA:ChainB:ALA58	-53.895624	-44.911786	General
4WJA:ChainB:ALA59	-69.038458	-17.318443	General
4WJA:ChainB:LEU60	-89.761485	-42.974416	General
4WJA:ChainB:LYS61	-61.478808	-11.769497	General
4WJA:ChainB:ALA62	-76.367927	-71.935022	General
4WJA:ChainB:ARG63	-43.447357	-19.225004	General
4WJA:ChainB:PHE64	-130.098135	-159.281250	General
4WJA:ChainB:GLY65	-67.754027	-35.792646	Glycine
4WJA:ChainB:LEU66	-89.095153	152.304428	General
4WJA:ChainB:SER67	-69.763010	150.342550	General
4WJA:ChainB:ALA68	-62.049169	-17.904377	General
4WJA:ChainB:ILE72	-97.961044	-24.815647	General
4WJA:ChainB:THR73	-43.660192	-53.440329	Pre-Pro
4WJA:ChainB:PRO74	-51.912650	-37.259263	Proline
4WJA:ChainB:ARG75	-81.026929	-26.228841	General
4WJA:ChainB:PHE76	-74.949159	-38.080997	General
4WJA:ChainB:ARG77	-57.872135	-42.373194	General
4WJA:ChainB:ALA78	-54.568205	-66.121191	General
4WJA:ChainB:ALA79	-55.571820	-29.542392	General
4WJA:ChainB:CYS80	-66.730247	-62.845540	General
4WJA:ChainB:GLU81	-43.755312	-27.699430	General
4WJA:ChainB:GLN82	-115.033874	13.478688	General
4WJA:ChainB:GLN83	46.064206	44.245619	General
4WJA:ChainB:ALA84	-113.845446	41.327863	General
4WJA:ChainB:VAL85	-123.053945	112.977422	General
4WJA:ChainB:ALA86	-95.009430	158.595409	General
4WJA:ChainB:LEU87	-153.266685	137.778252	General
4WJA:ChainB:THR88	-145.095603	128.399663	General
4WJA:ChainB:LEU89	-120.045519	141.799625	General
4WJA:ChainB:GLN90	-133.535969	149.882248	General
4WJA:ChainB:SER95	-151.041203	148.863388	General
4WJA:ChainB:LEU96	-132.439130	135.991776	General
4WJA:ChainB:THR97	-126.004052	124.107254	General
4WJA:ChainB:LEU98	-98.119478	122.214385	General
4WJA:ChainB:SER99	-120.209515	5.139647	General
4WJA:ChainB:GLY100	-59.076332	-55.661810	Glycine
4WJA:ChainB:GLY101	-79.095953	-161.440754	Glycine
4WJA:ChainB:PRO102	-67.740256	-52.493299	Proline
4WJA:ChainB:SER103	-100.840027	158.839959	General
4WJA:ChainB:ALA104	-92.902352	133.559975	General
4WJA:ChainB:LEU105	-107.281971	138.974631	General
4WJA:ChainB:ALA106	-121.822438	135.789017	General
4WJA:ChainB:PHE107	-125.230767	129.534812	General
4WJA:ChainB:ASP108	-84.939666	133.944705	General
4WJA:ChainB:LEU109	-124.195298	137.748482	General
4WJA:ChainB:SER110	-121.382226	162.148273	General
4WJA:ChainB:LYS111	-65.006166	136.522196	General
4WJA:ChainB:VAL112	-89.169284	128.471639	Pre-Pro
4WJA:ChainB:PRO113	-53.732882	144.894285	Proline
4WJA:ChainB:GLY114	-48.457429	-44.614297	Glycine
4WJA:ChainB:PRO115	-68.228216	-27.449625	Proline
4WJA:ChainB:GLU116	-83.525667	-32.853932	General
4WJA:ChainB:ALA117	-79.369327	-42.993243	General
4WJA:ChainB:ALA118	-50.496397	-56.290890	Pre-Pro
4WJA:ChainB:PRO119	-61.066536	-37.882244	Proline
4WJA:ChainB:ARG120	-57.968229	-43.559782	General
4WJA:ChainB:LEU121	-64.602839	-42.787717	General
4WJA:ChainB:ARG122	-59.304217	-46.935909	General
4WJA:ChainB:ALA123	-67.550593	-38.641631	General
4WJA:ChainB:LEU124	-58.202172	-46.928736	General
4WJA:ChainB:THR125	-59.505805	-49.420147	General
4WJA:ChainB:LEU126	-63.980943	-42.915473	General
4WJA:ChainB:GLY127	-60.087866	-43.056993	Glycine
4WJA:ChainB:LEU128	-64.164635	-38.148481	General
4WJA:ChainB:ALA129	-61.344654	-48.702914	General
4WJA:ChainB:LYS130	-57.296063	-40.601884	General
4WJA:ChainB:ARG131	-67.270262	-32.584670	General
4WJA:ChainB:VAL132	-71.209588	-47.715444	General
4WJA:ChainB:TRP133	-52.001077	-56.722674	General
4WJA:ChainB:SER134	-58.898013	-33.130857	General
4WJA:ChainB:LEU135	-70.856996	-47.652676	General
4WJA:ChainB:GLU136	-66.409973	-31.708702	General
4WJA:ChainB:ARG137	-58.981681	-46.731916	General
4WJA:ChainB:ARG138	-75.763016	6.380066	General
4WJA:ChainB:LEU139	-97.682350	-21.007285	General
4WJA:ChainB:ALA140	-56.996924	-31.198640	General
