4XWS:ChainA:ALA90	-93.515537	139.114320	General
4XWS:ChainA:ALA91	-61.775327	137.185216	Pre-Pro
4XWS:ChainA:PRO92	-86.167255	160.249902	Proline
4XWS:ChainA:LEU93	-106.453816	111.808612	General
4XWS:ChainA:LYS94	-83.318323	102.362813	General
4XWS:ChainA:VAL95	-108.979110	130.517486	General
4XWS:ChainA:GLY96	-107.186888	169.174427	Glycine
4XWS:ChainA:ALA97	-164.466112	150.229963	General
4XWS:ChainA:ILE98	-73.596113	167.711184	General
4XWS:ChainA:TYR99	-71.616434	-20.671290	General
4XWS:ChainA:THR100	-91.039850	3.528706	General
4XWS:ChainA:ILE101	-124.581361	-53.228708	General
4XWS:ChainA:GLY102	-42.203267	-69.134446	Glycine
4XWS:ChainA:PRO103	-57.013771	-19.870803	Proline
4XWS:ChainA:TYR104	-108.237654	1.813334	General
4XWS:ChainA:LEU105	-120.548330	-52.087773	General
4XWS:ChainA:PHE106	-57.069449	-47.486248	Pre-Pro
4XWS:ChainA:PRO107	-63.015007	-15.231268	Proline
4XWS:ChainA:HIS108	-100.991413	-36.941081	General
4XWS:ChainA:LEU109	-70.491033	-51.525642	General
4XWS:ChainA:ILE110	-56.258145	-43.256291	Pre-Pro
4XWS:ChainA:PRO111	-62.641453	-40.126688	Proline
4XWS:ChainA:GLN112	-60.193907	-43.759894	General
4XWS:ChainA:LEU113	-60.013497	-44.159294	General
4XWS:ChainA:HIS114	-60.017990	-29.083058	General
4XWS:ChainA:ARG115	-79.330309	-55.373795	General
4XWS:ChainA:VAL116	-73.394365	-32.138644	General
4XWS:ChainA:ALA117	-144.051018	86.170888	Pre-Pro
4XWS:ChainA:PRO118	-82.644426	1.510572	Proline
4XWS:ChainA:GLN119	-58.269715	-30.531226	General
4XWS:ChainA:MET120	-124.567983	129.209071	Pre-Pro
4XWS:ChainA:PRO121	-76.802654	156.063435	Proline
4XWS:ChainA:LEU122	-117.116338	132.545195	General
4XWS:ChainA:TYR123	-98.121554	103.206582	General
4XWS:ChainA:ILE124	-82.287619	129.416888	General
4XWS:ChainA:GLU125	-136.828824	139.187296	General
4XWS:ChainA:GLU126	-117.773127	129.792267	General
4XWS:ChainA:ASN127	-162.009231	-176.203766	General
4XWS:ChainA:PHE128	-77.462953	170.686449	General
4XWS:ChainA:THR129	-68.274925	-46.129729	General
4XWS:ChainA:HIS130	-66.561515	-42.080042	General
4XWS:ChainA:ILE131	-71.294243	-34.263287	General
4XWS:ChainA:LEU132	-62.593979	-47.488960	General
4XWS:ChainA:ARG133	-61.158334	-41.650328	General
4XWS:ChainA:ASP134	-64.344404	-33.650866	General
4XWS:ChainA:LYS135	-76.058818	-22.900354	General
4XWS:ChainA:LEU136	-77.252212	-32.875825	General
4XWS:ChainA:ARG137	-70.927625	-37.777521	General
4XWS:ChainA:THR138	-90.238655	10.094699	General
4XWS:ChainA:GLY139	70.122644	6.964046	Glycine
4XWS:ChainA:GLU140	-66.212829	-28.903795	General
4XWS:ChainA:LEU141	-124.412955	137.252594	General
4XWS:ChainA:ASP142	-74.432211	-39.033197	General
4XWS:ChainA:ALA143	-155.028777	154.208398	General
4XWS:ChainA:ILE144	-125.658378	158.804529	General
4XWS:ChainA:ILE145	-118.196441	108.328582	General
4XWS:ChainA:ILE146	-133.849111	164.944876	General
4XWS:ChainA:ALA147	-92.672693	136.266601	General
4XWS:ChainA:LEU148	-64.633689	151.057739	Pre-Pro
4XWS:ChainA:PRO149	-75.435012	147.946731	Proline
4XWS:ChainA:PHE150	-151.805231	111.609883	General
4XWS:ChainA:GLN151	-138.206361	107.515135	General
4XWS:ChainA:GLU152	-131.475265	155.756679	General
4XWS:ChainA:ALA153	-64.000236	134.265013	General
4XWS:ChainA:ASP154	56.588214	36.536951	General
4XWS:ChainA:VAL155	-131.476325	122.972867	General
4XWS:ChainA:LEU156	-79.540114	161.152153	General
4XWS:ChainA:THR157	-143.765038	116.387466	General
4XWS:ChainA:LYS158	-111.195920	105.800458	Pre-Pro
4XWS:ChainA:PRO159	-57.134107	109.594031	Proline
4XWS:ChainA:LEU160	-82.653172	-59.421813	General
4XWS:ChainA:PHE161	-154.216524	161.785998	General
4XWS:ChainA:ASP162	-99.346614	122.352079	General
4XWS:ChainA:GLU163	-113.344764	116.324369	Pre-Pro
4XWS:ChainA:PRO164	-76.636577	147.643227	Proline
4XWS:ChainA:PHE165	-95.779829	137.752756	General
4XWS:ChainA:TYR166	-116.639915	160.390828	General
4XWS:ChainA:VAL167	-102.708807	150.385253	General
4XWS:ChainA:LEU168	-123.477634	127.576653	General
4XWS:ChainA:MET169	-139.584194	154.808518	Pre-Pro
4XWS:ChainA:PRO170	-66.583018	166.415415	Proline
4XWS:ChainA:ALA171	-68.010833	-30.678806	General
4XWS:ChainA:ASP172	-77.886705	-36.467183	General
4XWS:ChainA:HIS173	-59.822331	122.273062	Pre-Pro
4XWS:ChainA:PRO174	-43.144777	-23.941990	Proline
4XWS:ChainA:TRP175	-66.813477	0.172583	General
4XWS:ChainA:THR176	-71.856150	-21.460277	General
4XWS:ChainA:ALA177	-63.994033	-46.387121	General
4XWS:ChainA:LYS178	-68.911944	140.521405	General
4XWS:ChainA:ALA179	-97.481435	-6.624889	General
4XWS:ChainA:SER180	-149.719787	146.514702	General
4XWS:ChainA:ILE181	-120.106083	132.226010	General
4XWS:ChainA:ASP182	-65.021275	139.041900	General
4XWS:ChainA:SER183	-68.869102	-18.668871	General
4XWS:ChainA:GLU184	-79.681211	-30.737083	General
4XWS:ChainA:LEU185	-59.248535	-16.568228	General
4XWS:ChainA:LEU186	-92.046730	33.541639	General
4XWS:ChainA:ASN187	-119.764359	18.764884	General
4XWS:ChainA:ASP188	-107.380672	168.707120	General
4XWS:ChainA:LYS189	-64.207845	-0.921428	General
4XWS:ChainA:SER190	-68.494956	-22.952233	General
4XWS:ChainA:LEU191	-80.198315	130.672845	General
4XWS:ChainA:LEU192	-111.243568	123.753137	General
4XWS:ChainA:LEU193	-137.075876	139.292981	General
4XWS:ChainA:LEU194	-65.141489	161.765536	General
4XWS:ChainA:GLY195	-66.376918	-37.220806	Glycine
4XWS:ChainA:GLU196	-128.872720	137.921906	General
4XWS:ChainA:GLY197	72.963828	5.249695	Glycine
4XWS:ChainA:HIS198	-106.906920	-18.989455	General
4XWS:ChainA:ASP199	-69.837854	132.099232	General
4XWS:ChainA:PHE200	-100.707527	9.463935	General
4XWS:ChainA:ARG201	-132.225358	155.368066	General
4XWS:ChainA:ASP202	65.876990	7.353438	General
4XWS:ChainA:GLN203	-124.871001	-0.929098	General
4XWS:ChainA:VAL204	-74.787975	-35.413104	General
4XWS:ChainA:LEU205	49.963100	74.702169	General
4XWS:ChainA:GLU206	-71.152736	148.729227	General
4XWS:ChainA:ALA207	-97.454719	1.480462	General
4XWS:ChainA:CYS208	-95.089697	176.200388	Pre-Pro
4XWS:ChainA:PRO209	-63.143785	135.145847	Proline
4XWS:ChainA:THR210	-109.966553	138.711572	General
4XWS:ChainA:VAL211	-73.392236	120.096643	General
4XWS:ChainA:ARG212	-71.149661	88.816868	General
4XWS:ChainA:LYS213	-64.846974	125.779448	General
4XWS:ChainA:GLY214	-53.455375	125.264783	Glycine
4XWS:ChainA:ASP215	-108.073039	135.238851	General
4XWS:ChainA:GLU216	-112.662043	117.511261	General
4XWS:ChainA:ASN217	-75.593143	48.398168	General
4XWS:ChainA:LYS218	-88.698679	70.202025	General
4XWS:ChainA:HIS219	-156.085630	170.203464	General
4XWS:ChainA:THR220	-99.558513	120.662249	General
4XWS:ChainA:THR221	-85.068978	98.682137	General
4XWS:ChainA:VAL222	-75.790548	121.285411	General
4XWS:ChainA:GLU223	-81.700714	57.079088	General
4XWS:ChainA:SER224	-122.886375	164.150326	General
4XWS:ChainA:SER225	-120.765417	42.785768	General
4XWS:ChainA:SER226	-156.356191	127.248967	General
4XWS:ChainA:LEU227	-69.434318	-21.031465	General
4XWS:ChainA:GLU228	-67.870851	-33.402839	General
4XWS:ChainA:THR229	-59.328705	-51.513356	General
4XWS:ChainA:ILE230	-67.538379	-32.903687	General
4XWS:ChainA:ARG231	-58.663346	-47.094438	General
4XWS:ChainA:HIS232	-65.132430	-43.266945	General
4XWS:ChainA:MET233	-56.571885	-47.603161	General
4XWS:ChainA:VAL234	-70.180239	-38.142546	General
4XWS:ChainA:ALA235	-60.573143	-32.471247	General
4XWS:ChainA:SER236	-71.230772	-26.060481	General
4XWS:ChainA:GLY237	98.502286	31.450887	Glycine
4XWS:ChainA:LEU238	-97.198995	2.921134	General
4XWS:ChainA:GLY239	161.277112	-170.354581	Glycine
4XWS:ChainA:VAL240	-131.075528	156.884774	General
4XWS:ChainA:SER241	-150.948224	-179.320505	General
4XWS:ChainA:VAL242	-119.341864	136.094919	General
4XWS:ChainA:LEU243	-124.416954	147.915339	Pre-Pro
4XWS:ChainA:PRO244	-67.646139	159.028049	Proline
4XWS:ChainA:PHE245	-62.164506	-33.073881	General
4XWS:ChainA:SER246	-64.544481	-29.549777	General
4XWS:ChainA:ALA247	-88.094206	-34.667521	General
4XWS:ChainA:VAL248	-49.017254	-48.767282	General
4XWS:ChainA:ASP249	-102.343173	56.434973	General
4XWS:ChainA:SER250	-130.303956	60.484552	General
4XWS:ChainA:HIS251	-150.386767	177.346694	General
4XWS:ChainA:HIS252	-121.934398	22.199526	General
4XWS:ChainA:TYR253	-74.031785	128.672163	General
4XWS:ChainA:ALA254	-59.703528	132.057314	Pre-Pro
4XWS:ChainA:PRO255	-50.074719	113.516864	Proline
4XWS:ChainA:GLY256	120.708425	11.687416	Glycine
4XWS:ChainA:VAL257	-113.172108	-32.344299	General
4XWS:ChainA:ILE258	-124.856378	135.184886	General
4XWS:ChainA:GLU259	-136.396456	144.500851	General
4XWS:ChainA:VAL260	-111.335326	133.727485	General
4XWS:ChainA:ARG261	-123.599049	142.351895	Pre-Pro
4XWS:ChainA:PRO262	-81.199085	146.454885	Proline
4XWS:ChainA:PHE263	-65.117069	160.789013	General
4XWS:ChainA:SER264	-80.960565	131.852764	General
4XWS:ChainA:ALA265	-57.172818	136.179227	Pre-Pro
4XWS:ChainA:PRO266	-73.984992	138.513164	Proline
4XWS:ChainA:VAL267	-85.048023	128.426229	Pre-Pro
4XWS:ChainA:PRO268	-68.426549	149.072482	Proline
4XWS:ChainA:PHE269	-155.565088	150.679136	General
4XWS:ChainA:ARG270	-103.692325	151.755176	General
4XWS:ChainA:THR271	-102.995503	96.018155	General
4XWS:ChainA:VAL272	-66.863181	116.098664	General
4XWS:ChainA:ALA273	-132.253250	158.399761	General
4XWS:ChainA:ILE274	-105.354115	138.359780	General
4XWS:ChainA:ALA275	-122.179313	138.248786	General
4XWS:ChainA:TRP276	-152.040677	153.353338	General
4XWS:ChainA:ARG277	-57.830267	140.476230	General
4XWS:ChainA:ALA278	-65.371637	147.704783	General
4XWS:ChainA:SER279	59.555974	37.503840	General
4XWS:ChainA:PHE280	-77.340534	118.826422	Pre-Pro
4XWS:ChainA:PRO281	-52.951423	-11.996742	Proline
4XWS:ChainA:ARG282	-135.885520	74.460373	Pre-Pro
4XWS:ChainA:PRO283	-61.791624	-32.363611	Proline
4XWS:ChainA:ARG284	-57.598549	-40.996331	General
4XWS:ChainA:ALA285	-64.789540	-37.721226	General
4XWS:ChainA:ILE286	-63.678299	-41.866037	General
4XWS:ChainA:GLU287	-67.090038	-43.884522	General
4XWS:ChainA:VAL288	-61.776924	-46.152853	General
4XWS:ChainA:LEU289	-57.753365	-56.068435	General
4XWS:ChainA:ALA290	-55.721555	-46.807305	General
4XWS:ChainA:ASP291	-62.938606	-46.412047	General
4XWS:ChainA:SER292	-68.053220	-27.911260	General
4XWS:ChainA:ILE293	-71.562570	-48.119979	General
4XWS:ChainA:ARG294	-60.207874	-27.276803	General
4XWS:ChainA:LEU295	-109.893945	21.483734	General
4XWS:ChainA:CYS296	-67.414256	-27.551218	General
4XWS:ChainA:SER297	-69.223940	-38.699113	General
4XWS:ChainA:VAL298	-60.413921	117.126067	General
4XWS:ChainA:ALA299	-68.499199	168.933986	General
4XWS:ChainB:ALA91	-155.479189	134.823074	Pre-Pro
4XWS:ChainB:PRO92	-84.251576	130.657976	Proline
4XWS:ChainB:LEU93	-102.863816	114.700671	General
4XWS:ChainB:LYS94	-89.772476	98.990349	General
4XWS:ChainB:VAL95	-94.073231	147.225883	General
4XWS:ChainB:GLY96	-129.592583	169.263981	Glycine
4XWS:ChainB:ALA97	-165.162084	155.811853	General
4XWS:ChainB:ILE98	-80.124923	162.723539	General
4XWS:ChainB:TYR99	-65.352944	-18.749230	General
4XWS:ChainB:THR100	-98.793835	5.465831	General
4XWS:ChainB:ILE101	-125.456098	-47.938607	General
4XWS:ChainB:GLY102	-49.591292	-67.465967	Glycine
4XWS:ChainB:PRO103	-49.447352	-23.728727	Proline
4XWS:ChainB:TYR104	-108.251134	10.491287	General
4XWS:ChainB:LEU105	-130.430190	-53.511155	General
4XWS:ChainB:PHE106	-49.818362	-48.668338	Pre-Pro
4XWS:ChainB:PRO107	-63.499425	-25.176859	Proline
4XWS:ChainB:HIS108	-91.689033	-32.607381	General
4XWS:ChainB:LEU109	-69.076629	-46.803968	General
4XWS:ChainB:ILE110	-69.937586	-41.862913	Pre-Pro
4XWS:ChainB:PRO111	-60.384641	-29.528651	Proline
4XWS:ChainB:GLN112	-65.182238	-41.397074	General
4XWS:ChainB:LEU113	-83.735677	0.163138	General
4XWS:ChainB:HIS114	-99.035449	-24.523281	General
4XWS:ChainB:ARG115	-76.945671	-45.382687	General
4XWS:ChainB:VAL116	-98.920143	-15.735601	General
4XWS:ChainB:ALA117	-138.049529	68.304739	Pre-Pro
4XWS:ChainB:PRO118	-74.917596	-7.908032	Proline
4XWS:ChainB:GLN119	-76.014752	-12.847663	General
4XWS:ChainB:MET120	-130.885944	118.932434	Pre-Pro
4XWS:ChainB:PRO121	-80.609081	138.351856	Proline
4XWS:ChainB:LEU122	-110.914710	131.244760	General
4XWS:ChainB:TYR123	-111.836561	98.745848	General
4XWS:ChainB:ILE124	-88.161043	160.023387	General
4XWS:ChainB:GLU125	-158.780584	129.745012	General
4XWS:ChainB:GLU126	-103.034607	129.751361	General
4XWS:ChainB:ASN127	-164.998009	177.554446	General
4XWS:ChainB:PHE128	-69.888343	165.593335	General
4XWS:ChainB:THR129	-59.965142	-52.113242	General
4XWS:ChainB:HIS130	-63.388396	-37.441454	General
4XWS:ChainB:ILE131	-79.424650	-28.560884	General
4XWS:ChainB:LEU132	-67.571011	-43.719036	General
4XWS:ChainB:ARG133	-62.189976	-43.973981	General
4XWS:ChainB:ASP134	-63.233385	-34.468357	General
4XWS:ChainB:LYS135	-79.490675	-24.874235	General
4XWS:ChainB:LEU136	-76.373964	-31.904227	General
4XWS:ChainB:ARG137	-65.480498	-33.660121	General
4XWS:ChainB:THR138	-94.952331	-5.032892	General
4XWS:ChainB:GLY139	83.316647	5.267565	Glycine
4XWS:ChainB:GLU140	-70.459038	-21.175548	General
4XWS:ChainB:LEU141	-125.987680	147.408305	General
4XWS:ChainB:ASP142	-102.733739	-18.857997	General
4XWS:ChainB:ALA143	-158.853108	148.786317	General
4XWS:ChainB:ILE144	-135.410709	140.347302	General
4XWS:ChainB:ILE145	-101.850028	100.913089	General
4XWS:ChainB:ILE146	-119.290364	-174.662977	General
4XWS:ChainB:ALA147	-115.686805	131.852342	General
4XWS:ChainB:LEU148	-68.907069	149.530930	Pre-Pro
4XWS:ChainB:PRO149	-77.782430	140.012241	Proline
4XWS:ChainB:PHE150	-149.153481	141.887088	General
4XWS:ChainB:GLN151	-158.610711	130.279002	General
4XWS:ChainB:GLU152	-145.172047	144.637722	General
4XWS:ChainB:ALA153	-58.052519	132.637784	General
4XWS:ChainB:ASP154	58.713627	30.647938	General
4XWS:ChainB:VAL155	-129.131636	122.336219	General
4XWS:ChainB:LEU156	-76.513829	143.739722	General
4XWS:ChainB:THR157	-126.319374	128.449684	General
4XWS:ChainB:LYS158	-125.702872	112.041960	Pre-Pro
4XWS:ChainB:PRO159	-69.504454	101.871896	Proline
4XWS:ChainB:LEU160	-66.932965	-53.898605	General
4XWS:ChainB:PHE161	-157.908529	174.056691	General
4XWS:ChainB:ASP162	-113.708452	120.420226	General
4XWS:ChainB:GLU163	-112.590002	115.362832	Pre-Pro
4XWS:ChainB:PRO164	-69.811111	160.647452	Proline
4XWS:ChainB:PHE165	-103.687418	157.604708	General
4XWS:ChainB:TYR166	-138.020378	150.626858	General
4XWS:ChainB:VAL167	-88.441300	118.261005	General
4XWS:ChainB:LEU168	-90.374253	125.956814	General
4XWS:ChainB:MET169	-141.635167	153.260151	Pre-Pro
4XWS:ChainB:PRO170	-58.111936	156.167127	Proline
4XWS:ChainB:ALA171	-60.599575	-32.289984	General
4XWS:ChainB:ASP172	-108.039157	56.693942	General
4XWS:ChainB:HIS173	-98.800182	146.187755	Pre-Pro
4XWS:ChainB:PRO174	-51.489867	-30.502557	Proline
4XWS:ChainB:TRP175	-74.442329	-7.604673	General
4XWS:ChainB:THR176	-63.278039	-33.486522	General
4XWS:ChainB:ALA177	-86.449099	48.621393	General
4XWS:ChainB:LYS178	-137.242137	165.916111	General
4XWS:ChainB:ALA179	-103.309778	-18.661638	General
4XWS:ChainB:SER180	-158.587323	171.230783	General
4XWS:ChainB:ILE181	-135.413841	121.029698	General
4XWS:ChainB:ASP182	-68.700587	141.735326	General
4XWS:ChainB:SER183	-58.160842	-29.596207	General
4XWS:ChainB:GLU184	-69.757982	-28.169476	General
4XWS:ChainB:LEU185	-58.410826	-27.322683	General
4XWS:ChainB:LEU186	-89.774717	72.137505	General
4XWS:ChainB:ASN187	-145.300652	110.746197	General
4XWS:ChainB:ASP188	-172.596645	-176.056727	General
4XWS:ChainB:LYS189	-85.241995	-1.400249	General
4XWS:ChainB:SER190	-76.982009	-25.433782	General
4XWS:ChainB:LEU191	-83.343525	112.537301	General
4XWS:ChainB:LEU192	-93.249034	111.842799	General
4XWS:ChainB:LEU193	-126.904256	141.716286	General
4XWS:ChainB:LEU194	-82.330878	157.834427	General
4XWS:ChainB:GLY195	-133.755730	116.092774	Glycine
4XWS:ChainB:GLU196	-65.250017	-61.324133	General
4XWS:ChainB:GLY197	54.326845	-124.566124	Glycine
4XWS:ChainB:HIS198	-133.189924	143.004941	General
4XWS:ChainB:ASP199	-132.275809	-168.892512	General
4XWS:ChainB:LYS218	-112.790474	110.563380	General
4XWS:ChainB:HIS219	-106.754798	-172.636304	General
4XWS:ChainB:THR220	-88.472294	107.113429	General
4XWS:ChainB:THR221	-84.645184	122.558518	General
4XWS:ChainB:VAL222	-91.508787	119.185439	General
4XWS:ChainB:GLU223	-82.403465	50.765763	General
4XWS:ChainB:SER224	-120.526492	169.345367	General
4XWS:ChainB:SER225	-105.485905	-0.942998	General
4XWS:ChainB:SER226	-111.861101	133.261181	General
4XWS:ChainB:LEU227	-70.815843	-21.745515	General
4XWS:ChainB:GLU228	-64.604273	-41.664127	General
4XWS:ChainB:THR229	-55.409521	-50.064460	General
4XWS:ChainB:ILE230	-60.389581	-41.386200	General
4XWS:ChainB:ARG231	-56.750538	-47.951943	General
4XWS:ChainB:HIS232	-66.309714	-33.471327	General
4XWS:ChainB:MET233	-60.761471	-45.765958	General
4XWS:ChainB:VAL234	-65.917841	-38.719199	General
4XWS:ChainB:ALA235	-60.179861	-42.766131	General
4XWS:ChainB:SER236	-67.712334	-26.905941	General
4XWS:ChainB:GLY237	105.447143	22.393655	Glycine
4XWS:ChainB:LEU238	-91.636274	47.614105	General
4XWS:ChainB:GLY239	101.271960	-174.607183	Glycine
4XWS:ChainB:VAL240	-110.504786	175.128035	General
4XWS:ChainB:SER241	-152.924507	-175.020881	General
4XWS:ChainB:VAL242	-130.343511	125.113286	General
4XWS:ChainB:LEU243	-123.156976	141.255969	Pre-Pro
4XWS:ChainB:PRO244	-64.556678	162.749912	Proline
4XWS:ChainB:PHE245	-58.510391	-30.152410	General
4XWS:ChainB:SER246	-72.640784	-22.084333	General
4XWS:ChainB:ALA247	-99.164984	-21.082949	General
4XWS:ChainB:VAL248	-58.567079	-18.165809	General
4XWS:ChainB:ASP249	-119.806586	-0.556363	General
4XWS:ChainB:SER250	-78.801216	56.896025	General
4XWS:ChainB:HIS251	-145.994437	177.175985	General
4XWS:ChainB:HIS252	-127.127749	16.470887	General
4XWS:ChainB:TYR253	-65.563692	136.223602	General
4XWS:ChainB:ALA254	-67.736830	149.826012	Pre-Pro
4XWS:ChainB:PRO255	-55.967420	140.724558	Proline
4XWS:ChainB:GLY256	93.574342	20.898235	Glycine
4XWS:ChainB:VAL257	-122.705604	-47.132092	General
4XWS:ChainB:ILE258	-124.919913	125.929857	General
4XWS:ChainB:GLU259	-111.536740	141.732377	General
4XWS:ChainB:VAL260	-116.372350	133.764942	General
4XWS:ChainB:ARG261	-132.137840	132.118748	Pre-Pro
4XWS:ChainB:PRO262	-66.230392	162.378512	Proline
4XWS:ChainB:PHE263	-82.482948	157.964511	General
4XWS:ChainB:SER264	-87.093811	146.750709	General
4XWS:ChainB:ALA265	-50.109512	135.272593	Pre-Pro
4XWS:ChainB:PRO266	-77.446174	139.646578	Proline
4XWS:ChainB:VAL267	-81.775295	117.628478	Pre-Pro
4XWS:ChainB:PRO268	-71.914871	147.421257	Proline
4XWS:ChainB:PHE269	-154.836578	166.378343	General
4XWS:ChainB:ARG270	-116.077361	136.521644	General
4XWS:ChainB:THR271	-90.964787	95.839619	General
4XWS:ChainB:VAL272	-69.201730	123.559048	General
4XWS:ChainB:ALA273	-130.761531	165.688415	General
4XWS:ChainB:ILE274	-113.365832	145.806547	General
4XWS:ChainB:ALA275	-134.706036	132.204014	General
4XWS:ChainB:TRP276	-149.290707	157.582056	General
4XWS:ChainB:ARG277	-65.822141	138.806224	General
4XWS:ChainB:ALA278	-70.915964	-15.332420	General
4XWS:ChainB:SER279	-85.551858	-6.374710	General
4XWS:ChainB:PHE280	-61.901898	124.206769	Pre-Pro
4XWS:ChainB:PRO281	-81.937967	9.079726	Proline
4XWS:ChainB:ARG282	-131.615771	67.677124	Pre-Pro
4XWS:ChainB:PRO283	-69.271273	-25.251622	Proline
4XWS:ChainB:ARG284	-65.602973	-45.183373	General
4XWS:ChainB:ALA285	-60.610744	-46.071256	General
4XWS:ChainB:ILE286	-60.078697	-39.638533	General
4XWS:ChainB:GLU287	-65.104481	-43.976669	General
4XWS:ChainB:VAL288	-61.859601	-43.882557	General
4XWS:ChainB:LEU289	-57.118586	-60.015050	General
4XWS:ChainB:ALA290	-56.711633	-40.430437	General
4XWS:ChainB:ASP291	-58.426801	-50.548941	General
4XWS:ChainB:SER292	-62.649312	-31.629269	General
4XWS:ChainB:ILE293	-66.006201	-41.082744	General
4XWS:ChainB:ARG294	-62.206155	-37.987956	General
4XWS:ChainB:LEU295	-61.561117	-44.613880	General
4XWS:ChainB:CYS296	-85.572117	55.916561	General
4XWS:ChainC:ALA91	-101.174556	129.349306	Pre-Pro
4XWS:ChainC:PRO92	-57.670105	134.734973	Proline
4XWS:ChainC:LEU93	-103.712145	104.561227	General
4XWS:ChainC:LYS94	-80.012112	108.103913	General
4XWS:ChainC:VAL95	-114.073610	130.596459	General
4XWS:ChainC:GLY96	-98.370256	168.412298	Glycine
4XWS:ChainC:ALA97	-163.085479	142.387088	General
4XWS:ChainC:ILE98	-76.150314	157.611723	General
4XWS:ChainC:TYR99	-63.311347	-16.154795	General
4XWS:ChainC:THR100	-98.295434	-3.073207	General
4XWS:ChainC:ILE101	-113.576655	-54.938143	General
4XWS:ChainC:GLY102	-40.235021	-63.771364	Glycine
4XWS:ChainC:PRO103	-56.095984	-26.559767	Proline
4XWS:ChainC:TYR104	-108.129363	4.208174	General
4XWS:ChainC:LEU105	-118.492054	-50.368448	General
4XWS:ChainC:PHE106	-57.175275	-49.408703	Pre-Pro
4XWS:ChainC:PRO107	-59.039878	-25.738612	Proline
4XWS:ChainC:HIS108	-96.476296	-25.434895	General
4XWS:ChainC:LEU109	-80.401476	-50.435988	General
4XWS:ChainC:ILE110	-60.585948	-39.177053	Pre-Pro
4XWS:ChainC:PRO111	-59.806230	-42.266399	Proline
4XWS:ChainC:GLN112	-60.297948	-44.983712	General
4XWS:ChainC:LEU113	-65.757291	-23.465602	General
4XWS:ChainC:HIS114	-78.614742	-31.915931	General
4XWS:ChainC:ARG115	-78.699818	-47.301074	General
4XWS:ChainC:VAL116	-81.272959	-24.869978	General
4XWS:ChainC:ALA117	-145.288519	72.434317	Pre-Pro
4XWS:ChainC:PRO118	-69.401053	-12.016830	Proline
4XWS:ChainC:GLN119	-56.863219	-31.927824	General
4XWS:ChainC:MET120	-126.254059	106.105196	Pre-Pro
4XWS:ChainC:PRO121	-80.304158	142.432929	Proline
4XWS:ChainC:LEU122	-107.586500	127.851663	General
4XWS:ChainC:TYR123	-99.571712	96.972543	General
4XWS:ChainC:ILE124	-83.521889	157.595735	General
4XWS:ChainC:GLU125	-156.764840	136.164521	General
4XWS:ChainC:GLU126	-108.831690	132.359923	General
4XWS:ChainC:ASN127	-164.145156	172.955292	General
4XWS:ChainC:PHE128	-67.582065	167.139640	General
4XWS:ChainC:THR129	-66.215236	-45.396389	General
4XWS:ChainC:HIS130	-68.242068	-39.408679	General
4XWS:ChainC:ILE131	-73.045419	-28.689325	General
4XWS:ChainC:LEU132	-63.440500	-51.890635	General
4XWS:ChainC:ARG133	-67.891128	-28.225607	General
4XWS:ChainC:ASP134	-59.391390	-57.448135	General
4XWS:ChainC:LYS135	-64.023678	-27.197081	General
4XWS:ChainC:LEU136	-69.958968	-40.492250	General
4XWS:ChainC:ARG137	-78.167324	-26.868575	General
4XWS:ChainC:THR138	-75.184403	-21.071517	General
4XWS:ChainC:GLY139	93.595787	13.612978	Glycine
4XWS:ChainC:GLU140	-73.929560	-47.347671	General
4XWS:ChainC:LEU141	-105.526167	156.692747	General
4XWS:ChainC:ASP142	-94.785210	-40.660986	General
4XWS:ChainC:ALA143	-147.289568	141.410135	General
4XWS:ChainC:ILE144	-117.675046	141.923313	General
4XWS:ChainC:ILE145	-99.770348	96.579654	General
4XWS:ChainC:ILE146	-114.595195	-173.986204	General
4XWS:ChainC:ALA147	-108.440136	164.953852	General
4XWS:ChainC:LEU148	-99.982313	147.144817	Pre-Pro
4XWS:ChainC:PRO149	-83.557619	158.232651	Proline
4XWS:ChainC:PHE150	-152.548683	109.327230	General
4XWS:ChainC:GLN151	-128.741484	118.243794	General
4XWS:ChainC:GLU152	-133.206692	177.164581	General
4XWS:ChainC:ALA153	-72.941011	116.396830	General
4XWS:ChainC:ASP154	58.226057	24.550637	General
4XWS:ChainC:VAL155	-111.964570	122.655251	General
4XWS:ChainC:LEU156	-81.199891	163.782547	General
4XWS:ChainC:THR157	-131.219902	122.758740	General
4XWS:ChainC:LYS158	-120.343988	99.752373	Pre-Pro
4XWS:ChainC:PRO159	-57.939303	133.133540	Proline
4XWS:ChainC:LEU160	-110.289904	-48.558703	General
4XWS:ChainC:PHE161	-163.625626	162.517325	General
4XWS:ChainC:ASP162	-96.526729	129.904139	General
4XWS:ChainC:GLU163	-113.151605	111.767422	Pre-Pro
4XWS:ChainC:PRO164	-73.458483	145.046477	Proline
4XWS:ChainC:PHE165	-93.154053	141.013657	General
4XWS:ChainC:TYR166	-119.568824	158.310282	General
4XWS:ChainC:VAL167	-99.794984	123.439377	General
4XWS:ChainC:LEU168	-98.216460	134.751453	General
4XWS:ChainC:MET169	-145.968230	156.102937	Pre-Pro
4XWS:ChainC:PRO170	-72.966984	166.172245	Proline
4XWS:ChainC:ALA171	-65.147311	-30.191520	General
4XWS:ChainC:ASP172	-84.548595	80.469652	General
4XWS:ChainC:HIS173	-158.121310	150.538583	Pre-Pro
4XWS:ChainC:PRO174	-75.346148	-2.343942	Proline
4XWS:ChainC:TRP175	-96.831360	-13.194045	General
4XWS:ChainC:THR176	-86.686881	-9.619496	General
4XWS:ChainC:ALA177	-71.953220	-46.243706	General
4XWS:ChainC:LYS178	-86.732869	156.491290	General
4XWS:ChainC:ALA179	-75.209866	-33.381806	General
4XWS:ChainC:SER180	-143.290163	159.015076	General
4XWS:ChainC:ILE181	-115.628798	162.020140	General
4XWS:ChainC:ASP182	-146.195178	169.556830	General
4XWS:ChainC:SER183	-52.847118	-49.214871	General
4XWS:ChainC:GLU184	-77.571260	-13.170499	General
4XWS:ChainC:LEU185	-57.548802	-36.745784	General
4XWS:ChainC:LEU186	-82.281515	48.114038	General
4XWS:ChainC:ASN187	-121.302867	-6.693594	General
4XWS:ChainC:ASP188	-80.834746	169.090863	General
4XWS:ChainC:LYS189	-73.737437	4.827462	General
4XWS:ChainC:SER190	-69.900275	-17.168222	General
4XWS:ChainC:LEU191	-79.512440	144.974173	General
4XWS:ChainC:LEU192	-127.271014	121.663316	General
4XWS:ChainC:LEU193	-124.791665	144.313033	General
4XWS:ChainC:LEU194	-71.765927	177.697650	General
4XWS:ChainC:GLY195	-65.807499	-45.115182	Glycine
4XWS:ChainC:GLU196	-131.947140	-50.137745	General
4XWS:ChainC:GLY197	-57.102422	-36.613612	Glycine
4XWS:ChainC:HIS198	-68.917807	-45.600450	General
4XWS:ChainC:THR220	-120.699377	125.083705	General
4XWS:ChainC:THR221	-107.805783	94.835526	General
4XWS:ChainC:VAL222	-71.091177	137.533675	General
4XWS:ChainC:GLU223	-117.062771	50.258369	General
4XWS:ChainC:SER224	-91.265353	-178.081692	General
4XWS:ChainC:SER225	-108.852275	-11.672151	General
4XWS:ChainC:SER226	-132.832132	167.012104	General
4XWS:ChainC:LEU227	-75.518581	-38.667807	General
4XWS:ChainC:GLU228	-57.738180	-27.991085	General
4XWS:ChainC:THR229	-63.244938	-48.962949	General
4XWS:ChainC:ILE230	-70.853157	-29.973081	General
4XWS:ChainC:ARG231	-64.650134	-48.300790	General
4XWS:ChainC:HIS232	-65.888745	-36.210920	General
4XWS:ChainC:MET233	-61.176938	-47.464018	General
4XWS:ChainC:VAL234	-67.114521	-41.512572	General
4XWS:ChainC:ALA235	-59.088735	-34.194848	General
4XWS:ChainC:SER236	-71.471204	-35.134593	General
4XWS:ChainC:GLY237	118.489586	23.381075	Glycine
4XWS:ChainC:LEU238	-85.112853	10.208018	General
4XWS:ChainC:GLY239	139.588073	-160.523797	Glycine
4XWS:ChainC:VAL240	-122.691342	175.439714	General
4XWS:ChainC:SER241	-156.832013	-171.808529	General
4XWS:ChainC:VAL242	-126.639817	148.443017	General
4XWS:ChainC:LEU243	-145.988902	137.295103	Pre-Pro
4XWS:ChainC:PRO244	-63.774242	156.542124	Proline
4XWS:ChainC:PHE245	-58.268135	-31.254639	General
4XWS:ChainC:SER246	-78.157354	-0.658477	General
4XWS:ChainC:ALA247	-130.443219	6.381538	General
4XWS:ChainC:VAL248	-76.537343	-51.809222	General
4XWS:ChainC:ASP249	-95.464962	53.755585	General
4XWS:ChainC:SER250	-125.704168	58.749225	General
4XWS:ChainC:HIS251	-155.949775	175.881076	General
4XWS:ChainC:HIS252	-116.595446	12.053288	General
4XWS:ChainC:TYR253	-63.969412	123.999584	General
4XWS:ChainC:ALA254	-62.619936	140.920475	Pre-Pro
4XWS:ChainC:PRO255	-56.278968	129.564658	Proline
4XWS:ChainC:GLY256	118.468391	-18.756582	Glycine
4XWS:ChainC:VAL257	-100.570448	-16.572203	General
4XWS:ChainC:ILE258	-141.242266	144.782516	General
4XWS:ChainC:GLU259	-141.639075	146.752008	General
4XWS:ChainC:VAL260	-114.847691	130.910963	General
4XWS:ChainC:ARG261	-132.077482	123.435661	Pre-Pro
4XWS:ChainC:PRO262	-66.701222	150.739023	Proline
4XWS:ChainC:PHE263	-54.512959	145.850285	General
4XWS:ChainC:SER264	-74.663494	-178.256419	General
4XWS:ChainC:ALA265	-31.691923	-55.231343	Pre-Pro
4XWS:ChainC:PRO266	-77.988237	89.637781	Proline
4XWS:ChainC:VAL267	-69.560579	144.762059	Pre-Pro
4XWS:ChainC:PRO268	-102.380875	153.740378	Proline
4XWS:ChainC:PHE269	-157.978793	171.362734	General
4XWS:ChainC:ARG270	-128.003744	128.726313	General
4XWS:ChainC:THR271	-84.045827	110.949974	General
4XWS:ChainC:VAL272	-73.993237	127.216620	General
4XWS:ChainC:ALA273	-138.398488	144.620401	General
4XWS:ChainC:ILE274	-87.713428	148.268758	General
4XWS:ChainC:ALA275	-136.106117	133.312725	General
4XWS:ChainC:TRP276	-152.831243	155.217821	General
4XWS:ChainC:ARG277	-65.324390	148.129093	General
4XWS:ChainC:ALA278	-66.337249	-30.004770	General
4XWS:ChainC:SER279	-94.835595	19.615121	General
4XWS:ChainC:PHE280	-67.181497	118.561543	Pre-Pro
4XWS:ChainC:PRO281	-73.936865	0.914879	Proline
4XWS:ChainC:ARG282	-131.109214	69.722121	Pre-Pro
4XWS:ChainC:PRO283	-69.495445	-21.850185	Proline
4XWS:ChainC:ARG284	-59.697704	-46.026530	General
4XWS:ChainC:ALA285	-63.131375	-36.299441	General
4XWS:ChainC:ILE286	-64.253384	-40.808726	General
4XWS:ChainC:GLU287	-70.468234	-39.603083	General
4XWS:ChainC:VAL288	-64.130996	-45.876030	General
4XWS:ChainC:LEU289	-56.700742	-53.518250	General
4XWS:ChainC:ALA290	-57.819479	-40.737586	General
4XWS:ChainC:ASP291	-58.486847	-60.773090	General
4XWS:ChainC:SER292	-67.763431	-20.445236	General
4XWS:ChainC:ILE293	-73.816826	-46.797883	General
4XWS:ChainC:ARG294	-67.404838	-22.685068	General
4XWS:ChainC:LEU295	-113.125162	35.987539	General
4XWS:ChainC:CYS296	-75.128363	-10.273186	General
4XWS:ChainC:SER297	-117.332863	45.878081	General
4XWS:ChainC:VAL298	-125.660652	158.867296	General
4XWS:ChainD:ALA90	-136.323532	-172.719384	General
4XWS:ChainD:ALA91	-92.317312	144.552051	Pre-Pro
4XWS:ChainD:PRO92	-61.985053	139.684388	Proline
4XWS:ChainD:LEU93	-98.251763	116.061525	General
4XWS:ChainD:LYS94	-87.259309	109.423055	General
4XWS:ChainD:VAL95	-117.797374	129.117303	General
4XWS:ChainD:GLY96	-105.378739	172.114197	Glycine
4XWS:ChainD:ALA97	-167.782964	147.850556	General
4XWS:ChainD:ILE98	-72.954228	162.673848	General
4XWS:ChainD:TYR99	-63.576897	-23.928513	General
4XWS:ChainD:THR100	-94.909167	8.200308	General
4XWS:ChainD:ILE101	-125.366088	-45.891388	General
4XWS:ChainD:GLY102	-45.489642	-65.864961	Glycine
4XWS:ChainD:PRO103	-58.770635	-20.707874	Proline
4XWS:ChainD:TYR104	-111.067121	12.606539	General
4XWS:ChainD:LEU105	-129.931186	-53.121097	General
4XWS:ChainD:PHE106	-50.967505	-46.845184	Pre-Pro
4XWS:ChainD:PRO107	-59.886760	-26.153711	Proline
4XWS:ChainD:HIS108	-98.588496	-28.236996	General
4XWS:ChainD:LEU109	-75.899513	-41.331197	General
4XWS:ChainD:ILE110	-74.342590	-43.410058	Pre-Pro
4XWS:ChainD:PRO111	-61.558833	-31.824131	Proline
4XWS:ChainD:GLN112	-62.790125	-47.597890	General
4XWS:ChainD:LEU113	-66.500555	-27.370970	General
4XWS:ChainD:HIS114	-72.200885	-33.742138	General
4XWS:ChainD:ARG115	-70.661500	-45.412823	General
4XWS:ChainD:VAL116	-88.651488	-26.746214	General
4XWS:ChainD:ALA117	-142.950905	69.226452	Pre-Pro
4XWS:ChainD:PRO118	-66.165497	-15.894752	Proline
4XWS:ChainD:GLN119	-65.740153	-10.871682	General
4XWS:ChainD:MET120	-124.419130	106.074226	Pre-Pro
4XWS:ChainD:PRO121	-74.237899	147.529080	Proline
4XWS:ChainD:LEU122	-122.061495	127.733050	General
4XWS:ChainD:TYR123	-107.160466	99.582287	General
4XWS:ChainD:ILE124	-87.205990	161.536777	General
4XWS:ChainD:GLU125	-157.547094	136.226276	General
4XWS:ChainD:GLU126	-110.753181	121.209807	General
4XWS:ChainD:ASN127	-160.985173	174.167290	General
4XWS:ChainD:PHE128	-62.423978	157.076711	General
4XWS:ChainD:THR129	-61.155610	-43.455774	General
4XWS:ChainD:HIS130	-71.026086	-35.531916	General
4XWS:ChainD:ILE131	-78.034853	-25.802984	General
4XWS:ChainD:LEU132	-71.912710	-42.519058	General
4XWS:ChainD:ARG133	-55.886129	-40.431397	General
4XWS:ChainD:ASP134	-69.157125	-45.630621	General
4XWS:ChainD:LYS135	-65.050522	-26.319953	General
4XWS:ChainD:LEU136	-72.512679	-35.531811	General
4XWS:ChainD:ARG137	-79.163882	-29.923564	General
4XWS:ChainD:THR138	-81.751709	-10.281543	General
4XWS:ChainD:GLY139	85.566987	14.024890	Glycine
4XWS:ChainD:GLU140	-78.043467	-22.922126	General
4XWS:ChainD:LEU141	-134.045440	146.178196	General
4XWS:ChainD:ASP142	-91.575214	-40.191286	General
4XWS:ChainD:ALA143	-143.483475	143.638487	General
4XWS:ChainD:ILE144	-126.632610	139.361929	General
4XWS:ChainD:ILE145	-98.415138	104.299319	General
4XWS:ChainD:ILE146	-125.167198	-178.674160	General
4XWS:ChainD:ALA147	-116.021737	138.802092	General
4XWS:ChainD:LEU148	-68.644641	149.824637	Pre-Pro
4XWS:ChainD:PRO149	-79.258629	136.264547	Proline
4XWS:ChainD:PHE150	-148.370612	105.382145	General
4XWS:ChainD:GLN151	-123.963858	134.733904	General
4XWS:ChainD:GLU152	-148.662234	145.545344	General
4XWS:ChainD:ALA153	-67.759964	140.848976	General
4XWS:ChainD:ASP154	57.341086	30.115989	General
4XWS:ChainD:VAL155	-132.906307	117.525477	General
4XWS:ChainD:LEU156	-79.699109	115.610075	General
4XWS:ChainD:THR157	-107.422912	114.909832	General
4XWS:ChainD:LYS158	-114.893032	107.058987	Pre-Pro
4XWS:ChainD:PRO159	-52.984626	121.936280	Proline
4XWS:ChainD:LEU160	-100.147445	-56.534709	General
4XWS:ChainD:PHE161	-155.074458	161.156075	General
4XWS:ChainD:ASP162	-104.403962	115.634311	General
4XWS:ChainD:GLU163	-104.818424	116.265837	Pre-Pro
4XWS:ChainD:PRO164	-76.938885	156.271455	Proline
4XWS:ChainD:PHE165	-101.262699	157.044830	General
4XWS:ChainD:TYR166	-135.587333	148.681338	General
4XWS:ChainD:VAL167	-85.292533	129.119518	General
4XWS:ChainD:LEU168	-108.951598	125.533795	General
4XWS:ChainD:MET169	-135.743222	161.734075	Pre-Pro
4XWS:ChainD:PRO170	-61.830702	154.452608	Proline
4XWS:ChainD:ALA171	-68.187510	-30.089707	General
4XWS:ChainD:ASP172	-93.376805	25.741424	General
4XWS:ChainD:HIS173	-92.446457	141.937894	Pre-Pro
4XWS:ChainD:PRO174	-55.146287	-36.277649	Proline
4XWS:ChainD:TRP175	-61.065741	-17.018938	General
4XWS:ChainD:THR176	-64.043657	-21.757260	General
4XWS:ChainD:ALA177	-73.259394	-27.414228	General
4XWS:ChainD:LYS178	-84.491979	138.749992	General
4XWS:ChainD:ALA179	-85.019394	-17.694519	General
4XWS:ChainD:SER180	-142.760497	152.166221	General
4XWS:ChainD:ILE181	-115.490995	118.406085	General
4XWS:ChainD:ASP182	-70.520028	132.885273	General
4XWS:ChainD:SER183	-59.019599	-36.199191	General
4XWS:ChainD:GLU184	-62.259604	-23.933181	General
4XWS:ChainD:LEU185	-67.593484	-19.892622	General
4XWS:ChainD:LEU186	-79.323832	-3.311372	General
4XWS:ChainD:ASN187	-92.613919	81.398136	General
4XWS:ChainD:ASP188	-161.875020	177.008130	General
4XWS:ChainD:LYS189	-75.638673	6.640049	General
4XWS:ChainD:SER190	-87.891806	-11.034003	General
4XWS:ChainD:LEU191	-84.989528	121.150563	General
4XWS:ChainD:LEU192	-101.875678	113.681888	General
4XWS:ChainD:LEU193	-121.312892	146.803801	General
4XWS:ChainD:LEU194	-65.466470	169.444417	General
4XWS:ChainD:GLY195	-62.718451	-37.024504	Glycine
4XWS:ChainD:GLU196	-161.882370	152.553942	General
4XWS:ChainD:GLY197	75.409847	14.237013	Glycine
4XWS:ChainD:HIS198	-119.044814	-38.899884	General
4XWS:ChainD:ASP199	-57.661747	148.437600	General
4XWS:ChainD:HIS219	-63.027856	178.788757	General
4XWS:ChainD:THR220	-97.940267	122.623304	General
4XWS:ChainD:THR221	-100.964766	114.951048	General
4XWS:ChainD:VAL222	-96.934499	112.671234	General
4XWS:ChainD:GLU223	-86.167536	70.341120	General
4XWS:ChainD:SER224	-117.428899	167.075545	General
4XWS:ChainD:SER225	-85.217709	-56.308521	General
4XWS:ChainD:SER226	-80.470856	152.695728	General
4XWS:ChainD:LEU227	-77.690269	-19.835972	General
4XWS:ChainD:GLU228	-64.352756	-28.618134	General
4XWS:ChainD:THR229	-62.016718	-47.479410	General
4XWS:ChainD:ILE230	-64.531495	-37.148581	General
4XWS:ChainD:ARG231	-64.352708	-46.052087	General
4XWS:ChainD:HIS232	-63.520801	-36.475046	General
4XWS:ChainD:MET233	-69.069486	-36.803134	General
4XWS:ChainD:VAL234	-67.892537	-43.764241	General
4XWS:ChainD:ALA235	-60.086353	-31.061871	General
4XWS:ChainD:SER236	-73.992665	-17.339374	General
4XWS:ChainD:GLY237	86.908445	29.827847	Glycine
4XWS:ChainD:LEU238	-93.482305	-4.327886	General
4XWS:ChainD:GLY239	154.719623	-174.909129	Glycine
4XWS:ChainD:VAL240	-114.666351	161.706787	General
4XWS:ChainD:SER241	-144.817947	-176.583903	General
4XWS:ChainD:VAL242	-133.830863	112.289348	General
4XWS:ChainD:LEU243	-103.728374	144.193014	Pre-Pro
4XWS:ChainD:PRO244	-66.882978	159.834441	Proline
4XWS:ChainD:PHE245	-58.533011	-46.973894	General
4XWS:ChainD:SER246	-72.937999	7.062758	General
4XWS:ChainD:ALA247	-125.313819	-10.568393	General
4XWS:ChainD:VAL248	-67.682551	-16.049627	General
4XWS:ChainD:ASP249	-124.413621	19.524381	General
4XWS:ChainD:SER250	-91.063914	55.199873	General
4XWS:ChainD:HIS251	-144.930660	-172.995476	General
4XWS:ChainD:HIS252	-134.900722	15.576343	General
4XWS:ChainD:TYR253	-65.128306	134.246057	General
4XWS:ChainD:ALA254	-74.226540	142.810534	Pre-Pro
4XWS:ChainD:PRO255	-67.951108	118.250378	Proline
4XWS:ChainD:GLY256	-146.321660	122.352856	Glycine
4XWS:ChainD:VAL257	-105.585603	-21.907788	General
4XWS:ChainD:ILE258	-114.174776	150.446221	General
4XWS:ChainD:GLU259	-131.044220	130.567380	General
4XWS:ChainD:VAL260	-96.413383	134.851001	General
4XWS:ChainD:ARG261	-134.158233	134.162395	Pre-Pro
4XWS:ChainD:PRO262	-75.652580	148.794828	Proline
4XWS:ChainD:PHE263	-71.679275	169.157400	General
4XWS:ChainD:SER264	-93.434626	142.456612	General
4XWS:ChainD:ALA265	-57.442191	137.299548	Pre-Pro
4XWS:ChainD:PRO266	-79.604055	136.382605	Proline
4XWS:ChainD:VAL267	-70.859202	124.183182	Pre-Pro
4XWS:ChainD:PRO268	-67.157194	143.053637	Proline
4XWS:ChainD:PHE269	-149.975948	170.677561	General
4XWS:ChainD:ARG270	-125.371721	143.919566	General
4XWS:ChainD:THR271	-98.378510	100.140774	General
4XWS:ChainD:VAL272	-77.320734	127.355863	General
4XWS:ChainD:ALA273	-136.776710	161.661026	General
4XWS:ChainD:ILE274	-104.880028	142.231493	General
4XWS:ChainD:ALA275	-131.379734	117.172311	General
4XWS:ChainD:TRP276	-130.996569	155.679566	General
4XWS:ChainD:ARG277	-60.379583	137.583928	General
4XWS:ChainD:ALA278	-65.274065	-19.053523	General
4XWS:ChainD:SER279	-90.517090	-5.264347	General
4XWS:ChainD:PHE280	-58.258463	118.532872	Pre-Pro
4XWS:ChainD:PRO281	-81.204378	23.492777	Proline
4XWS:ChainD:ARG282	-139.822464	70.224552	Pre-Pro
4XWS:ChainD:PRO283	-72.925624	-25.039628	Proline
4XWS:ChainD:ARG284	-67.468510	-41.653216	General
4XWS:ChainD:ALA285	-63.504603	-39.538060	General
4XWS:ChainD:ILE286	-63.521684	-40.470414	General
4XWS:ChainD:GLU287	-65.910624	-43.253591	General
4XWS:ChainD:VAL288	-59.647978	-48.296039	General
4XWS:ChainD:LEU289	-56.765371	-51.963216	General
4XWS:ChainD:ALA290	-58.848046	-43.000078	General
4XWS:ChainD:ASP291	-61.660750	-43.092548	General
4XWS:ChainD:SER292	-63.678875	-40.517968	General
4XWS:ChainD:ILE293	-61.428335	-48.379325	General
4XWS:ChainD:ARG294	-54.341067	-47.476675	General
4XWS:ChainD:LEU295	-66.313922	-44.646428	General
4XWS:ChainD:CYS296	-75.061724	-39.370719	General
4XWS:ChainD:SER297	-61.347292	-38.781614	General
4XWS:ChainD:VAL298	-103.640887	98.041366	General
