5APW:ChainA:HIS0	-69.227285	-44.220276	General
5APW:ChainA:MET1	-61.765066	-38.509534	General
5APW:ChainA:LYS2	-60.698163	-48.210207	General
5APW:ChainA:GLN3	-54.671873	-44.037143	General
5APW:ChainA:LEU4	-69.660545	-41.057101	General
5APW:ChainA:GLU5	-56.382286	-41.708440	General
5APW:ChainA:ASP6	-69.750887	-37.629676	General
5APW:ChainA:LYS7	-61.171322	-44.067268	General
5APW:ChainA:VAL8	-66.086546	-36.385979	General
5APW:ChainA:GLU9	-56.639234	-43.420088	General
5APW:ChainA:GLU10	-59.111188	-44.491423	General
5APW:ChainA:LEU11	-68.940538	-39.381792	General
5APW:ChainA:LEU12	-48.312692	-51.718836	General
5APW:ChainA:SER13	-61.335137	-42.377525	General
5APW:ChainA:LYS14	-63.634246	-40.403350	General
5APW:ChainA:VAL15	-65.863713	-41.935370	General
5APW:ChainA:TYR16	-54.872824	-48.554630	General
5APW:ChainA:HIS17	-66.913964	-41.134943	General
5APW:ChainA:LEU18	-61.124652	-42.439704	General
5APW:ChainA:GLU19	-57.720550	-44.089105	General
5APW:ChainA:ASN20	-65.057764	-42.986110	General
5APW:ChainA:GLU21	-67.278975	-40.714237	General
5APW:ChainA:VAL22	-68.427364	-41.771002	General
5APW:ChainA:ALA23	-56.172337	-45.520013	General
5APW:ChainA:ARG24	-59.916769	-48.807929	General
5APW:ChainA:LEU25	-57.768683	-40.732737	General
5APW:ChainA:LYS26	-62.820350	-38.535106	General
5APW:ChainA:LYS27	-75.354512	-26.234676	General
5APW:ChainA:LEU28	-95.640620	-10.901993	General
5APW:ChainA:MET29	-65.962396	124.627909	General
5APW:ChainA:ALA30	-87.186400	143.484963	General
5APW:ChainA:THR31	-103.657316	160.788942	General
5APW:ChainA:LYS32	-50.903531	-43.434860	General
5APW:ChainA:ASP33	-62.472629	-41.687620	General
5APW:ChainA:ASP34	-59.718690	-43.144053	General
5APW:ChainA:MET35	-67.246747	-43.509283	General
5APW:ChainA:LYS36	-58.637178	-39.160338	General
5APW:ChainA:GLN37	-58.371183	-43.752540	General
5APW:ChainA:LEU38	-69.717823	-43.373097	General
5APW:ChainA:GLU39	-51.893851	-41.229973	General
5APW:ChainA:ASP40	-66.767246	-36.677422	General
5APW:ChainA:LYS41	-71.135392	-41.622692	General
5APW:ChainA:VAL42	-63.599536	-35.304694	General
5APW:ChainA:GLU43	-58.573628	-43.497229	General
5APW:ChainA:GLU44	-58.393573	-46.201224	General
5APW:ChainA:LEU45	-74.524225	-32.864830	General
5APW:ChainA:LEU46	-53.406870	-49.012785	General
5APW:ChainA:SER47	-66.926205	-39.152117	General
5APW:ChainA:LYS48	-66.357303	-37.623024	General
5APW:ChainA:VAL49	-67.996000	-43.390117	General
5APW:ChainA:TYR50	-56.601152	-48.681819	General
5APW:ChainA:HIS51	-60.025003	-39.990151	General
5APW:ChainA:LEU52	-60.441713	-41.035807	General
5APW:ChainA:GLU53	-61.355389	-40.471867	General
5APW:ChainA:ASN54	-70.566471	-38.501213	General
5APW:ChainA:GLU55	-66.987200	-41.896740	General
5APW:ChainA:VAL56	-65.981263	-38.625891	General
5APW:ChainA:ALA57	-59.882891	-43.166192	General
5APW:ChainA:ARG58	-62.357690	-44.105891	General
5APW:ChainA:LEU59	-62.888269	-43.870745	General
5APW:ChainA:LYS60	-52.750276	-46.485022	General
5APW:ChainA:LYS61	-64.630983	-40.439118	General
5APW:ChainA:LEU62	-63.929906	-52.037404	General
5APW:ChainA:VAL63	-59.092473	-27.503581	General
5APW:ChainA:GLY64	-65.395197	-9.155086	Glycine
5APW:ChainB:MET1	-66.075883	-38.610021	General
5APW:ChainB:LYS2	-63.525791	-42.828955	General
5APW:ChainB:GLN3	-54.969204	-46.218550	General
5APW:ChainB:LEU4	-65.792471	-49.787160	General
5APW:ChainB:GLU5	-49.759849	-42.244603	General
5APW:ChainB:ASP6	-70.443678	-34.744389	General
5APW:ChainB:LYS7	-65.826035	-38.487456	General
5APW:ChainB:VAL8	-65.127341	-38.672186	General
5APW:ChainB:GLU9	-65.705853	-38.823225	General
5APW:ChainB:GLU10	-60.525568	-44.512511	General
5APW:ChainB:LEU11	-62.453034	-50.994171	General
5APW:ChainB:LEU12	-62.566025	-40.462394	General
5APW:ChainB:SER13	-67.811906	-43.072129	General
5APW:ChainB:LYS14	-66.333434	-34.187376	General
5APW:ChainB:VAL15	-69.270530	-42.863278	General
5APW:ChainB:TYR16	-62.583341	-41.871743	General
5APW:ChainB:HIS17	-62.006460	-44.085106	General
5APW:ChainB:LEU18	-62.949774	-43.717777	General
5APW:ChainB:GLU19	-52.236708	-50.976711	General
5APW:ChainB:ASN20	-67.754516	-38.747838	General
5APW:ChainB:GLU21	-63.026029	-42.615029	General
5APW:ChainB:VAL22	-65.404337	-42.851778	General
5APW:ChainB:ALA23	-54.472451	-47.577322	General
5APW:ChainB:ARG24	-56.885590	-47.904518	General
5APW:ChainB:LEU25	-65.441104	-38.412759	General
5APW:ChainB:LYS26	-55.683961	-39.226673	General
5APW:ChainB:LYS27	-73.097046	-30.488290	General
5APW:ChainB:LEU28	-89.203114	-41.519740	General
5APW:ChainB:MET29	-68.762407	120.624471	General
5APW:ChainB:ALA30	-73.734206	148.217330	General
5APW:ChainB:THR31	-104.105976	164.427716	General
5APW:ChainB:LYS32	-51.141740	-45.670918	General
5APW:ChainB:ASP33	-62.485982	-40.635437	General
5APW:ChainB:ASP34	-59.224590	-46.486535	General
5APW:ChainB:MET35	-60.772543	-37.863321	General
5APW:ChainB:LYS36	-63.567265	-39.616912	General
5APW:ChainB:GLN37	-69.511452	-41.789909	General
5APW:ChainB:LEU38	-65.402309	-37.046859	General
5APW:ChainB:GLU39	-60.514269	-37.172261	General
5APW:ChainB:ASP40	-73.880696	-37.311290	General
5APW:ChainB:LYS41	-62.270846	-43.393812	General
5APW:ChainB:VAL42	-64.631334	-37.671753	General
5APW:ChainB:GLU43	-53.732725	-47.280764	General
5APW:ChainB:GLU44	-58.672263	-44.323537	General
5APW:ChainB:LEU45	-65.645926	-52.103870	General
5APW:ChainB:LEU46	-64.116497	-33.175199	General
5APW:ChainB:SER47	-69.138646	-41.665067	General
5APW:ChainB:LYS48	-71.636190	-35.781691	General
5APW:ChainB:VAL49	-63.095259	-49.223560	General
5APW:ChainB:TYR50	-57.541699	-43.797891	General
5APW:ChainB:HIS51	-63.646586	-43.566675	General
5APW:ChainB:LEU52	-62.193433	-40.501084	General
5APW:ChainB:GLU53	-55.038937	-43.323625	General
5APW:ChainB:ASN54	-68.371355	-44.875051	General
5APW:ChainB:GLU55	-63.867505	-39.784684	General
5APW:ChainB:VAL56	-65.593954	-43.808594	General
5APW:ChainB:ALA57	-58.985542	-43.298469	General
5APW:ChainB:ARG58	-60.451257	-53.140264	General
5APW:ChainB:LEU59	-54.453330	-35.287119	General
5APW:ChainB:LYS60	-69.160516	-43.765686	General
5APW:ChainB:LYS61	-60.669178	-37.946590	General
5APW:ChainB:LEU62	-65.549302	-45.765295	General
5APW:ChainC:MET1	-62.508826	-41.092757	General
5APW:ChainC:LYS2	-58.489084	-42.845058	General
5APW:ChainC:GLN3	-70.507679	-35.447681	General
5APW:ChainC:LEU4	-65.691061	-43.614825	General
5APW:ChainC:GLU5	-63.340677	-35.444624	General
5APW:ChainC:ASP6	-65.983194	-38.915668	General
5APW:ChainC:LYS7	-67.673947	-41.738201	General
5APW:ChainC:VAL8	-64.599661	-41.210679	General
5APW:ChainC:GLU9	-66.408430	-34.258737	General
5APW:ChainC:GLU10	-64.420421	-43.115562	General
5APW:ChainC:LEU11	-66.828905	-41.664248	General
5APW:ChainC:LEU12	-58.130592	-44.135885	General
5APW:ChainC:SER13	-59.480864	-41.719359	General
5APW:ChainC:LYS14	-65.208042	-34.674490	General
5APW:ChainC:VAL15	-71.228313	-37.113929	General
5APW:ChainC:TYR16	-60.464826	-41.871398	General
5APW:ChainC:HIS17	-66.432679	-43.613802	General
5APW:ChainC:LEU18	-59.927402	-40.539463	General
5APW:ChainC:GLU19	-59.452499	-44.335041	General
5APW:ChainC:ASN20	-62.364867	-40.783467	General
5APW:ChainC:GLU21	-64.989360	-40.181275	General
5APW:ChainC:VAL22	-65.034840	-46.093044	General
5APW:ChainC:ALA23	-60.975743	-37.263306	General
5APW:ChainC:ARG24	-65.672292	-39.817530	General
5APW:ChainC:LEU25	-58.126689	-48.462905	General
5APW:ChainC:LYS26	-57.458862	-37.989875	General
5APW:ChainC:LYS27	-67.398777	-37.383722	General
5APW:ChainC:LEU28	-92.722791	-29.666381	General
5APW:ChainC:MET29	-71.298140	134.613362	General
5APW:ChainC:ALA30	-75.072623	151.942854	General
5APW:ChainC:THR31	-114.158885	160.274395	General
5APW:ChainC:LYS32	-52.870183	-43.632903	General
5APW:ChainC:ASP33	-61.061249	-42.206422	General
5APW:ChainC:ASP34	-74.645318	-34.006491	General
5APW:ChainC:MET35	-63.176404	-42.361285	General
5APW:ChainC:LYS36	-62.560970	-38.373091	General
5APW:ChainC:GLN37	-62.459712	-44.481612	General
5APW:ChainC:LEU38	-66.633730	-41.149493	General
5APW:ChainC:GLU39	-64.151670	-41.628929	General
5APW:ChainC:ASP40	-57.385733	-44.728248	General
5APW:ChainC:LYS41	-64.735294	-42.442845	General
5APW:ChainC:VAL42	-60.902635	-41.789202	General
5APW:ChainC:GLU43	-65.816256	-38.859740	General
5APW:ChainC:GLU44	-61.370712	-43.087263	General
5APW:ChainC:LEU45	-66.767783	-39.619216	General
5APW:ChainC:LEU46	-60.733178	-39.936191	General
5APW:ChainC:SER47	-67.635248	-39.152981	General
5APW:ChainC:LYS48	-61.466963	-41.876389	General
5APW:ChainC:VAL49	-65.583404	-42.719846	General
5APW:ChainC:TYR50	-59.050974	-39.363733	General
5APW:ChainC:HIS51	-67.909427	-42.994769	General
5APW:ChainC:LEU52	-58.448462	-40.000752	General
5APW:ChainC:GLU53	-61.602788	-48.104350	General
5APW:ChainC:ASN54	-61.115685	-38.891457	General
5APW:ChainC:GLU55	-66.077179	-44.028079	General
5APW:ChainC:VAL56	-61.598442	-45.138108	General
5APW:ChainC:ALA57	-55.276350	-45.214516	General
5APW:ChainC:ARG58	-66.216649	-47.521355	General
5APW:ChainC:LEU59	-54.814339	-50.242546	General
5APW:ChainC:LYS60	-50.530439	-45.249194	General
5APW:ChainC:LYS61	-66.819145	-30.959268	General
5APW:ChainC:LEU62	-69.517632	-40.217118	General
