5APZ:ChainA:LEU4	-46.418956	-49.779364	General
5APZ:ChainA:GLU5	-57.124454	-35.686505	General
5APZ:ChainA:MET6	-65.030438	-39.316742	General
5APZ:ChainA:LYS7	-71.442720	-35.965552	General
5APZ:ChainA:VAL8	-68.271548	-42.302656	General
5APZ:ChainA:GLU9	-61.025261	-46.212440	General
5APZ:ChainA:GLU10	-52.814953	-48.056342	General
5APZ:ChainA:LEU11	-64.457178	-41.081501	General
5APZ:ChainA:LEU12	-57.509674	-47.101416	General
5APZ:ChainA:SER13	-63.518638	-48.632916	General
5APZ:ChainA:LYS14	-60.411899	-40.104304	General
5APZ:ChainA:VAL15	-67.606833	-41.105620	General
5APZ:ChainA:TYR16	-61.607271	-41.557619	General
5APZ:ChainA:HIS17	-64.661791	-45.417690	General
5APZ:ChainA:LEU18	-57.465821	-39.045509	General
5APZ:ChainA:GLU19	-59.162804	-45.498136	General
5APZ:ChainA:ASN20	-66.615563	-38.043090	General
5APZ:ChainA:GLU21	-64.404687	-42.327581	General
5APZ:ChainA:VAL22	-65.358179	-44.084621	General
5APZ:ChainA:ALA23	-59.549556	-41.141722	General
5APZ:ChainA:ARG24	-68.432200	-39.038384	General
5APZ:ChainA:LEU25	-60.011840	-41.824102	General
5APZ:ChainA:LYS26	-59.902412	-41.936861	General
5APZ:ChainA:LYS27	-58.307249	-46.005456	General
5APZ:ChainA:LEU28	-65.251494	-45.466249	General
5APZ:ChainA:ILE29	-61.992567	-41.279310	General
5APZ:ChainA:THR30	-56.226316	-46.380690	General
5APZ:ChainA:LEU31	-63.137306	-43.899712	General
5APZ:ChainA:MET32	-57.872173	-49.198428	General
5APZ:ChainA:GLN33	-61.494830	-40.591965	General
5APZ:ChainA:ALA34	-63.674206	-26.685265	General
5APZ:ChainA:ASN35	-107.007173	2.317249	General
5APZ:ChainA:MET36	-85.673346	138.794990	General
5APZ:ChainA:ALA37	-86.812529	147.140703	General
5APZ:ChainA:THR38	-112.178558	163.175734	General
5APZ:ChainA:LYS39	-55.230386	-38.020468	General
5APZ:ChainA:ASP40	-61.747334	-41.357854	General
5APZ:ChainA:ASP41	-56.469223	-48.610689	General
5APZ:ChainA:LEU42	-59.803180	-37.285480	General
5APZ:ChainA:ALA43	-59.720260	-26.903784	General
5APZ:ChainA:ARG44	-83.901171	-6.609959	General
5APZ:ChainA:MET45	-97.242424	149.099339	General
5APZ:ChainA:ALA46	-75.627948	135.909369	General
5APZ:ChainA:THR47	-87.850473	163.043069	General
5APZ:ChainA:LYS48	-52.629010	-41.388305	General
5APZ:ChainA:ASP49	-63.175447	-37.621020	General
5APZ:ChainA:ASP50	-57.722468	-28.531152	General
5APZ:ChainA:ILE51	-107.600941	10.657331	General
5APZ:ChainA:ALA52	-63.491442	-28.266770	General
5APZ:ChainA:ASN53	-105.893014	22.879433	General
5APZ:ChainA:MET54	-66.712657	134.632095	General
5APZ:ChainA:ALA55	-85.334587	143.912340	General
5APZ:ChainA:THR56	-106.167920	167.689830	General
5APZ:ChainA:LYS57	-63.758035	-33.197212	General
5APZ:ChainA:ASP58	-65.919227	-38.809293	General
5APZ:ChainA:ASP59	-53.755616	-35.020815	General
5APZ:ChainA:ILE60	-102.923286	11.829321	General
5APZ:ChainA:ALA61	-60.785184	-28.861267	General
5APZ:ChainA:ASN62	-109.455815	23.978290	General
5APZ:ChainA:MET63	-69.504483	127.751418	General
5APZ:ChainA:ALA64	-75.800305	154.374656	General
5APZ:ChainA:THR65	-116.532269	166.840244	General
5APZ:ChainA:LYS66	-59.575136	-31.639614	General
5APZ:ChainA:ASP67	-70.513975	-34.311217	General
5APZ:ChainA:ASP68	-59.560290	-45.109160	General
5APZ:ChainA:ILE69	-60.885667	-44.850840	General
5APZ:ChainA:ALA70	-61.930876	-44.310396	General
5APZ:ChainA:LYS71	-59.831437	-40.205129	General
5APZ:ChainA:LEU72	-67.569008	-39.297302	General
5APZ:ChainA:ASP73	-63.206560	-39.089108	General
5APZ:ChainA:VAL74	-59.139990	-44.572427	General
5APZ:ChainA:LYS75	-61.338598	-39.609300	General
5APZ:ChainA:ILE76	-69.283717	-43.247542	General
5APZ:ChainA:GLU77	-62.514140	-40.371826	General
5APZ:ChainA:ASN78	-67.054780	-38.033822	General
5APZ:ChainA:LEU79	-64.264764	-39.257528	General
5APZ:ChainA:ASN80	-60.392163	-42.249176	General
5APZ:ChainA:THR81	-67.776594	-42.320632	General
5APZ:ChainA:LYS82	-62.111989	-40.778379	General
5APZ:ChainA:MET83	-61.270201	-43.709025	General
5APZ:ChainA:LYS84	-62.730136	-43.630872	General
5APZ:ChainA:GLN85	-58.596113	-43.575421	General
5APZ:ChainA:LEU86	-64.571659	-42.860279	General
5APZ:ChainA:GLU87	-51.268004	-47.053167	General
5APZ:ChainA:TRP88	-64.199595	-41.510156	General
5APZ:ChainA:LYS89	-67.604226	-37.389282	General
5APZ:ChainA:VAL90	-62.360098	-40.048816	General
5APZ:ChainA:GLU91	-63.175208	-40.765841	General
5APZ:ChainA:GLU92	-64.494262	-46.652169	General
5APZ:ChainA:LEU93	-64.199045	-40.730233	General
5APZ:ChainA:LEU94	-55.765788	-43.177787	General
5APZ:ChainA:SER95	-65.597212	-46.110912	General
5APZ:ChainA:LYS96	-63.138715	-38.897504	General
5APZ:ChainA:VAL97	-64.329845	-45.365491	General
5APZ:ChainA:TYR98	-57.402774	-43.645847	General
5APZ:ChainA:HIS99	-69.780593	-36.436012	General
5APZ:ChainA:LEU100	-62.299109	-42.167945	General
5APZ:ChainA:GLU101	-58.821366	-44.030484	General
5APZ:ChainA:ASN102	-62.448531	-44.328983	General
5APZ:ChainA:GLU103	-61.944403	-43.506641	General
5APZ:ChainA:VAL104	-67.036299	-41.197124	General
5APZ:ChainA:ALA105	-55.050956	-44.361033	General
5APZ:ChainA:ARG106	-62.855763	-46.496507	General
5APZ:ChainA:LEU107	-58.385596	-42.138371	General
5APZ:ChainA:LYS108	-63.933118	-37.617541	General
5APZ:ChainA:LYS109	-62.279186	-39.285938	General
5APZ:ChainA:LEU110	-78.772550	-31.254363	General
5APZ:ChainA:VAL111	-88.241141	-38.436241	General
5APZ:ChainA:GLY112	56.842377	-131.592028	Glycine
5APZ:ChainA:SER113	-84.552984	-2.404140	General
