5AV8:ChainA:PRO38	-63.424422	169.308642	Proline
5AV8:ChainA:HIS39	-90.534632	137.357441	General
5AV8:ChainA:ARG40	-144.156943	125.655400	General
5AV8:ChainA:TYR41	-76.739950	148.234920	General
5AV8:ChainA:ARG42	-66.569508	148.158128	Pre-Pro
5AV8:ChainA:PRO43	-56.417331	127.407024	Proline
5AV8:ChainA:GLY44	110.316758	-35.255692	Glycine
5AV8:ChainA:THR45	-60.113503	-49.233407	General
5AV8:ChainA:VAL46	-70.945435	-31.848953	General
5AV8:ChainA:ALA47	-62.467774	-43.815988	General
5AV8:ChainA:LEU48	-66.482012	-32.927823	General
5AV8:ChainA:ARG49	-65.761607	-40.126897	General
5AV8:ChainA:GLU50	-68.210930	-41.804689	General
5AV8:ChainA:ILE51	-53.431914	-50.257576	General
5AV8:ChainA:ARG52	-62.403960	-39.610692	General
5AV8:ChainA:ARG53	-64.965988	-44.941367	General
5AV8:ChainA:TYR54	-85.094266	-20.994693	General
5AV8:ChainA:GLN55	-77.027036	-17.758899	General
5AV8:ChainA:LYS56	-81.235229	-30.369131	General
5AV8:ChainA:SER57	-104.977460	173.480310	General
5AV8:ChainA:THR58	-130.801157	-2.128161	General
5AV8:ChainA:GLU59	-65.467974	149.447908	General
5AV8:ChainA:LEU60	-63.530443	145.986097	General
5AV8:ChainA:LEU61	-113.886126	-15.724884	General
5AV8:ChainA:ILE62	-89.876915	143.719522	General
5AV8:ChainA:ARG63	-70.643092	138.536954	General
5AV8:ChainA:LYS64	-61.390904	-54.763901	General
5AV8:ChainA:LEU65	-60.163630	-48.450487	Pre-Pro
5AV8:ChainA:PRO66	-61.034566	-34.453647	Proline
5AV8:ChainA:PHE67	-64.316160	-45.536131	General
5AV8:ChainA:GLN68	-56.934012	-42.485451	General
5AV8:ChainA:ARG69	-62.378871	-42.897444	General
5AV8:ChainA:LEU70	-60.819760	-46.562250	General
5AV8:ChainA:VAL71	-60.829509	-46.760358	General
5AV8:ChainA:ARG72	-63.721613	-38.195072	General
5AV8:ChainA:GLU73	-63.051684	-44.364515	General
5AV8:ChainA:ILE74	-67.189486	-42.006399	General
5AV8:ChainA:ALA75	-66.391084	-32.452846	General
5AV8:ChainA:GLN76	-62.449784	-25.227740	General
5AV8:ChainA:ASP77	-80.278141	-3.577388	General
5AV8:ChainA:PHE78	-111.217270	-36.540911	General
5AV8:ChainA:LYS79	-158.289299	128.869158	General
5AV8:ChainA:THR80	-83.655389	160.280878	General
5AV8:ChainA:ASP81	60.923469	38.184653	General
5AV8:ChainA:LEU82	-84.190696	153.035700	General
5AV8:ChainA:ARG83	-116.558540	158.527300	General
5AV8:ChainA:PHE84	-124.104315	132.428571	General
5AV8:ChainA:GLN85	-59.048615	148.662162	General
5AV8:ChainA:SER86	-63.261675	-33.551296	General
5AV8:ChainA:SER87	-72.824177	-24.093629	General
5AV8:ChainA:ALA88	-66.318853	-47.671440	General
5AV8:ChainA:VAL89	-61.695294	-43.357809	General
5AV8:ChainA:MET90	-61.887813	-40.106979	General
5AV8:ChainA:ALA91	-62.410240	-37.912147	General
5AV8:ChainA:LEU92	-67.930673	-36.663812	General
5AV8:ChainA:GLN93	-74.237121	-35.840071	General
5AV8:ChainA:GLU94	-63.400506	-46.180025	General
5AV8:ChainA:ALA95	-63.729026	-46.548481	General
5AV8:ChainA:CYS96	-65.220298	-42.043502	General
5AV8:ChainA:GLU97	-69.227649	-39.493425	General
5AV8:ChainA:ALA98	-64.549100	-36.922693	General
5AV8:ChainA:TYR99	-66.514831	-45.821919	General
5AV8:ChainA:LEU100	-67.589048	-38.801976	General
5AV8:ChainA:VAL101	-62.636000	-47.116489	General
5AV8:ChainA:GLY102	-59.117296	-43.277202	Glycine
5AV8:ChainA:LEU103	-63.060403	-38.847225	General
5AV8:ChainA:PHE104	-65.610284	-35.974171	General
5AV8:ChainA:GLU105	-57.117242	-50.827257	General
5AV8:ChainA:ASP106	-61.528620	-43.868254	General
5AV8:ChainA:THR107	-55.992586	-45.566169	General
5AV8:ChainA:ASN108	-59.971082	-41.471274	General
5AV8:ChainA:LEU109	-62.358599	-35.153933	General
5AV8:ChainA:CYS110	-69.383682	-42.206788	General
5AV8:ChainA:ALA111	-59.595907	-48.869936	General
5AV8:ChainA:ILE112	-61.629344	-34.547611	General
5AV8:ChainA:HIS113	-59.158861	-36.528347	General
5AV8:ChainA:ALA114	-92.504004	17.396809	General
5AV8:ChainA:LYS115	65.415625	33.251161	General
5AV8:ChainA:ARG116	-115.012485	165.370361	General
5AV8:ChainA:VAL117	-116.667857	-1.862176	General
5AV8:ChainA:THR118	-104.310637	122.315793	General
5AV8:ChainA:ILE119	-77.112801	142.216491	General
5AV8:ChainA:MET120	-131.821513	164.299714	Pre-Pro
5AV8:ChainA:PRO121	-47.595352	-44.118706	Proline
5AV8:ChainA:LYS122	-64.409269	-20.762399	General
5AV8:ChainA:ASP123	-75.801935	-44.833602	General
5AV8:ChainA:ILE124	-59.248049	-43.749894	General
5AV8:ChainA:GLN125	-65.623583	-44.826607	General
5AV8:ChainA:LEU126	-58.353086	-47.831903	General
5AV8:ChainA:ALA127	-59.313272	-46.199823	General
5AV8:ChainA:ARG128	-66.901109	-36.473048	General
5AV8:ChainA:ARG129	-65.242969	-41.410676	General
5AV8:ChainA:ILE130	-74.830771	-32.950204	General
5AV8:ChainA:ARG131	-63.847779	-19.504905	General
5AV8:ChainA:GLY132	83.845384	23.059618	Glycine
5AV8:ChainA:GLU133	-86.114394	-6.742329	General
5AV8:ChainA:ARG134	-164.600803	170.225037	General
5AV8:ChainB:LEU22	-120.401220	82.862301	General
5AV8:ChainB:ARG23	-104.183005	149.195470	General
5AV8:ChainB:ASP24	-63.196966	159.779315	General
5AV8:ChainB:ASN25	-75.223607	-38.665543	General
5AV8:ChainB:ILE26	-62.473524	-28.054223	General
5AV8:ChainB:GLN27	-76.075228	-11.765037	General
5AV8:ChainB:GLY28	-76.763484	-12.937718	Glycine
5AV8:ChainB:ILE29	-79.990399	100.781638	General
5AV8:ChainB:THR30	-83.793731	157.189007	General
5AV8:ChainB:LYS31	-50.172126	-47.913803	Pre-Pro
5AV8:ChainB:PRO32	-63.988690	-33.332484	Proline
5AV8:ChainB:ALA33	-67.482390	-41.210034	General
5AV8:ChainB:ILE34	-65.279552	-39.977629	General
5AV8:ChainB:ARG35	-55.006999	-48.520196	General
5AV8:ChainB:ARG36	-64.013863	-36.493938	General
5AV8:ChainB:LEU37	-64.932687	-43.925042	General
5AV8:ChainB:ALA38	-60.281089	-40.704269	General
5AV8:ChainB:ARG39	-61.744147	-44.917531	General
5AV8:ChainB:ARG40	-63.766737	-25.964527	General
5AV8:ChainB:GLY41	-80.285610	1.316003	Glycine
5AV8:ChainB:GLY42	88.492608	13.626413	Glycine
5AV8:ChainB:VAL43	-87.392439	125.892696	General
5AV8:ChainB:LYS44	-92.835997	-34.804271	General
5AV8:ChainB:ARG45	-139.422288	136.284360	General
5AV8:ChainB:ILE46	-129.607959	125.508087	General
5AV8:ChainB:SER47	-73.661168	144.493960	General
5AV8:ChainB:GLY48	-57.590622	-22.304929	Glycine
5AV8:ChainB:LEU49	-81.500121	-12.236662	General
5AV8:ChainB:ILE50	-60.560250	-35.553683	General
5AV8:ChainB:TYR51	-65.579313	-43.947574	General
5AV8:ChainB:GLU52	-70.178971	-39.502132	General
5AV8:ChainB:GLU53	-57.700068	-43.140062	General
5AV8:ChainB:THR54	-66.375317	-42.056240	General
5AV8:ChainB:ARG55	-58.830493	-42.775467	General
5AV8:ChainB:GLY56	-63.017577	-41.155913	Glycine
5AV8:ChainB:VAL57	-66.861542	-44.605331	General
5AV8:ChainB:LEU58	-57.066579	-41.682032	General
5AV8:ChainB:LYS59	-67.774017	-43.278168	General
5AV8:ChainB:VAL60	-60.415443	-42.812583	General
5AV8:ChainB:PHE61	-57.678072	-52.657685	General
5AV8:ChainB:LEU62	-60.245668	-44.188309	General
5AV8:ChainB:GLU63	-56.580255	-49.431186	General
5AV8:ChainB:ASN64	-59.070763	-45.843992	General
5AV8:ChainB:VAL65	-73.291298	-45.742801	General
5AV8:ChainB:ILE66	-64.941416	-40.925154	General
5AV8:ChainB:ARG67	-50.934306	-47.356717	General
5AV8:ChainB:ASP68	-69.766790	-44.211294	General
5AV8:ChainB:ALA69	-55.831341	-46.254530	General
5AV8:ChainB:VAL70	-66.780778	-33.647469	General
5AV8:ChainB:THR71	-63.184808	-33.922688	General
5AV8:ChainB:TYR72	-70.507130	-42.464307	General
5AV8:ChainB:THR73	-54.489092	-52.690135	General
5AV8:ChainB:GLU74	-60.386611	-40.564977	General
5AV8:ChainB:HIS75	-62.922397	-33.688475	General
5AV8:ChainB:ALA76	-83.928941	3.134290	General
5AV8:ChainB:LYS77	55.920792	44.049955	General
5AV8:ChainB:ARG78	-109.913680	169.145372	General
5AV8:ChainB:LYS79	-118.320162	0.656535	General
5AV8:ChainB:THR80	-116.610449	119.830489	General
5AV8:ChainB:VAL81	-73.492308	119.563510	General
5AV8:ChainB:THR82	-96.498281	166.579754	General
5AV8:ChainB:ALA83	-60.316510	-40.710326	General
5AV8:ChainB:MET84	-62.529076	-38.827159	General
5AV8:ChainB:ASP85	-52.721592	-47.764318	General
5AV8:ChainB:VAL86	-65.706491	-44.159067	General
5AV8:ChainB:VAL87	-61.298766	-43.673650	General
5AV8:ChainB:TYR88	-64.262969	-37.091702	General
5AV8:ChainB:ALA89	-68.829159	-43.275909	General
5AV8:ChainB:LEU90	-61.458761	-39.038476	General
5AV8:ChainB:LYS91	-65.283522	-47.049284	General
5AV8:ChainB:ARG92	-71.075925	-21.287040	General
5AV8:ChainB:GLN93	-83.138960	2.074934	General
5AV8:ChainB:GLY94	71.149268	26.951229	Glycine
5AV8:ChainB:ARG95	-120.421046	44.706945	General
5AV8:ChainB:THR96	-39.596528	129.160002	General
5AV8:ChainB:LEU97	-122.381429	130.197443	General
5AV8:ChainB:TYR98	-97.026616	141.932730	General
5AV8:ChainB:GLY99	114.276147	-0.945664	Glycine
5AV8:ChainB:PHE100	-126.529156	27.822921	General
5AV8:ChainB:GLY101	107.291807	175.647855	Glycine
5AV8:ChainC:ALA14	-84.162687	131.783503	General
5AV8:ChainC:LYS15	-97.606440	136.893715	General
5AV8:ChainC:THR16	-67.838714	150.564336	General
5AV8:ChainC:ARG17	-61.405225	-30.925207	General
5AV8:ChainC:SER18	-61.422510	-50.244117	General
5AV8:ChainC:SER19	-62.597595	-44.507396	General
5AV8:ChainC:ARG20	-56.529507	-29.315251	General
5AV8:ChainC:ALA21	-94.527636	-10.713090	General
5AV8:ChainC:GLY22	82.413931	31.285907	Glycine
5AV8:ChainC:LEU23	-116.467516	148.060136	General
5AV8:ChainC:GLN24	-83.528251	-40.468146	General
5AV8:ChainC:PHE25	-69.663694	146.934958	Pre-Pro
5AV8:ChainC:PRO26	-80.309292	107.734028	Proline
5AV8:ChainC:VAL27	-65.614808	-42.831182	General
5AV8:ChainC:GLY28	-59.327625	-45.110741	Glycine
5AV8:ChainC:ARG29	-65.704271	-46.300157	General
5AV8:ChainC:VAL30	-58.434074	-39.948671	General
5AV8:ChainC:HIS31	-64.413817	-41.373518	General
5AV8:ChainC:ARG32	-67.161629	-38.242758	General
5AV8:ChainC:LEU33	-67.640279	-34.325648	General
5AV8:ChainC:LEU34	-66.038069	-40.009396	General
5AV8:ChainC:ARG35	-72.484735	-40.624775	General
5AV8:ChainC:LYS36	-76.200472	-13.106663	General
5AV8:ChainC:GLY37	-85.743541	0.732824	Glycine
5AV8:ChainC:ASN38	52.729561	50.292583	General
5AV8:ChainC:TYR39	-91.195131	-31.412794	General
5AV8:ChainC:SER40	-163.647021	165.908817	General
5AV8:ChainC:GLU41	-64.682853	-41.066884	General
5AV8:ChainC:ARG42	-127.362556	152.972329	General
5AV8:ChainC:VAL43	-127.443348	114.115954	General
5AV8:ChainC:GLY44	-62.855510	153.508092	Glycine
5AV8:ChainC:ALA45	-66.303913	-29.981267	General
5AV8:ChainC:GLY46	-70.695109	-27.161948	Glycine
5AV8:ChainC:ALA47	-58.614223	-51.978776	Pre-Pro
5AV8:ChainC:PRO48	-72.103733	-20.464181	Proline
5AV8:ChainC:VAL49	-67.181982	-51.143500	General
5AV8:ChainC:TYR50	-61.852335	-43.313195	General
5AV8:ChainC:LEU51	-68.650193	-43.270195	General
5AV8:ChainC:ALA52	-60.709618	-35.935223	General
5AV8:ChainC:ALA53	-68.747415	-42.238088	General
5AV8:ChainC:VAL54	-64.176445	-42.668096	General
5AV8:ChainC:LEU55	-64.938491	-41.870678	General
5AV8:ChainC:GLU56	-59.542944	-47.483915	General
5AV8:ChainC:TYR57	-62.762289	-43.222772	General
5AV8:ChainC:LEU58	-66.313570	-36.333754	General
5AV8:ChainC:THR59	-60.808228	-47.760480	General
5AV8:ChainC:ALA60	-54.341494	-47.315779	General
5AV8:ChainC:GLU61	-59.556947	-43.531330	General
5AV8:ChainC:ILE62	-72.386505	-43.159084	General
5AV8:ChainC:LEU63	-64.820386	-34.735363	General
5AV8:ChainC:GLU64	-58.709690	-53.375937	General
5AV8:ChainC:LEU65	-69.831077	-30.079678	General
5AV8:ChainC:ALA66	-74.829291	-40.072288	General
5AV8:ChainC:GLY67	-64.039181	-32.812338	Glycine
5AV8:ChainC:ASN68	-66.304873	-40.255974	General
5AV8:ChainC:ALA69	-65.824474	-39.575008	General
5AV8:ChainC:ALA70	-58.652009	-49.534577	General
5AV8:ChainC:ARG71	-58.506960	-45.009266	General
5AV8:ChainC:ASP72	-56.240889	-29.615508	General
5AV8:ChainC:ASN73	-98.495482	18.298434	General
5AV8:ChainC:LYS74	55.231891	41.743118	General
5AV8:ChainC:LYS75	-122.725883	149.871805	General
5AV8:ChainC:THR76	-104.445957	-11.668181	General
5AV8:ChainC:ARG77	-109.768375	121.573743	General
5AV8:ChainC:ILE78	-64.718511	129.159372	General
5AV8:ChainC:ILE79	-122.297269	170.146345	Pre-Pro
5AV8:ChainC:PRO80	-55.756276	-35.145242	Proline
5AV8:ChainC:ARG81	-52.059384	-40.837739	General
5AV8:ChainC:HIS82	-72.381855	-36.289920	General
5AV8:ChainC:LEU83	-61.524793	-38.699350	General
5AV8:ChainC:GLN84	-70.981679	-44.010610	General
5AV8:ChainC:LEU85	-58.069867	-44.710598	General
5AV8:ChainC:ALA86	-60.635679	-44.133710	General
5AV8:ChainC:ILE87	-71.462477	-43.178884	General
5AV8:ChainC:ARG88	-81.925543	-22.209113	General
5AV8:ChainC:ASN89	-86.413758	-6.139655	General
5AV8:ChainC:ASP90	-110.156133	117.043824	General
5AV8:ChainC:GLU91	-58.777183	-37.964177	General
5AV8:ChainC:GLU92	-80.008039	-38.909344	General
5AV8:ChainC:LEU93	-66.956418	-36.467053	General
5AV8:ChainC:ASN94	-61.327594	-39.713353	General
5AV8:ChainC:LYS95	-68.922112	-48.025408	General
5AV8:ChainC:LEU96	-58.858625	-39.579093	General
5AV8:ChainC:LEU97	-105.636859	29.459677	General
5AV8:ChainC:GLY98	-67.188036	-19.128174	Glycine
5AV8:ChainC:ARG99	-116.202252	31.045019	General
5AV8:ChainC:VAL100	-116.375335	139.917506	General
5AV8:ChainC:THR101	-109.537851	125.183226	General
5AV8:ChainC:ILE102	-96.362900	110.978744	General
5AV8:ChainC:ALA103	-57.379135	137.533817	General
5AV8:ChainC:GLN104	57.014838	27.783613	General
5AV8:ChainC:GLY105	-90.375466	-26.945450	Glycine
5AV8:ChainC:GLY106	61.600867	-156.402163	Glycine
5AV8:ChainC:VAL107	-131.610366	164.537744	General
5AV8:ChainC:LEU108	-70.776009	135.810569	Pre-Pro
5AV8:ChainC:PRO109	-55.528580	132.961970	Proline
5AV8:ChainC:ASN110	-173.629223	106.591813	General
5AV8:ChainC:ILE111	-110.431198	122.086965	General
5AV8:ChainC:GLN112	-55.098043	135.921557	General
5AV8:ChainC:ALA113	-62.108964	-37.076681	General
5AV8:ChainC:VAL114	-63.906409	-17.881736	General
5AV8:ChainC:LEU115	-84.144623	-12.249150	General
5AV8:ChainC:LEU116	-75.443023	149.096748	Pre-Pro
5AV8:ChainC:PRO117	-72.796606	156.116680	Proline
5AV8:ChainD:LYS30	-102.612249	128.633439	General
5AV8:ChainD:ARG31	-69.306266	123.807288	General
5AV8:ChainD:SER32	-62.838206	164.257225	General
5AV8:ChainD:ARG33	-68.933012	130.214959	General
5AV8:ChainD:LYS34	-105.765115	102.129563	General
5AV8:ChainD:GLU35	-70.296549	142.999047	General
5AV8:ChainD:SER36	-150.706328	174.239363	General
5AV8:ChainD:TYR37	-94.631841	5.408185	General
5AV8:ChainD:SER38	-49.000115	-50.971063	General
5AV8:ChainD:ILE39	-65.316117	-28.510387	General
5AV8:ChainD:TYR40	-80.243486	-41.879681	General
5AV8:ChainD:VAL41	-56.922741	-44.216548	General
5AV8:ChainD:TYR42	-63.009406	-40.899493	General
5AV8:ChainD:LYS43	-61.875382	-44.036427	General
5AV8:ChainD:VAL44	-68.141407	-33.611608	General
5AV8:ChainD:LEU45	-60.022290	-47.273465	General
5AV8:ChainD:LYS46	-66.136128	-27.855326	General
5AV8:ChainD:GLN47	-67.065009	-41.190635	General
5AV8:ChainD:VAL48	-90.977697	-29.355305	General
5AV8:ChainD:HIS49	-143.263496	78.732576	Pre-Pro
5AV8:ChainD:PRO50	-50.655424	-34.659158	Proline
5AV8:ChainD:ASP51	-105.228840	16.120841	General
5AV8:ChainD:THR52	-105.406098	130.180916	General
5AV8:ChainD:GLY53	-93.945246	-179.067529	Glycine
5AV8:ChainD:ILE54	-146.468914	133.431366	General
5AV8:ChainD:SER55	-72.268847	162.863791	General
5AV8:ChainD:SER56	-67.247266	-31.169214	General
5AV8:ChainD:LYS57	-70.228051	-42.612182	General
5AV8:ChainD:ALA58	-59.076261	-40.893258	General
5AV8:ChainD:MET59	-62.613083	-31.532949	General
5AV8:ChainD:GLY60	-67.181606	-42.168824	Glycine
5AV8:ChainD:ILE61	-57.029147	-45.866026	General
5AV8:ChainD:MET62	-65.771760	-37.477034	General
5AV8:ChainD:ASN63	-66.797821	-41.064487	General
5AV8:ChainD:SER64	-60.251466	-40.565097	General
5AV8:ChainD:PHE65	-61.968173	-47.512637	General
5AV8:ChainD:VAL66	-64.347452	-42.951292	General
5AV8:ChainD:ASN67	-60.979661	-46.025652	General
5AV8:ChainD:ASP68	-54.979885	-55.072787	General
5AV8:ChainD:ILE69	-66.405728	-38.772921	General
5AV8:ChainD:PHE70	-50.769711	-52.495384	General
5AV8:ChainD:GLU71	-66.929875	-41.377223	General
5AV8:ChainD:ARG72	-59.798146	-46.364609	General
5AV8:ChainD:ILE73	-68.390681	-46.913745	General
5AV8:ChainD:ALA74	-60.992009	-39.160066	General
5AV8:ChainD:GLY75	-66.325796	-42.402001	Glycine
5AV8:ChainD:GLU76	-67.736168	-35.974561	General
5AV8:ChainD:ALA77	-67.764589	-40.672051	General
5AV8:ChainD:SER78	-53.877453	-50.104014	General
5AV8:ChainD:ARG79	-61.172229	-46.877907	General
5AV8:ChainD:LEU80	-56.669582	-49.872804	General
5AV8:ChainD:ALA81	-56.499628	-51.161054	General
5AV8:ChainD:HIS82	-58.173007	-46.316205	General
5AV8:ChainD:TYR83	-55.016840	-33.072082	General
5AV8:ChainD:ASN84	-104.852508	18.137634	General
5AV8:ChainD:LYS85	54.807173	36.148625	General
5AV8:ChainD:ARG86	-105.486226	140.115585	General
5AV8:ChainD:SER87	-95.440671	-3.525913	General
5AV8:ChainD:THR88	-117.981519	127.926508	General
5AV8:ChainD:ILE89	-91.048993	109.732417	General
5AV8:ChainD:THR90	-106.711742	179.376075	General
5AV8:ChainD:SER91	-63.236459	-21.433428	General
5AV8:ChainD:ARG92	-67.858322	-39.426202	General
5AV8:ChainD:GLU93	-64.899330	-44.130515	General
5AV8:ChainD:ILE94	-58.321217	-41.628165	General
5AV8:ChainD:GLN95	-66.476169	-47.561341	General
5AV8:ChainD:THR96	-61.238238	-44.412524	General
5AV8:ChainD:ALA97	-55.400515	-41.261106	General
5AV8:ChainD:VAL98	-64.249036	-36.815056	General
5AV8:ChainD:ARG99	-73.325744	-37.343829	General
5AV8:ChainD:LEU100	-65.647484	-40.285282	General
5AV8:ChainD:LEU101	-86.065706	-37.579666	General
5AV8:ChainD:LEU102	-95.251034	145.291429	Pre-Pro
5AV8:ChainD:PRO103	-73.951745	142.545444	Proline
5AV8:ChainD:GLY104	18.562499	-98.571363	Glycine
5AV8:ChainD:GLU105	-64.713929	-36.398021	General
5AV8:ChainD:LEU106	-64.561737	-37.559447	General
5AV8:ChainD:ALA107	-67.066389	-50.610646	General
5AV8:ChainD:LYS108	-50.120627	-53.983520	General
5AV8:ChainD:HIS109	-66.709250	-36.476294	General
5AV8:ChainD:ALA110	-65.349268	-44.140140	General
5AV8:ChainD:VAL111	-57.828943	-45.571983	General
5AV8:ChainD:SER112	-67.158726	-43.287780	General
5AV8:ChainD:GLU113	-63.379526	-39.121172	General
5AV8:ChainD:GLY114	-63.178405	-48.039161	Glycine
5AV8:ChainD:THR115	-62.857054	-46.965074	General
5AV8:ChainD:LYS116	-54.840736	-43.321745	General
5AV8:ChainD:ALA117	-69.171559	-34.939624	General
5AV8:ChainD:VAL118	-72.581666	-46.322504	General
5AV8:ChainD:THR119	-62.581890	-36.870972	General
5AV8:ChainD:LYS120	-67.354716	-39.381433	General
5AV8:ChainD:TYR121	-66.055726	-38.448097	General
5AV8:ChainD:THR122	-80.683517	-25.189469	General
5AV8:ChainD:SER123	-71.499061	-11.648690	General
5AV8:ChainD:ALA124	-101.281394	-168.770692	General
5AV8:ChainE:PRO38	-56.459444	141.477683	Proline
5AV8:ChainE:HIS39	-73.644384	137.286778	General
5AV8:ChainE:ARG40	-137.844347	126.172161	General
5AV8:ChainE:TYR41	-72.002323	151.264034	General
5AV8:ChainE:ARG42	-71.190872	154.868749	Pre-Pro
5AV8:ChainE:PRO43	-58.482346	120.144924	Proline
5AV8:ChainE:GLY44	110.488434	-25.153545	Glycine
5AV8:ChainE:THR45	-66.150724	-44.970387	General
5AV8:ChainE:VAL46	-73.163637	-37.193067	General
5AV8:ChainE:ALA47	-56.376734	-43.780883	General
5AV8:ChainE:LEU48	-66.969738	-43.132517	General
5AV8:ChainE:ARG49	-54.132609	-40.620426	General
5AV8:ChainE:GLU50	-69.967944	-37.650630	General
5AV8:ChainE:ILE51	-59.597330	-48.382141	General
5AV8:ChainE:ARG52	-59.892274	-43.421178	General
5AV8:ChainE:ARG53	-61.987652	-47.466446	General
5AV8:ChainE:TYR54	-83.181438	-23.965318	General
5AV8:ChainE:GLN55	-71.825157	-19.488134	General
5AV8:ChainE:LYS56	-83.414274	-27.133236	General
5AV8:ChainE:SER57	-104.357222	171.219580	General
5AV8:ChainE:THR58	-122.569588	-5.232223	General
5AV8:ChainE:GLU59	-63.898616	146.170737	General
5AV8:ChainE:LEU60	-55.130779	140.874354	General
5AV8:ChainE:LEU61	-105.235688	-15.578418	General
5AV8:ChainE:ILE62	-90.650415	132.205643	General
5AV8:ChainE:ARG63	-54.472445	137.313983	General
5AV8:ChainE:LYS64	-65.017260	-55.120470	General
5AV8:ChainE:LEU65	-62.950748	-43.729849	Pre-Pro
5AV8:ChainE:PRO66	-62.062935	-34.546503	Proline
5AV8:ChainE:PHE67	-67.114686	-43.310065	General
5AV8:ChainE:GLN68	-57.989493	-39.986604	General
5AV8:ChainE:ARG69	-64.379648	-41.376111	General
5AV8:ChainE:LEU70	-60.924431	-45.076620	General
5AV8:ChainE:VAL71	-58.317708	-46.670185	General
5AV8:ChainE:ARG72	-63.851812	-36.983069	General
5AV8:ChainE:GLU73	-66.558387	-49.046837	General
5AV8:ChainE:ILE74	-63.142004	-44.437718	General
5AV8:ChainE:ALA75	-62.650296	-43.304467	General
5AV8:ChainE:GLN76	-59.966181	-37.117766	General
5AV8:ChainE:ASP77	-65.649751	-23.028763	General
5AV8:ChainE:PHE78	-87.546162	-36.286501	General
5AV8:ChainE:LYS79	-164.331724	123.630206	General
5AV8:ChainE:THR80	-76.256166	160.894821	General
5AV8:ChainE:ASP81	68.867109	20.236369	General
5AV8:ChainE:LEU82	-76.541687	140.580920	General
5AV8:ChainE:ARG83	-107.947443	160.683600	General
5AV8:ChainE:PHE84	-127.161273	130.908777	General
5AV8:ChainE:GLN85	-58.525159	146.497320	General
5AV8:ChainE:SER86	-67.045329	-31.315550	General
5AV8:ChainE:SER87	-69.415077	-28.060197	General
5AV8:ChainE:ALA88	-64.024559	-42.181417	General
5AV8:ChainE:VAL89	-65.330179	-44.077861	General
5AV8:ChainE:MET90	-62.437055	-39.169289	General
5AV8:ChainE:ALA91	-64.995760	-34.786525	General
5AV8:ChainE:LEU92	-67.571072	-42.397363	General
5AV8:ChainE:GLN93	-66.596899	-41.846657	General
5AV8:ChainE:GLU94	-57.777921	-49.890988	General
5AV8:ChainE:ALA95	-61.283369	-44.064212	General
5AV8:ChainE:CYS96	-64.559509	-43.215292	General
5AV8:ChainE:GLU97	-68.037898	-39.955966	General
5AV8:ChainE:ALA98	-61.946245	-43.986955	General
5AV8:ChainE:TYR99	-55.984145	-47.596963	General
5AV8:ChainE:LEU100	-68.715605	-41.938305	General
5AV8:ChainE:VAL101	-61.553966	-47.130641	General
5AV8:ChainE:GLY102	-61.188565	-36.026581	Glycine
5AV8:ChainE:LEU103	-70.720594	-44.333920	General
5AV8:ChainE:PHE104	-58.763778	-32.239407	General
5AV8:ChainE:GLU105	-63.102049	-47.547529	General
5AV8:ChainE:ASP106	-63.613570	-38.834938	General
5AV8:ChainE:THR107	-63.238375	-43.774578	General
5AV8:ChainE:ASN108	-57.708595	-41.934236	General
5AV8:ChainE:LEU109	-65.419266	-36.359714	General
5AV8:ChainE:CYS110	-66.598537	-42.617575	General
5AV8:ChainE:ALA111	-60.404186	-48.947373	General
5AV8:ChainE:ILE112	-63.367393	-35.842979	General
5AV8:ChainE:HIS113	-58.236058	-35.456712	General
5AV8:ChainE:ALA114	-86.724734	13.650130	General
5AV8:ChainE:LYS115	61.438039	41.710783	General
5AV8:ChainE:ARG116	-122.851467	158.266273	General
5AV8:ChainE:VAL117	-106.913733	-9.804210	General
5AV8:ChainE:THR118	-102.639189	119.589849	General
5AV8:ChainE:ILE119	-76.660005	139.290897	General
5AV8:ChainE:MET120	-125.942954	166.916160	Pre-Pro
5AV8:ChainE:PRO121	-52.564323	-39.390241	Proline
5AV8:ChainE:LYS122	-65.173734	-25.087280	General
5AV8:ChainE:ASP123	-71.423794	-42.600238	General
5AV8:ChainE:ILE124	-60.280124	-43.486783	General
5AV8:ChainE:GLN125	-67.763252	-40.335525	General
5AV8:ChainE:LEU126	-65.890934	-41.462602	General
5AV8:ChainE:ALA127	-58.995468	-47.874286	General
5AV8:ChainE:ARG128	-66.653027	-35.011548	General
5AV8:ChainE:ARG129	-64.531332	-48.902027	General
5AV8:ChainE:ILE130	-66.408562	-36.326251	General
5AV8:ChainE:ARG131	-61.790929	-22.175136	General
5AV8:ChainE:GLY132	85.991158	25.796659	Glycine
5AV8:ChainE:GLU133	-90.273190	-8.191410	General
5AV8:ChainE:ARG134	-156.826771	8.219161	General
5AV8:ChainF:HIS18	-139.814785	159.089687	General
5AV8:ChainF:ARG19	-72.399420	155.503233	General
5AV8:ChainF:LYS20	-53.057475	142.622936	General
5AV8:ChainF:VAL21	-51.543067	135.785020	General
5AV8:ChainF:LEU22	-92.661003	121.950530	General
5AV8:ChainF:ARG23	-152.907236	154.913463	General
5AV8:ChainF:ASP24	62.710339	22.257144	General
5AV8:ChainF:ASN25	-72.509225	-8.285182	General
5AV8:ChainF:ILE26	-62.641459	-25.188588	General
5AV8:ChainF:GLN27	-76.715108	-12.861138	General
5AV8:ChainF:GLY28	-70.550043	-14.243108	Glycine
5AV8:ChainF:ILE29	-82.074931	85.490014	General
5AV8:ChainF:THR30	-73.227113	163.829940	General
5AV8:ChainF:LYS31	-56.719106	-42.455835	Pre-Pro
5AV8:ChainF:PRO32	-71.375411	-31.772089	Proline
5AV8:ChainF:ALA33	-61.822681	-42.404914	General
5AV8:ChainF:ILE34	-68.875995	-38.941818	General
5AV8:ChainF:ARG35	-60.281939	-44.337276	General
5AV8:ChainF:ARG36	-59.850790	-43.653390	General
5AV8:ChainF:LEU37	-64.257518	-37.210718	General
5AV8:ChainF:ALA38	-66.142143	-39.032494	General
5AV8:ChainF:ARG39	-63.202420	-42.227309	General
5AV8:ChainF:ARG40	-61.116758	-33.631813	General
5AV8:ChainF:GLY41	-80.520541	2.752423	Glycine
5AV8:ChainF:GLY42	90.047671	15.378397	Glycine
5AV8:ChainF:VAL43	-87.104511	127.363014	General
5AV8:ChainF:LYS44	-91.526052	-37.095400	General
5AV8:ChainF:ARG45	-138.897679	139.761511	General
5AV8:ChainF:ILE46	-132.625432	120.749089	General
5AV8:ChainF:SER47	-66.800547	149.321684	General
5AV8:ChainF:GLY48	-57.568516	-30.942438	Glycine
5AV8:ChainF:LEU49	-79.611391	-5.999388	General
5AV8:ChainF:ILE50	-62.769253	-34.889120	General
5AV8:ChainF:TYR51	-65.168234	-46.832670	General
5AV8:ChainF:GLU52	-68.810537	-37.669519	General
5AV8:ChainF:GLU53	-57.752079	-40.991811	General
5AV8:ChainF:THR54	-70.842495	-41.063476	General
5AV8:ChainF:ARG55	-55.131325	-47.335512	General
5AV8:ChainF:GLY56	-61.321127	-42.760940	Glycine
5AV8:ChainF:VAL57	-66.696177	-42.300660	General
5AV8:ChainF:LEU58	-61.041518	-44.144368	General
5AV8:ChainF:LYS59	-61.108073	-43.551115	General
5AV8:ChainF:VAL60	-59.577343	-44.713013	General
5AV8:ChainF:PHE61	-64.008063	-50.413923	General
5AV8:ChainF:LEU62	-57.784829	-45.094401	General
5AV8:ChainF:GLU63	-58.913001	-45.461008	General
5AV8:ChainF:ASN64	-61.553591	-44.837147	General
5AV8:ChainF:VAL65	-71.982496	-45.384704	General
5AV8:ChainF:ILE66	-60.528337	-41.248975	General
5AV8:ChainF:ARG67	-56.093213	-45.897171	General
5AV8:ChainF:ASP68	-69.391327	-40.098449	General
5AV8:ChainF:ALA69	-61.379405	-49.457501	General
5AV8:ChainF:VAL70	-62.357730	-31.477385	General
5AV8:ChainF:THR71	-64.754175	-40.219096	General
5AV8:ChainF:TYR72	-63.486713	-43.311039	General
5AV8:ChainF:THR73	-55.866682	-53.146483	General
5AV8:ChainF:GLU74	-59.909011	-40.839198	General
5AV8:ChainF:HIS75	-64.254009	-31.691316	General
5AV8:ChainF:ALA76	-81.034074	-3.077795	General
5AV8:ChainF:LYS77	64.422057	30.445380	General
5AV8:ChainF:ARG78	-99.128433	162.714157	General
5AV8:ChainF:LYS79	-108.929805	-1.247778	General
5AV8:ChainF:THR80	-118.316798	120.339122	General
5AV8:ChainF:VAL81	-70.067407	121.890591	General
5AV8:ChainF:THR82	-93.165622	162.557133	General
5AV8:ChainF:ALA83	-58.232983	-36.463134	General
5AV8:ChainF:MET84	-66.270507	-36.291765	General
5AV8:ChainF:ASP85	-54.164912	-46.471178	General
5AV8:ChainF:VAL86	-65.509317	-45.757184	General
5AV8:ChainF:VAL87	-60.256153	-42.973400	General
5AV8:ChainF:TYR88	-67.656286	-40.083140	General
5AV8:ChainF:ALA89	-63.093076	-45.792390	General
5AV8:ChainF:LEU90	-62.163774	-39.678857	General
5AV8:ChainF:LYS91	-59.703181	-48.055260	General
5AV8:ChainF:ARG92	-72.094188	-17.414795	General
5AV8:ChainF:GLN93	-94.438500	10.116455	General
5AV8:ChainF:GLY94	69.863897	28.549086	Glycine
5AV8:ChainF:ARG95	-118.640238	48.958610	General
5AV8:ChainF:THR96	-45.111289	127.515267	General
5AV8:ChainF:LEU97	-118.093354	128.788579	General
5AV8:ChainF:TYR98	-96.584793	142.424066	General
5AV8:ChainF:GLY99	118.866411	1.572753	Glycine
5AV8:ChainF:PHE100	-129.707250	22.154196	General
5AV8:ChainF:GLY101	111.176747	5.735589	Glycine
5AV8:ChainG:LYS15	-128.546719	130.287489	General
5AV8:ChainG:THR16	-66.150109	149.920584	General
5AV8:ChainG:ARG17	-61.777460	-32.118593	General
5AV8:ChainG:SER18	-63.286032	-53.363337	General
5AV8:ChainG:SER19	-61.110732	-37.330212	General
5AV8:ChainG:ARG20	-60.525581	-31.766860	General
5AV8:ChainG:ALA21	-103.768756	-1.035687	General
5AV8:ChainG:GLY22	83.686995	25.406715	Glycine
5AV8:ChainG:LEU23	-113.786696	146.107395	General
5AV8:ChainG:GLN24	-81.008764	-28.860717	General
5AV8:ChainG:PHE25	-78.971486	142.590435	Pre-Pro
5AV8:ChainG:PRO26	-75.319199	106.179726	Proline
5AV8:ChainG:VAL27	-65.517246	-46.699160	General
5AV8:ChainG:GLY28	-57.467672	-40.940154	Glycine
5AV8:ChainG:ARG29	-67.219639	-44.548510	General
5AV8:ChainG:VAL30	-60.269466	-41.276392	General
5AV8:ChainG:HIS31	-60.675838	-48.976279	General
5AV8:ChainG:ARG32	-62.584458	-34.120053	General
5AV8:ChainG:LEU33	-72.357382	-32.139608	General
5AV8:ChainG:LEU34	-68.416925	-43.704813	General
5AV8:ChainG:ARG35	-63.228673	-46.996351	General
5AV8:ChainG:LYS36	-76.924185	-12.177541	General
5AV8:ChainG:GLY37	-80.627385	-7.865929	Glycine
5AV8:ChainG:ASN38	59.253329	48.787311	General
5AV8:ChainG:TYR39	-89.321526	-26.706987	General
5AV8:ChainG:SER40	-170.876004	164.866804	General
5AV8:ChainG:GLU41	-65.040903	-39.973832	General
5AV8:ChainG:ARG42	-128.283627	146.760721	General
5AV8:ChainG:VAL43	-121.385759	118.112037	General
5AV8:ChainG:GLY44	-63.285792	161.795791	Glycine
5AV8:ChainG:ALA45	-71.274110	-37.355444	General
5AV8:ChainG:GLY46	-78.008111	-24.796511	Glycine
5AV8:ChainG:ALA47	-53.644087	-49.817324	Pre-Pro
5AV8:ChainG:PRO48	-67.512837	-27.348078	Proline
5AV8:ChainG:VAL49	-68.124464	-49.543425	General
5AV8:ChainG:TYR50	-59.055518	-47.301477	General
5AV8:ChainG:LEU51	-65.971175	-42.694838	General
5AV8:ChainG:ALA52	-58.040810	-38.165813	General
5AV8:ChainG:ALA53	-68.362302	-41.645505	General
5AV8:ChainG:VAL54	-61.671627	-44.511311	General
5AV8:ChainG:LEU55	-66.937380	-38.714765	General
5AV8:ChainG:GLU56	-63.219738	-48.287774	General
5AV8:ChainG:TYR57	-59.785496	-48.810958	General
5AV8:ChainG:LEU58	-60.629634	-37.500959	General
5AV8:ChainG:THR59	-63.886782	-43.719812	General
5AV8:ChainG:ALA60	-59.695880	-45.508964	General
5AV8:ChainG:GLU61	-59.625203	-42.219411	General
5AV8:ChainG:ILE62	-71.219700	-42.420730	General
5AV8:ChainG:LEU63	-67.186703	-38.151729	General
5AV8:ChainG:GLU64	-52.618712	-60.053482	General
5AV8:ChainG:LEU65	-63.523110	-34.392612	General
5AV8:ChainG:ALA66	-73.640317	-35.522797	General
5AV8:ChainG:GLY67	-63.193440	-45.525603	Glycine
5AV8:ChainG:ASN68	-56.361385	-39.302831	General
5AV8:ChainG:ALA69	-66.642733	-38.850269	General
5AV8:ChainG:ALA70	-61.457670	-46.289968	General
5AV8:ChainG:ARG71	-65.809876	-34.644118	General
5AV8:ChainG:ASP72	-68.847701	-18.126611	General
5AV8:ChainG:ASN73	-106.639605	14.307996	General
5AV8:ChainG:LYS74	54.641472	43.827034	General
5AV8:ChainG:LYS75	-121.338475	155.163948	General
5AV8:ChainG:THR76	-110.806169	-10.629159	General
5AV8:ChainG:ARG77	-112.940785	118.425989	General
5AV8:ChainG:ILE78	-61.322361	122.227885	General
5AV8:ChainG:ILE79	-115.806103	169.989847	Pre-Pro
5AV8:ChainG:PRO80	-46.622907	-41.586511	Proline
5AV8:ChainG:ARG81	-53.775811	-40.310179	General
5AV8:ChainG:HIS82	-70.122045	-36.012725	General
5AV8:ChainG:LEU83	-62.386211	-44.550901	General
5AV8:ChainG:GLN84	-62.573649	-47.006502	General
5AV8:ChainG:LEU85	-58.934480	-43.495070	General
5AV8:ChainG:ALA86	-63.439202	-44.351424	General
5AV8:ChainG:ILE87	-72.700921	-46.063270	General
5AV8:ChainG:ARG88	-72.805567	-28.054199	General
5AV8:ChainG:ASN89	-80.200475	-12.276987	General
5AV8:ChainG:ASP90	-101.439419	119.747500	General
5AV8:ChainG:GLU91	-54.617666	-47.322925	General
5AV8:ChainG:GLU92	-76.532254	-41.837736	General
5AV8:ChainG:LEU93	-63.946080	-38.558592	General
5AV8:ChainG:ASN94	-63.643027	-38.166659	General
5AV8:ChainG:LYS95	-68.773171	-49.338516	General
5AV8:ChainG:LEU96	-54.484092	-35.662422	General
5AV8:ChainG:LEU97	-113.422672	32.059513	General
5AV8:ChainG:GLY98	-65.095631	-25.801007	Glycine
5AV8:ChainG:ARG99	-111.627014	30.312473	General
5AV8:ChainG:VAL100	-117.791460	140.097348	General
5AV8:ChainG:THR101	-107.895348	123.879704	General
5AV8:ChainG:ILE102	-92.136638	112.329550	General
5AV8:ChainG:ALA103	-54.846684	134.688606	General
5AV8:ChainG:GLN104	57.924466	30.689513	General
5AV8:ChainG:GLY105	-95.448282	-23.366290	Glycine
5AV8:ChainG:GLY106	57.171832	-153.866953	Glycine
5AV8:ChainG:VAL107	-130.888785	165.302175	General
5AV8:ChainG:LEU108	-71.981930	138.928055	Pre-Pro
5AV8:ChainG:PRO109	-49.281795	125.817126	Proline
5AV8:ChainG:ASN110	-169.246760	112.871346	General
5AV8:ChainG:ILE111	-122.812701	124.228458	General
5AV8:ChainG:GLN112	-57.325652	131.244341	General
5AV8:ChainG:ALA113	-54.078910	-36.466199	General
5AV8:ChainG:VAL114	-66.124423	-14.198771	General
5AV8:ChainG:LEU115	-91.270330	-11.909255	General
5AV8:ChainG:LEU116	-70.230850	143.443331	Pre-Pro
5AV8:ChainG:PRO117	-70.375709	171.544757	Proline
5AV8:ChainH:SER32	-145.550642	176.530333	General
5AV8:ChainH:ARG33	-118.554237	136.902466	General
5AV8:ChainH:LYS34	-107.906338	107.912010	General
5AV8:ChainH:GLU35	-71.049613	141.768041	General
5AV8:ChainH:SER36	-146.901266	177.766697	General
5AV8:ChainH:TYR37	-95.307766	6.119134	General
5AV8:ChainH:SER38	-48.073378	-49.271102	General
5AV8:ChainH:ILE39	-67.971556	-26.780029	General
5AV8:ChainH:TYR40	-84.797071	-34.601825	General
5AV8:ChainH:VAL41	-60.555802	-46.012676	General
5AV8:ChainH:TYR42	-62.655929	-39.701867	General
5AV8:ChainH:LYS43	-59.159240	-42.191639	General
5AV8:ChainH:VAL44	-71.435587	-32.893437	General
5AV8:ChainH:LEU45	-60.246782	-42.622110	General
5AV8:ChainH:LYS46	-69.367867	-25.961086	General
5AV8:ChainH:GLN47	-68.385594	-49.209678	General
5AV8:ChainH:VAL48	-83.547438	-34.764753	General
5AV8:ChainH:HIS49	-140.214365	82.502334	Pre-Pro
5AV8:ChainH:PRO50	-56.170999	-30.523010	Proline
5AV8:ChainH:ASP51	-100.818616	15.510228	General
5AV8:ChainH:THR52	-112.185148	131.009004	General
5AV8:ChainH:GLY53	-99.744431	-179.818898	Glycine
5AV8:ChainH:ILE54	-146.651488	131.586867	General
5AV8:ChainH:SER55	-73.795152	161.364713	General
5AV8:ChainH:SER56	-66.722309	-38.504150	General
5AV8:ChainH:LYS57	-58.210950	-43.143573	General
5AV8:ChainH:ALA58	-68.187728	-33.557682	General
5AV8:ChainH:MET59	-62.484020	-40.935961	General
5AV8:ChainH:GLY60	-58.026557	-42.982676	Glycine
5AV8:ChainH:ILE61	-63.256636	-43.171062	General
5AV8:ChainH:MET62	-60.464613	-43.083116	General
5AV8:ChainH:ASN63	-57.150201	-48.437120	General
5AV8:ChainH:SER64	-57.159707	-46.328400	General
5AV8:ChainH:PHE65	-54.758964	-52.124656	General
5AV8:ChainH:VAL66	-62.249547	-43.410286	General
5AV8:ChainH:ASN67	-62.246832	-42.658086	General
5AV8:ChainH:ASP68	-61.261364	-53.986901	General
5AV8:ChainH:ILE69	-63.808678	-37.615387	General
5AV8:ChainH:PHE70	-51.725014	-51.570478	General
5AV8:ChainH:GLU71	-63.758427	-46.596954	General
5AV8:ChainH:ARG72	-55.957187	-46.957648	General
5AV8:ChainH:ILE73	-71.625818	-46.151467	General
5AV8:ChainH:ALA74	-60.904702	-42.017316	General
5AV8:ChainH:GLY75	-60.937086	-45.960999	Glycine
5AV8:ChainH:GLU76	-66.830368	-43.436144	General
5AV8:ChainH:ALA77	-58.823535	-39.819660	General
5AV8:ChainH:SER78	-57.796813	-51.445952	General
5AV8:ChainH:ARG79	-57.058186	-42.920619	General
5AV8:ChainH:LEU80	-57.945803	-52.829386	General
5AV8:ChainH:ALA81	-56.118086	-49.554304	General
5AV8:ChainH:HIS82	-58.885897	-46.181829	General
5AV8:ChainH:TYR83	-55.302722	-35.272892	General
5AV8:ChainH:ASN84	-100.862632	17.429242	General
5AV8:ChainH:LYS85	50.910553	50.330838	General
5AV8:ChainH:ARG86	-119.879616	145.427752	General
5AV8:ChainH:SER87	-100.220645	-3.362781	General
5AV8:ChainH:THR88	-118.443577	128.083701	General
5AV8:ChainH:ILE89	-89.262514	114.166300	General
5AV8:ChainH:THR90	-109.122480	177.778567	General
5AV8:ChainH:SER91	-61.267968	-23.337042	General
5AV8:ChainH:ARG92	-67.925605	-37.834865	General
5AV8:ChainH:GLU93	-69.416357	-37.725503	General
5AV8:ChainH:ILE94	-63.546615	-38.163393	General
5AV8:ChainH:GLN95	-70.123881	-49.686456	General
5AV8:ChainH:THR96	-57.394288	-38.950956	General
5AV8:ChainH:ALA97	-61.120560	-46.252922	General
5AV8:ChainH:VAL98	-58.528473	-44.767174	General
5AV8:ChainH:ARG99	-62.049935	-40.101150	General
5AV8:ChainH:LEU100	-66.829275	-37.837101	General
5AV8:ChainH:LEU101	-91.381475	-35.512959	General
5AV8:ChainH:LEU102	-94.660745	141.575343	Pre-Pro
5AV8:ChainH:PRO103	-68.890733	137.208874	Proline
5AV8:ChainH:GLY104	15.071190	-90.565572	Glycine
5AV8:ChainH:GLU105	-70.676593	-32.965676	General
5AV8:ChainH:LEU106	-62.126383	-39.134481	General
5AV8:ChainH:ALA107	-68.172458	-47.148382	General
5AV8:ChainH:LYS108	-51.822281	-57.013129	General
5AV8:ChainH:HIS109	-63.046386	-38.089967	General
5AV8:ChainH:ALA110	-65.127700	-44.749368	General
5AV8:ChainH:VAL111	-58.325569	-43.961925	General
5AV8:ChainH:SER112	-59.529904	-52.703192	General
5AV8:ChainH:GLU113	-59.542403	-35.562605	General
5AV8:ChainH:GLY114	-67.117446	-48.770758	Glycine
5AV8:ChainH:THR115	-62.086850	-42.710086	General
5AV8:ChainH:LYS116	-56.348689	-42.747466	General
5AV8:ChainH:ALA117	-74.104103	-30.922938	General
5AV8:ChainH:VAL118	-78.380765	-35.445512	General
5AV8:ChainH:THR119	-62.937345	-52.092385	General
5AV8:ChainH:LYS120	-61.107077	-37.086633	General
5AV8:ChainH:TYR121	-68.592485	-36.545473	General
5AV8:ChainH:THR122	-67.289383	-44.152063	General
5AV8:ChainH:SER123	-78.143561	35.856978	General
