5BNV:ChainA:GLU59	-95.536883	7.815400	General
5BNV:ChainA:LEU60	-83.606425	134.881183	General
5BNV:ChainA:LEU61	-123.542595	-79.894995	General
5BNV:ChainA:ILE62	-96.978234	145.371449	General
5BNV:ChainA:ARG63	-81.806232	143.019057	General
5BNV:ChainA:LYS64	-59.558696	-56.011431	General
5BNV:ChainA:LEU65	-56.974418	-50.818779	Pre-Pro
5BNV:ChainA:PRO66	-57.254271	-40.993786	Proline
5BNV:ChainA:PHE67	-62.138727	-50.192302	General
5BNV:ChainA:GLN68	-49.682430	-51.212649	General
5BNV:ChainA:ARG69	-56.075439	-40.917799	General
5BNV:ChainA:LEU70	-66.455402	-43.611739	General
5BNV:ChainA:VAL71	-60.863204	-50.795212	General
5BNV:ChainA:ARG72	-58.105307	-44.774515	General
5BNV:ChainA:GLU73	-61.128700	-40.675824	General
5BNV:ChainA:ILE74	-69.102410	-41.980297	General
5BNV:ChainA:ALA75	-66.093057	-27.649299	General
5BNV:ChainA:GLN76	-47.708272	-59.293472	General
5BNV:ChainA:ASP77	-54.828000	-19.319491	General
5BNV:ChainA:PHE78	-86.581512	-63.036977	General
5BNV:ChainA:LYS79	-138.396131	128.114271	General
5BNV:ChainA:THR80	-80.195487	152.308547	General
5BNV:ChainA:ASP81	56.669580	41.648458	General
5BNV:ChainA:LEU82	-79.915345	152.262564	General
5BNV:ChainA:ARG83	-129.341078	142.312299	General
5BNV:ChainA:PHE84	-115.664784	137.889126	General
5BNV:ChainA:GLN85	-67.903545	148.932792	General
5BNV:ChainA:SER86	-56.448078	-45.069519	General
5BNV:ChainA:ALA87	-56.667441	-33.584670	General
5BNV:ChainA:ALA88	-70.938581	-44.232063	General
5BNV:ChainA:ILE89	-60.454127	-47.972813	General
5BNV:ChainA:GLY90	-52.836433	-45.457233	Glycine
5BNV:ChainA:ALA91	-61.276581	-48.040093	General
5BNV:ChainA:LEU92	-57.277363	-38.865231	General
5BNV:ChainA:GLN93	-68.083638	-41.031025	General
5BNV:ChainA:GLU94	-60.885762	-46.909454	General
5BNV:ChainA:ALA95	-64.490785	-43.181359	General
5BNV:ChainA:SER96	-64.156604	-43.703793	General
5BNV:ChainA:GLU97	-63.583764	-45.880815	General
5BNV:ChainA:ALA98	-57.528992	-43.735016	General
5BNV:ChainA:TYR99	-58.364189	-53.886140	General
5BNV:ChainA:LEU100	-65.818087	-37.059799	General
5BNV:ChainA:VAL101	-66.626085	-41.651364	General
5BNV:ChainA:GLY102	-63.758338	-43.801474	Glycine
5BNV:ChainA:LEU103	-62.069729	-31.712259	General
5BNV:ChainA:PHE104	-76.200119	-30.883537	General
5BNV:ChainA:GLU105	-60.255473	-46.868261	General
5BNV:ChainA:ASP106	-64.927346	-43.343111	General
5BNV:ChainA:THR107	-56.035212	-45.091450	General
5BNV:ChainA:ASN108	-62.652346	-40.683679	General
5BNV:ChainA:LEU109	-55.594931	-43.083766	General
5BNV:ChainA:CYS110	-59.781873	-47.023612	General
5BNV:ChainA:ALA111	-61.638933	-47.648685	General
5BNV:ChainA:ILE112	-54.738135	-37.241671	General
5BNV:ChainA:HIS113	-64.409648	-31.544662	General
5BNV:ChainA:ALA114	-91.294991	8.219242	General
5BNV:ChainA:LYS115	68.428789	29.036794	General
5BNV:ChainA:ARG116	-114.850596	142.112908	General
5BNV:ChainA:VAL117	-85.519258	-30.795346	General
5BNV:ChainA:THR118	-84.184887	119.171479	General
5BNV:ChainA:ILE119	-79.548732	151.720849	General
5BNV:ChainA:MET120	-135.516210	165.635916	Pre-Pro
5BNV:ChainA:PRO121	-54.345612	-39.804275	Proline
5BNV:ChainA:LYS122	-61.105335	-25.149039	General
5BNV:ChainA:ASP123	-69.007662	-48.612511	General
5BNV:ChainA:ILE124	-58.697196	-48.590875	General
5BNV:ChainA:GLN125	-58.693931	-41.196133	General
5BNV:ChainA:LEU126	-66.781035	-43.603776	General
5BNV:ChainA:ALA127	-59.017431	-47.965939	General
5BNV:ChainA:ARG128	-67.000347	-31.368637	General
5BNV:ChainA:ARG129	-64.897173	-51.368446	General
5BNV:ChainA:ILE130	-63.110611	-39.609236	General
5BNV:ChainA:ARG131	-67.638267	-11.830369	General
5BNV:ChainA:GLY132	75.359304	47.976634	Glycine
5BNV:ChainA:GLU133	-99.101529	-62.543336	General
5BNV:ChainB:LYS20	61.905165	42.783337	General
5BNV:ChainB:VAL21	-68.348865	-28.298579	General
5BNV:ChainB:LEU22	-70.922575	-60.664108	General
5BNV:ChainB:ARG23	-55.349236	-31.552197	General
5BNV:ChainB:ASP24	-77.917502	-36.131070	General
5BNV:ChainB:ASN25	-95.640201	7.035820	General
5BNV:ChainB:ILE26	-71.914579	138.237001	General
5BNV:ChainB:GLN27	-135.375508	119.626921	General
5BNV:ChainB:GLY28	61.696188	-171.581546	Glycine
5BNV:ChainB:ILE29	-83.434240	144.488701	General
5BNV:ChainB:THR30	-79.065004	154.979471	General
5BNV:ChainB:LYS31	-58.458331	-41.314421	Pre-Pro
5BNV:ChainB:PRO32	-66.854431	-26.001933	Proline
5BNV:ChainB:ALA33	-60.293934	-49.632652	General
5BNV:ChainB:ILE34	-53.931991	-44.023550	General
5BNV:ChainB:ARG35	-60.685739	-43.553141	General
5BNV:ChainB:ARG36	-60.871449	-37.586247	General
5BNV:ChainB:LEU37	-66.766409	-54.810347	General
5BNV:ChainB:ALA38	-54.825312	-41.915533	General
5BNV:ChainB:ARG39	-59.130315	-41.365173	General
5BNV:ChainB:ARG40	-66.182952	-34.054314	General
5BNV:ChainB:GLY41	-78.716251	12.717873	Glycine
5BNV:ChainB:GLY42	74.939363	6.224868	Glycine
5BNV:ChainB:VAL43	-63.358953	147.280471	General
5BNV:ChainB:LYS44	-109.376320	-54.501689	General
5BNV:ChainB:ARG45	-123.968846	144.800879	General
5BNV:ChainB:ILE46	-122.110104	142.940557	General
5BNV:ChainB:SER47	-63.359551	153.984730	General
5BNV:ChainB:GLY48	-66.833591	-30.646384	Glycine
5BNV:ChainB:LEU49	-67.219712	-15.002397	General
5BNV:ChainB:ILE50	-54.307783	-45.449908	General
5BNV:ChainB:TYR51	-53.145020	-56.069789	General
5BNV:ChainB:GLU52	-57.245100	-45.761868	General
5BNV:ChainB:GLU53	-56.416981	-44.918146	General
5BNV:ChainB:THR54	-65.086973	-44.254712	General
5BNV:ChainB:ARG55	-56.271997	-45.881209	General
5BNV:ChainB:GLY56	-56.014988	-50.584802	Glycine
5BNV:ChainB:VAL57	-59.600484	-39.547071	General
5BNV:ChainB:LEU58	-64.288892	-43.822820	General
5BNV:ChainB:LYS59	-57.130683	-56.499367	General
5BNV:ChainB:VAL60	-49.696527	-41.643575	General
5BNV:ChainB:PHE61	-61.651909	-56.213321	General
5BNV:ChainB:LEU62	-58.663746	-49.202455	General
5BNV:ChainB:GLU63	-48.284116	-41.818748	General
5BNV:ChainB:ASN64	-73.872592	-36.304432	General
5BNV:ChainB:VAL65	-72.842119	-51.311255	General
5BNV:ChainB:ILE66	-62.221285	-43.619116	General
5BNV:ChainB:ARG67	-51.969593	-38.006685	General
5BNV:ChainB:ASP68	-74.042649	-49.813230	General
5BNV:ChainB:ALA69	-53.732740	-55.192470	General
5BNV:ChainB:VAL70	-48.175396	-48.408307	General
5BNV:ChainB:THR71	-58.728889	-46.173412	General
5BNV:ChainB:TYR72	-53.558288	-47.360348	General
5BNV:ChainB:THR73	-56.775734	-40.867241	General
5BNV:ChainB:GLU74	-61.551346	-35.002337	General
5BNV:ChainB:HIS75	-83.494840	-6.884370	General
5BNV:ChainB:ALA76	-92.752487	1.989535	General
5BNV:ChainB:LYS77	58.159898	36.203837	General
5BNV:ChainB:ARG78	-135.443301	161.744643	General
5BNV:ChainB:LYS79	-99.668367	3.128302	General
5BNV:ChainB:THR80	-103.942097	128.457323	General
5BNV:ChainB:VAL81	-92.806083	121.354663	General
5BNV:ChainB:THR82	-94.521761	174.806899	General
5BNV:ChainB:ALA83	-75.227213	-26.089270	General
5BNV:ChainB:MET84	-72.076754	-29.038322	General
5BNV:ChainB:ASP85	-64.977072	-44.108104	General
5BNV:ChainB:VAL86	-64.904338	-40.674738	General
5BNV:ChainB:VAL87	-60.426870	-48.730698	General
5BNV:ChainB:TYR88	-59.098223	-38.552848	General
5BNV:ChainB:ALA89	-62.557221	-50.813141	General
5BNV:ChainB:LEU90	-58.533808	-40.347008	General
5BNV:ChainB:LYS91	-65.815756	-26.506053	General
5BNV:ChainB:ARG92	-69.477888	-39.330851	General
5BNV:ChainB:GLN93	-82.588088	-0.217523	General
5BNV:ChainB:GLY94	66.279630	-172.518791	Glycine
5BNV:ChainB:ARG95	54.319032	79.709183	General
5BNV:ChainB:THR96	-137.936007	-68.061936	General
5BNV:ChainD:GLU59	-65.899130	125.581350	General
5BNV:ChainD:LEU60	-79.241214	118.485063	General
5BNV:ChainD:LEU61	-120.804703	-80.134485	General
5BNV:ChainD:ILE62	-101.639188	139.816256	General
5BNV:ChainD:ARG63	-73.493010	146.168068	General
5BNV:ChainD:LYS64	-51.255126	-64.677425	General
5BNV:ChainD:LEU65	-49.248937	-54.633891	Pre-Pro
5BNV:ChainD:PRO66	-56.483553	-37.256097	Proline
5BNV:ChainD:PHE67	-64.848726	-54.351093	General
5BNV:ChainD:GLN68	-49.209998	-40.133443	General
5BNV:ChainD:ARG69	-73.190204	-32.729134	General
5BNV:ChainD:LEU70	-63.883413	-44.349243	General
5BNV:ChainD:VAL71	-63.767217	-49.632242	General
5BNV:ChainD:ARG72	-60.087875	-41.284843	General
5BNV:ChainD:GLU73	-64.138456	-46.398572	General
5BNV:ChainD:ILE74	-57.902267	-48.404689	General
5BNV:ChainD:ALA75	-64.486056	-31.382840	General
5BNV:ChainD:GLN76	-61.724381	-14.442198	General
5BNV:ChainD:ASP77	-76.374031	-60.368771	General
5BNV:ChainD:PHE78	-53.623382	-49.181794	General
5BNV:ChainD:LYS79	-141.037137	131.219999	General
5BNV:ChainD:THR80	-78.866995	151.539254	General
5BNV:ChainD:ASP81	56.964881	71.824437	General
5BNV:ChainD:LEU82	-112.097083	154.798558	General
5BNV:ChainD:ARG83	-126.468462	152.561967	General
5BNV:ChainD:PHE84	-129.707517	134.231038	General
5BNV:ChainD:GLN85	-64.644904	136.825652	General
5BNV:ChainD:SER86	-61.313432	-29.156327	General
5BNV:ChainD:ALA87	-64.129083	-30.900701	General
5BNV:ChainD:ALA88	-66.011892	-49.604694	General
5BNV:ChainD:ILE89	-55.577247	-46.841794	General
5BNV:ChainD:GLY90	-55.351745	-41.993120	Glycine
5BNV:ChainD:ALA91	-67.076535	-41.664733	General
5BNV:ChainD:LEU92	-61.475114	-41.279843	General
5BNV:ChainD:GLN93	-69.874483	-42.385676	General
5BNV:ChainD:GLU94	-58.396912	-46.872907	General
5BNV:ChainD:ALA95	-66.628445	-39.802651	General
5BNV:ChainD:SER96	-67.590634	-47.711038	General
5BNV:ChainD:GLU97	-64.762387	-39.292865	General
5BNV:ChainD:ALA98	-60.925222	-46.444668	General
5BNV:ChainD:TYR99	-56.074369	-53.927616	General
5BNV:ChainD:LEU100	-62.720344	-39.364776	General
5BNV:ChainD:VAL101	-63.038390	-47.343659	General
5BNV:ChainD:GLY102	-59.283553	-41.798157	Glycine
5BNV:ChainD:LEU103	-59.475825	-42.497788	General
5BNV:ChainD:PHE104	-68.861917	-34.012453	General
5BNV:ChainD:GLU105	-61.491609	-47.380224	General
5BNV:ChainD:ASP106	-66.395565	-39.656758	General
5BNV:ChainD:THR107	-56.845985	-44.826911	General
5BNV:ChainD:ASN108	-59.403313	-47.118584	General
5BNV:ChainD:LEU109	-50.263438	-41.855238	General
5BNV:ChainD:CYS110	-65.188213	-50.949781	General
5BNV:ChainD:ALA111	-51.113389	-48.519951	General
5BNV:ChainD:ILE112	-60.617804	-41.734589	General
5BNV:ChainD:HIS113	-57.218139	-34.319378	General
5BNV:ChainD:ALA114	-90.851589	8.053013	General
5BNV:ChainD:LYS115	67.937760	28.841325	General
5BNV:ChainD:ARG116	-109.021387	144.456596	General
5BNV:ChainD:VAL117	-89.362846	-19.436411	General
5BNV:ChainD:THR118	-91.865012	125.420380	General
5BNV:ChainD:ILE119	-85.214173	148.812147	General
5BNV:ChainD:MET120	-133.558782	161.797806	Pre-Pro
5BNV:ChainD:PRO121	-48.570242	-39.233270	Proline
5BNV:ChainD:LYS122	-60.644028	-29.482444	General
5BNV:ChainD:ASP123	-69.002594	-43.985506	General
5BNV:ChainD:ILE124	-61.231379	-43.478494	General
5BNV:ChainD:GLN125	-65.565281	-35.084883	General
5BNV:ChainD:LEU126	-69.508345	-53.564490	General
5BNV:ChainD:ALA127	-51.672864	-49.896903	General
5BNV:ChainD:ARG128	-61.280676	-36.505158	General
5BNV:ChainD:ARG129	-61.926975	-47.461274	General
5BNV:ChainD:ILE130	-70.765465	-31.536365	General
5BNV:ChainD:ARG131	-70.876606	-12.270048	General
5BNV:ChainD:GLY132	68.173501	44.352854	Glycine
5BNV:ChainD:GLU133	-96.767672	-4.796946	General
5BNV:ChainD:ARG134	-54.578729	-10.728016	General
5BNV:ChainE:GLN27	-96.592269	8.667535	General
5BNV:ChainE:GLY28	-64.341813	-6.854345	Glycine
5BNV:ChainE:ILE29	-88.889057	108.439218	General
5BNV:ChainE:THR30	-83.059766	156.545863	General
5BNV:ChainE:LYS31	-55.517303	-46.275714	Pre-Pro
5BNV:ChainE:PRO32	-59.123002	-37.204433	Proline
5BNV:ChainE:ALA33	-58.168853	-44.568724	General
5BNV:ChainE:ILE34	-67.370536	-38.134654	General
5BNV:ChainE:ARG35	-64.550821	-42.419173	General
5BNV:ChainE:ARG36	-58.701043	-43.684432	General
5BNV:ChainE:LEU37	-65.027828	-54.736240	General
5BNV:ChainE:ALA38	-50.666959	-42.561636	General
5BNV:ChainE:ARG39	-63.349622	-39.141075	General
5BNV:ChainE:ARG40	-70.078594	-22.192472	General
5BNV:ChainE:GLY41	-94.294926	9.446318	Glycine
5BNV:ChainE:GLY42	85.635106	4.932240	Glycine
5BNV:ChainE:VAL43	-71.848373	130.527209	General
5BNV:ChainE:LYS44	-99.562303	-8.176550	General
5BNV:ChainE:ARG45	-173.743531	147.344376	General
5BNV:ChainE:ILE46	-137.282047	149.735455	General
5BNV:ChainE:SER47	-75.259038	170.067521	General
5BNV:ChainE:GLY48	-77.053172	-25.533070	Glycine
5BNV:ChainE:LEU49	-81.917055	-5.141427	General
5BNV:ChainE:ILE50	-59.266154	-44.077374	General
5BNV:ChainE:TYR51	-51.920999	-57.304743	General
5BNV:ChainE:GLU52	-55.514877	-46.395093	General
5BNV:ChainE:GLU53	-54.569642	-48.748432	General
5BNV:ChainE:THR54	-61.940675	-43.168931	General
5BNV:ChainE:ARG55	-59.187677	-47.660491	General
5BNV:ChainE:GLY56	-51.789828	-51.509280	Glycine
5BNV:ChainE:VAL57	-60.189277	-46.826323	General
5BNV:ChainE:LEU58	-62.892006	-41.330119	General
5BNV:ChainE:LYS59	-55.322548	-51.528510	General
5BNV:ChainE:VAL60	-59.997568	-43.920701	General
5BNV:ChainE:PHE61	-58.073752	-54.622009	General
5BNV:ChainE:LEU62	-62.359639	-33.712362	General
5BNV:ChainE:GLU63	-66.900176	-40.600363	General
5BNV:ChainE:ASN64	-61.127858	-65.501180	General
5BNV:ChainE:VAL65	-50.584875	-55.869114	General
5BNV:ChainE:ILE66	-54.633385	-44.723811	General
5BNV:ChainE:ARG67	-51.921305	-55.203259	General
5BNV:ChainE:ASP68	-55.018629	-49.729839	General
5BNV:ChainE:ALA69	-54.682999	-45.028195	General
5BNV:ChainE:VAL70	-65.417412	-36.331383	General
5BNV:ChainE:THR71	-64.077633	-42.579253	General
5BNV:ChainE:TYR72	-60.312088	-32.480201	General
5BNV:ChainE:THR73	-74.658716	-33.237886	General
5BNV:ChainE:GLU74	-70.315625	-38.059879	General
5BNV:ChainE:HIS75	-71.645957	-35.700379	General
5BNV:ChainE:ALA76	-62.841194	-17.734195	General
5BNV:ChainE:LYS77	61.659580	50.383493	General
5BNV:ChainE:ARG78	-137.604933	165.136940	General
5BNV:ChainE:LYS79	-96.217840	2.809336	General
5BNV:ChainE:THR80	-110.683734	119.532878	General
5BNV:ChainE:VAL81	-78.033462	136.490910	General
5BNV:ChainE:THR82	-118.945910	164.385134	General
5BNV:ChainE:ALA83	-56.066030	-38.263350	General
5BNV:ChainE:MET84	-64.879453	-42.797192	General
5BNV:ChainE:ASP85	-53.422873	-46.222043	General
5BNV:ChainE:VAL86	-63.763927	-42.379875	General
5BNV:ChainE:VAL87	-61.000754	-44.563342	General
5BNV:ChainE:TYR88	-62.417435	-43.255836	General
5BNV:ChainE:ALA89	-62.547709	-35.821134	General
5BNV:ChainE:LEU90	-72.117171	-42.096698	General
5BNV:ChainE:LYS91	-57.206385	-41.556940	General
5BNV:ChainE:ARG92	-65.030612	-14.389902	General
5BNV:ChainE:GLN93	-91.485529	110.505052	General
5BNV:ChainF:GLY69	-82.173029	-157.535796	Glycine
5BNV:ChainF:GLU70	-142.497679	125.919504	General
5BNV:ChainF:GLU71	-74.707148	131.502603	General
5BNV:ChainF:LEU72	-89.973308	-16.621783	General
5BNV:ChainF:ILE73	-120.952299	121.915692	General
5BNV:ChainF:GLY74	165.714435	-175.932404	Glycine
5BNV:ChainF:ASP75	-54.022018	124.110276	General
5BNV:ChainF:GLY76	105.810036	-4.195808	Glycine
5BNV:ChainF:MET77	-68.005294	-14.690813	General
5BNV:ChainF:GLU78	-48.820008	-33.805917	General
5BNV:ChainF:ARG79	-43.060258	-40.371303	General
5BNV:ChainF:ASP80	-76.771618	-19.340320	General
5BNV:ChainF:TYR81	-99.346635	12.827974	General
5BNV:ChainF:ARG82	-72.481907	143.084262	General
5BNV:ChainF:ALA83	-87.594587	127.451441	General
5BNV:ChainF:ILE84	-127.614698	91.259875	Pre-Pro
5BNV:ChainF:PRO85	-50.132273	-41.937798	Proline
5BNV:ChainF:GLU86	-55.714664	-40.599405	General
5BNV:ChainF:LEU87	-94.029224	-10.681534	General
5BNV:ChainF:ASP88	-90.701302	7.288541	General
5BNV:ChainF:ALA89	-134.673022	148.817936	General
5BNV:ChainF:TYR90	-66.800657	129.313219	General
5BNV:ChainF:GLU91	-75.579656	174.443408	General
5BNV:ChainF:ALA92	-91.861193	-9.939873	General
5BNV:ChainF:GLU93	-104.225648	105.538738	General
5BNV:ChainF:GLY94	-143.990515	150.725209	Glycine
5BNV:ChainF:LEU95	-142.972717	178.793498	General
5BNV:ChainF:ALA96	-59.172165	135.694877	General
5BNV:ChainF:LEU97	-65.522765	-14.240769	General
5BNV:ChainF:ASP98	68.600309	-8.235983	General
5BNV:ChainF:ASP99	-88.334789	7.109643	General
5BNV:ChainF:GLU100	-55.817917	123.232876	General
5BNV:ChainF:ASP101	-102.558146	108.024067	General
5BNV:ChainF:VAL102	-133.532996	148.755001	General
5BNV:ChainF:GLU103	-116.807114	142.093197	General
5BNV:ChainF:GLU104	-74.946785	-170.402980	General
5BNV:ChainF:LEU105	-94.057992	118.943067	General
5BNV:ChainF:THR106	-64.446276	139.656055	General
5BNV:ChainF:ALA107	-56.260089	-24.671527	General
5BNV:ChainF:SER108	-60.444163	-49.343744	General
5BNV:ChainF:GLN109	-71.911440	-31.107923	General
5BNV:ChainF:ARG110	-65.420315	-47.605191	General
5BNV:ChainF:GLU111	-69.599014	-36.986380	General
5BNV:ChainF:ALA112	-60.087748	-47.400305	General
5BNV:ChainF:ALA113	-57.436293	-55.696488	General
5BNV:ChainF:GLU114	-64.798949	-30.163540	General
5BNV:ChainF:ARG115	-65.796383	-50.099086	General
5BNV:ChainF:ALA116	-56.991374	-43.434411	General
5BNV:ChainF:MET117	-69.636813	-34.654771	General
5BNV:ChainF:ARG118	-62.532703	-45.341209	General
5BNV:ChainF:GLN119	-63.501225	-40.919949	General
5BNV:ChainF:ARG120	-55.398621	-49.420253	General
5BNV:ChainF:ASP121	-60.839568	-45.820083	General
5BNV:ChainF:ARG122	-55.198810	-44.720780	General
5BNV:ChainF:GLU123	-71.410091	-6.312360	General
5BNV:ChainF:ALA124	-111.521609	-72.383598	General
5BNV:ChainC:GLY69	-158.355669	-170.869045	Glycine
5BNV:ChainC:GLU70	-103.794278	128.642900	General
5BNV:ChainC:GLU71	-71.434658	123.241014	General
5BNV:ChainC:LEU72	-80.322588	-29.564643	General
5BNV:ChainC:ILE73	-111.077942	111.740694	General
5BNV:ChainC:GLY74	170.856867	-168.973555	Glycine
5BNV:ChainC:ASP75	-50.594002	130.353877	General
5BNV:ChainC:GLY76	84.255486	11.266846	Glycine
5BNV:ChainC:MET77	-68.378901	-25.520984	General
5BNV:ChainC:GLU78	-55.398867	-26.198517	General
5BNV:ChainC:ARG79	-54.281931	-32.659564	General
5BNV:ChainC:ASP80	-78.791642	-8.743426	General
5BNV:ChainC:TYR81	-106.320448	12.252422	General
5BNV:ChainC:ARG82	-83.074083	172.555582	General
5BNV:ChainC:ALA83	-95.640324	137.564487	General
5BNV:ChainC:ILE84	-122.350125	89.786135	Pre-Pro
5BNV:ChainC:PRO85	-46.854437	-45.104138	Proline
5BNV:ChainC:GLU86	-64.406808	-25.396796	General
5BNV:ChainC:LEU87	-98.589499	-4.068204	General
5BNV:ChainC:ASP88	-94.097136	5.280052	General
5BNV:ChainC:ALA89	-140.122544	146.442415	General
5BNV:ChainC:TYR90	-66.303843	146.435844	General
5BNV:ChainC:GLU91	-93.384731	172.862504	General
5BNV:ChainC:ALA92	-87.497675	-13.942970	General
5BNV:ChainC:GLU93	-70.084789	131.523927	General
5BNV:ChainC:GLY94	89.032027	-19.919015	Glycine
5BNV:ChainC:LEU95	-80.276928	129.542513	General
5BNV:ChainC:ALA96	-92.439726	112.819737	General
5BNV:ChainC:LEU97	-147.523684	157.363760	General
5BNV:ChainC:ASP98	-128.883420	-55.197184	General
5BNV:ChainC:ASP99	-56.366707	-7.651771	General
5BNV:ChainC:GLU100	-48.941776	137.775315	General
5BNV:ChainC:ASP101	-89.978395	9.664237	General
5BNV:ChainC:VAL102	-47.146288	132.449723	General
5BNV:ChainC:GLU103	-116.352149	157.573485	General
5BNV:ChainC:GLU104	-82.136527	-179.190835	General
5BNV:ChainC:LEU105	-65.776586	139.678874	General
5BNV:ChainC:THR106	-81.764872	175.057050	General
5BNV:ChainC:ALA107	-69.132235	-32.187669	General
5BNV:ChainC:SER108	-77.981520	-34.933081	General
5BNV:ChainC:GLN109	-64.442881	-43.271083	General
5BNV:ChainC:ARG110	-61.112086	-55.665767	General
5BNV:ChainC:GLU111	-55.324494	-40.369057	General
5BNV:ChainC:ALA112	-62.395828	-46.155573	General
5BNV:ChainC:ALA113	-60.884075	-43.213273	General
5BNV:ChainC:GLU114	-69.656628	-33.410261	General
5BNV:ChainC:ARG115	-58.896843	-52.745241	General
5BNV:ChainC:ALA116	-57.768172	-36.253528	General
5BNV:ChainC:MET117	-73.974329	-36.396554	General
5BNV:ChainC:ARG118	-56.961358	-46.723364	General
5BNV:ChainC:GLN119	-53.963300	-63.297138	General
5BNV:ChainC:ARG120	-54.687749	-33.383476	General
5BNV:ChainC:ASP121	-65.087079	-38.667131	General
5BNV:ChainC:ARG122	-65.484204	-44.716654	General
5BNV:ChainC:GLU123	-66.885644	-9.444478	General
