5BOX:ChainA:LYS3	-71.358761	-32.172352	General
5BOX:ChainA:ASP4	-55.179785	-42.723286	General
5BOX:ChainA:ARG5	-67.460159	-40.881806	General
5BOX:ChainA:MET6	-61.907047	-44.617863	General
5BOX:ChainA:VAL7	-62.772110	-43.560613	General
5BOX:ChainA:GLU8	-55.892399	-44.717502	General
5BOX:ChainA:LEU9	-67.791561	-42.760287	General
5BOX:ChainA:LEU10	-62.389644	-36.821701	General
5BOX:ChainA:GLN11	-69.848350	-43.645499	General
5BOX:ChainA:GLU12	-72.845500	-29.221030	General
5BOX:ChainA:HIS13	-130.106287	-9.554722	General
5BOX:ChainA:PHE14	-131.001336	20.820867	General
5BOX:ChainA:GLU15	56.741761	46.936137	General
5BOX:ChainA:LEU16	-118.834398	135.006417	General
5BOX:ChainA:ASN17	-72.499924	177.600607	General
5BOX:ChainA:LEU18	-55.139264	-49.326430	General
5BOX:ChainA:TYR19	-66.672615	-49.161796	General
5BOX:ChainA:GLU20	-58.416493	-40.237022	General
5BOX:ChainA:ALA21	-65.476348	-45.878190	General
5BOX:ChainA:ARG22	-60.480336	-39.258445	General
5BOX:ChainA:ALA23	-60.741746	-52.130451	General
5BOX:ChainA:TYR24	-63.782019	-32.959485	General
5BOX:ChainA:VAL25	-67.295332	-42.247721	General
5BOX:ChainA:ALA26	-59.632072	-47.371978	General
5BOX:ChainA:LEU27	-60.668001	-40.655002	General
5BOX:ChainA:VAL28	-67.288845	-41.044786	General
5BOX:ChainA:ALA29	-67.800478	-43.636942	General
5BOX:ChainA:PHE30	-108.180733	3.872118	General
5BOX:ChainA:GLY31	71.249042	-102.910463	Glycine
5BOX:ChainA:VAL32	-97.674449	128.016948	General
5BOX:ChainA:LEU33	-135.237034	153.566511	General
5BOX:ChainA:THR34	-107.085413	163.806073	Pre-Pro
5BOX:ChainA:PRO35	-50.323364	-43.044050	Proline
5BOX:ChainA:ALA36	-62.668602	-47.701049	General
5BOX:ChainA:GLU37	-62.871617	-43.804004	General
5BOX:ChainA:LEU38	-51.186316	-44.250710	General
5BOX:ChainA:ALA39	-60.378896	-38.962933	General
5BOX:ChainA:SER40	-70.846753	-27.342682	General
5BOX:ChainA:VAL41	-112.614457	14.323860	General
5BOX:ChainA:SER42	-149.697984	172.759660	General
5BOX:ChainA:GLU43	-96.279678	20.202033	General
5BOX:ChainA:VAL44	-80.961345	118.525857	Pre-Pro
5BOX:ChainA:PRO45	-49.388880	133.178239	Proline
5BOX:ChainA:ALA46	-49.191501	-50.616461	Pre-Pro
5BOX:ChainA:PRO47	-55.414727	-27.276960	Proline
5BOX:ChainA:ARG48	-93.925329	-18.953624	General
5BOX:ChainA:THR49	-51.124220	-47.367452	General
5BOX:ChainA:TYR50	-54.683775	-56.644460	General
5BOX:ChainA:ASP51	-73.178744	-32.751681	General
5BOX:ChainA:VAL52	-63.838896	-44.363858	General
5BOX:ChainA:LEU53	-65.495654	-41.038766	General
5BOX:ChainA:ARG54	-62.082231	-26.985212	General
5BOX:ChainA:SER55	-73.616680	-48.012018	General
5BOX:ChainA:LEU56	-58.529287	-29.834535	General
5BOX:ChainA:GLU57	-60.147733	-55.404251	General
5BOX:ChainA:LYS58	-69.138728	-32.567941	General
5BOX:ChainA:LYS59	-72.095442	-15.357150	General
5BOX:ChainA:GLY60	93.358465	16.915717	Glycine
5BOX:ChainA:PHE61	-98.750406	-4.241737	General
5BOX:ChainA:ALA62	-153.012338	144.330740	General
5BOX:ChainA:MET63	-107.692468	160.086436	General
5BOX:ChainA:THR64	-142.881500	155.893666	General
5BOX:ChainA:GLN65	-112.687960	103.004410	Pre-Pro
5BOX:ChainA:PRO66	-64.559012	115.548615	Proline
5BOX:ChainA:GLY67	-158.042836	-172.938048	Glycine
5BOX:ChainA:LYS68	-54.552293	-33.946865	General
5BOX:ChainA:THR69	-132.295560	102.692362	General
5BOX:ChainA:ASN70	-62.413982	133.875567	General
5BOX:ChainA:LYS71	-114.968874	147.485392	General
5BOX:ChainA:TYR72	-126.288004	140.833494	General
5BOX:ChainA:ARG73	-117.560377	143.433200	Pre-Pro
5BOX:ChainA:PRO74	-72.884038	141.034983	Proline
5BOX:ChainA:VAL75	-70.711962	151.534002	General
5BOX:ChainA:HIS76	-68.506468	123.794742	Pre-Pro
5BOX:ChainA:PRO77	-47.522885	-35.752556	Proline
5BOX:ChainA:ALA78	-66.335045	-28.937111	General
5BOX:ChainA:ASN79	-82.862496	-47.860186	General
5BOX:ChainA:VAL80	-71.038128	-50.818410	General
5BOX:ChainA:LEU81	-58.388367	-41.240715	General
5BOX:ChainA:GLU82	-69.954830	-41.644332	General
5BOX:ChainA:LYS83	-56.217974	-47.855674	General
5BOX:ChainA:PHE84	-55.133973	-50.180193	General
5BOX:ChainA:ILE85	-59.529631	-49.355966	General
5BOX:ChainA:GLN86	-63.757054	-40.236886	General
5BOX:ChainA:ASP87	-60.485263	-49.422560	General
5BOX:ChainA:TRP88	-51.872760	-46.840029	General
5BOX:ChainA:GLN89	-56.825342	-33.776444	General
5BOX:ChainA:GLU90	-75.700809	-29.920216	General
5BOX:ChainA:ARG91	-68.325911	-47.662530	General
5BOX:ChainA:VAL92	-53.619985	-46.703871	General
5BOX:ChainA:LYS93	-57.651792	-27.952947	General
5BOX:ChainA:GLU94	-83.674390	-49.276249	General
5BOX:ChainA:GLU95	-58.468409	-29.615877	General
5BOX:ChainA:LEU96	-68.370364	-51.779740	General
5BOX:ChainA:GLU97	-58.225603	-35.194641	General
5BOX:ChainA:ALA98	-61.903795	-50.530714	General
5BOX:ChainA:LYS99	-54.129677	-40.968577	General
5BOX:ChainA:LYS100	-67.009463	-46.595131	General
5BOX:ChainA:LYS101	-64.366607	-35.584225	General
5BOX:ChainA:ALA102	-62.464945	-46.608068	General
5BOX:ChainA:LYS103	-60.888480	-50.310773	General
5BOX:ChainA:GLU104	-52.292548	-46.387388	General
5BOX:ChainA:GLU105	-67.671075	-47.392783	General
5BOX:ChainA:LEU106	-53.038582	-43.063248	General
5BOX:ChainA:LEU107	-65.715250	-31.085720	General
5BOX:ChainA:GLU108	-75.677257	-35.630797	General
5BOX:ChainA:LEU109	-73.133164	-40.416234	General
5BOX:ChainA:MET110	-83.045761	-3.808784	General
5BOX:ChainA:ALA111	-53.209839	-55.144505	Pre-Pro
5BOX:ChainA:PRO112	-64.322976	-24.761189	Proline
5BOX:ChainA:LEU113	-90.273872	-19.497090	General
5BOX:ChainA:ILE114	-54.754947	114.598414	General
5BOX:ChainA:GLU115	-109.036223	119.603114	General
5BOX:ChainA:THR116	-90.725551	-36.023686	General
5BOX:ChainA:GLU117	-64.871526	145.114731	General
5BOX:ChainA:VAL118	-115.679729	114.630891	Pre-Pro
5BOX:ChainA:PRO119	-66.831812	131.530262	Proline
5BOX:ChainA:LYS120	-100.506147	-2.527449	General
5BOX:ChainA:TYR121	-118.365142	-36.842115	General
5BOX:ChainA:GLY122	122.817944	-144.581034	Glycine
5BOX:ChainA:VAL123	-76.790330	-11.686164	General
5BOX:ChainA:GLU124	-78.964730	124.277700	General
5BOX:ChainA:ARG125	-118.181946	8.701106	General
5BOX:ChainA:VAL126	-141.575346	129.059122	General
5BOX:ChainA:TRP127	-136.295389	130.402712	General
5BOX:ChainA:VAL128	-109.349895	121.159510	General
5BOX:ChainA:VAL129	-120.020352	143.601888	General
5BOX:ChainA:ARG130	-133.264768	150.344241	General
5BOX:ChainA:GLY131	88.721503	178.175209	Glycine
5BOX:ChainA:ILE132	-94.559748	-32.035700	General
5BOX:ChainA:LYS133	-62.105271	-51.326811	General
5BOX:ChainA:ASN134	-73.968420	-32.414961	General
5BOX:ChainA:SER135	-68.751573	-30.119592	General
5BOX:ChainA:THR136	-78.037757	-41.405355	General
5BOX:ChainA:LEU137	-61.937597	-30.589637	General
5BOX:ChainA:LYS138	-79.507375	-37.869589	General
5BOX:ChainA:THR139	-66.103311	-39.312444	General
5BOX:ChainA:LYS140	-59.848789	-47.333596	General
5BOX:ChainA:GLU141	-60.006460	-40.432431	General
5BOX:ChainA:MET142	-63.759520	-41.741233	General
5BOX:ChainA:LEU143	-72.623917	-32.041982	General
5BOX:ChainA:GLU144	-70.987500	-40.744536	General
5BOX:ChainA:GLU145	-82.570194	-2.413831	General
5BOX:ChainA:ALA146	-68.055932	131.961952	General
5BOX:ChainA:GLN147	-131.020977	-17.639861	General
5BOX:ChainA:ASN148	-117.510918	-70.047139	General
5BOX:ChainA:GLU149	-140.470387	148.280478	General
5BOX:ChainA:ILE150	-121.739944	120.030128	General
5BOX:ChainA:LEU151	-115.320812	114.815482	General
5BOX:ChainA:LEU152	-123.485666	105.099942	General
5BOX:ChainA:ALA153	-102.199013	108.276096	General
5BOX:ChainA:ASP154	-113.697071	130.468105	General
5BOX:ChainA:ASP155	-86.222563	-18.838196	General
5BOX:ChainA:GLY156	-174.814891	158.813322	Glycine
5BOX:ChainA:PHE157	85.230705	-176.550515	General
5BOX:ChainA:ILE158	66.236732	117.993701	General
5BOX:ChainA:ALA159	-79.069628	62.929571	General
5BOX:ChainA:VAL160	-74.106856	64.035261	General
5BOX:ChainA:ASN161	84.747729	-16.019826	General
5BOX:ChainA:LEU162	-81.124440	-20.800968	General
5BOX:ChainA:GLU163	-54.391043	-45.160162	General
5BOX:ChainA:ASP164	-64.179559	-43.826928	General
5BOX:ChainA:ASP165	-75.516680	-34.584091	General
5BOX:ChainA:ILE166	-65.962467	-47.962078	General
5BOX:ChainA:ILE167	-60.097329	-51.299181	General
5BOX:ChainA:LYS168	-56.241043	-39.287890	General
5BOX:ChainA:ALA169	-64.054327	-49.589839	General
5BOX:ChainA:VAL170	-57.406907	-32.712964	General
5BOX:ChainA:ASP171	-64.945843	-32.375711	General
5BOX:ChainA:ARG172	-75.156759	-8.722503	General
5BOX:ChainA:GLY173	101.203082	10.360963	Glycine
5BOX:ChainA:VAL174	-80.289073	127.877699	General
5BOX:ChainA:LYS175	-60.223143	118.824710	General
5BOX:ChainA:THR176	-114.368501	133.579256	General
5BOX:ChainA:LYS177	-121.515181	117.494654	General
5BOX:ChainA:ILE178	-105.724359	127.930409	General
5BOX:ChainA:LEU179	-128.550197	115.202848	General
5BOX:ChainA:LEU180	-113.231659	162.806548	General
5BOX:ChainA:THR181	-81.888395	135.841443	General
5BOX:ChainA:LYS182	-43.829878	-36.465937	General
5BOX:ChainA:ASN183	-62.919871	-19.588928	General
5BOX:ChainA:LEU184	-90.547368	-7.098943	General
5BOX:ChainA:LEU185	-60.374922	-48.785393	Pre-Pro
5BOX:ChainA:PRO186	-60.471236	-13.336038	Proline
5BOX:ChainA:ARG187	-76.396325	-13.089115	General
5BOX:ChainA:LEU188	-124.173097	46.397171	General
5BOX:ChainA:LYS189	-78.349404	-32.513506	General
5BOX:ChainA:ALA190	-114.525122	25.916241	General
5BOX:ChainA:SER191	-83.115213	153.498064	General
5BOX:ChainA:LYS192	-72.826946	-16.114004	General
5BOX:ChainA:ILE193	-69.816036	-54.286156	General
5BOX:ChainA:ILE194	-58.711994	-31.541720	General
5BOX:ChainA:ASP195	-64.108112	-50.838750	General
5BOX:ChainA:TYR196	-65.299888	-35.681490	General
5BOX:ChainA:ALA197	-64.049437	-36.994585	General
5BOX:ChainA:LYS198	-75.302522	-12.948531	General
5BOX:ChainA:GLU199	-81.568103	-39.493917	General
5BOX:ChainA:GLY200	-118.155294	118.025505	Glycine
5BOX:ChainA:LYS201	-81.447570	-4.547935	General
5BOX:ChainA:LEU202	-162.401373	148.045171	General
5BOX:ChainA:GLU203	-86.370885	134.659122	General
5BOX:ChainA:LEU204	-127.873991	133.005385	General
5BOX:ChainA:ARG205	-142.991269	155.817622	General
5BOX:ChainA:ALA206	-125.736718	143.159888	General
5BOX:ChainA:LEU207	-134.811660	146.169034	General
5BOX:ChainA:ASP208	-64.991419	-37.986329	General
5BOX:ChainA:LYS209	-161.097836	143.346513	General
5BOX:ChainA:PHE210	-147.247721	137.896925	General
5BOX:ChainA:ASP211	-80.972630	-21.329265	General
5BOX:ChainA:LEU212	-125.550029	81.228744	Pre-Pro
5BOX:ChainA:PRO213	-61.118078	151.094319	Proline
5BOX:ChainA:MET214	-161.836396	149.006212	General
5BOX:ChainA:LEU215	-112.729077	123.964270	General
5BOX:ChainA:ILE216	-116.580985	127.983548	General
5BOX:ChainA:CYS217	-135.970425	105.384843	General
5BOX:ChainA:ASP218	43.628296	63.664099	General
5BOX:ChainA:GLU219	70.178215	23.478807	General
5BOX:ChainA:GLU220	-126.441186	132.139742	General
5BOX:ChainA:VAL221	-128.479300	137.011393	General
5BOX:ChainA:PHE222	-125.193392	114.505135	General
5BOX:ChainA:PHE223	-135.234927	171.136181	General
5BOX:ChainA:ALA224	-114.333467	152.920392	General
5BOX:ChainA:LEU225	-96.164000	105.530278	General
5BOX:ChainA:GLU226	-59.108931	111.273730	General
5BOX:ChainA:ASP227	-129.725601	113.836496	General
5BOX:ChainA:LEU228	-82.030251	113.171249	General
5BOX:ChainA:ALA229	-134.224015	69.429403	General
5BOX:ChainA:ALA230	-72.763961	-18.621643	General
5BOX:ChainA:ARG231	-61.968509	-25.569958	General
5BOX:ChainA:TYR232	-74.299771	-24.316399	General
5BOX:ChainA:PHE233	-74.430714	-48.088308	General
5BOX:ChainA:ASN234	-117.563071	91.870509	General
5BOX:ChainA:TYR235	-96.171367	41.652404	General
5BOX:ChainA:GLU236	-81.126979	125.661524	General
5BOX:ChainA:THR237	-69.897286	131.873884	General
5BOX:ChainA:GLN238	-130.369548	147.295309	General
5BOX:ChainA:VAL239	-127.553946	132.551437	General
5BOX:ChainA:TRP240	-106.984599	124.292245	General
5BOX:ChainA:ILE241	-128.317770	129.379605	General
5BOX:ChainA:LYS242	-110.700646	100.897883	General
5BOX:ChainA:ASP243	-166.657334	129.851464	General
5BOX:ChainA:HIS244	-52.770436	-45.335475	General
5BOX:ChainA:ARG245	-63.852851	-54.637244	General
5BOX:ChainA:VAL246	-61.538902	-50.039704	General
5BOX:ChainA:VAL247	-63.371327	-33.907716	General
5BOX:ChainA:ALA248	-65.676638	-31.567619	General
5BOX:ChainA:LEU249	-66.199198	-44.627163	General
5BOX:ChainA:PHE250	-69.286489	-38.522881	General
5BOX:ChainA:LYS251	-60.080743	-34.818281	General
5BOX:ChainA:GLU252	-64.618910	-40.555446	General
5BOX:ChainA:LYS253	-64.022178	-46.715074	General
5BOX:ChainA:PHE254	-55.192274	-50.391004	General
5BOX:ChainA:ASN255	-58.910975	-28.869678	General
5BOX:ChainA:GLU256	-64.464843	-51.209935	General
5BOX:ChainA:TYR257	-57.341261	-55.064817	General
5BOX:ChainA:TRP258	-55.104598	-35.196512	General
5BOX:ChainA:GLU259	-69.780977	3.295281	General
5BOX:ChainA:LYS260	-118.236177	86.761995	General
5BOX:ChainA:ALA261	-83.137376	-173.176427	General
5BOX:ChainA:GLU262	-141.688320	-179.326085	General
5BOX:ChainA:LYS263	-70.621986	-35.291308	General
5BOX:ChainB:LYS3	-71.845836	-33.027097	General
5BOX:ChainB:ASP4	-57.564383	-42.726066	General
5BOX:ChainB:ARG5	-68.703114	-39.907177	General
5BOX:ChainB:MET6	-62.421380	-43.830012	General
5BOX:ChainB:VAL7	-62.353422	-44.899265	General
5BOX:ChainB:GLU8	-56.378124	-45.536310	General
5BOX:ChainB:LEU9	-66.660996	-42.005461	General
5BOX:ChainB:LEU10	-62.136252	-36.801197	General
5BOX:ChainB:GLN11	-70.444159	-44.987766	General
5BOX:ChainB:GLU12	-73.738697	-27.142791	General
5BOX:ChainB:HIS13	-129.640663	-9.026835	General
5BOX:ChainB:PHE14	-131.448806	21.576646	General
5BOX:ChainB:GLU15	55.358434	45.018705	General
5BOX:ChainB:LEU16	-117.595035	134.943515	General
5BOX:ChainB:ASN17	-72.576776	177.573827	General
5BOX:ChainB:LEU18	-56.293023	-49.591959	General
5BOX:ChainB:TYR19	-66.430039	-48.000887	General
5BOX:ChainB:GLU20	-58.536944	-39.654342	General
5BOX:ChainB:ALA21	-67.156031	-47.390985	General
5BOX:ChainB:ARG22	-59.450521	-39.597522	General
5BOX:ChainB:ALA23	-60.328894	-51.673609	General
5BOX:ChainB:TYR24	-64.324211	-32.293866	General
5BOX:ChainB:VAL25	-66.412886	-44.923077	General
5BOX:ChainB:ALA26	-58.929943	-44.611334	General
5BOX:ChainB:LEU27	-60.720352	-41.140581	General
5BOX:ChainB:VAL28	-67.899185	-40.243844	General
5BOX:ChainB:ALA29	-68.944674	-43.677766	General
5BOX:ChainB:PHE30	-107.712716	3.589645	General
5BOX:ChainB:GLY31	71.811335	-101.318687	Glycine
5BOX:ChainB:VAL32	-97.420841	128.387601	General
5BOX:ChainB:LEU33	-136.356812	152.334899	General
5BOX:ChainB:THR34	-105.181904	163.835799	Pre-Pro
5BOX:ChainB:PRO35	-50.443380	-41.563229	Proline
5BOX:ChainB:ALA36	-63.063201	-48.201318	General
5BOX:ChainB:GLU37	-62.546183	-45.653903	General
5BOX:ChainB:LEU38	-50.437047	-45.040042	General
5BOX:ChainB:ALA39	-60.432852	-38.858525	General
5BOX:ChainB:SER40	-71.284245	-26.809385	General
5BOX:ChainB:VAL41	-111.970479	14.713098	General
5BOX:ChainB:SER42	-150.075573	172.289341	General
5BOX:ChainB:GLU43	-95.613266	20.049903	General
5BOX:ChainB:VAL44	-81.517042	117.242314	Pre-Pro
5BOX:ChainB:PRO45	-49.429649	133.618961	Proline
5BOX:ChainB:ALA46	-49.278679	-50.732639	Pre-Pro
5BOX:ChainB:PRO47	-54.577441	-28.107338	Proline
5BOX:ChainB:ARG48	-93.810251	-17.977148	General
5BOX:ChainB:THR49	-51.076498	-45.740684	General
5BOX:ChainB:TYR50	-55.827511	-57.014673	General
5BOX:ChainB:ASP51	-73.760940	-33.902266	General
5BOX:ChainB:VAL52	-63.403823	-44.713507	General
5BOX:ChainB:LEU53	-66.812186	-42.502747	General
5BOX:ChainB:ARG54	-62.668984	-25.577619	General
5BOX:ChainB:SER55	-72.002264	-47.918776	General
5BOX:ChainB:LEU56	-58.006485	-29.162886	General
5BOX:ChainB:GLU57	-58.616532	-56.046616	General
5BOX:ChainB:LYS58	-69.449895	-32.542746	General
5BOX:ChainB:LYS59	-71.963585	-15.369169	General
5BOX:ChainB:GLY60	93.271155	16.745878	Glycine
5BOX:ChainB:PHE61	-97.492992	-3.805756	General
5BOX:ChainB:ALA62	-151.527650	144.856084	General
5BOX:ChainB:MET63	-106.513567	160.691308	General
5BOX:ChainB:THR64	-142.679586	154.629781	General
5BOX:ChainB:GLN65	-114.248653	104.353224	Pre-Pro
5BOX:ChainB:PRO66	-65.772395	113.502875	Proline
5BOX:ChainB:GLY67	-158.584517	-171.333589	Glycine
5BOX:ChainB:LYS68	-54.765152	-34.829402	General
5BOX:ChainB:THR69	-133.265247	102.034299	General
5BOX:ChainB:ASN70	-62.382954	133.837580	General
5BOX:ChainB:LYS71	-114.347377	147.346688	General
5BOX:ChainB:TYR72	-125.313591	140.903755	General
5BOX:ChainB:ARG73	-116.899956	142.348872	Pre-Pro
5BOX:ChainB:PRO74	-71.358212	141.998397	Proline
5BOX:ChainB:VAL75	-71.016236	152.413743	General
5BOX:ChainB:HIS76	-70.170868	122.631382	Pre-Pro
5BOX:ChainB:PRO77	-47.510573	-35.336875	Proline
5BOX:ChainB:ALA78	-66.036134	-28.250744	General
5BOX:ChainB:ASN79	-83.466466	-48.436510	General
5BOX:ChainB:VAL80	-73.487881	-51.308014	General
5BOX:ChainB:LEU81	-57.640902	-41.928755	General
5BOX:ChainB:GLU82	-70.485553	-39.077830	General
5BOX:ChainB:LYS83	-56.540191	-47.431841	General
5BOX:ChainB:PHE84	-54.481783	-51.325149	General
5BOX:ChainB:ILE85	-60.010608	-46.687015	General
5BOX:ChainB:GLN86	-62.575123	-42.601075	General
5BOX:ChainB:ASP87	-62.448591	-48.333283	General
5BOX:ChainB:TRP88	-51.698450	-48.577928	General
5BOX:ChainB:GLN89	-57.191035	-30.694184	General
5BOX:ChainB:GLU90	-75.628485	-32.141331	General
5BOX:ChainB:ARG91	-68.509611	-47.920040	General
5BOX:ChainB:VAL92	-53.800850	-47.976618	General
5BOX:ChainB:LYS93	-59.076618	-27.673724	General
5BOX:ChainB:GLU94	-83.598720	-48.832810	General
5BOX:ChainB:GLU95	-55.867780	-30.018143	General
5BOX:ChainB:LEU96	-69.711708	-52.730665	General
5BOX:ChainB:GLU97	-58.479647	-35.800737	General
5BOX:ChainB:ALA98	-61.371161	-50.379495	General
5BOX:ChainB:LYS99	-53.057756	-39.695391	General
5BOX:ChainB:LYS100	-67.068419	-46.722400	General
5BOX:ChainB:LYS101	-65.561531	-35.488230	General
5BOX:ChainB:ALA102	-62.854160	-46.038401	General
5BOX:ChainB:LYS103	-59.744239	-51.958788	General
5BOX:ChainB:GLU104	-51.927526	-44.873756	General
5BOX:ChainB:GLU105	-68.031057	-48.003150	General
5BOX:ChainB:LEU106	-53.851521	-42.172878	General
5BOX:ChainB:LEU107	-65.191432	-31.204440	General
5BOX:ChainB:GLU108	-75.269374	-35.389046	General
5BOX:ChainB:LEU109	-72.812264	-40.867571	General
5BOX:ChainB:MET110	-84.136927	-3.528860	General
5BOX:ChainB:ALA111	-51.926285	-54.825222	Pre-Pro
5BOX:ChainB:PRO112	-63.226435	-25.936950	Proline
5BOX:ChainB:LEU113	-90.305878	-19.921789	General
5BOX:ChainB:ILE114	-54.959410	111.012500	General
5BOX:ChainB:GLU115	-111.002261	122.198716	General
5BOX:ChainB:THR116	-88.284437	-31.967081	General
5BOX:ChainB:GLU117	-61.297350	145.741853	General
5BOX:ChainB:VAL118	-115.827312	115.656570	Pre-Pro
5BOX:ChainB:PRO119	-66.114131	131.428397	Proline
5BOX:ChainB:LYS120	-101.436627	-2.045850	General
5BOX:ChainB:TYR121	-121.069353	-37.918062	General
5BOX:ChainB:GLY122	-134.114734	-22.820878	Glycine
5BOX:ChainB:VAL123	-77.841997	-15.361684	General
5BOX:ChainB:GLU124	-80.287309	125.524075	General
5BOX:ChainB:ARG125	-117.939366	9.135366	General
5BOX:ChainB:VAL126	-141.556982	129.447152	General
5BOX:ChainB:TRP127	-136.450211	130.584523	General
5BOX:ChainB:VAL128	-109.122612	121.613158	General
5BOX:ChainB:VAL129	-120.340999	146.892491	General
5BOX:ChainB:ARG130	-129.446206	-49.812137	General
5BOX:ChainB:GLY131	-56.304315	178.462774	Glycine
5BOX:ChainB:ILE132	-93.311936	-30.918097	General
5BOX:ChainB:LYS133	-62.978193	-50.278174	General
5BOX:ChainB:ASN134	-72.193337	-30.730857	General
5BOX:ChainB:SER135	-67.003055	-31.783992	General
5BOX:ChainB:THR136	-78.913245	-41.132761	General
5BOX:ChainB:LEU137	-62.566293	-31.148012	General
5BOX:ChainB:LYS138	-79.266643	-38.516371	General
5BOX:ChainB:THR139	-66.127276	-37.354641	General
5BOX:ChainB:LYS140	-58.181518	-48.603306	General
5BOX:ChainB:GLU141	-60.665015	-40.551057	General
5BOX:ChainB:MET142	-63.728175	-41.794473	General
5BOX:ChainB:LEU143	-73.504792	-32.273179	General
5BOX:ChainB:GLU144	-71.047655	-40.416320	General
5BOX:ChainB:GLU145	-83.559630	-0.340620	General
5BOX:ChainB:ALA146	-67.450251	131.441446	General
5BOX:ChainB:GLN147	-130.733186	-18.462632	General
5BOX:ChainB:ASN148	-117.425246	-70.438044	General
5BOX:ChainB:GLU149	-140.199134	149.180544	General
5BOX:ChainB:ILE150	-121.506700	119.469068	General
5BOX:ChainB:LEU151	-115.690098	113.190525	General
5BOX:ChainB:LEU152	-121.705970	106.278669	General
5BOX:ChainB:ALA153	-102.145477	106.808278	General
5BOX:ChainB:ASP154	-118.665437	133.916477	General
5BOX:ChainB:ASP155	-87.521080	-12.476075	General
5BOX:ChainB:GLY156	-168.543812	-122.999456	Glycine
5BOX:ChainB:PHE157	-59.401346	-18.929812	General
5BOX:ChainB:ILE158	-52.846932	-46.960467	General
5BOX:ChainB:ALA159	-78.305949	-29.908004	General
5BOX:ChainB:VAL160	-75.499067	-32.419082	General
5BOX:ChainB:ASN161	-88.242778	-22.026686	General
5BOX:ChainB:LEU162	-85.311971	-9.269034	General
5BOX:ChainB:GLU163	-43.898103	-42.879942	General
5BOX:ChainB:ASP164	-62.915452	-43.599001	General
5BOX:ChainB:ASP165	-75.977209	-33.451586	General
5BOX:ChainB:ILE166	-64.427656	-46.487229	General
5BOX:ChainB:ILE167	-59.222818	-51.041839	General
5BOX:ChainB:LYS168	-54.875240	-39.726464	General
5BOX:ChainB:ALA169	-63.497580	-50.306770	General
5BOX:ChainB:VAL170	-57.034409	-34.347842	General
5BOX:ChainB:ASP171	-64.595500	-32.575319	General
5BOX:ChainB:ARG172	-75.020279	-9.161825	General
5BOX:ChainB:GLY173	102.963328	11.505510	Glycine
5BOX:ChainB:VAL174	-80.917674	129.390748	General
5BOX:ChainB:LYS175	-60.630886	118.600890	General
5BOX:ChainB:THR176	-113.562812	133.475817	General
5BOX:ChainB:LYS177	-122.559365	117.452647	General
5BOX:ChainB:ILE178	-106.084310	127.407376	General
5BOX:ChainB:LEU179	-127.088828	116.091935	General
5BOX:ChainB:LEU180	-115.148123	163.076818	General
5BOX:ChainB:THR181	-84.139801	136.031545	General
5BOX:ChainB:LYS182	-46.096778	-36.984824	General
5BOX:ChainB:ASN183	-63.796699	-19.631238	General
5BOX:ChainB:LEU184	-90.414919	-5.598749	General
5BOX:ChainB:LEU185	-60.190190	-47.352858	Pre-Pro
5BOX:ChainB:PRO186	-59.178649	-12.373601	Proline
5BOX:ChainB:ARG187	-75.616851	-8.182217	General
5BOX:ChainB:LEU188	-117.784977	48.517460	General
5BOX:ChainB:LYS189	-76.527011	110.649219	General
5BOX:ChainB:ALA190	60.376514	28.632354	General
5BOX:ChainB:SER191	-79.755073	156.492803	General
5BOX:ChainB:LYS192	-69.144303	-15.389345	General
5BOX:ChainB:ILE193	-71.220134	-55.424532	General
5BOX:ChainB:ILE194	-60.109616	-29.675548	General
5BOX:ChainB:ASP195	-65.554293	-50.513355	General
5BOX:ChainB:TYR196	-64.564604	-34.858250	General
5BOX:ChainB:ALA197	-65.030707	-38.624077	General
5BOX:ChainB:LYS198	-76.351883	-18.046725	General
5BOX:ChainB:GLU199	-83.728757	-36.979793	General
5BOX:ChainB:GLY200	112.694429	6.287958	Glycine
5BOX:ChainB:LYS201	-80.853952	-7.586717	General
5BOX:ChainB:LEU202	-163.887232	147.329207	General
5BOX:ChainB:GLU203	-87.812237	133.819091	General
5BOX:ChainB:LEU204	-128.588879	131.968920	General
5BOX:ChainB:ARG205	-142.535314	156.620115	General
5BOX:ChainB:ALA206	-125.901312	143.532420	General
5BOX:ChainB:LEU207	-136.020046	145.138920	General
5BOX:ChainB:ASP208	-65.243212	-37.168962	General
5BOX:ChainB:LYS209	-161.096137	144.854526	General
5BOX:ChainB:PHE210	-146.691490	139.723586	General
5BOX:ChainB:ASP211	-81.092993	-23.407346	General
5BOX:ChainB:LEU212	-124.528166	78.193103	Pre-Pro
5BOX:ChainB:PRO213	-63.181274	151.759051	Proline
5BOX:ChainB:MET214	-161.313804	151.395022	General
5BOX:ChainB:LEU215	-112.577533	124.742631	General
5BOX:ChainB:ILE216	-117.377729	128.369933	General
5BOX:ChainB:CYS217	-135.658271	105.773504	General
5BOX:ChainB:ASP218	43.118632	62.916333	General
5BOX:ChainB:GLU219	70.681366	24.953375	General
5BOX:ChainB:GLU220	-126.415225	131.078255	General
5BOX:ChainB:VAL221	-128.050950	135.385126	General
5BOX:ChainB:PHE222	-126.223076	113.290437	General
5BOX:ChainB:PHE223	-134.080044	170.897492	General
5BOX:ChainB:ALA224	-113.396835	152.594078	General
5BOX:ChainB:LEU225	-95.522173	107.656223	General
5BOX:ChainB:GLU226	-58.651401	109.593374	General
5BOX:ChainB:ASP227	-135.757266	111.435915	General
5BOX:ChainB:LEU228	-80.416335	-25.945801	General
5BOX:ChainB:ALA229	-54.714404	-63.618940	General
5BOX:ChainB:ALA230	-74.499292	-18.807060	General
5BOX:ChainB:ARG231	-61.652145	-24.903790	General
5BOX:ChainB:TYR232	-75.168853	-29.999926	General
5BOX:ChainB:PHE233	-85.332931	17.956190	General
5BOX:ChainB:ASN234	40.842547	-3.455054	General
5BOX:ChainB:TYR235	-98.614283	40.038572	General
5BOX:ChainB:GLU236	-84.593576	126.323581	General
5BOX:ChainB:THR237	-68.394138	129.609581	General
5BOX:ChainB:GLN238	-130.733928	147.417745	General
5BOX:ChainB:VAL239	-127.282835	132.386965	General
5BOX:ChainB:TRP240	-107.589708	123.751839	General
5BOX:ChainB:ILE241	-127.319168	130.533787	General
5BOX:ChainB:LYS242	-110.860336	101.099068	General
5BOX:ChainB:ASP243	-165.785360	130.839287	General
5BOX:ChainB:HIS244	-53.021825	-47.284594	General
5BOX:ChainB:ARG245	-63.057289	-56.428789	General
5BOX:ChainB:VAL246	-60.634888	-51.349375	General
5BOX:ChainB:VAL247	-62.112577	-31.697780	General
5BOX:ChainB:ALA248	-65.614494	-33.279222	General
5BOX:ChainB:LEU249	-66.734965	-43.325545	General
5BOX:ChainB:PHE250	-67.900815	-39.195773	General
5BOX:ChainB:LYS251	-59.193959	-33.021070	General
5BOX:ChainB:GLU252	-64.983931	-42.840792	General
5BOX:ChainB:LYS253	-63.018249	-46.299535	General
5BOX:ChainB:PHE254	-55.460052	-51.591539	General
5BOX:ChainB:ASN255	-58.471839	-28.244519	General
5BOX:ChainB:GLU256	-66.099143	-50.177432	General
5BOX:ChainB:TYR257	-57.013316	-54.196661	General
5BOX:ChainB:TRP258	-57.047456	-39.162123	General
5BOX:ChainB:GLU259	-75.497422	-1.746323	General
5BOX:ChainB:LYS260	-116.594007	-11.099933	General
5BOX:ChainB:ALA261	-82.151405	-173.990692	General
5BOX:ChainB:GLU262	-139.187975	130.738939	General
5BOX:ChainB:LYS263	-71.923455	145.424085	General
5BOX:ChainC:LYS3	-52.209967	-39.213060	General
5BOX:ChainC:ASP4	-68.275561	-36.032751	General
5BOX:ChainC:ARG5	-69.695038	-37.677485	General
5BOX:ChainC:MET6	-64.518829	-48.936178	General
5BOX:ChainC:VAL7	-56.834198	-37.579017	General
5BOX:ChainC:GLU8	-64.773552	-49.175592	General
5BOX:ChainC:LEU9	-60.551073	-49.973369	General
5BOX:ChainC:LEU10	-54.610577	-42.147343	General
5BOX:ChainC:GLN11	-67.018292	-34.839194	General
5BOX:ChainC:GLU12	-77.614861	-59.157472	General
5BOX:ChainC:HIS13	-102.163186	-7.330416	General
5BOX:ChainC:PHE14	-129.203521	15.897776	General
5BOX:ChainC:GLU15	58.338814	44.011408	General
5BOX:ChainC:LEU16	-108.527308	138.760377	General
5BOX:ChainC:ASN17	-72.846597	173.583568	General
5BOX:ChainC:LEU18	-53.433538	-51.687755	General
5BOX:ChainC:TYR19	-64.127725	-43.758982	General
5BOX:ChainC:GLU20	-64.247737	-40.245392	General
5BOX:ChainC:ALA21	-62.805737	-48.230640	General
5BOX:ChainC:ARG22	-57.819081	-53.385350	General
5BOX:ChainC:ALA23	-50.333370	-42.720795	General
5BOX:ChainC:TYR24	-65.883638	-43.778055	General
5BOX:ChainC:VAL25	-62.688022	-40.761893	General
5BOX:ChainC:ALA26	-60.736384	-46.304637	General
5BOX:ChainC:LEU27	-58.847496	-39.423497	General
5BOX:ChainC:VAL28	-70.312110	-31.234838	General
5BOX:ChainC:ALA29	-78.993882	-47.635816	General
5BOX:ChainC:PHE30	-96.127203	1.058995	General
5BOX:ChainC:GLY31	71.900199	-41.532308	Glycine
5BOX:ChainC:VAL32	-147.280884	142.328111	General
5BOX:ChainC:LEU33	-152.326641	136.126793	General
5BOX:ChainC:THR34	-83.909253	160.238631	Pre-Pro
5BOX:ChainC:PRO35	-50.726005	-43.421768	Proline
5BOX:ChainC:ALA36	-62.495396	-50.929584	General
5BOX:ChainC:GLU37	-54.102535	-43.148478	General
5BOX:ChainC:LEU38	-60.904529	-45.721690	General
5BOX:ChainC:ALA39	-58.987380	-31.738861	General
5BOX:ChainC:SER40	-76.175036	-59.342480	General
5BOX:ChainC:VAL41	-74.451756	-17.671844	General
5BOX:ChainC:SER42	-119.749295	178.246452	General
5BOX:ChainC:GLU43	-98.458037	20.014229	General
5BOX:ChainC:VAL44	-87.065732	115.101448	Pre-Pro
5BOX:ChainC:PRO45	-42.928995	129.872722	Proline
5BOX:ChainC:ALA46	-47.495703	-56.624683	Pre-Pro
5BOX:ChainC:PRO47	-59.859279	-9.610695	Proline
5BOX:ChainC:ARG48	-103.920082	-16.645359	General
5BOX:ChainC:THR49	-55.410111	-37.371048	General
5BOX:ChainC:TYR50	-63.453740	-63.852535	General
5BOX:ChainC:ASP51	-59.896929	-32.629340	General
5BOX:ChainC:VAL52	-65.443776	-40.519837	General
5BOX:ChainC:LEU53	-72.137599	-43.528933	General
5BOX:ChainC:ARG54	-57.970633	-41.027712	General
5BOX:ChainC:SER55	-59.674171	-50.343902	General
5BOX:ChainC:LEU56	-56.617828	-40.663175	General
5BOX:ChainC:GLU57	-60.563550	-47.038435	General
5BOX:ChainC:LYS58	-61.570642	-42.257579	General
5BOX:ChainC:LYS59	-76.336697	1.824070	General
5BOX:ChainC:GLY60	74.253704	35.593570	Glycine
5BOX:ChainC:PHE61	-111.516025	-15.302058	General
5BOX:ChainC:ALA62	-147.775166	156.544160	General
5BOX:ChainC:MET63	-126.598264	153.226498	General
5BOX:ChainC:THR64	-122.746698	139.447709	General
5BOX:ChainC:GLN65	-76.629762	154.991864	Pre-Pro
5BOX:ChainC:PRO66	-59.892868	-8.706058	Proline
5BOX:ChainC:GLY67	112.504940	-146.444641	Glycine
5BOX:ChainC:LYS68	-63.352466	-19.277533	General
5BOX:ChainC:THR69	-79.719036	165.873904	General
5BOX:ChainC:ASN70	-108.306824	85.205900	General
5BOX:ChainC:LYS71	-110.416443	138.680887	General
5BOX:ChainC:TYR72	-119.278549	140.117004	General
5BOX:ChainC:ARG73	-116.742730	147.005653	Pre-Pro
5BOX:ChainC:PRO74	-74.114767	150.190846	Proline
5BOX:ChainC:VAL75	-83.273689	136.440300	General
5BOX:ChainC:HIS76	-57.932547	126.920990	Pre-Pro
5BOX:ChainC:PRO77	-48.658590	-37.907240	Proline
5BOX:ChainC:ALA78	-58.503044	-34.582416	General
5BOX:ChainC:ASN79	-87.097801	-50.238608	General
5BOX:ChainC:VAL80	-68.000085	-42.708725	General
5BOX:ChainC:LEU81	-66.316393	-41.916176	General
5BOX:ChainC:GLU82	-66.091150	-36.810300	General
5BOX:ChainC:LYS83	-68.156528	-39.693357	General
5BOX:ChainC:PHE84	-62.121722	-48.021842	General
5BOX:ChainC:ILE85	-64.406524	-45.280696	General
5BOX:ChainC:GLN86	-63.903847	-41.837522	General
5BOX:ChainC:ASP87	-66.023847	-41.026319	General
5BOX:ChainC:TRP88	-58.914539	-44.279513	General
5BOX:ChainC:GLN89	-56.735319	-39.288793	General
5BOX:ChainC:GLU90	-64.248915	-45.795448	General
5BOX:ChainC:ARG91	-60.584388	-42.461013	General
5BOX:ChainC:VAL92	-72.436526	-40.906555	General
5BOX:ChainC:LYS93	-57.834228	-33.000467	General
5BOX:ChainC:GLU94	-79.462887	-35.267226	General
5BOX:ChainC:GLU95	-66.342452	-32.644996	General
5BOX:ChainC:LEU96	-60.347512	-46.844523	General
5BOX:ChainC:GLU97	-57.408687	-46.044212	General
5BOX:ChainC:ALA98	-59.516599	-43.182979	General
5BOX:ChainC:LYS99	-61.798206	-47.642159	General
5BOX:ChainC:LYS100	-61.201520	-38.813440	General
5BOX:ChainC:LYS101	-70.177590	-35.522335	General
5BOX:ChainC:ALA102	-69.330206	-35.398463	General
5BOX:ChainC:LYS103	-67.007243	-53.018588	General
5BOX:ChainC:GLU104	-55.697425	-38.440769	General
5BOX:ChainC:GLU105	-68.160609	-47.062481	General
5BOX:ChainC:LEU106	-55.599462	-49.363584	General
5BOX:ChainC:LEU107	-53.493393	-36.735476	General
5BOX:ChainC:GLU108	-68.816271	-47.512718	General
5BOX:ChainC:LEU109	-63.334085	-32.177745	General
5BOX:ChainC:MET110	-92.386940	-10.677369	General
5BOX:ChainC:ALA111	-51.722321	-53.621649	Pre-Pro
5BOX:ChainC:PRO112	-57.517331	-34.406996	Proline
5BOX:ChainC:LEU113	-63.003482	-42.757036	General
5BOX:ChainC:ILE114	-87.958934	71.429215	General
5BOX:ChainC:GLU115	-99.884398	179.512626	General
5BOX:ChainC:THR116	-64.945616	105.502029	General
5BOX:ChainC:GLU117	-112.013573	-23.064947	General
5BOX:ChainC:VAL118	-72.592202	-50.098865	Pre-Pro
5BOX:ChainC:PRO119	-91.683217	136.023456	Proline
5BOX:ChainC:LYS120	-56.929961	-41.452670	General
5BOX:ChainC:TYR121	-109.838402	109.328728	General
5BOX:ChainC:GLY122	-158.053563	164.607411	Glycine
5BOX:ChainC:VAL123	73.302745	0.717206	General
5BOX:ChainC:GLU124	-95.446796	121.990984	General
5BOX:ChainC:ARG125	-110.635718	7.705938	General
5BOX:ChainC:VAL126	-150.768761	125.323305	General
5BOX:ChainC:TRP127	-135.377621	149.825090	General
5BOX:ChainC:VAL128	-108.717931	143.853973	General
5BOX:ChainC:VAL129	-129.474758	125.989566	General
5BOX:ChainC:ARG130	-89.274819	129.286601	General
5BOX:ChainC:GLY131	86.011126	123.766762	Glycine
5BOX:ChainC:ILE132	-52.820920	-26.703275	General
5BOX:ChainC:LYS133	-66.432507	-20.662532	General
5BOX:ChainC:ASN134	-102.690690	7.549757	General
5BOX:ChainC:SER135	-52.506298	-48.094617	General
5BOX:ChainC:THR136	-69.236204	-18.597119	General
5BOX:ChainC:LEU137	-63.704624	-18.648357	General
5BOX:ChainC:LYS138	-108.884771	-47.276020	General
5BOX:ChainC:THR139	-56.262273	-31.309953	General
5BOX:ChainC:LYS140	-54.898246	-49.842961	General
5BOX:ChainC:GLU141	-59.296523	-42.224807	General
5BOX:ChainC:MET142	-58.394105	-39.838229	General
5BOX:ChainC:LEU143	-78.758897	-34.677523	General
5BOX:ChainC:GLU144	-73.960659	-20.794335	General
5BOX:ChainC:GLU145	-106.456323	-3.499786	General
5BOX:ChainC:ALA146	-59.303599	126.545334	General
5BOX:ChainC:GLN147	-114.352202	-29.937999	General
5BOX:ChainC:ASN148	-114.742648	-62.448496	General
5BOX:ChainC:GLU149	-136.696103	145.877121	General
5BOX:ChainC:ILE150	-132.753769	117.385884	General
5BOX:ChainC:LEU151	-118.804142	107.468501	General
5BOX:ChainC:LEU152	-111.515601	120.331949	General
5BOX:ChainC:ALA153	-111.742771	76.753092	General
5BOX:ChainC:ASP154	-75.321533	133.844581	General
5BOX:ChainC:ASP155	-94.691344	-10.920819	General
5BOX:ChainC:GLY156	114.902982	4.576959	Glycine
5BOX:ChainC:PHE157	-139.444672	-16.912908	General
5BOX:ChainC:ILE158	-60.187870	-47.987520	General
5BOX:ChainC:ALA159	-134.217796	55.122561	General
5BOX:ChainC:VAL160	-69.669724	129.265562	General
5BOX:ChainC:ASN161	62.966991	21.676666	General
5BOX:ChainC:LEU162	-103.884796	10.597491	General
5BOX:ChainC:GLU163	-50.461396	-41.703198	General
5BOX:ChainC:ASP164	-59.094246	-37.738834	General
5BOX:ChainC:ASP165	-74.774328	-30.862573	General
5BOX:ChainC:ILE166	-68.401487	-51.077709	General
5BOX:ChainC:ILE167	-64.586481	-31.447197	General
5BOX:ChainC:LYS168	-69.815328	-38.822733	General
5BOX:ChainC:ALA169	-65.410080	-41.998105	General
5BOX:ChainC:VAL170	-59.743786	-31.715639	General
5BOX:ChainC:ASP171	-67.471223	-36.182308	General
5BOX:ChainC:ARG172	-89.300938	22.412706	General
5BOX:ChainC:GLY173	78.880669	38.309124	Glycine
5BOX:ChainC:VAL174	-103.228323	127.695265	General
5BOX:ChainC:LYS175	-69.346313	126.859392	General
5BOX:ChainC:THR176	-125.930398	119.833863	General
5BOX:ChainC:LYS177	-114.639964	120.934220	General
5BOX:ChainC:ILE178	-114.736017	119.029414	General
5BOX:ChainC:LEU179	-113.103185	113.628766	General
5BOX:ChainC:LEU180	-117.825191	151.185933	General
5BOX:ChainC:THR181	-70.122173	148.449628	General
5BOX:ChainC:LYS182	-61.372623	-25.513508	General
5BOX:ChainC:ASN183	-77.776754	-12.081479	General
5BOX:ChainC:LEU184	-88.723880	-41.909357	General
5BOX:ChainC:LEU185	-49.790284	-41.584052	Pre-Pro
5BOX:ChainC:PRO186	-54.973204	-11.080437	Proline
5BOX:ChainC:ARG187	-120.063508	47.945689	General
5BOX:ChainC:LEU188	-114.522356	19.624302	General
5BOX:ChainC:LYS189	-77.412686	136.583681	General
5BOX:ChainC:ALA190	-62.314388	-58.898646	General
5BOX:ChainC:SER191	-137.323053	-179.878841	General
5BOX:ChainC:LYS192	-51.081663	-33.004207	General
5BOX:ChainC:ILE193	-76.758339	-16.375696	General
5BOX:ChainC:ILE194	-95.222033	-35.813767	General
5BOX:ChainC:ASP195	-101.845483	41.084314	General
5BOX:ChainC:TYR196	-118.039765	-24.082946	General
5BOX:ChainC:ALA197	-81.176538	-49.290242	General
5BOX:ChainC:LYS198	-60.275422	-29.647002	General
5BOX:ChainC:GLU199	-73.408397	-21.690143	General
5BOX:ChainC:GLY200	92.546271	3.508398	Glycine
5BOX:ChainC:LYS201	-72.165050	-10.972446	General
5BOX:ChainC:LEU202	-163.271519	170.334929	General
5BOX:ChainC:GLU203	-113.504933	149.866322	General
5BOX:ChainC:LEU204	-144.304583	118.110684	General
5BOX:ChainC:ARG205	-130.149701	141.133958	General
5BOX:ChainC:ALA206	-106.299210	155.056815	General
5BOX:ChainC:LEU207	-153.780810	139.117688	General
5BOX:ChainC:ASP208	-61.462177	-47.559693	General
5BOX:ChainC:LYS209	-150.132503	128.986253	General
5BOX:ChainC:PHE210	-146.499860	136.236855	General
5BOX:ChainC:ASP211	-78.399382	-20.719565	General
5BOX:ChainC:LEU212	-126.441767	76.875891	Pre-Pro
5BOX:ChainC:PRO213	-58.070271	142.609147	Proline
5BOX:ChainC:MET214	-158.872705	165.162920	General
5BOX:ChainC:LEU215	-130.859952	117.504038	General
5BOX:ChainC:ILE216	-107.909846	130.838443	General
5BOX:ChainC:CYS217	-138.208887	108.546132	General
5BOX:ChainC:ASP218	57.570160	-120.397265	General
5BOX:ChainC:GLU219	-101.309452	34.146457	General
5BOX:ChainC:GLU220	-124.962213	141.739115	General
5BOX:ChainC:VAL221	-130.712597	139.118650	General
5BOX:ChainC:PHE222	-125.563825	125.601164	General
5BOX:ChainC:PHE223	-143.316412	157.670808	General
5BOX:ChainC:ALA224	-110.142289	143.734360	General
5BOX:ChainC:LEU225	-76.163852	-173.814675	General
5BOX:ChainC:GLU226	-145.239416	110.163239	General
5BOX:ChainC:ASP227	-148.559542	116.945254	General
5BOX:ChainC:LEU228	-52.673946	-50.137525	General
5BOX:ChainC:ALA229	-57.709520	-43.156643	General
5BOX:ChainC:ALA230	-60.642266	-43.501084	General
5BOX:ChainC:ARG231	-72.225197	-30.108613	General
5BOX:ChainC:TYR232	-60.408627	-27.391336	General
5BOX:ChainC:PHE233	-111.145609	21.436178	General
5BOX:ChainC:ASN234	47.430203	52.630255	General
5BOX:ChainC:TYR235	-135.945926	15.528817	General
5BOX:ChainC:GLU236	-54.945964	142.370737	General
5BOX:ChainC:THR237	-92.812976	127.318862	General
5BOX:ChainC:GLN238	-117.480910	144.274810	General
5BOX:ChainC:VAL239	-121.162118	138.085141	General
5BOX:ChainC:TRP240	-116.950128	117.542353	General
5BOX:ChainC:ILE241	-121.198717	128.804968	General
5BOX:ChainC:LYS242	-107.041425	91.962735	General
5BOX:ChainC:ASP243	-155.791271	128.309108	General
5BOX:ChainC:HIS244	-64.990348	-30.680601	General
5BOX:ChainC:ARG245	-74.943318	-42.808691	General
5BOX:ChainC:VAL246	-69.296486	-49.409129	General
5BOX:ChainC:VAL247	-58.357682	-42.518862	General
5BOX:ChainC:ALA248	-60.457701	-36.300195	General
5BOX:ChainC:LEU249	-63.178397	-54.272923	General
5BOX:ChainC:PHE250	-57.124268	-34.071759	General
5BOX:ChainC:LYS251	-67.468430	-33.536690	General
5BOX:ChainC:GLU252	-62.470375	-36.639871	General
5BOX:ChainC:LYS253	-72.572011	-41.922255	General
5BOX:ChainC:PHE254	-57.825451	-52.800608	General
5BOX:ChainC:ASN255	-55.977371	-34.825226	General
5BOX:ChainC:GLU256	-62.025741	-48.234497	General
5BOX:ChainC:TYR257	-61.996766	-40.202955	General
5BOX:ChainC:TRP258	-71.443179	-20.297878	General
5BOX:ChainC:GLU259	-89.368082	9.853599	General
5BOX:ChainC:LYS260	-125.735099	-12.037677	General
5BOX:ChainC:ALA261	-77.768119	165.020577	General
5BOX:ChainC:GLU262	-102.708789	144.781875	General
5BOX:ChainC:LYS263	-65.982368	-4.672704	General
5BOX:ChainD:LYS3	-51.610102	-36.037655	General
5BOX:ChainD:ASP4	-65.811340	-36.726380	General
5BOX:ChainD:ARG5	-70.905400	-36.712244	General
5BOX:ChainD:MET6	-63.911486	-49.232422	General
5BOX:ChainD:VAL7	-58.379759	-39.334997	General
5BOX:ChainD:GLU8	-65.408794	-48.359598	General
5BOX:ChainD:LEU9	-59.927236	-50.407487	General
5BOX:ChainD:LEU10	-55.130330	-41.543484	General
5BOX:ChainD:GLN11	-66.096348	-36.987259	General
5BOX:ChainD:GLU12	-78.868641	-59.355274	General
5BOX:ChainD:HIS13	-99.378106	-6.279083	General
5BOX:ChainD:PHE14	-130.492739	15.867619	General
5BOX:ChainD:GLU15	57.130651	45.227254	General
5BOX:ChainD:LEU16	-108.666059	139.558010	General
5BOX:ChainD:ASN17	-72.885283	174.044098	General
5BOX:ChainD:LEU18	-53.885853	-51.027237	General
5BOX:ChainD:TYR19	-64.128986	-44.973492	General
5BOX:ChainD:GLU20	-63.726182	-39.373522	General
5BOX:ChainD:ALA21	-62.055691	-47.337694	General
5BOX:ChainD:ARG22	-58.820702	-54.911473	General
5BOX:ChainD:ALA23	-50.979935	-42.021159	General
5BOX:ChainD:TYR24	-66.061557	-44.225100	General
5BOX:ChainD:VAL25	-62.324901	-39.873251	General
5BOX:ChainD:ALA26	-60.629030	-46.247415	General
5BOX:ChainD:LEU27	-60.240164	-40.385859	General
5BOX:ChainD:VAL28	-70.392632	-30.580426	General
5BOX:ChainD:ALA29	-78.611437	-49.167770	General
5BOX:ChainD:PHE30	-95.955457	2.200080	General
5BOX:ChainD:GLY31	72.212654	-41.128202	Glycine
5BOX:ChainD:VAL32	-147.618393	142.427364	General
5BOX:ChainD:LEU33	-151.817153	134.731582	General
5BOX:ChainD:THR34	-84.633566	157.566302	Pre-Pro
5BOX:ChainD:PRO35	-51.551726	-43.431727	Proline
5BOX:ChainD:ALA36	-62.991261	-47.922925	General
5BOX:ChainD:GLU37	-54.930413	-42.338175	General
5BOX:ChainD:LEU38	-61.208407	-45.801266	General
5BOX:ChainD:ALA39	-58.633675	-31.221139	General
5BOX:ChainD:SER40	-75.185239	-60.796867	General
5BOX:ChainD:VAL41	-74.785989	-18.005868	General
5BOX:ChainD:SER42	-120.264095	176.905831	General
5BOX:ChainD:GLU43	-97.779722	18.209157	General
5BOX:ChainD:VAL44	-86.952562	117.853444	Pre-Pro
5BOX:ChainD:PRO45	-40.708700	130.944066	Proline
5BOX:ChainD:ALA46	-49.104640	-57.069224	Pre-Pro
5BOX:ChainD:PRO47	-60.627120	-9.269404	Proline
5BOX:ChainD:ARG48	-102.043189	-15.785769	General
5BOX:ChainD:THR49	-53.950495	-38.116855	General
5BOX:ChainD:TYR50	-63.624010	-63.304737	General
5BOX:ChainD:ASP51	-59.557060	-32.511445	General
5BOX:ChainD:VAL52	-65.682851	-42.443783	General
5BOX:ChainD:LEU53	-73.138188	-43.535626	General
5BOX:ChainD:ARG54	-58.223691	-41.456617	General
5BOX:ChainD:SER55	-59.243279	-49.389905	General
5BOX:ChainD:LEU56	-57.558095	-41.084442	General
5BOX:ChainD:GLU57	-60.594847	-45.971475	General
5BOX:ChainD:LYS58	-61.493242	-42.594750	General
5BOX:ChainD:LYS59	-77.767788	1.626621	General
5BOX:ChainD:GLY60	73.596885	34.473143	Glycine
5BOX:ChainD:PHE61	-109.310146	-15.779009	General
5BOX:ChainD:ALA62	-146.397091	155.489538	General
5BOX:ChainD:MET63	-127.081894	155.416101	General
5BOX:ChainD:THR64	-120.771734	141.180907	General
5BOX:ChainD:GLN65	-73.159811	150.579859	Pre-Pro
5BOX:ChainD:PRO66	-62.408255	-10.776475	Proline
5BOX:ChainD:GLY67	-84.077070	-145.037834	Glycine
5BOX:ChainD:LYS68	-59.746480	101.230177	General
5BOX:ChainD:THR69	-80.233889	60.795105	General
5BOX:ChainD:ASN70	-110.183614	-12.136912	General
5BOX:ChainD:LYS71	-111.627707	137.989180	General
5BOX:ChainD:TYR72	-119.306574	137.518448	General
5BOX:ChainD:ARG73	-116.580693	145.457096	Pre-Pro
5BOX:ChainD:PRO74	-73.465441	149.879997	Proline
5BOX:ChainD:VAL75	-83.924058	136.076468	General
5BOX:ChainD:HIS76	-56.876310	127.451497	Pre-Pro
5BOX:ChainD:PRO77	-49.015021	-39.095005	Proline
5BOX:ChainD:ALA78	-58.855379	-34.717008	General
5BOX:ChainD:ASN79	-87.445964	-49.131275	General
5BOX:ChainD:VAL80	-67.766745	-43.564170	General
5BOX:ChainD:LEU81	-66.129184	-42.041600	General
5BOX:ChainD:GLU82	-66.082403	-37.320374	General
5BOX:ChainD:LYS83	-68.763038	-38.215019	General
5BOX:ChainD:PHE84	-61.646804	-47.724629	General
5BOX:ChainD:ILE85	-64.002685	-44.766560	General
5BOX:ChainD:GLN86	-64.862402	-41.897942	General
5BOX:ChainD:ASP87	-67.207868	-40.979844	General
5BOX:ChainD:TRP88	-58.333717	-44.506611	General
5BOX:ChainD:GLN89	-55.575445	-38.573882	General
5BOX:ChainD:GLU90	-63.489182	-45.088748	General
5BOX:ChainD:ARG91	-62.311377	-39.232869	General
5BOX:ChainD:VAL92	-72.737501	-42.602687	General
5BOX:ChainD:LYS93	-59.716832	-33.600490	General
5BOX:ChainD:GLU94	-78.337089	-35.479036	General
5BOX:ChainD:GLU95	-65.127528	-32.544086	General
5BOX:ChainD:LEU96	-61.237207	-48.669408	General
5BOX:ChainD:GLU97	-58.194012	-45.319113	General
5BOX:ChainD:ALA98	-59.555119	-43.752096	General
5BOX:ChainD:LYS99	-61.840160	-47.133501	General
5BOX:ChainD:LYS100	-60.536674	-38.146044	General
5BOX:ChainD:LYS101	-68.911227	-35.383310	General
5BOX:ChainD:ALA102	-69.753866	-36.679364	General
5BOX:ChainD:LYS103	-65.807160	-53.132353	General
5BOX:ChainD:GLU104	-56.429920	-38.411054	General
5BOX:ChainD:GLU105	-66.628243	-48.271504	General
5BOX:ChainD:LEU106	-55.230747	-48.929786	General
5BOX:ChainD:LEU107	-54.282685	-37.637578	General
5BOX:ChainD:GLU108	-71.496781	-45.583631	General
5BOX:ChainD:LEU109	-62.188866	-33.131449	General
5BOX:ChainD:MET110	-91.223516	-8.399013	General
5BOX:ChainD:ALA111	-50.832723	-52.439865	Pre-Pro
5BOX:ChainD:PRO112	-57.519844	-36.038690	Proline
5BOX:ChainD:LEU113	-64.761168	-41.704652	General
5BOX:ChainD:ILE114	-88.864105	72.318799	General
5BOX:ChainD:GLU115	-101.716029	174.805860	General
5BOX:ChainD:THR116	-70.057474	104.676536	General
5BOX:ChainD:GLU117	-114.427872	-16.954589	General
5BOX:ChainD:VAL118	-138.541885	100.715962	Pre-Pro
5BOX:ChainD:PRO119	-91.495302	-162.149611	Proline
5BOX:ChainD:LYS120	-57.006007	-36.867013	General
5BOX:ChainD:TYR121	-106.715696	108.051341	General
5BOX:ChainD:GLY122	-159.695518	165.453142	Glycine
5BOX:ChainD:VAL123	75.987869	-0.916855	General
5BOX:ChainD:GLU124	-94.358710	122.424552	General
5BOX:ChainD:ARG125	-109.513617	9.642056	General
5BOX:ChainD:VAL126	-151.130248	127.066982	General
5BOX:ChainD:TRP127	-136.068510	150.461408	General
5BOX:ChainD:VAL128	-110.477915	144.213959	General
5BOX:ChainD:VAL129	-129.063526	127.431902	General
5BOX:ChainD:ARG130	-90.747306	130.570044	General
5BOX:ChainD:GLY131	85.521283	123.132168	Glycine
5BOX:ChainD:ILE132	-54.594184	-26.522176	General
5BOX:ChainD:LYS133	-66.436730	-21.248314	General
5BOX:ChainD:ASN134	-101.791670	9.875763	General
5BOX:ChainD:SER135	-51.157326	-48.965979	General
5BOX:ChainD:THR136	-71.277681	-17.222290	General
5BOX:ChainD:LEU137	-63.146823	-19.464315	General
5BOX:ChainD:LYS138	-108.545907	-48.376730	General
5BOX:ChainD:THR139	-57.008442	-29.828017	General
5BOX:ChainD:LYS140	-54.921426	-50.193321	General
5BOX:ChainD:GLU141	-57.576471	-40.533264	General
5BOX:ChainD:MET142	-58.837965	-39.059716	General
5BOX:ChainD:LEU143	-77.916718	-33.032908	General
5BOX:ChainD:GLU144	-71.785086	-24.221774	General
5BOX:ChainD:GLU145	-108.607365	-2.853900	General
5BOX:ChainD:ALA146	-59.237453	125.665072	General
5BOX:ChainD:GLN147	-115.096884	-28.805690	General
5BOX:ChainD:ASN148	-113.544681	-62.081127	General
5BOX:ChainD:GLU149	-138.780615	147.351682	General
5BOX:ChainD:ILE150	-132.189796	117.024295	General
5BOX:ChainD:LEU151	-118.754225	105.894918	General
5BOX:ChainD:LEU152	-111.187534	122.350554	General
5BOX:ChainD:ALA153	-111.485108	76.168701	General
5BOX:ChainD:ASP154	-75.004697	134.909921	General
5BOX:ChainD:ASP155	-93.929258	-12.064449	General
5BOX:ChainD:GLY156	113.963649	4.408723	Glycine
5BOX:ChainD:PHE157	-140.297203	-16.119356	General
5BOX:ChainD:ILE158	-61.209377	-48.199567	General
5BOX:ChainD:ALA159	-136.054282	54.977123	General
5BOX:ChainD:VAL160	-68.348802	130.125007	General
5BOX:ChainD:ASN161	63.308931	21.348064	General
5BOX:ChainD:LEU162	-103.984068	11.252950	General
5BOX:ChainD:GLU163	-52.155948	-41.899967	General
5BOX:ChainD:ASP164	-58.634558	-37.121835	General
5BOX:ChainD:ASP165	-74.459406	-30.145791	General
5BOX:ChainD:ILE166	-68.232208	-50.200798	General
5BOX:ChainD:ILE167	-64.054333	-31.906821	General
5BOX:ChainD:LYS168	-69.769273	-39.246619	General
5BOX:ChainD:ALA169	-65.913116	-42.503153	General
5BOX:ChainD:VAL170	-60.527157	-33.218200	General
5BOX:ChainD:ASP171	-68.078847	-36.135397	General
5BOX:ChainD:ARG172	-89.183087	21.619157	General
5BOX:ChainD:GLY173	79.585176	38.715610	Glycine
5BOX:ChainD:VAL174	-103.391249	128.094977	General
5BOX:ChainD:LYS175	-69.319801	126.972336	General
5BOX:ChainD:THR176	-125.780832	121.555082	General
5BOX:ChainD:LYS177	-114.322317	121.466072	General
5BOX:ChainD:ILE178	-114.609942	119.191428	General
5BOX:ChainD:LEU179	-114.156832	114.043250	General
5BOX:ChainD:LEU180	-117.076287	150.741301	General
5BOX:ChainD:THR181	-70.286842	149.551794	General
5BOX:ChainD:LYS182	-61.252226	-24.610863	General
5BOX:ChainD:ASN183	-76.179192	-9.871902	General
5BOX:ChainD:LEU184	-87.354413	-36.477945	General
5BOX:ChainD:LEU185	-45.792925	-39.887905	Pre-Pro
5BOX:ChainD:PRO186	-51.522527	-7.908250	Proline
5BOX:ChainD:ARG187	-116.999182	43.085304	General
5BOX:ChainD:LEU188	-118.418202	20.507651	General
5BOX:ChainD:LYS189	-77.674040	-45.951187	General
5BOX:ChainD:ALA190	77.459394	21.322696	General
5BOX:ChainD:SER191	-139.813237	179.416294	General
5BOX:ChainD:LYS192	-135.126167	-26.564867	General
5BOX:ChainD:ILE193	-71.695528	-22.930331	General
5BOX:ChainD:ILE194	-104.629083	116.539685	General
5BOX:ChainD:ASP195	-100.885824	62.434794	General
5BOX:ChainD:TYR196	-104.699761	-22.987602	General
5BOX:ChainD:ALA197	-83.381622	-50.669600	General
5BOX:ChainD:LYS198	-61.222761	-25.228703	General
5BOX:ChainD:GLU199	-71.167094	-20.436442	General
5BOX:ChainD:GLY200	93.497861	4.308860	Glycine
5BOX:ChainD:LYS201	-72.410176	-11.456460	General
5BOX:ChainD:LEU202	-165.064243	171.658064	General
5BOX:ChainD:GLU203	-114.611322	148.930917	General
5BOX:ChainD:LEU204	-144.442698	117.256087	General
5BOX:ChainD:ARG205	-129.858327	140.554009	General
5BOX:ChainD:ALA206	-106.988763	155.370171	General
5BOX:ChainD:LEU207	-153.650498	141.115807	General
5BOX:ChainD:ASP208	-62.081841	-48.476487	General
5BOX:ChainD:LYS209	-150.370235	129.785973	General
5BOX:ChainD:PHE210	-146.713993	137.003221	General
5BOX:ChainD:ASP211	-78.504274	-20.192055	General
5BOX:ChainD:LEU212	-126.466645	76.604080	Pre-Pro
5BOX:ChainD:PRO213	-58.577227	143.046864	Proline
5BOX:ChainD:MET214	-158.832868	164.136093	General
5BOX:ChainD:LEU215	-131.965742	117.338229	General
5BOX:ChainD:ILE216	-107.384753	132.256404	General
5BOX:ChainD:CYS217	-138.062006	109.623626	General
5BOX:ChainD:ASP218	57.965340	-121.082771	General
5BOX:ChainD:GLU219	-102.001316	34.630445	General
5BOX:ChainD:GLU220	-124.121920	140.095169	General
5BOX:ChainD:VAL221	-130.270071	137.496482	General
5BOX:ChainD:PHE222	-124.880995	127.134289	General
5BOX:ChainD:PHE223	-144.121105	161.036846	General
5BOX:ChainD:ALA224	-109.702193	141.981381	General
5BOX:ChainD:LEU225	-76.522295	-174.286065	General
5BOX:ChainD:GLU226	-144.439348	111.669708	General
5BOX:ChainD:ASP227	-148.135390	117.052900	General
5BOX:ChainD:LEU228	-52.797157	-50.704700	General
5BOX:ChainD:ALA229	-59.003737	-42.153548	General
5BOX:ChainD:ALA230	-60.249336	-43.128606	General
5BOX:ChainD:ARG231	-71.942836	-29.446573	General
5BOX:ChainD:TYR232	-61.025539	-26.672477	General
5BOX:ChainD:PHE233	-111.651313	21.253511	General
5BOX:ChainD:ASN234	48.500997	51.969061	General
5BOX:ChainD:TYR235	-137.322651	17.149550	General
5BOX:ChainD:GLU236	-55.179682	141.892841	General
5BOX:ChainD:THR237	-93.017906	127.112996	General
5BOX:ChainD:GLN238	-116.896013	143.627040	General
5BOX:ChainD:VAL239	-122.178565	139.456301	General
5BOX:ChainD:TRP240	-116.983324	118.568345	General
5BOX:ChainD:ILE241	-121.129581	130.382059	General
5BOX:ChainD:LYS242	-106.733694	88.272370	General
5BOX:ChainD:ASP243	-157.705299	128.779390	General
5BOX:ChainD:HIS244	-65.841227	-30.640655	General
5BOX:ChainD:ARG245	-74.974563	-43.609567	General
5BOX:ChainD:VAL246	-68.286796	-48.232980	General
5BOX:ChainD:VAL247	-57.943173	-42.736683	General
5BOX:ChainD:ALA248	-60.266531	-37.758708	General
5BOX:ChainD:LEU249	-64.346001	-52.849096	General
5BOX:ChainD:PHE250	-56.911672	-34.735253	General
5BOX:ChainD:LYS251	-67.860106	-32.231902	General
5BOX:ChainD:GLU252	-63.359257	-37.440446	General
5BOX:ChainD:LYS253	-72.752527	-42.095522	General
5BOX:ChainD:PHE254	-56.284123	-52.073289	General
5BOX:ChainD:ASN255	-56.300338	-35.987572	General
5BOX:ChainD:GLU256	-60.606181	-48.528764	General
5BOX:ChainD:TYR257	-62.532043	-40.255704	General
5BOX:ChainD:TRP258	-71.511728	-21.099574	General
5BOX:ChainD:GLU259	-89.869642	8.118372	General
5BOX:ChainD:LYS260	-126.296896	-10.681149	General
5BOX:ChainD:ALA261	-76.111356	166.917663	General
5BOX:ChainD:GLU262	-100.139818	142.345977	General
5BOX:ChainD:LYS263	-67.615331	-3.416691	General
