5BPD:ChainA:LYS3	-64.446928	-36.128176	General
5BPD:ChainA:ASP4	-63.615163	-38.157705	General
5BPD:ChainA:ARG5	-68.388263	-45.017473	General
5BPD:ChainA:MET6	-58.942169	-46.430014	General
5BPD:ChainA:VAL7	-67.003699	-35.160337	General
5BPD:ChainA:GLU8	-67.984374	-40.926196	General
5BPD:ChainA:LEU9	-72.564942	-26.715716	General
5BPD:ChainA:LEU10	-71.724006	-43.190077	General
5BPD:ChainA:GLN11	-68.569474	-34.593105	General
5BPD:ChainA:GLU12	-82.216006	-34.889972	General
5BPD:ChainA:HIS13	-125.741605	3.080795	General
5BPD:ChainA:PHE14	-138.490252	19.479607	General
5BPD:ChainA:GLU15	58.523171	32.782591	General
5BPD:ChainA:LEU16	-106.024566	137.638955	General
5BPD:ChainA:ASN17	-83.355680	178.029058	General
5BPD:ChainA:LEU18	-50.915768	-59.376305	General
5BPD:ChainA:TYR19	-61.593853	-43.512507	General
5BPD:ChainA:GLU20	-62.113932	-38.367331	General
5BPD:ChainA:ALA21	-67.793831	-47.332427	General
5BPD:ChainA:ARG22	-58.731563	-42.132554	General
5BPD:ChainA:ALA23	-63.009889	-45.136824	General
5BPD:ChainA:TYR24	-63.745039	-42.940109	General
5BPD:ChainA:VAL25	-62.339679	-36.211089	General
5BPD:ChainA:ALA26	-65.938116	-43.225627	General
5BPD:ChainA:LEU27	-58.887400	-50.454540	General
5BPD:ChainA:VAL28	-56.969817	-40.395970	General
5BPD:ChainA:ALA29	-74.055385	-36.676443	General
5BPD:ChainA:PHE30	-110.109124	-9.357909	General
5BPD:ChainA:GLY31	84.625003	-94.793103	Glycine
5BPD:ChainA:VAL32	-103.311256	126.784413	General
5BPD:ChainA:LEU33	-133.552173	148.519105	General
5BPD:ChainA:THR34	-99.457478	161.969806	Pre-Pro
5BPD:ChainA:PRO35	-52.936757	-43.874939	Proline
5BPD:ChainA:ALA36	-64.689019	-40.710996	General
5BPD:ChainA:GLU37	-64.182301	-40.186566	General
5BPD:ChainA:LEU38	-56.867243	-40.795151	General
5BPD:ChainA:ALA39	-63.106147	-30.633364	General
5BPD:ChainA:SER40	-88.058244	-10.276543	General
5BPD:ChainA:VAL41	-123.417210	12.537937	General
5BPD:ChainA:SER42	-142.460119	-177.404285	General
5BPD:ChainA:GLU43	-102.674508	10.004754	General
5BPD:ChainA:VAL44	-77.408145	122.021451	Pre-Pro
5BPD:ChainA:PRO45	-53.640959	137.749478	Proline
5BPD:ChainA:ALA46	-46.500019	-51.052920	Pre-Pro
5BPD:ChainA:PRO47	-62.275941	-15.707490	Proline
5BPD:ChainA:ARG48	-103.976370	-20.146337	General
5BPD:ChainA:THR49	-54.650401	-28.952274	General
5BPD:ChainA:TYR50	-70.969498	-49.856161	General
5BPD:ChainA:ASP51	-77.462603	-22.203583	General
5BPD:ChainA:VAL52	-72.389050	-44.348223	General
5BPD:ChainA:LEU53	-67.263776	-41.520309	General
5BPD:ChainA:ARG54	-61.319467	-39.955475	General
5BPD:ChainA:SER55	-57.927817	-49.860790	General
5BPD:ChainA:LEU56	-57.648490	-34.515297	General
5BPD:ChainA:GLU57	-56.790161	-41.092506	General
5BPD:ChainA:LYS58	-77.234019	-30.230148	General
5BPD:ChainA:LYS59	-82.589031	-4.697230	General
5BPD:ChainA:GLY60	84.974265	17.814828	Glycine
5BPD:ChainA:PHE61	-96.110961	-7.177520	General
5BPD:ChainA:ALA62	-149.933083	154.538766	General
5BPD:ChainA:MET63	-115.961577	151.996616	General
5BPD:ChainA:THR64	-134.454675	153.203170	General
5BPD:ChainA:GLN65	-106.725858	99.080815	Pre-Pro
5BPD:ChainA:PRO66	-64.082620	129.298850	Proline
5BPD:ChainA:GLY67	-179.549234	-171.002837	Glycine
5BPD:ChainA:LYS68	-55.528957	-44.252631	General
5BPD:ChainA:THR69	-116.193995	104.139610	General
5BPD:ChainA:ASN70	-69.765663	124.579018	General
5BPD:ChainA:LYS71	-97.917552	135.495011	General
5BPD:ChainA:TYR72	-120.289721	132.979283	General
5BPD:ChainA:ARG73	-116.590396	148.148710	Pre-Pro
5BPD:ChainA:PRO74	-79.512032	149.580390	Proline
5BPD:ChainA:VAL75	-76.885521	144.559819	General
5BPD:ChainA:HIS76	-61.572077	125.355976	Pre-Pro
5BPD:ChainA:PRO77	-56.540740	-29.035964	Proline
5BPD:ChainA:ALA78	-65.067655	-23.482868	General
5BPD:ChainA:ASN79	-91.017847	-56.765408	General
5BPD:ChainA:VAL80	-62.693512	-43.502561	General
5BPD:ChainA:LEU81	-59.488939	-45.634101	General
5BPD:ChainA:GLU82	-68.146858	-45.002695	General
5BPD:ChainA:LYS83	-55.854246	-40.204134	General
5BPD:ChainA:PHE84	-61.250351	-58.033882	General
5BPD:ChainA:ILE85	-49.545714	-44.863685	General
5BPD:ChainA:GLN86	-61.278136	-49.682596	General
5BPD:ChainA:ASP87	-60.531241	-46.034791	General
5BPD:ChainA:TRP88	-57.444157	-38.669405	General
5BPD:ChainA:GLN89	-65.445241	-32.555102	General
5BPD:ChainA:GLU90	-71.087463	-41.025009	General
5BPD:ChainA:ARG91	-62.901129	-40.806404	General
5BPD:ChainA:VAL92	-67.207506	-37.347601	General
5BPD:ChainA:LYS93	-61.247268	-43.960844	General
5BPD:ChainA:GLU94	-66.215272	-41.819991	General
5BPD:ChainA:GLU95	-63.746379	-36.598062	General
5BPD:ChainA:LEU96	-64.182640	-43.465646	General
5BPD:ChainA:GLU97	-63.038359	-31.413988	General
5BPD:ChainA:ALA98	-76.079316	-40.096402	General
5BPD:ChainA:LYS99	-66.038354	-38.812603	General
5BPD:ChainA:LYS100	-69.896553	-40.577437	General
5BPD:ChainA:LYS101	-61.176938	-45.274938	General
5BPD:ChainA:ALA102	-57.732974	-38.614482	General
5BPD:ChainA:LYS103	-65.463295	-40.799956	General
5BPD:ChainA:GLU104	-63.279697	-38.002384	General
5BPD:ChainA:GLU105	-72.516532	-46.739847	General
5BPD:ChainA:LEU106	-57.255121	-35.891226	General
5BPD:ChainA:LEU107	-69.888277	-40.020336	General
5BPD:ChainA:GLU108	-68.963163	-36.223687	General
5BPD:ChainA:LEU109	-73.285555	-35.308888	General
5BPD:ChainA:MET110	-86.961836	-13.360866	General
5BPD:ChainA:ALA111	-51.039863	-55.376993	Pre-Pro
5BPD:ChainA:PRO112	-63.904619	-26.116938	Proline
5BPD:ChainA:LEU113	-89.123714	-17.905006	General
5BPD:ChainA:ILE114	-56.982703	129.068345	General
5BPD:ChainA:GLU115	-116.037512	123.114014	General
5BPD:ChainA:THR116	-94.393834	-23.113342	General
5BPD:ChainA:GLU117	-74.878200	129.027302	General
5BPD:ChainA:VAL118	-90.681692	122.449812	Pre-Pro
5BPD:ChainA:PRO119	-55.258093	-44.148287	Proline
5BPD:ChainA:LYS120	75.373511	-56.429389	General
5BPD:ChainA:TYR121	-126.139957	30.024128	General
5BPD:ChainA:GLY122	118.541046	-179.338519	Glycine
5BPD:ChainA:VAL123	-102.394048	-11.526739	General
5BPD:ChainA:GLU124	-58.811360	134.706753	General
5BPD:ChainA:ARG125	-117.449567	7.114158	General
5BPD:ChainA:VAL126	-143.427780	132.376154	General
5BPD:ChainA:TRP127	-144.634155	132.568352	General
5BPD:ChainA:VAL128	-107.182350	121.312807	General
5BPD:ChainA:VAL129	-122.349590	141.753848	General
5BPD:ChainA:ARG130	-139.326258	144.929398	General
5BPD:ChainA:GLY131	99.740021	158.525417	Glycine
5BPD:ChainA:ILE132	-69.653014	-43.866958	General
5BPD:ChainA:LYS133	-61.264436	-53.647889	General
5BPD:ChainA:ASN134	-71.095890	-31.956604	General
5BPD:ChainA:SER135	-69.954717	-36.793764	General
5BPD:ChainA:THR136	-70.440349	-49.809671	General
5BPD:ChainA:LEU137	-59.668851	-42.859614	General
5BPD:ChainA:LYS138	-63.899632	-39.306822	General
5BPD:ChainA:THR139	-70.263846	-38.424988	General
5BPD:ChainA:LYS140	-61.643922	-37.504707	General
5BPD:ChainA:GLU141	-64.201471	-47.702163	General
5BPD:ChainA:MET142	-55.791679	-47.594781	General
5BPD:ChainA:LEU143	-66.260153	-37.406189	General
5BPD:ChainA:GLU144	-65.421084	-28.891122	General
5BPD:ChainA:GLU145	-106.452009	-2.469972	General
5BPD:ChainA:ALA146	-62.165748	137.845111	General
5BPD:ChainA:GLN147	-126.243249	-37.817276	General
5BPD:ChainA:ASN148	-104.906254	-61.173933	General
5BPD:ChainA:GLU149	-136.934910	151.012033	General
5BPD:ChainA:ILE150	-132.211022	116.362087	General
5BPD:ChainA:LEU151	-114.110467	118.639683	General
5BPD:ChainA:LEU152	-121.667999	115.512404	General
5BPD:ChainA:ALA153	-114.059939	95.282920	General
5BPD:ChainA:ASP154	-112.051687	129.550471	General
5BPD:ChainA:ASP155	-108.572155	-4.160042	General
5BPD:ChainA:GLY156	123.748664	-3.035809	Glycine
5BPD:ChainA:PHE157	-72.341571	-18.477089	General
5BPD:ChainA:ILE158	-71.754569	-4.308713	General
5BPD:ChainA:ALA159	61.742060	-119.708408	General
5BPD:ChainA:VAL160	-49.613103	144.811020	General
5BPD:ChainA:ASN161	-79.849041	123.241989	General
5BPD:ChainA:LEU162	-117.067982	46.289087	General
5BPD:ChainA:GLU163	-57.179293	-42.340888	General
5BPD:ChainA:ASP164	-69.737747	-34.561323	General
5BPD:ChainA:ASP165	-71.918873	-32.691259	General
5BPD:ChainA:ILE166	-74.366939	-45.949556	General
5BPD:ChainA:ILE167	-65.176317	-37.746397	General
5BPD:ChainA:LYS168	-62.765051	-39.313992	General
5BPD:ChainA:ALA169	-66.306284	-43.140062	General
5BPD:ChainA:VAL170	-60.964034	-46.376383	General
5BPD:ChainA:ASP171	-61.449018	-18.519278	General
5BPD:ChainA:ARG172	-83.586715	-2.532631	General
5BPD:ChainA:GLY173	93.924164	24.949539	Glycine
5BPD:ChainA:VAL174	-95.060095	121.031805	General
5BPD:ChainA:LYS175	-63.383891	127.454288	General
5BPD:ChainA:THR176	-128.240353	128.791666	General
5BPD:ChainA:LYS177	-119.447876	119.079407	General
5BPD:ChainA:ILE178	-110.126361	116.459404	General
5BPD:ChainA:LEU179	-112.224651	119.884828	General
5BPD:ChainA:LEU180	-120.930683	158.176192	General
5BPD:ChainA:THR181	-80.504601	147.843894	General
5BPD:ChainA:LYS182	-56.238451	-44.265980	General
5BPD:ChainA:ASN183	-81.217663	33.008325	General
5BPD:ChainA:LEU184	-124.713346	-22.848837	General
5BPD:ChainA:LEU185	-54.665651	-39.571475	Pre-Pro
5BPD:ChainA:PRO186	-54.754754	-18.539277	Proline
5BPD:ChainA:ARG187	-104.143512	2.879695	General
5BPD:ChainA:LEU188	-100.370751	-22.274103	General
5BPD:ChainA:LYS189	-77.439793	140.208523	General
5BPD:ChainA:ALA190	-93.582610	-13.677237	General
5BPD:ChainA:SER191	-109.931201	146.291460	General
5BPD:ChainA:LYS192	-123.007823	-37.447917	General
5BPD:ChainA:ILE193	-41.632393	-41.518880	General
5BPD:ChainA:ILE194	-55.135034	-32.037608	General
5BPD:ChainA:ASP195	-66.877642	-50.205191	General
5BPD:ChainA:TYR196	-61.044008	-32.905567	General
5BPD:ChainA:ALA197	-65.716920	-50.263894	General
5BPD:ChainA:LYS198	-59.216578	-38.411733	General
5BPD:ChainA:GLU199	-78.537763	5.314150	General
5BPD:ChainA:GLY200	61.841750	26.330767	Glycine
5BPD:ChainA:LYS201	-85.824176	-9.730446	General
5BPD:ChainA:LEU202	-161.447878	163.283220	General
5BPD:ChainA:GLU203	-99.732091	139.263870	General
5BPD:ChainA:LEU204	-137.469401	111.182836	General
5BPD:ChainA:ARG205	-126.012428	149.443223	General
5BPD:ChainA:ALA206	-119.471555	148.186411	General
5BPD:ChainA:LEU207	-146.071663	140.579306	General
5BPD:ChainA:ASP208	-67.757167	-44.738208	General
5BPD:ChainA:LYS209	-136.014073	127.495180	General
5BPD:ChainA:PHE210	-148.401052	133.276314	General
5BPD:ChainA:ASP211	-89.976805	-18.312892	General
5BPD:ChainA:LEU212	-122.580682	76.416013	Pre-Pro
5BPD:ChainA:PRO213	-58.235215	148.333464	Proline
5BPD:ChainA:MET214	-160.361217	154.541405	General
5BPD:ChainA:LEU215	-119.822852	119.814719	General
5BPD:ChainA:ILE216	-114.819231	123.251011	General
5BPD:ChainA:CYS217	-127.405607	108.183681	General
5BPD:ChainA:ASP218	56.277822	-112.996937	General
5BPD:ChainA:GLU219	-106.670891	34.960632	General
5BPD:ChainA:GLU220	-132.917365	141.109879	General
5BPD:ChainA:VAL221	-127.917956	145.284972	General
5BPD:ChainA:PHE222	-130.693693	118.565888	General
5BPD:ChainA:PHE223	-146.086506	162.100912	General
5BPD:ChainA:ALA224	-103.499009	153.509609	General
5BPD:ChainA:LEU225	-91.902014	100.566549	General
5BPD:ChainA:GLU226	-46.711698	125.768250	General
5BPD:ChainA:ASP227	-154.837761	92.086758	General
5BPD:ChainA:LEU228	-55.958049	-40.539275	General
5BPD:ChainA:ALA229	-64.319448	-47.464157	General
5BPD:ChainA:ALA230	-59.964944	-43.734227	General
5BPD:ChainA:ARG231	-57.679468	-33.914956	General
5BPD:ChainA:TYR232	-62.428479	-47.024515	General
5BPD:ChainA:PHE233	-81.859062	10.096290	General
5BPD:ChainA:ASN234	51.930169	25.732767	General
5BPD:ChainA:TYR235	-110.375322	22.876162	General
5BPD:ChainA:GLU236	-65.701380	138.939740	General
5BPD:ChainA:THR237	-77.078736	125.045144	General
5BPD:ChainA:GLN238	-118.129865	151.118825	General
5BPD:ChainA:VAL239	-126.716736	135.110857	General
5BPD:ChainA:TRP240	-112.542270	129.187907	General
5BPD:ChainA:ILE241	-130.810744	135.236022	General
5BPD:ChainA:LYS242	-114.622122	93.397404	General
5BPD:ChainA:ASP243	-162.626120	127.400151	General
5BPD:ChainA:HIS244	-65.105564	-37.914375	General
5BPD:ChainA:ARG245	-61.716787	-52.622267	General
5BPD:ChainA:VAL246	-65.801731	-44.406042	General
5BPD:ChainA:VAL247	-64.288187	-37.607542	General
5BPD:ChainA:ALA248	-58.011610	-34.135489	General
5BPD:ChainA:LEU249	-69.883323	-49.194361	General
5BPD:ChainA:PHE250	-60.070893	-36.001569	General
5BPD:ChainA:LYS251	-63.403305	-34.390497	General
5BPD:ChainA:GLU252	-64.882956	-38.665571	General
5BPD:ChainA:LYS253	-68.352372	-43.451077	General
5BPD:ChainA:PHE254	-58.334397	-46.470305	General
5BPD:ChainA:ASN255	-62.452172	-29.503576	General
5BPD:ChainA:GLU256	-65.560612	-43.934216	General
5BPD:ChainA:TYR257	-65.100881	-41.491360	General
5BPD:ChainA:TRP258	-60.331157	-34.163625	General
5BPD:ChainA:GLU259	-85.950305	8.635350	General
5BPD:ChainA:LYS260	-120.716503	-13.921206	General
5BPD:ChainA:ALA261	-83.277969	162.827167	General
5BPD:ChainA:GLU262	-100.273328	146.461840	General
5BPD:ChainA:LYS263	-72.769158	135.503747	General
5BPD:ChainB:LYS3	-63.787688	-34.273981	General
5BPD:ChainB:ASP4	-62.677702	-36.153075	General
5BPD:ChainB:ARG5	-68.110667	-44.962168	General
5BPD:ChainB:MET6	-58.166539	-45.420575	General
5BPD:ChainB:VAL7	-66.816523	-35.722148	General
5BPD:ChainB:GLU8	-68.175023	-41.211532	General
5BPD:ChainB:LEU9	-71.938892	-27.093304	General
5BPD:ChainB:LEU10	-72.051561	-43.841125	General
5BPD:ChainB:GLN11	-69.017174	-34.287534	General
5BPD:ChainB:GLU12	-81.704537	-34.183507	General
5BPD:ChainB:HIS13	-124.987614	2.828762	General
5BPD:ChainB:PHE14	-139.028799	19.910987	General
5BPD:ChainB:GLU15	58.561301	33.553050	General
5BPD:ChainB:LEU16	-106.049280	137.345192	General
5BPD:ChainB:ASN17	-83.651320	177.600018	General
5BPD:ChainB:LEU18	-51.282450	-59.419627	General
5BPD:ChainB:TYR19	-61.725926	-43.127404	General
5BPD:ChainB:GLU20	-61.470849	-38.194309	General
5BPD:ChainB:ALA21	-67.677744	-47.462371	General
5BPD:ChainB:ARG22	-58.901907	-42.874835	General
5BPD:ChainB:ALA23	-62.499872	-45.550480	General
5BPD:ChainB:TYR24	-63.197437	-42.923930	General
5BPD:ChainB:VAL25	-62.279894	-36.511509	General
5BPD:ChainB:ALA26	-65.717877	-43.182135	General
5BPD:ChainB:LEU27	-58.836653	-50.352671	General
5BPD:ChainB:VAL28	-56.955016	-40.710017	General
5BPD:ChainB:ALA29	-75.123220	-36.662784	General
5BPD:ChainB:PHE30	-110.188030	-9.230607	General
5BPD:ChainB:GLY31	84.415982	-95.526109	Glycine
5BPD:ChainB:VAL32	-104.245361	127.051758	General
5BPD:ChainB:LEU33	-133.787708	148.567268	General
5BPD:ChainB:THR34	-99.198155	162.139097	Pre-Pro
5BPD:ChainB:PRO35	-52.290431	-44.005081	Proline
5BPD:ChainB:ALA36	-65.858838	-40.609614	General
5BPD:ChainB:GLU37	-63.744419	-39.678542	General
5BPD:ChainB:LEU38	-57.225381	-41.135413	General
5BPD:ChainB:ALA39	-63.507446	-30.695386	General
5BPD:ChainB:SER40	-88.608726	-10.648012	General
5BPD:ChainB:VAL41	-123.407883	11.082674	General
5BPD:ChainB:SER42	-142.727376	-178.386433	General
5BPD:ChainB:GLU43	-102.329908	9.651545	General
5BPD:ChainB:VAL44	-77.200192	122.034697	Pre-Pro
5BPD:ChainB:PRO45	-53.795725	137.786666	Proline
5BPD:ChainB:ALA46	-46.578307	-50.750901	Pre-Pro
5BPD:ChainB:PRO47	-62.148128	-16.043707	Proline
5BPD:ChainB:ARG48	-104.505187	-19.457040	General
5BPD:ChainB:THR49	-55.170106	-29.077471	General
5BPD:ChainB:TYR50	-70.276461	-49.237373	General
5BPD:ChainB:ASP51	-78.127408	-22.557986	General
5BPD:ChainB:VAL52	-72.778216	-43.836459	General
5BPD:ChainB:LEU53	-67.215953	-41.276605	General
5BPD:ChainB:ARG54	-62.075573	-40.129179	General
5BPD:ChainB:SER55	-58.518461	-49.198196	General
5BPD:ChainB:LEU56	-58.397845	-34.577717	General
5BPD:ChainB:GLU57	-57.617889	-41.791419	General
5BPD:ChainB:LYS58	-76.668224	-29.538070	General
5BPD:ChainB:LYS59	-82.453544	-5.191254	General
5BPD:ChainB:GLY60	84.307330	17.413374	Glycine
5BPD:ChainB:PHE61	-95.895658	-6.790124	General
5BPD:ChainB:ALA62	-149.200111	154.985690	General
5BPD:ChainB:MET63	-116.372734	151.764150	General
5BPD:ChainB:THR64	-134.587349	153.915586	General
5BPD:ChainB:GLN65	-106.136101	98.992122	Pre-Pro
5BPD:ChainB:PRO66	-62.282909	129.614967	Proline
5BPD:ChainB:GLY67	179.500194	-171.464880	Glycine
5BPD:ChainB:LYS68	-56.496604	-42.957329	General
5BPD:ChainB:THR69	-114.681514	103.447989	General
5BPD:ChainB:ASN70	-70.266406	122.947156	General
5BPD:ChainB:LYS71	-99.556483	134.843136	General
5BPD:ChainB:TYR72	-121.131097	132.810401	General
5BPD:ChainB:ARG73	-118.294140	148.701688	Pre-Pro
5BPD:ChainB:PRO74	-78.911489	148.658432	Proline
5BPD:ChainB:VAL75	-76.844174	144.842688	General
5BPD:ChainB:HIS76	-61.598181	125.461415	Pre-Pro
5BPD:ChainB:PRO77	-56.539362	-28.984416	Proline
5BPD:ChainB:ALA78	-64.203675	-23.390368	General
5BPD:ChainB:ASN79	-91.568092	-56.627068	General
5BPD:ChainB:VAL80	-62.385807	-43.911524	General
5BPD:ChainB:LEU81	-59.790336	-45.528144	General
5BPD:ChainB:GLU82	-68.274614	-45.360040	General
5BPD:ChainB:LYS83	-55.734842	-39.588203	General
5BPD:ChainB:PHE84	-61.099949	-57.942558	General
5BPD:ChainB:ILE85	-49.667754	-45.346528	General
5BPD:ChainB:GLN86	-61.454032	-48.573752	General
5BPD:ChainB:ASP87	-60.080994	-45.901252	General
5BPD:ChainB:TRP88	-57.145314	-39.076845	General
5BPD:ChainB:GLN89	-65.814436	-32.607980	General
5BPD:ChainB:GLU90	-71.014876	-40.696625	General
5BPD:ChainB:ARG91	-62.957173	-39.889831	General
5BPD:ChainB:VAL92	-66.783782	-37.357573	General
5BPD:ChainB:LYS93	-62.385715	-43.102204	General
5BPD:ChainB:GLU94	-65.650937	-41.952269	General
5BPD:ChainB:GLU95	-64.887047	-35.934693	General
5BPD:ChainB:LEU96	-65.200542	-42.784526	General
5BPD:ChainB:GLU97	-62.776415	-32.329702	General
5BPD:ChainB:ALA98	-76.019515	-39.937431	General
5BPD:ChainB:LYS99	-65.603484	-37.983651	General
5BPD:ChainB:LYS100	-69.449560	-40.373373	General
5BPD:ChainB:LYS101	-60.899345	-45.582426	General
5BPD:ChainB:ALA102	-58.349452	-38.784730	General
5BPD:ChainB:LYS103	-66.100346	-41.998140	General
5BPD:ChainB:GLU104	-63.450147	-37.075111	General
5BPD:ChainB:GLU105	-72.256437	-46.851895	General
5BPD:ChainB:LEU106	-57.823093	-35.529806	General
5BPD:ChainB:LEU107	-69.794956	-40.162600	General
5BPD:ChainB:GLU108	-69.691108	-35.917749	General
5BPD:ChainB:LEU109	-72.335901	-35.095852	General
5BPD:ChainB:MET110	-86.091301	-12.910507	General
5BPD:ChainB:ALA111	-51.533881	-55.345185	Pre-Pro
5BPD:ChainB:PRO112	-64.390538	-28.097319	Proline
5BPD:ChainB:LEU113	-89.906252	-19.230324	General
5BPD:ChainB:ILE114	-57.378913	129.426620	General
5BPD:ChainB:GLU115	-115.359930	122.326334	General
5BPD:ChainB:THR116	-94.418983	-24.288916	General
5BPD:ChainB:GLU117	-76.093216	127.974597	General
5BPD:ChainB:VAL118	-90.391432	121.714908	Pre-Pro
5BPD:ChainB:PRO119	-55.538845	123.414414	Proline
5BPD:ChainB:LYS120	-70.409047	-57.988307	General
5BPD:ChainB:TYR121	-127.055996	33.247254	General
5BPD:ChainB:GLY122	122.342822	-177.619313	Glycine
5BPD:ChainB:VAL123	-99.473762	-10.651034	General
5BPD:ChainB:GLU124	-59.180227	135.950045	General
5BPD:ChainB:ARG125	-117.352613	7.266545	General
5BPD:ChainB:VAL126	-143.162215	132.926655	General
5BPD:ChainB:TRP127	-143.757632	133.496876	General
5BPD:ChainB:VAL128	-106.721894	121.302897	General
5BPD:ChainB:VAL129	-123.506266	143.476443	General
5BPD:ChainB:ARG130	-137.496459	-36.778411	General
5BPD:ChainB:GLY131	-62.500312	157.319990	Glycine
5BPD:ChainB:ILE132	-69.859276	-41.702007	General
5BPD:ChainB:LYS133	-61.208671	-51.121641	General
5BPD:ChainB:ASN134	-69.926835	-30.876450	General
5BPD:ChainB:SER135	-69.166516	-36.559506	General
5BPD:ChainB:THR136	-70.730413	-49.992284	General
5BPD:ChainB:LEU137	-59.722338	-42.919527	General
5BPD:ChainB:LYS138	-63.878497	-39.185960	General
5BPD:ChainB:THR139	-70.095812	-39.395102	General
5BPD:ChainB:LYS140	-63.061703	-36.151802	General
5BPD:ChainB:GLU141	-62.983747	-47.499072	General
5BPD:ChainB:MET142	-56.670992	-48.919522	General
5BPD:ChainB:LEU143	-66.722753	-37.786708	General
5BPD:ChainB:GLU144	-64.592065	-28.321279	General
5BPD:ChainB:GLU145	-106.865133	-1.837339	General
5BPD:ChainB:ALA146	-62.279985	137.837197	General
5BPD:ChainB:GLN147	-126.058862	-38.516442	General
5BPD:ChainB:ASN148	-105.061480	-60.698207	General
5BPD:ChainB:GLU149	-137.199878	149.910430	General
5BPD:ChainB:ILE150	-132.292616	116.075316	General
5BPD:ChainB:LEU151	-115.291682	118.252854	General
5BPD:ChainB:LEU152	-121.907049	116.358101	General
5BPD:ChainB:ALA153	-113.219955	96.205717	General
5BPD:ChainB:ASP154	-111.694041	128.835521	General
5BPD:ChainB:ASP155	-108.689784	-4.214123	General
5BPD:ChainB:GLY156	124.209135	-1.286680	Glycine
5BPD:ChainB:PHE157	-70.197634	-19.127559	General
5BPD:ChainB:ILE158	-73.365270	129.215468	General
5BPD:ChainB:ALA159	-73.113560	-15.361249	General
5BPD:ChainB:VAL160	-140.040841	145.887772	General
5BPD:ChainB:ASN161	-79.787387	122.847587	General
5BPD:ChainB:LEU162	-117.089142	45.160546	General
5BPD:ChainB:GLU163	-57.155631	-43.853104	General
5BPD:ChainB:ASP164	-71.062292	-35.341589	General
5BPD:ChainB:ASP165	-72.112570	-32.936454	General
5BPD:ChainB:ILE166	-74.938778	-46.399602	General
5BPD:ChainB:ILE167	-65.127135	-37.949162	General
5BPD:ChainB:LYS168	-62.797050	-38.850599	General
5BPD:ChainB:ALA169	-66.558452	-44.029223	General
5BPD:ChainB:VAL170	-60.894332	-46.425664	General
5BPD:ChainB:ASP171	-61.373805	-18.462229	General
5BPD:ChainB:ARG172	-83.926419	-3.716935	General
5BPD:ChainB:GLY173	93.779967	24.476807	Glycine
5BPD:ChainB:VAL174	-96.002048	120.247957	General
5BPD:ChainB:LYS175	-63.419742	127.951944	General
5BPD:ChainB:THR176	-127.338908	129.505076	General
5BPD:ChainB:LYS177	-119.199765	119.071786	General
5BPD:ChainB:ILE178	-110.628870	118.315184	General
5BPD:ChainB:LEU179	-112.338068	121.278916	General
5BPD:ChainB:LEU180	-120.450100	157.953912	General
5BPD:ChainB:THR181	-81.300666	147.724820	General
5BPD:ChainB:LYS182	-55.832644	-45.510132	General
5BPD:ChainB:ASN183	-81.272691	34.161057	General
5BPD:ChainB:LEU184	-122.802274	-24.837410	General
5BPD:ChainB:LEU185	-56.465234	-41.268658	Pre-Pro
5BPD:ChainB:PRO186	-57.234347	-24.164704	Proline
5BPD:ChainB:ARG187	-107.290489	-1.182251	General
5BPD:ChainB:LEU188	-102.065389	37.899929	General
5BPD:ChainB:LYS189	-74.805941	137.868383	General
5BPD:ChainB:ALA190	-90.270509	133.555190	General
5BPD:ChainB:SER191	63.264736	26.851692	General
5BPD:ChainB:LYS192	47.729503	-167.082078	General
5BPD:ChainB:ILE193	68.491763	-51.343515	General
5BPD:ChainB:ILE194	-63.912497	-35.927861	General
5BPD:ChainB:ASP195	-69.433628	-50.779988	General
5BPD:ChainB:TYR196	-60.748701	-33.322558	General
5BPD:ChainB:ALA197	-66.410828	-50.590932	General
5BPD:ChainB:LYS198	-59.749484	-39.230528	General
5BPD:ChainB:GLU199	-79.220013	4.860386	General
5BPD:ChainB:GLY200	61.935266	26.696023	Glycine
5BPD:ChainB:LYS201	-86.342797	-11.565238	General
5BPD:ChainB:LEU202	-162.211433	163.001261	General
5BPD:ChainB:GLU203	-100.154350	140.028177	General
5BPD:ChainB:LEU204	-138.542002	112.067389	General
5BPD:ChainB:ARG205	-125.780310	150.241005	General
5BPD:ChainB:ALA206	-119.222600	147.029408	General
5BPD:ChainB:LEU207	-147.109802	140.959585	General
5BPD:ChainB:ASP208	-67.869505	-44.515523	General
5BPD:ChainB:LYS209	-135.840710	128.398956	General
5BPD:ChainB:PHE210	-148.709011	134.486978	General
5BPD:ChainB:ASP211	-89.486343	-17.619637	General
5BPD:ChainB:LEU212	-122.934150	75.899219	Pre-Pro
5BPD:ChainB:PRO213	-59.117719	148.155184	Proline
5BPD:ChainB:MET214	-159.840300	153.697139	General
5BPD:ChainB:LEU215	-119.949645	119.531614	General
5BPD:ChainB:ILE216	-114.318394	124.126961	General
5BPD:ChainB:CYS217	-127.665489	107.592052	General
5BPD:ChainB:ASP218	56.076185	-112.626907	General
5BPD:ChainB:GLU219	-106.187791	34.867027	General
5BPD:ChainB:GLU220	-133.633494	141.844038	General
5BPD:ChainB:VAL221	-128.422562	146.144502	General
5BPD:ChainB:PHE222	-130.231424	120.357977	General
5BPD:ChainB:PHE223	-146.139515	163.261407	General
5BPD:ChainB:ALA224	-104.046994	152.286368	General
5BPD:ChainB:LEU225	-92.263623	101.323551	General
5BPD:ChainB:GLU226	-46.082657	126.254128	General
5BPD:ChainB:ASP227	-154.306899	92.279381	General
5BPD:ChainB:LEU228	-56.279030	-41.225225	General
5BPD:ChainB:ALA229	-65.103825	-47.591548	General
5BPD:ChainB:ALA230	-60.023451	-43.432599	General
5BPD:ChainB:ARG231	-57.793773	-34.052933	General
5BPD:ChainB:TYR232	-62.217360	-46.733746	General
5BPD:ChainB:PHE233	-82.284116	9.665230	General
5BPD:ChainB:ASN234	51.061264	25.215300	General
5BPD:ChainB:TYR235	-110.768447	20.728783	General
5BPD:ChainB:GLU236	-66.172849	138.400761	General
5BPD:ChainB:THR237	-75.760697	125.398592	General
5BPD:ChainB:GLN238	-117.939281	150.664326	General
5BPD:ChainB:VAL239	-126.473349	135.241617	General
5BPD:ChainB:TRP240	-112.065193	129.338875	General
5BPD:ChainB:ILE241	-131.025262	134.715519	General
5BPD:ChainB:LYS242	-113.806359	93.403294	General
5BPD:ChainB:ASP243	-163.551947	127.826639	General
5BPD:ChainB:HIS244	-66.170509	-37.672812	General
5BPD:ChainB:ARG245	-61.557296	-51.598144	General
5BPD:ChainB:VAL246	-65.506886	-45.443971	General
5BPD:ChainB:VAL247	-65.395311	-37.347897	General
5BPD:ChainB:ALA248	-56.995205	-33.560933	General
5BPD:ChainB:LEU249	-69.598454	-49.327429	General
5BPD:ChainB:PHE250	-60.179910	-35.547231	General
5BPD:ChainB:LYS251	-63.560410	-34.914869	General
5BPD:ChainB:GLU252	-65.483685	-37.828652	General
5BPD:ChainB:LYS253	-68.104556	-42.816226	General
5BPD:ChainB:PHE254	-57.698326	-47.248183	General
5BPD:ChainB:ASN255	-62.803123	-28.668482	General
5BPD:ChainB:GLU256	-64.275847	-43.896973	General
5BPD:ChainB:TYR257	-66.407831	-42.618976	General
5BPD:ChainB:TRP258	-60.867910	-35.065763	General
5BPD:ChainB:GLU259	-86.942117	13.055309	General
5BPD:ChainB:LYS260	-116.890321	-13.180052	General
5BPD:ChainB:ALA261	-161.546713	162.769804	General
5BPD:ChainB:GLU262	-179.894042	147.122275	General
5BPD:ChainC:LYS3	-56.670252	128.901554	General
5BPD:ChainC:ASP4	-56.113319	-29.020563	General
5BPD:ChainC:ARG5	-65.769888	-34.431391	General
5BPD:ChainC:MET6	-66.233605	-46.488236	General
5BPD:ChainC:VAL7	-62.919670	-35.541789	General
5BPD:ChainC:GLU8	-59.936103	-57.404508	General
5BPD:ChainC:LEU9	-57.871654	-40.527858	General
5BPD:ChainC:LEU10	-59.827586	-40.535135	General
5BPD:ChainC:GLN11	-73.209606	-32.563234	General
5BPD:ChainC:GLU12	-82.045698	-36.380293	General
5BPD:ChainC:HIS13	-120.758027	-7.860654	General
5BPD:ChainC:PHE14	-130.476838	18.008214	General
5BPD:ChainC:GLU15	58.263910	29.398397	General
5BPD:ChainC:LEU16	-95.779393	144.639235	General
5BPD:ChainC:ASN17	-80.747306	177.368104	General
5BPD:ChainC:LEU18	-55.072084	-52.912089	General
5BPD:ChainC:TYR19	-63.034710	-41.560128	General
5BPD:ChainC:GLU20	-64.731875	-42.211520	General
5BPD:ChainC:ALA21	-61.662732	-45.859979	General
5BPD:ChainC:ARG22	-61.686224	-48.321385	General
5BPD:ChainC:ALA23	-53.280542	-42.187601	General
5BPD:ChainC:TYR24	-70.156105	-38.756153	General
5BPD:ChainC:VAL25	-62.455223	-43.409769	General
5BPD:ChainC:ALA26	-57.282066	-48.561439	General
5BPD:ChainC:LEU27	-56.836030	-54.783580	General
5BPD:ChainC:VAL28	-56.033331	-42.417876	General
5BPD:ChainC:ALA29	-62.101356	-47.995303	General
5BPD:ChainC:PHE30	-106.221850	-2.444617	General
5BPD:ChainC:GLY31	79.887829	-47.891467	Glycine
5BPD:ChainC:VAL32	-144.049874	142.368766	General
5BPD:ChainC:LEU33	-145.232136	143.582664	General
5BPD:ChainC:THR34	-89.703661	151.420817	Pre-Pro
5BPD:ChainC:PRO35	-50.124413	-37.447173	Proline
5BPD:ChainC:ALA36	-66.210405	-50.583388	General
5BPD:ChainC:GLU37	-60.765448	-34.271946	General
5BPD:ChainC:LEU38	-64.256620	-46.410761	General
5BPD:ChainC:ALA39	-63.900885	-34.807718	General
5BPD:ChainC:SER40	-65.721954	-46.644814	General
5BPD:ChainC:VAL41	-92.366109	-6.178671	General
5BPD:ChainC:SER42	-129.960862	172.232060	General
5BPD:ChainC:GLU43	-92.685638	19.556791	General
5BPD:ChainC:VAL44	-87.810655	121.393477	Pre-Pro
5BPD:ChainC:PRO45	-52.441399	139.317541	Proline
5BPD:ChainC:ALA46	-49.981588	-51.153221	Pre-Pro
5BPD:ChainC:PRO47	-62.567552	-8.832293	Proline
5BPD:ChainC:ARG48	-110.816010	-15.961461	General
5BPD:ChainC:THR49	-58.127913	-35.519106	General
5BPD:ChainC:TYR50	-65.644649	-54.986984	General
5BPD:ChainC:ASP51	-66.793947	-37.192397	General
5BPD:ChainC:VAL52	-61.089130	-41.262629	General
5BPD:ChainC:LEU53	-71.688640	-36.601971	General
5BPD:ChainC:ARG54	-64.464495	-32.267464	General
5BPD:ChainC:SER55	-76.579164	-27.763987	General
5BPD:ChainC:LEU56	-70.431377	-36.744290	General
5BPD:ChainC:GLU57	-69.111898	-40.319349	General
5BPD:ChainC:LYS58	-64.010807	-24.519323	General
5BPD:ChainC:LYS59	-95.676701	-3.230184	General
5BPD:ChainC:GLY60	85.204002	13.040095	Glycine
5BPD:ChainC:PHE61	-93.762437	-19.869285	General
5BPD:ChainC:ALA62	-137.270965	148.579222	General
5BPD:ChainC:MET63	-116.310438	140.507900	General
5BPD:ChainC:THR64	-71.896860	118.741310	General
5BPD:ChainC:GLN65	-58.238404	150.190876	Pre-Pro
5BPD:ChainC:PRO66	-44.845856	-43.399347	Proline
5BPD:ChainC:GLY67	68.559111	-144.202668	Glycine
5BPD:ChainC:LYS68	-118.686453	101.845512	General
5BPD:ChainC:THR69	-137.115161	18.119936	General
5BPD:ChainC:ASN70	61.088395	65.549888	General
5BPD:ChainC:LYS71	-112.893088	132.054236	General
5BPD:ChainC:TYR72	-115.963187	135.039222	General
5BPD:ChainC:ARG73	-110.339694	154.936005	Pre-Pro
5BPD:ChainC:PRO74	-86.068380	144.421127	Proline
5BPD:ChainC:VAL75	-77.190104	131.058712	General
5BPD:ChainC:HIS76	-54.464899	132.860776	Pre-Pro
5BPD:ChainC:PRO77	-45.334424	-44.950017	Proline
5BPD:ChainC:ALA78	-58.961569	-32.003745	General
5BPD:ChainC:ASN79	-82.689437	-56.941984	General
5BPD:ChainC:VAL80	-65.257598	-43.167357	General
5BPD:ChainC:LEU81	-65.695003	-42.807172	General
5BPD:ChainC:GLU82	-66.461212	-41.611859	General
5BPD:ChainC:LYS83	-66.185098	-37.103576	General
5BPD:ChainC:PHE84	-60.517537	-44.211497	General
5BPD:ChainC:ILE85	-66.721820	-39.301548	General
5BPD:ChainC:GLN86	-57.533955	-55.580435	General
5BPD:ChainC:ASP87	-60.108937	-31.229762	General
5BPD:ChainC:TRP88	-73.868267	-43.935077	General
5BPD:ChainC:GLN89	-59.178527	-34.355929	General
5BPD:ChainC:GLU90	-67.945022	-46.898201	General
5BPD:ChainC:ARG91	-67.118873	-33.322730	General
5BPD:ChainC:VAL92	-66.274820	-43.361070	General
5BPD:ChainC:LYS93	-59.138259	-40.263542	General
5BPD:ChainC:GLU94	-64.283119	-42.361976	General
5BPD:ChainC:GLU95	-70.321753	-40.259074	General
5BPD:ChainC:LEU96	-56.919849	-37.470291	General
5BPD:ChainC:GLU97	-73.446400	-38.243852	General
5BPD:ChainC:ALA98	-63.361523	-35.651148	General
5BPD:ChainC:LYS99	-64.926256	-48.869888	General
5BPD:ChainC:LYS100	-64.082060	-33.322657	General
5BPD:ChainC:LYS101	-66.723008	-48.809642	General
5BPD:ChainC:ALA102	-56.479473	-48.089204	General
5BPD:ChainC:LYS103	-51.374371	-57.490016	General
5BPD:ChainC:GLU104	-52.464631	-48.741586	General
5BPD:ChainC:GLU105	-63.034777	-38.955233	General
5BPD:ChainC:LEU106	-65.012923	-45.231158	General
5BPD:ChainC:LEU107	-60.295918	-31.847363	General
5BPD:ChainC:GLU108	-74.467829	-34.027748	General
5BPD:ChainC:LEU109	-79.571228	-29.442430	General
5BPD:ChainC:MET110	-91.275205	-5.466865	General
5BPD:ChainC:ALA111	-55.405762	-56.025431	Pre-Pro
5BPD:ChainC:PRO112	-54.527390	-39.428773	Proline
5BPD:ChainC:LEU113	-65.468003	-37.090225	General
5BPD:ChainC:ILE114	-83.319024	84.476861	General
5BPD:ChainC:GLU115	-138.561879	12.781014	General
5BPD:ChainC:THR116	-108.190993	31.603235	General
5BPD:ChainC:GLU117	-111.807283	105.133130	General
5BPD:ChainC:VAL118	-151.353345	90.600659	Pre-Pro
5BPD:ChainC:GLU124	-77.234092	143.534826	General
5BPD:ChainC:ARG125	-114.095587	18.708705	General
5BPD:ChainC:VAL126	-158.695824	134.424503	General
5BPD:ChainC:TRP127	-142.165204	157.893523	General
5BPD:ChainC:VAL128	-119.408987	140.270046	General
5BPD:ChainC:VAL129	-123.509524	129.978024	General
5BPD:ChainC:ARG130	-92.490817	129.432679	General
5BPD:ChainC:GLY131	90.719037	124.176087	Glycine
5BPD:ChainC:ILE132	-65.793372	-20.931839	General
5BPD:ChainC:LYS133	-68.767334	-16.594599	General
5BPD:ChainC:ASN134	-103.131508	8.987570	General
5BPD:ChainC:SER135	-54.720555	-51.129411	General
5BPD:ChainC:THR136	-66.874940	-15.029352	General
5BPD:ChainC:LEU137	-62.366546	-16.386226	General
5BPD:ChainC:LYS138	-117.648781	-35.953665	General
5BPD:ChainC:THR139	-71.678398	-20.288704	General
5BPD:ChainC:LYS140	-69.969556	-38.481750	General
5BPD:ChainC:GLU141	-67.324814	-35.328938	General
5BPD:ChainC:MET142	-63.004432	-47.633552	General
5BPD:ChainC:LEU143	-63.514345	-44.031270	General
5BPD:ChainC:GLU144	-71.190574	-22.108771	General
5BPD:ChainC:GLU145	-92.665009	-11.802909	General
5BPD:ChainC:ALA146	-59.141504	135.667614	General
5BPD:ChainC:GLN147	-123.586820	-27.310823	General
5BPD:ChainC:ASN148	-127.592468	-51.354571	General
5BPD:ChainC:GLU149	-135.625718	148.897390	General
5BPD:ChainC:ILE150	-142.826423	120.435534	General
5BPD:ChainC:LEU151	-123.642770	108.928992	General
5BPD:ChainC:LEU152	-119.379355	115.256330	General
5BPD:ChainC:ALA153	-109.555167	98.708608	General
5BPD:ChainC:ASP154	-102.847882	135.057984	General
5BPD:ChainC:ASP155	-104.472657	7.058255	General
5BPD:ChainC:GLY156	111.763224	4.732225	Glycine
5BPD:ChainC:PHE157	-131.680934	-29.408288	General
5BPD:ChainC:ILE158	-51.443120	-52.454771	General
5BPD:ChainC:ALA159	-135.402562	48.570955	General
5BPD:ChainC:VAL160	-62.963411	127.613385	General
5BPD:ChainC:ASN161	68.952217	27.595265	General
5BPD:ChainC:LEU162	-112.821261	23.682519	General
5BPD:ChainC:GLU163	-56.440168	-43.020308	General
5BPD:ChainC:ASP164	-65.712147	-41.022689	General
5BPD:ChainC:ASP165	-64.840765	-36.583561	General
5BPD:ChainC:ILE166	-66.671939	-50.885203	General
5BPD:ChainC:ILE167	-57.433844	-42.327673	General
5BPD:ChainC:LYS168	-60.169593	-45.638899	General
5BPD:ChainC:ALA169	-59.951560	-43.466739	General
5BPD:ChainC:VAL170	-59.340740	-42.511987	General
5BPD:ChainC:ASP171	-57.208863	-28.307942	General
5BPD:ChainC:ARG172	-86.654389	6.419101	General
5BPD:ChainC:GLY173	78.332733	30.837316	Glycine
5BPD:ChainC:VAL174	-93.062265	121.617766	General
5BPD:ChainC:LYS175	-62.164348	126.437079	General
5BPD:ChainC:THR176	-123.362052	127.124107	General
5BPD:ChainC:LYS177	-121.981770	120.595252	General
5BPD:ChainC:ILE178	-113.453698	118.278226	General
5BPD:ChainC:LEU179	-110.914058	115.236555	General
5BPD:ChainC:LEU180	-116.741259	156.666872	General
5BPD:ChainC:THR181	-79.850170	143.412321	General
5BPD:ChainC:LYS182	-59.614183	-19.290016	General
5BPD:ChainC:ASN183	-73.242618	-15.981895	General
5BPD:ChainC:LEU184	-95.272623	-3.874753	General
5BPD:ChainC:LEU185	-59.960693	-49.455288	Pre-Pro
5BPD:ChainC:PRO186	-51.678399	-27.738299	Proline
5BPD:ChainC:ARG187	-67.733907	-11.981539	General
5BPD:ChainC:LEU188	-96.882159	2.417388	General
5BPD:ChainC:LYS189	-53.776878	118.745767	General
5BPD:ChainC:ALA190	68.691553	3.627438	General
5BPD:ChainC:SER191	-64.936676	153.389451	General
5BPD:ChainC:LYS192	-76.921617	-11.714238	General
5BPD:ChainC:ILE193	-70.664214	-39.470674	General
5BPD:ChainC:ILE194	-66.936609	-37.235107	General
5BPD:ChainC:ASP195	-58.555866	-35.801527	General
5BPD:ChainC:TYR196	-82.298751	-29.077996	General
5BPD:ChainC:ALA197	-66.574642	-50.631799	General
5BPD:ChainC:LYS198	-68.025637	-28.736446	General
5BPD:ChainC:GLU199	-80.373105	-1.062092	General
5BPD:ChainC:GLY200	72.286760	23.879762	Glycine
5BPD:ChainC:LYS201	-90.225272	-12.007388	General
5BPD:ChainC:LEU202	-160.883535	151.289033	General
5BPD:ChainC:GLU203	-91.061276	137.654363	General
5BPD:ChainC:LEU204	-138.750819	112.629077	General
5BPD:ChainC:ARG205	-123.579426	165.217603	General
5BPD:ChainC:ALA206	-131.671402	149.960977	General
5BPD:ChainC:LEU207	-142.031395	143.389504	General
5BPD:ChainC:ASP208	-54.332832	-46.225154	General
5BPD:ChainC:LYS209	-164.514256	158.077081	General
5BPD:ChainC:PHE210	-152.465839	132.859523	General
5BPD:ChainC:ASP211	-64.231896	-35.839636	General
5BPD:ChainC:LEU212	-120.299148	80.598266	Pre-Pro
5BPD:ChainC:PRO213	-57.163461	143.805078	Proline
5BPD:ChainC:MET214	-158.941813	163.983525	General
5BPD:ChainC:LEU215	-130.819592	118.353563	General
5BPD:ChainC:ILE216	-108.440627	123.500782	General
5BPD:ChainC:CYS217	-128.327256	111.212107	General
5BPD:ChainC:ASP218	60.071267	-116.788400	General
5BPD:ChainC:GLU219	-107.681988	25.922156	General
5BPD:ChainC:GLU220	-117.172705	148.773026	General
5BPD:ChainC:VAL221	-138.562461	143.262731	General
5BPD:ChainC:PHE222	-130.805515	131.625759	General
5BPD:ChainC:PHE223	-150.987528	159.252971	General
5BPD:ChainC:ALA224	-105.768576	148.000839	General
5BPD:ChainC:LEU225	-84.209883	-178.674692	General
5BPD:ChainC:GLU226	-140.552144	103.276608	General
5BPD:ChainC:ASP227	-138.106834	123.293502	General
5BPD:ChainC:LEU228	-58.788294	-55.703907	General
5BPD:ChainC:ALA229	-46.927587	-51.314482	General
5BPD:ChainC:ALA230	-57.712311	-31.611671	General
5BPD:ChainC:ARG231	-77.473931	-34.094778	General
5BPD:ChainC:TYR232	-57.812066	-27.327595	General
5BPD:ChainC:PHE233	-107.545812	7.706422	General
5BPD:ChainC:ASN234	59.315602	46.578800	General
5BPD:ChainC:TYR235	-135.213278	26.742222	General
5BPD:ChainC:GLU236	-62.849159	146.643803	General
5BPD:ChainC:THR237	-97.553827	131.024827	General
5BPD:ChainC:GLN238	-124.815963	137.609726	General
5BPD:ChainC:VAL239	-113.505199	139.738444	General
5BPD:ChainC:TRP240	-117.192670	122.265133	General
5BPD:ChainC:ILE241	-124.766028	135.264343	General
5BPD:ChainC:LYS242	-113.835682	94.641236	General
5BPD:ChainC:ASP243	-162.377003	127.712743	General
5BPD:ChainC:HIS244	-65.409443	-37.598596	General
5BPD:ChainC:ARG245	-65.979903	-45.746447	General
5BPD:ChainC:VAL246	-67.907582	-41.579408	General
5BPD:ChainC:VAL247	-60.595232	-45.246436	General
5BPD:ChainC:ALA248	-54.925198	-37.771582	General
5BPD:ChainC:LEU249	-66.048783	-49.713998	General
5BPD:ChainC:PHE250	-64.058977	-35.015850	General
5BPD:ChainC:LYS251	-65.649806	-31.090236	General
5BPD:ChainC:GLU252	-66.813820	-41.497119	General
5BPD:ChainC:LYS253	-65.072097	-43.730868	General
5BPD:ChainC:PHE254	-56.743920	-46.057121	General
5BPD:ChainC:ASN255	-65.995837	-23.602776	General
5BPD:ChainC:GLU256	-71.088211	-46.765046	General
5BPD:ChainC:TYR257	-62.977673	-43.326936	General
5BPD:ChainC:TRP258	-62.838062	-23.669707	General
5BPD:ChainC:GLU259	-83.067668	-7.658536	General
5BPD:ChainC:LYS260	-115.014083	0.191152	General
5BPD:ChainC:ALA261	-88.818195	139.616713	General
5BPD:ChainC:GLU262	-64.924598	144.187505	General
5BPD:ChainC:LYS263	-66.803106	-19.675220	General
5BPD:ChainD:SER2	-106.658355	-74.494667	General
5BPD:ChainD:LYS3	-57.462435	-55.458444	General
5BPD:ChainD:ASP4	-57.431333	-32.894772	General
5BPD:ChainD:ARG5	-67.821075	-35.641808	General
5BPD:ChainD:MET6	-66.529951	-45.838689	General
5BPD:ChainD:VAL7	-62.602721	-36.057756	General
5BPD:ChainD:GLU8	-60.404117	-57.781848	General
5BPD:ChainD:LEU9	-59.148021	-41.237951	General
5BPD:ChainD:LEU10	-60.577122	-40.901744	General
5BPD:ChainD:GLN11	-73.783477	-31.165034	General
5BPD:ChainD:GLU12	-81.615871	-36.792915	General
5BPD:ChainD:HIS13	-120.633943	-7.258660	General
5BPD:ChainD:PHE14	-129.311317	18.457158	General
5BPD:ChainD:GLU15	58.698862	28.615479	General
5BPD:ChainD:LEU16	-95.931827	142.471534	General
5BPD:ChainD:ASN17	-81.871038	177.336826	General
5BPD:ChainD:LEU18	-53.582226	-52.863556	General
5BPD:ChainD:TYR19	-63.445400	-41.519173	General
5BPD:ChainD:GLU20	-64.446019	-42.196742	General
5BPD:ChainD:ALA21	-62.327155	-45.872444	General
5BPD:ChainD:ARG22	-62.116962	-47.419051	General
5BPD:ChainD:ALA23	-53.211507	-42.334506	General
5BPD:ChainD:TYR24	-69.918215	-38.683920	General
5BPD:ChainD:VAL25	-62.671065	-42.705886	General
5BPD:ChainD:ALA26	-57.839971	-49.024861	General
5BPD:ChainD:LEU27	-56.394630	-53.478291	General
5BPD:ChainD:VAL28	-56.912755	-43.358736	General
5BPD:ChainD:ALA29	-61.814280	-48.329459	General
5BPD:ChainD:PHE30	-105.745189	-2.430595	General
5BPD:ChainD:GLY31	79.317004	-47.900049	Glycine
5BPD:ChainD:VAL32	-144.537890	141.847239	General
5BPD:ChainD:LEU33	-146.236192	144.317481	General
5BPD:ChainD:THR34	-89.546765	151.568441	Pre-Pro
5BPD:ChainD:PRO35	-50.102614	-37.917646	Proline
5BPD:ChainD:ALA36	-66.105013	-49.966179	General
5BPD:ChainD:GLU37	-59.879108	-34.655782	General
5BPD:ChainD:LEU38	-65.055714	-46.109981	General
5BPD:ChainD:ALA39	-63.578453	-34.711153	General
5BPD:ChainD:SER40	-66.498284	-46.985691	General
5BPD:ChainD:VAL41	-92.576918	-6.128318	General
5BPD:ChainD:SER42	-129.082579	171.805342	General
5BPD:ChainD:GLU43	-93.098837	19.663907	General
5BPD:ChainD:VAL44	-87.582444	120.264163	Pre-Pro
5BPD:ChainD:PRO45	-53.905205	138.985848	Proline
5BPD:ChainD:ALA46	-49.351733	-50.989300	Pre-Pro
5BPD:ChainD:PRO47	-61.925704	-8.711998	Proline
5BPD:ChainD:ARG48	-110.748981	-16.094644	General
5BPD:ChainD:THR49	-56.708208	-35.227195	General
5BPD:ChainD:TYR50	-65.680090	-55.034753	General
5BPD:ChainD:ASP51	-66.317449	-36.515318	General
5BPD:ChainD:VAL52	-61.325889	-40.765691	General
5BPD:ChainD:LEU53	-71.277001	-37.310400	General
5BPD:ChainD:ARG54	-64.904867	-31.839200	General
5BPD:ChainD:SER55	-74.970632	-28.338759	General
5BPD:ChainD:LEU56	-71.261931	-37.777526	General
5BPD:ChainD:GLU57	-69.555371	-39.990448	General
5BPD:ChainD:LYS58	-63.640118	-24.631581	General
5BPD:ChainD:LYS59	-95.679008	-3.078483	General
5BPD:ChainD:GLY60	85.291832	13.460515	Glycine
5BPD:ChainD:PHE61	-93.665461	-19.631148	General
5BPD:ChainD:ALA62	-136.793828	148.153563	General
5BPD:ChainD:MET63	-116.656049	140.033064	General
5BPD:ChainD:THR64	-71.593454	116.481786	General
5BPD:ChainD:GLN65	-60.800703	147.672706	Pre-Pro
5BPD:ChainD:PRO66	-48.093073	160.943814	Proline
5BPD:ChainD:GLY67	69.930899	-146.233402	Glycine
5BPD:ChainD:LYS68	-122.656399	-162.583587	General
5BPD:ChainD:THR69	74.334508	11.902395	General
5BPD:ChainD:ASN70	54.525905	67.780733	General
5BPD:ChainD:LYS71	-110.229071	130.829191	General
5BPD:ChainD:TYR72	-117.454586	134.980141	General
5BPD:ChainD:ARG73	-109.983109	155.283593	Pre-Pro
5BPD:ChainD:PRO74	-85.013371	144.786564	Proline
5BPD:ChainD:VAL75	-76.484276	131.826066	General
5BPD:ChainD:HIS76	-53.372577	131.346915	Pre-Pro
5BPD:ChainD:PRO77	-45.539838	-45.185683	Proline
5BPD:ChainD:ALA78	-59.367022	-31.541117	General
5BPD:ChainD:ASN79	-82.623097	-57.908158	General
5BPD:ChainD:VAL80	-65.780899	-43.577490	General
5BPD:ChainD:LEU81	-65.513206	-43.005512	General
5BPD:ChainD:GLU82	-66.229974	-40.711719	General
5BPD:ChainD:LYS83	-65.928315	-37.476358	General
5BPD:ChainD:PHE84	-61.239720	-45.041663	General
5BPD:ChainD:ILE85	-66.941325	-39.264267	General
5BPD:ChainD:GLN86	-57.453694	-56.146311	General
5BPD:ChainD:ASP87	-59.876315	-30.785088	General
5BPD:ChainD:TRP88	-73.224533	-44.738975	General
5BPD:ChainD:GLN89	-58.625455	-33.506138	General
5BPD:ChainD:GLU90	-67.977075	-46.741249	General
5BPD:ChainD:ARG91	-67.549837	-32.833860	General
5BPD:ChainD:VAL92	-65.963853	-43.178942	General
5BPD:ChainD:LYS93	-59.493414	-40.969491	General
5BPD:ChainD:GLU94	-64.313241	-42.351117	General
5BPD:ChainD:GLU95	-69.626862	-40.978306	General
5BPD:ChainD:LEU96	-56.737877	-37.066363	General
5BPD:ChainD:GLU97	-74.028241	-38.238866	General
5BPD:ChainD:ALA98	-64.410341	-35.685314	General
5BPD:ChainD:LYS99	-64.473862	-47.036850	General
5BPD:ChainD:LYS100	-62.840469	-32.914770	General
5BPD:ChainD:LYS101	-67.406451	-49.842951	General
5BPD:ChainD:ALA102	-56.321028	-48.016640	General
5BPD:ChainD:LYS103	-50.964742	-56.618972	General
5BPD:ChainD:GLU104	-52.037665	-48.913742	General
5BPD:ChainD:GLU105	-64.575436	-39.130602	General
5BPD:ChainD:LEU106	-64.925828	-47.169752	General
5BPD:ChainD:LEU107	-59.321626	-30.746962	General
5BPD:ChainD:GLU108	-72.615484	-34.612875	General
5BPD:ChainD:LEU109	-80.203824	-29.584452	General
5BPD:ChainD:MET110	-91.476631	-5.933946	General
5BPD:ChainD:ALA111	-55.419438	-56.113799	Pre-Pro
5BPD:ChainD:PRO112	-54.287543	-39.086736	Proline
5BPD:ChainD:LEU113	-64.699413	-39.402664	General
5BPD:ChainD:ILE114	-86.836247	82.248197	General
5BPD:ChainD:GLU115	-72.202312	-35.281674	General
5BPD:ChainD:THR116	-152.046355	134.202470	General
5BPD:ChainD:TYR121	-107.978807	15.214757	General
5BPD:ChainD:GLY122	121.202552	174.278720	Glycine
5BPD:ChainD:VAL123	-97.983484	-3.588406	General
5BPD:ChainD:GLU124	-75.094447	141.777574	General
5BPD:ChainD:ARG125	-116.250090	18.705273	General
5BPD:ChainD:VAL126	-159.052136	134.987371	General
5BPD:ChainD:TRP127	-142.579647	157.252672	General
5BPD:ChainD:VAL128	-120.261490	139.696066	General
5BPD:ChainD:VAL129	-123.665242	130.371673	General
5BPD:ChainD:ARG130	-92.072616	130.818390	General
5BPD:ChainD:GLY131	92.200107	126.863903	Glycine
5BPD:ChainD:ILE132	-65.943759	-23.808911	General
5BPD:ChainD:LYS133	-69.633104	-16.156122	General
5BPD:ChainD:ASN134	-103.400334	8.880603	General
5BPD:ChainD:SER135	-54.921047	-52.750037	General
5BPD:ChainD:THR136	-70.104089	-15.130754	General
5BPD:ChainD:LEU137	-61.467232	-15.924690	General
5BPD:ChainD:LYS138	-117.504332	-35.161324	General
5BPD:ChainD:THR139	-71.996781	-20.410442	General
5BPD:ChainD:LYS140	-70.330935	-38.978746	General
5BPD:ChainD:GLU141	-67.215310	-35.151472	General
5BPD:ChainD:MET142	-62.449109	-46.441216	General
5BPD:ChainD:LEU143	-62.755696	-43.228915	General
5BPD:ChainD:GLU144	-71.269199	-24.180739	General
5BPD:ChainD:GLU145	-93.596237	-12.885748	General
5BPD:ChainD:ALA146	-59.393248	135.838508	General
5BPD:ChainD:GLN147	-123.889573	-26.651918	General
5BPD:ChainD:ASN148	-127.363614	-50.942595	General
5BPD:ChainD:GLU149	-135.530116	149.403976	General
5BPD:ChainD:ILE150	-143.055967	120.681182	General
5BPD:ChainD:LEU151	-124.529951	108.632551	General
5BPD:ChainD:LEU152	-119.944233	114.502308	General
5BPD:ChainD:ALA153	-109.899363	98.749845	General
5BPD:ChainD:ASP154	-101.490480	136.303411	General
5BPD:ChainD:ASP155	-102.826544	6.372618	General
5BPD:ChainD:GLY156	110.657009	5.381934	Glycine
5BPD:ChainD:PHE157	-131.750747	-28.958231	General
5BPD:ChainD:ILE158	-51.850314	-52.916705	General
5BPD:ChainD:ALA159	-135.793059	48.970985	General
5BPD:ChainD:VAL160	-62.974236	127.141297	General
5BPD:ChainD:ASN161	69.644076	27.215524	General
5BPD:ChainD:LEU162	-113.536661	23.985406	General
5BPD:ChainD:GLU163	-55.835849	-41.903855	General
5BPD:ChainD:ASP164	-65.027290	-41.201174	General
5BPD:ChainD:ASP165	-65.257827	-36.283343	General
5BPD:ChainD:ILE166	-66.158809	-50.655904	General
5BPD:ChainD:ILE167	-57.847819	-42.476385	General
5BPD:ChainD:LYS168	-59.835977	-45.700723	General
5BPD:ChainD:ALA169	-59.637114	-42.164960	General
5BPD:ChainD:VAL170	-59.952635	-44.491055	General
5BPD:ChainD:ASP171	-58.161815	-28.012992	General
5BPD:ChainD:ARG172	-86.276555	7.473618	General
5BPD:ChainD:GLY173	78.264775	30.662367	Glycine
5BPD:ChainD:VAL174	-93.144701	121.405937	General
5BPD:ChainD:LYS175	-62.718957	125.644678	General
5BPD:ChainD:THR176	-123.802079	127.352618	General
5BPD:ChainD:LYS177	-121.636288	121.190894	General
5BPD:ChainD:ILE178	-112.956810	117.102821	General
5BPD:ChainD:LEU179	-111.511159	115.231036	General
5BPD:ChainD:LEU180	-116.238473	156.863230	General
5BPD:ChainD:THR181	-79.434366	143.152269	General
5BPD:ChainD:LYS182	-59.713697	-19.295779	General
5BPD:ChainD:ASN183	-73.630208	-15.290056	General
5BPD:ChainD:LEU184	-94.384512	-2.140961	General
5BPD:ChainD:LEU185	-59.464023	-50.464039	Pre-Pro
5BPD:ChainD:PRO186	-52.446598	-29.266062	Proline
5BPD:ChainD:ARG187	-68.730688	-12.569325	General
5BPD:ChainD:LEU188	-97.966735	3.188883	General
5BPD:ChainD:LYS189	-52.348005	-72.289989	General
5BPD:ChainD:ALA190	-81.222314	3.461032	General
5BPD:ChainD:SER191	-65.497175	150.893745	General
5BPD:ChainD:LYS192	-80.438111	-10.173869	General
5BPD:ChainD:ILE193	-68.963075	-39.330507	General
5BPD:ChainD:ILE194	-65.788839	-36.941374	General
5BPD:ChainD:ASP195	-58.473336	-35.860058	General
5BPD:ChainD:TYR196	-82.628070	-31.291983	General
5BPD:ChainD:ALA197	-67.659376	-53.671901	General
5BPD:ChainD:LYS198	-69.121147	-26.436891	General
5BPD:ChainD:GLU199	-79.343126	-0.770005	General
5BPD:ChainD:GLY200	72.811985	23.788735	Glycine
5BPD:ChainD:LYS201	-90.716354	-12.411700	General
5BPD:ChainD:LEU202	-161.177601	152.213445	General
5BPD:ChainD:GLU203	-90.727529	136.829415	General
5BPD:ChainD:LEU204	-139.831564	113.135718	General
5BPD:ChainD:ARG205	-124.219045	164.682588	General
5BPD:ChainD:ALA206	-132.601952	149.118502	General
5BPD:ChainD:LEU207	-144.238442	143.820905	General
5BPD:ChainD:ASP208	-54.433186	-45.712821	General
5BPD:ChainD:LYS209	-163.304418	157.466146	General
5BPD:ChainD:PHE210	-152.404369	133.088210	General
5BPD:ChainD:ASP211	-62.816182	-35.059589	General
5BPD:ChainD:LEU212	-119.386359	79.677556	Pre-Pro
5BPD:ChainD:PRO213	-57.992939	143.404263	Proline
5BPD:ChainD:MET214	-159.274627	164.710564	General
5BPD:ChainD:LEU215	-131.554401	118.136885	General
5BPD:ChainD:ILE216	-109.463812	123.119240	General
5BPD:ChainD:CYS217	-128.651848	111.781220	General
5BPD:ChainD:ASP218	59.878009	-116.227615	General
5BPD:ChainD:GLU219	-107.801414	25.813733	General
5BPD:ChainD:GLU220	-116.772256	149.622630	General
5BPD:ChainD:VAL221	-138.183022	142.503060	General
5BPD:ChainD:PHE222	-132.317964	130.193180	General
5BPD:ChainD:PHE223	-151.811049	159.711764	General
5BPD:ChainD:ALA224	-104.995675	147.850107	General
5BPD:ChainD:LEU225	-82.870683	-178.618691	General
5BPD:ChainD:GLU226	-140.775748	102.379433	General
5BPD:ChainD:ASP227	-137.309184	123.375690	General
5BPD:ChainD:LEU228	-58.902650	-55.976636	General
5BPD:ChainD:ALA229	-47.156269	-49.548461	General
5BPD:ChainD:ALA230	-57.386039	-33.095380	General
5BPD:ChainD:ARG231	-77.704290	-33.340621	General
5BPD:ChainD:TYR232	-57.716878	-27.072795	General
5BPD:ChainD:PHE233	-108.340356	7.178632	General
5BPD:ChainD:ASN234	58.704354	46.364499	General
5BPD:ChainD:TYR235	-135.076823	25.654066	General
5BPD:ChainD:GLU236	-62.600628	146.770758	General
5BPD:ChainD:THR237	-97.219835	130.587410	General
5BPD:ChainD:GLN238	-124.900147	137.886124	General
5BPD:ChainD:VAL239	-113.839856	140.790512	General
5BPD:ChainD:TRP240	-117.704678	122.759139	General
5BPD:ChainD:ILE241	-124.916407	135.562258	General
5BPD:ChainD:LYS242	-112.726369	93.732425	General
5BPD:ChainD:ASP243	-162.067668	127.404422	General
5BPD:ChainD:HIS244	-66.182998	-36.965538	General
5BPD:ChainD:ARG245	-66.253215	-46.521991	General
5BPD:ChainD:VAL246	-68.058204	-42.146200	General
5BPD:ChainD:VAL247	-60.666435	-45.253695	General
5BPD:ChainD:ALA248	-54.678661	-37.777104	General
5BPD:ChainD:LEU249	-65.498407	-49.850566	General
5BPD:ChainD:PHE250	-64.363519	-34.623234	General
5BPD:ChainD:LYS251	-65.345628	-31.419605	General
5BPD:ChainD:GLU252	-66.525745	-40.714015	General
5BPD:ChainD:LYS253	-63.939068	-44.410682	General
5BPD:ChainD:PHE254	-56.639609	-45.501133	General
5BPD:ChainD:ASN255	-65.743116	-24.644699	General
5BPD:ChainD:GLU256	-71.412771	-46.516085	General
5BPD:ChainD:TYR257	-62.466465	-42.374190	General
5BPD:ChainD:TRP258	-61.784069	-22.330336	General
5BPD:ChainD:GLU259	-82.397336	-6.722995	General
5BPD:ChainD:LYS260	-114.679037	-0.124927	General
5BPD:ChainD:ALA261	-89.829114	139.094015	General
