5BQT:ChainA:LYS3	-86.747600	-23.143722	General
5BQT:ChainA:ASP4	-61.856063	-40.259218	General
5BQT:ChainA:ARG5	-66.300947	-35.711033	General
5BQT:ChainA:MET6	-64.512757	-40.683855	General
5BQT:ChainA:VAL7	-63.305655	-45.718460	General
5BQT:ChainA:GLU8	-57.611984	-49.693763	General
5BQT:ChainA:LEU9	-60.161065	-40.453949	General
5BQT:ChainA:LEU10	-67.784212	-41.221666	General
5BQT:ChainA:GLN11	-69.209485	-44.342572	General
5BQT:ChainA:GLU12	-71.699990	-38.291350	General
5BQT:ChainA:HIS13	-119.835236	-22.770906	General
5BQT:ChainA:PHE14	-114.874202	20.752121	General
5BQT:ChainA:GLU15	57.170769	36.111428	General
5BQT:ChainA:LEU16	-98.802373	146.635925	General
5BQT:ChainA:ASN17	-80.132335	-176.637045	General
5BQT:ChainA:LEU18	-58.992344	-54.003999	General
5BQT:ChainA:TYR19	-66.322115	-39.080348	General
5BQT:ChainA:GLU20	-63.470300	-44.571481	General
5BQT:ChainA:ALA21	-62.427064	-42.142324	General
5BQT:ChainA:ARG22	-64.703112	-42.597644	General
5BQT:ChainA:ALA23	-69.092133	-40.978252	General
5BQT:ChainA:TYR24	-63.685312	-46.358429	General
5BQT:ChainA:VAL25	-57.856071	-42.440893	General
5BQT:ChainA:ALA26	-59.395567	-43.729221	General
5BQT:ChainA:LEU27	-61.838534	-42.349786	General
5BQT:ChainA:VAL28	-59.078561	-44.252991	General
5BQT:ChainA:ALA29	-71.002294	-39.044278	General
5BQT:ChainA:PHE30	-109.273409	-5.462262	General
5BQT:ChainA:GLY31	77.026425	-90.057806	Glycine
5BQT:ChainA:VAL32	-102.866922	124.486907	General
5BQT:ChainA:LEU33	-132.215843	145.439442	General
5BQT:ChainA:THR34	-98.636390	159.121568	Pre-Pro
5BQT:ChainA:PRO35	-53.097950	-35.779838	Proline
5BQT:ChainA:ALA36	-66.330374	-44.044282	General
5BQT:ChainA:GLU37	-65.167236	-40.721326	General
5BQT:ChainA:LEU38	-55.149241	-41.864340	General
5BQT:ChainA:ALA39	-53.141379	-43.108812	General
5BQT:ChainA:SER40	-83.129688	-26.605563	General
5BQT:ChainA:VAL41	-80.262286	-45.512587	General
5BQT:ChainA:SER42	-121.705653	-179.814702	General
5BQT:ChainA:GLU43	-95.446431	57.880503	General
5BQT:ChainA:VAL44	-122.262069	126.676718	Pre-Pro
5BQT:ChainA:PRO45	-53.639121	141.542745	Proline
5BQT:ChainA:ALA46	-51.158880	-51.920937	Pre-Pro
5BQT:ChainA:PRO47	-66.788516	-13.460847	Proline
5BQT:ChainA:ARG48	-92.880191	-16.154596	General
5BQT:ChainA:THR49	-63.152752	-38.646465	General
5BQT:ChainA:TYR50	-71.629899	-50.129831	General
5BQT:ChainA:ASP51	-53.797353	-44.741432	General
5BQT:ChainA:VAL52	-65.584157	-52.733458	General
5BQT:ChainA:LEU53	-61.209096	-39.210480	General
5BQT:ChainA:ARG54	-59.202863	-40.503961	General
5BQT:ChainA:SER55	-63.500101	-47.032025	General
5BQT:ChainA:LEU56	-58.614910	-36.794104	General
5BQT:ChainA:GLU57	-58.967918	-50.977848	General
5BQT:ChainA:LYS58	-69.911109	-27.166676	General
5BQT:ChainA:LYS59	-84.125128	-1.327429	General
5BQT:ChainA:GLY60	84.022502	12.733259	Glycine
5BQT:ChainA:PHE61	-96.960594	0.123371	General
5BQT:ChainA:ALA62	-156.047440	159.640739	General
5BQT:ChainA:MET63	-121.291346	162.630763	General
5BQT:ChainA:THR64	-144.030804	162.564413	General
5BQT:ChainA:GLN65	-123.733557	97.571452	Pre-Pro
5BQT:ChainA:PRO66	-57.536145	142.817718	Proline
5BQT:ChainA:GLY67	178.181874	-172.039487	Glycine
5BQT:ChainA:LYS68	-64.039489	-39.936526	General
5BQT:ChainA:THR69	-114.571809	114.819594	General
5BQT:ChainA:ASN70	-79.352362	131.153018	General
5BQT:ChainA:LYS71	-100.789560	141.395125	General
5BQT:ChainA:TYR72	-125.387999	148.735191	General
5BQT:ChainA:ARG73	-127.558094	131.923270	Pre-Pro
5BQT:ChainA:PRO74	-70.697045	140.842461	Proline
5BQT:ChainA:VAL75	-79.051324	137.891875	General
5BQT:ChainA:HIS76	-57.237153	130.708119	Pre-Pro
5BQT:ChainA:PRO77	-47.766897	-40.701998	Proline
5BQT:ChainA:ALA78	-68.476626	-15.281697	General
5BQT:ChainA:ASN79	-95.088551	-51.231320	General
5BQT:ChainA:VAL80	-74.828418	-35.273803	General
5BQT:ChainA:LEU81	-71.940182	-37.018414	General
5BQT:ChainA:GLU82	-68.664890	-47.225302	General
5BQT:ChainA:LYS83	-60.173832	-41.516589	General
5BQT:ChainA:PHE84	-58.077971	-50.943134	General
5BQT:ChainA:ILE85	-61.208809	-40.276795	General
5BQT:ChainA:GLN86	-64.660967	-44.629258	General
5BQT:ChainA:ASP87	-68.187968	-38.888190	General
5BQT:ChainA:TRP88	-59.343095	-46.908587	General
5BQT:ChainA:GLN89	-59.787215	-35.171887	General
5BQT:ChainA:GLU90	-70.496354	-38.821672	General
5BQT:ChainA:ARG91	-61.458509	-44.393709	General
5BQT:ChainA:VAL92	-55.947964	-56.389545	General
5BQT:ChainA:LYS93	-57.588830	-38.415406	General
5BQT:ChainA:GLU94	-64.736564	-45.037951	General
5BQT:ChainA:GLU95	-62.418093	-38.010933	General
5BQT:ChainA:LEU96	-52.888132	-51.411059	General
5BQT:ChainA:GLU97	-57.255735	-42.572573	General
5BQT:ChainA:ALA98	-59.490307	-38.645547	General
5BQT:ChainA:LYS99	-69.142806	-41.389359	General
5BQT:ChainA:LYS100	-71.033939	-26.798535	General
5BQT:ChainA:LYS101	-80.788967	-29.725327	General
5BQT:ChainA:ALA102	-66.849820	-39.542409	General
5BQT:ChainA:LYS103	-54.296758	-60.197570	General
5BQT:ChainA:GLU104	-59.514877	-41.724824	General
5BQT:ChainA:GLU105	-64.085919	-40.773417	General
5BQT:ChainA:LEU106	-63.419446	-40.107946	General
5BQT:ChainA:LEU107	-63.786810	-37.356860	General
5BQT:ChainA:GLU108	-67.749130	-43.901905	General
5BQT:ChainA:LEU109	-70.913275	-32.359511	General
5BQT:ChainA:MET110	-91.838374	-2.243150	General
5BQT:ChainA:ALA111	-63.341277	-41.417977	Pre-Pro
5BQT:ChainA:PRO112	-57.010800	-25.809932	Proline
5BQT:ChainA:LEU113	-83.064074	-21.836287	General
5BQT:ChainA:ILE114	-111.519372	-9.714766	General
5BQT:ChainA:GLU115	-66.627121	-42.549703	General
5BQT:ChainA:THR116	-67.431874	81.655974	General
5BQT:ChainA:GLU117	-77.308311	17.733996	General
5BQT:ChainA:VAL118	-115.660328	-69.399727	Pre-Pro
5BQT:ChainA:PRO119	-72.276141	60.524344	Proline
5BQT:ChainA:LYS120	-100.087736	60.341769	General
5BQT:ChainA:TYR121	-87.664328	168.205285	General
5BQT:ChainA:GLY122	-68.388662	-177.196757	Glycine
5BQT:ChainA:VAL123	-65.895191	-54.161014	General
5BQT:ChainA:GLU124	-66.882374	100.331366	General
5BQT:ChainA:ARG125	-113.293792	-16.314095	General
5BQT:ChainA:VAL126	-124.253709	128.177432	General
5BQT:ChainA:TRP127	-143.299209	121.374780	General
5BQT:ChainA:VAL128	-93.925472	130.635197	General
5BQT:ChainA:VAL129	-117.577221	133.898431	General
5BQT:ChainA:ARG130	-126.541934	140.502960	General
5BQT:ChainA:GLY131	87.303083	166.895235	Glycine
5BQT:ChainA:ILE132	-75.639571	-46.506089	General
5BQT:ChainA:LYS133	-57.018236	-52.500295	General
5BQT:ChainA:ASN134	-61.951518	-35.703806	General
5BQT:ChainA:SER135	-58.590004	-51.916594	General
5BQT:ChainA:THR136	-70.115314	-28.845365	General
5BQT:ChainA:LEU137	-68.582409	-39.138782	General
5BQT:ChainA:LYS138	-70.832675	-38.570147	General
5BQT:ChainA:THR139	-66.410308	-39.401923	General
5BQT:ChainA:LYS140	-57.397302	-52.700421	General
5BQT:ChainA:GLU141	-55.488643	-49.730974	General
5BQT:ChainA:MET142	-54.728611	-43.610338	General
5BQT:ChainA:LEU143	-67.157439	-32.342495	General
5BQT:ChainA:GLU144	-74.824050	-33.773613	General
5BQT:ChainA:GLU145	-88.322486	-25.322157	General
5BQT:ChainA:ALA146	-58.834209	136.289037	General
5BQT:ChainA:GLN147	-127.547753	-19.609739	General
5BQT:ChainA:ASN148	-107.413168	-65.430850	General
5BQT:ChainA:GLU149	-144.470001	153.371918	General
5BQT:ChainA:ILE150	-127.963761	122.343550	General
5BQT:ChainA:LEU151	-113.561668	122.775072	General
5BQT:ChainA:LEU152	-127.478107	119.565371	General
5BQT:ChainA:ALA153	-102.684241	109.095320	General
5BQT:ChainA:ASP154	-115.989141	108.938216	General
5BQT:ChainA:ASP155	-111.120151	19.766877	General
5BQT:ChainA:GLY156	-100.152603	-169.849782	Glycine
5BQT:ChainA:PHE157	54.911537	26.721155	General
5BQT:ChainA:ILE158	-132.776701	-56.272075	General
5BQT:ChainA:ALA159	-56.847009	-28.718908	General
5BQT:ChainA:VAL160	-112.562094	127.531152	General
5BQT:ChainA:ASN161	-107.024065	68.385468	General
5BQT:ChainA:LEU162	-100.650166	8.704528	General
5BQT:ChainA:GLU163	-49.208449	-47.750383	General
5BQT:ChainA:ASP164	-67.635477	-18.261644	General
5BQT:ChainA:ASP165	-92.557601	-35.929720	General
5BQT:ChainA:ILE166	-63.481451	-50.803562	General
5BQT:ChainA:ILE167	-66.711721	-33.958726	General
5BQT:ChainA:LYS168	-58.714082	-43.133954	General
5BQT:ChainA:ALA169	-66.017567	-40.545209	General
5BQT:ChainA:VAL170	-60.591192	-38.717533	General
5BQT:ChainA:ASP171	-65.692548	-21.429503	General
5BQT:ChainA:ARG172	-91.808233	4.488625	General
5BQT:ChainA:GLY173	84.387009	19.517754	Glycine
5BQT:ChainA:VAL174	-78.963761	124.608532	General
5BQT:ChainA:LYS175	-63.465852	95.312210	General
5BQT:ChainA:THR176	-96.462650	136.281686	General
5BQT:ChainA:LYS177	-131.605957	119.202427	General
5BQT:ChainA:ILE178	-113.762531	117.969992	General
5BQT:ChainA:LEU179	-111.204480	129.159914	General
5BQT:ChainA:LEU180	-140.320344	161.398977	General
5BQT:ChainA:THR181	-64.955600	134.285789	General
5BQT:ChainA:LYS182	-61.387290	-37.357660	General
5BQT:ChainA:ASN183	-63.639578	-19.878452	General
5BQT:ChainA:LEU184	-104.925358	2.391154	General
5BQT:ChainA:LEU185	-55.942823	-51.483414	Pre-Pro
5BQT:ChainA:PRO186	-65.810102	-7.727767	Proline
5BQT:ChainA:ARG187	-64.180494	-26.368366	General
5BQT:ChainA:LEU188	-96.594547	17.081819	General
5BQT:ChainA:LYS189	-59.269019	-19.194855	General
5BQT:ChainA:ALA190	-124.261975	32.326271	General
5BQT:ChainA:SER191	-88.090716	164.568699	General
5BQT:ChainA:LYS192	-79.018517	-29.129574	General
5BQT:ChainA:ILE193	-60.454646	-45.168154	General
5BQT:ChainA:ILE194	-67.847556	-26.365390	General
5BQT:ChainA:ASP195	-71.263720	-47.022204	General
5BQT:ChainA:TYR196	-67.438475	-22.984518	General
5BQT:ChainA:ALA197	-73.384031	-30.317489	General
5BQT:ChainA:LYS198	-94.718246	-30.081853	General
5BQT:ChainA:GLU199	-63.153534	-30.843859	General
5BQT:ChainA:GLY200	-129.221330	139.037909	Glycine
5BQT:ChainA:LYS201	-102.785643	0.941487	General
5BQT:ChainA:LEU202	-135.403893	148.636061	General
5BQT:ChainA:GLU203	-98.307939	139.828420	General
5BQT:ChainA:LEU204	-135.482408	133.268738	General
5BQT:ChainA:ARG205	-136.793875	178.343977	General
5BQT:ChainA:ALA206	-146.926993	163.718989	General
5BQT:ChainA:LEU207	-154.631427	139.379146	General
5BQT:ChainA:ASP208	-48.657628	-41.133220	General
5BQT:ChainA:LYS209	-174.133754	132.723399	General
5BQT:ChainA:PHE210	-118.776030	155.499246	General
5BQT:ChainA:ASP211	-91.591488	-30.772727	General
5BQT:ChainA:LEU212	-124.544711	88.987601	Pre-Pro
5BQT:ChainA:PRO213	-65.446908	161.883949	Proline
5BQT:ChainA:MET214	-175.576309	157.649556	General
5BQT:ChainA:LEU215	-125.737634	121.156228	General
5BQT:ChainA:ILE216	-113.620388	124.020805	General
5BQT:ChainA:CYS217	-138.699535	80.607815	General
5BQT:ChainA:ASP218	63.460676	76.067662	General
5BQT:ChainA:GLU219	63.611112	25.924847	General
5BQT:ChainA:GLU220	-133.622075	142.118663	General
5BQT:ChainA:VAL221	-132.635991	138.131887	General
5BQT:ChainA:PHE222	-131.591868	114.675230	General
5BQT:ChainA:PHE223	-138.839604	162.907479	General
5BQT:ChainA:ALA224	-109.892721	144.892407	General
5BQT:ChainA:LEU225	-86.530267	152.473159	General
5BQT:ChainA:GLU226	-139.560968	133.746482	General
5BQT:ChainA:ASP227	178.582779	89.470334	General
5BQT:ChainA:LEU228	-144.036155	12.458184	General
5BQT:ChainA:ALA229	-128.674529	30.497010	General
5BQT:ChainA:ALA230	-56.330126	-44.465069	General
5BQT:ChainA:ARG231	-73.596044	124.187837	General
5BQT:ChainA:TYR232	67.717489	13.516437	General
5BQT:ChainA:PHE233	-104.879216	-35.786629	General
5BQT:ChainA:ASN234	-160.820095	131.476627	General
5BQT:ChainA:TYR235	-166.834750	145.512621	General
5BQT:ChainA:GLU236	-116.531210	132.249464	General
5BQT:ChainA:THR237	-129.070959	115.376240	General
5BQT:ChainA:GLN238	-128.926896	154.768795	General
5BQT:ChainA:VAL239	-125.336808	129.604782	General
5BQT:ChainA:TRP240	-109.031983	132.324855	General
5BQT:ChainA:ILE241	-132.484698	132.290763	General
5BQT:ChainA:LYS242	-112.847168	84.295648	General
5BQT:ChainA:ASP243	-161.657505	125.179519	General
5BQT:ChainA:HIS244	-47.712560	-40.999320	General
5BQT:ChainA:ARG245	-68.961392	-36.583704	General
5BQT:ChainA:VAL246	-74.271417	-44.303834	General
5BQT:ChainA:VAL247	-58.017179	-40.158411	General
5BQT:ChainA:ALA248	-56.388005	-37.786733	General
5BQT:ChainA:LEU249	-65.872694	-48.765096	General
5BQT:ChainA:PHE250	-71.036993	-29.203543	General
5BQT:ChainA:LYS251	-72.070901	-40.209680	General
5BQT:ChainA:GLU252	-59.363064	-40.286892	General
5BQT:ChainA:LYS253	-71.683548	-39.021810	General
5BQT:ChainA:PHE254	-58.706588	-44.900919	General
5BQT:ChainA:ASN255	-66.988305	-22.781887	General
5BQT:ChainA:GLU256	-76.358046	-43.965018	General
5BQT:ChainA:TYR257	-65.947447	-34.811220	General
5BQT:ChainA:TRP258	-66.512766	-33.716062	General
5BQT:ChainA:GLU259	-91.185918	71.181485	General
5BQT:ChainA:LYS260	-142.186707	55.990241	General
5BQT:ChainA:ALA261	-77.588866	150.146022	General
5BQT:ChainB:LYS3	-79.114583	-21.810506	General
5BQT:ChainB:ASP4	-61.574532	-41.329493	General
5BQT:ChainB:ARG5	-68.562424	-36.555888	General
5BQT:ChainB:MET6	-65.119304	-41.984257	General
5BQT:ChainB:VAL7	-63.415203	-44.764654	General
5BQT:ChainB:GLU8	-56.501522	-52.085747	General
5BQT:ChainB:LEU9	-60.371408	-39.163398	General
5BQT:ChainB:LEU10	-65.416996	-39.773272	General
5BQT:ChainB:GLN11	-69.255287	-44.545966	General
5BQT:ChainB:GLU12	-70.289279	-38.263624	General
5BQT:ChainB:HIS13	-119.144602	-22.402541	General
5BQT:ChainB:PHE14	-114.523643	19.834389	General
5BQT:ChainB:GLU15	55.328750	36.882402	General
5BQT:ChainB:LEU16	-98.825843	146.803495	General
5BQT:ChainB:ASN17	-79.526025	-176.946606	General
5BQT:ChainB:LEU18	-59.550325	-53.498105	General
5BQT:ChainB:TYR19	-65.356948	-37.522990	General
5BQT:ChainB:GLU20	-63.825417	-43.856718	General
5BQT:ChainB:ALA21	-61.895225	-42.654035	General
5BQT:ChainB:ARG22	-64.977940	-41.344487	General
5BQT:ChainB:ALA23	-69.005262	-40.793505	General
5BQT:ChainB:TYR24	-63.753989	-45.506642	General
5BQT:ChainB:VAL25	-57.473579	-42.139173	General
5BQT:ChainB:ALA26	-59.894956	-43.930533	General
5BQT:ChainB:LEU27	-62.288278	-42.391349	General
5BQT:ChainB:VAL28	-57.238478	-42.936986	General
5BQT:ChainB:ALA29	-71.085636	-39.394291	General
5BQT:ChainB:PHE30	-107.947007	-3.698987	General
5BQT:ChainB:GLY31	76.215947	-87.834424	Glycine
5BQT:ChainB:VAL32	-106.570347	125.039605	General
5BQT:ChainB:LEU33	-134.553575	146.612382	General
5BQT:ChainB:THR34	-99.334987	160.286056	Pre-Pro
5BQT:ChainB:PRO35	-52.760377	-36.289459	Proline
5BQT:ChainB:ALA36	-66.708607	-44.123491	General
5BQT:ChainB:GLU37	-64.902860	-40.672933	General
5BQT:ChainB:LEU38	-56.517019	-43.122011	General
5BQT:ChainB:ALA39	-54.829676	-42.029968	General
5BQT:ChainB:SER40	-80.445181	-25.084521	General
5BQT:ChainB:VAL41	-80.195582	-46.512783	General
5BQT:ChainB:SER42	-123.884497	-178.548180	General
5BQT:ChainB:GLU43	-93.575191	59.279485	General
5BQT:ChainB:VAL44	-119.903223	126.605318	Pre-Pro
5BQT:ChainB:PRO45	-53.643919	138.354645	Proline
5BQT:ChainB:ALA46	-52.178018	-51.694140	Pre-Pro
5BQT:ChainB:PRO47	-67.958550	-12.810772	Proline
5BQT:ChainB:ARG48	-91.691430	-14.916024	General
5BQT:ChainB:THR49	-62.750563	-36.942863	General
5BQT:ChainB:TYR50	-69.011106	-51.902237	General
5BQT:ChainB:ASP51	-54.570833	-43.812698	General
5BQT:ChainB:VAL52	-62.796539	-52.120891	General
5BQT:ChainB:LEU53	-60.887451	-42.523418	General
5BQT:ChainB:ARG54	-62.175483	-38.974551	General
5BQT:ChainB:SER55	-61.850610	-46.517663	General
5BQT:ChainB:LEU56	-59.542807	-36.123779	General
5BQT:ChainB:GLU57	-59.021239	-51.862672	General
5BQT:ChainB:LYS58	-71.587552	-26.478577	General
5BQT:ChainB:LYS59	-83.200370	-0.912225	General
5BQT:ChainB:GLY60	84.084724	12.223393	Glycine
5BQT:ChainB:PHE61	-97.354630	-0.815097	General
5BQT:ChainB:ALA62	-155.554882	157.509477	General
5BQT:ChainB:MET63	-121.985908	160.221019	General
5BQT:ChainB:THR64	-145.428584	165.433694	General
5BQT:ChainB:GLN65	-122.299842	95.094848	Pre-Pro
5BQT:ChainB:PRO66	-58.332560	136.933654	Proline
5BQT:ChainB:GLY67	173.847721	-173.140818	Glycine
5BQT:ChainB:LYS68	-65.882981	-33.939009	General
5BQT:ChainB:THR69	-102.673873	102.530390	General
5BQT:ChainB:ASN70	-86.081524	118.792246	General
5BQT:ChainB:LYS71	-106.223055	142.501328	General
5BQT:ChainB:TYR72	-126.251966	145.908502	General
5BQT:ChainB:ARG73	-131.862966	132.092562	Pre-Pro
5BQT:ChainB:PRO74	-68.812090	142.030687	Proline
5BQT:ChainB:VAL75	-77.344064	138.729193	General
5BQT:ChainB:HIS76	-55.768799	130.593413	Pre-Pro
5BQT:ChainB:PRO77	-47.549864	-42.315934	Proline
5BQT:ChainB:ALA78	-68.992098	-15.336624	General
5BQT:ChainB:ASN79	-95.120818	-48.900114	General
5BQT:ChainB:VAL80	-73.650023	-35.205441	General
5BQT:ChainB:LEU81	-70.946965	-37.994218	General
5BQT:ChainB:GLU82	-69.659028	-43.148727	General
5BQT:ChainB:LYS83	-58.426346	-41.597256	General
5BQT:ChainB:PHE84	-58.950997	-52.692038	General
5BQT:ChainB:ILE85	-62.403102	-40.473126	General
5BQT:ChainB:GLN86	-63.544989	-44.479998	General
5BQT:ChainB:ASP87	-68.804172	-39.873288	General
5BQT:ChainB:TRP88	-59.694461	-48.006831	General
5BQT:ChainB:GLN89	-61.119748	-37.317110	General
5BQT:ChainB:GLU90	-73.316385	-37.287039	General
5BQT:ChainB:ARG91	-60.786420	-43.204003	General
5BQT:ChainB:VAL92	-55.853668	-55.834061	General
5BQT:ChainB:LYS93	-57.389741	-37.453045	General
5BQT:ChainB:GLU94	-62.468600	-44.167942	General
5BQT:ChainB:GLU95	-62.401167	-39.842864	General
5BQT:ChainB:LEU96	-53.529695	-51.899640	General
5BQT:ChainB:GLU97	-58.268688	-42.360759	General
5BQT:ChainB:ALA98	-60.334392	-38.516099	General
5BQT:ChainB:LYS99	-67.952552	-40.473130	General
5BQT:ChainB:LYS100	-70.387419	-28.320316	General
5BQT:ChainB:LYS101	-79.745873	-31.738374	General
5BQT:ChainB:ALA102	-68.522554	-41.975732	General
5BQT:ChainB:LYS103	-56.122721	-52.989438	General
5BQT:ChainB:GLU104	-56.112688	-44.086728	General
5BQT:ChainB:GLU105	-66.291909	-38.248705	General
5BQT:ChainB:LEU106	-63.051638	-40.539091	General
5BQT:ChainB:LEU107	-64.311142	-36.913218	General
5BQT:ChainB:GLU108	-69.736565	-42.906852	General
5BQT:ChainB:LEU109	-68.067458	-32.850437	General
5BQT:ChainB:MET110	-91.778390	-0.153535	General
5BQT:ChainB:ALA111	-63.531276	-43.569910	Pre-Pro
5BQT:ChainB:PRO112	-58.200679	-23.415524	Proline
5BQT:ChainB:LEU113	-81.286022	-20.453338	General
5BQT:ChainB:ILE114	-110.783473	-20.419022	General
5BQT:ChainB:GLU115	-75.891231	-42.860746	General
5BQT:ChainB:THR116	-66.502754	80.309605	General
5BQT:ChainB:GLU117	-77.054710	72.651765	General
5BQT:ChainB:VAL118	-114.274892	81.692908	Pre-Pro
5BQT:ChainB:PRO119	-68.674890	61.507316	Proline
5BQT:ChainB:LYS120	-103.170842	169.708597	General
5BQT:ChainB:TYR121	-85.240610	163.237283	General
5BQT:ChainB:GLY122	-70.607255	-12.036454	Glycine
5BQT:ChainB:VAL123	-63.552484	156.818837	General
5BQT:ChainB:GLU124	-65.821585	154.224518	General
5BQT:ChainB:ARG125	-103.912889	-10.775560	General
5BQT:ChainB:VAL126	-119.261973	133.119824	General
5BQT:ChainB:TRP127	-144.439679	118.386809	General
5BQT:ChainB:VAL128	-94.880452	129.185655	General
5BQT:ChainB:VAL129	-117.521193	133.453741	General
5BQT:ChainB:ARG130	-126.106179	140.531071	General
5BQT:ChainB:GLY131	86.926514	162.268474	Glycine
5BQT:ChainB:ILE132	-80.347994	-46.607378	General
5BQT:ChainB:LYS133	-55.315807	-48.161006	General
5BQT:ChainB:ASN134	-62.170651	-37.744638	General
5BQT:ChainB:SER135	-59.902279	-49.695700	General
5BQT:ChainB:THR136	-69.563319	-30.487511	General
5BQT:ChainB:LEU137	-70.399895	-38.381747	General
5BQT:ChainB:LYS138	-69.674452	-38.834707	General
5BQT:ChainB:THR139	-67.565912	-42.869413	General
5BQT:ChainB:LYS140	-57.083298	-48.527306	General
5BQT:ChainB:GLU141	-53.684956	-54.167336	General
5BQT:ChainB:MET142	-55.738509	-43.839559	General
5BQT:ChainB:LEU143	-64.959045	-36.874299	General
5BQT:ChainB:GLU144	-78.026797	-26.154625	General
5BQT:ChainB:GLU145	-81.808263	-25.686399	General
5BQT:ChainB:ALA146	-58.613643	138.649729	General
5BQT:ChainB:GLN147	-125.879533	-22.606902	General
5BQT:ChainB:ASN148	-110.838898	-64.285571	General
5BQT:ChainB:GLU149	-143.349451	152.771121	General
5BQT:ChainB:ILE150	-127.020814	121.078433	General
5BQT:ChainB:LEU151	-114.200441	121.830677	General
5BQT:ChainB:LEU152	-128.445860	118.846207	General
5BQT:ChainB:ALA153	-102.376238	106.659474	General
5BQT:ChainB:ASP154	-119.843232	110.860828	General
5BQT:ChainB:ASP155	-108.484320	19.505379	General
5BQT:ChainB:GLY156	-100.596317	-172.936742	Glycine
5BQT:ChainB:PHE157	57.648555	23.219986	General
5BQT:ChainB:ILE158	-134.940309	-61.342991	General
5BQT:ChainB:ALA159	-59.685705	-28.529275	General
5BQT:ChainB:VAL160	-110.560834	117.021461	General
5BQT:ChainB:ASN161	-110.612581	73.346870	General
5BQT:ChainB:LEU162	-99.818988	17.625250	General
5BQT:ChainB:GLU163	-44.556702	-48.159743	General
5BQT:ChainB:ASP164	-66.118902	-14.907873	General
5BQT:ChainB:ASP165	-89.633422	-34.292001	General
5BQT:ChainB:ILE166	-64.921066	-53.386908	General
5BQT:ChainB:ILE167	-69.705474	-31.979784	General
5BQT:ChainB:LYS168	-56.005350	-43.028568	General
5BQT:ChainB:ALA169	-64.716892	-40.750038	General
5BQT:ChainB:VAL170	-62.105740	-39.898725	General
5BQT:ChainB:ASP171	-65.089793	-20.646632	General
5BQT:ChainB:ARG172	-91.478831	5.433072	General
5BQT:ChainB:GLY173	84.335707	18.538162	Glycine
5BQT:ChainB:VAL174	-80.577489	125.388271	General
5BQT:ChainB:LYS175	-64.253385	94.116024	General
5BQT:ChainB:THR176	-96.554032	134.878332	General
5BQT:ChainB:LYS177	-132.558639	120.558587	General
5BQT:ChainB:ILE178	-114.278201	121.407557	General
5BQT:ChainB:LEU179	-109.765166	127.544903	General
5BQT:ChainB:LEU180	-138.729849	159.715391	General
5BQT:ChainB:THR181	-67.448256	136.342196	General
5BQT:ChainB:LYS182	-61.782018	-32.266133	General
5BQT:ChainB:ASN183	-60.704907	-29.212305	General
5BQT:ChainB:LEU184	-111.174744	5.897406	General
5BQT:ChainB:LEU185	-52.210869	-49.290381	Pre-Pro
5BQT:ChainB:PRO186	-64.704666	-7.275712	Proline
5BQT:ChainB:ARG187	-63.761717	-25.871791	General
5BQT:ChainB:LEU188	-95.380521	10.138806	General
5BQT:ChainB:LYS189	-63.492940	-15.157272	General
5BQT:ChainB:ALA190	-122.883697	28.881537	General
5BQT:ChainB:SER191	-91.203623	168.414437	General
5BQT:ChainB:LYS192	-78.486459	-28.875205	General
5BQT:ChainB:ILE193	-58.901850	-43.409342	General
5BQT:ChainB:ILE194	-66.587962	-29.131365	General
5BQT:ChainB:ASP195	-73.510972	-45.940162	General
5BQT:ChainB:TYR196	-65.631236	-23.083104	General
5BQT:ChainB:ALA197	-71.958254	-30.307644	General
5BQT:ChainB:LYS198	-95.786384	-27.964586	General
5BQT:ChainB:GLU199	-59.025750	-27.402921	General
5BQT:ChainB:GLY200	-119.569391	136.807677	Glycine
5BQT:ChainB:LYS201	-106.145053	-4.273369	General
5BQT:ChainB:LEU202	-142.238432	153.003093	General
5BQT:ChainB:GLU203	-94.482559	138.121415	General
5BQT:ChainB:LEU204	-137.632148	132.537989	General
5BQT:ChainB:ARG205	-137.473853	176.507022	General
5BQT:ChainB:ALA206	-148.643889	161.382380	General
5BQT:ChainB:LEU207	-157.329109	127.588643	General
5BQT:ChainB:ASP208	-56.558230	-25.257844	General
5BQT:ChainB:LYS209	-161.185386	123.290213	General
5BQT:ChainB:PHE210	-129.824774	155.749480	General
5BQT:ChainB:ASP211	-92.261428	-29.692670	General
5BQT:ChainB:LEU212	-123.080020	89.161383	Pre-Pro
5BQT:ChainB:PRO213	-67.949930	161.944738	Proline
5BQT:ChainB:MET214	-175.205917	158.284898	General
5BQT:ChainB:LEU215	-123.851295	121.735606	General
5BQT:ChainB:ILE216	-113.728924	125.665865	General
5BQT:ChainB:CYS217	-137.475065	78.675272	General
5BQT:ChainB:ASP218	62.992777	75.178769	General
5BQT:ChainB:GLU219	62.155181	28.202681	General
5BQT:ChainB:GLU220	-133.432674	139.812750	General
5BQT:ChainB:VAL221	-133.851424	139.280115	General
5BQT:ChainB:PHE222	-131.395225	112.980709	General
5BQT:ChainB:PHE223	-139.131377	166.250260	General
5BQT:ChainB:ALA224	-107.992266	146.522839	General
5BQT:ChainB:GLU236	-142.033583	136.392969	General
5BQT:ChainB:THR237	-122.366467	124.329705	General
5BQT:ChainB:GLN238	-120.215128	151.170303	General
5BQT:ChainB:VAL239	-125.297965	130.091465	General
5BQT:ChainB:TRP240	-108.773691	131.963419	General
5BQT:ChainB:ILE241	-131.282113	132.346430	General
5BQT:ChainB:LYS242	-112.736404	85.924805	General
5BQT:ChainB:ASP243	-160.814843	125.013665	General
5BQT:ChainB:HIS244	-50.072534	-47.358428	General
5BQT:ChainB:ARG245	-72.312514	-34.957204	General
5BQT:ChainB:VAL246	-74.310729	-46.171341	General
5BQT:ChainB:VAL247	-58.999927	-37.945134	General
5BQT:ChainB:ALA248	-54.439075	-35.930182	General
5BQT:ChainB:LEU249	-64.860405	-45.008527	General
5BQT:ChainB:PHE250	-68.836107	-29.824546	General
5BQT:ChainB:LYS251	-72.775165	-40.548330	General
5BQT:ChainB:GLU252	-58.562173	-40.790987	General
5BQT:ChainB:LYS253	-71.848447	-38.942832	General
5BQT:ChainB:PHE254	-58.505162	-44.411720	General
5BQT:ChainB:ASN255	-66.878547	-21.990380	General
5BQT:ChainB:GLU256	-77.032021	-45.074693	General
5BQT:ChainB:TYR257	-65.459716	-30.406295	General
5BQT:ChainB:TRP258	-60.542289	-26.628952	General
5BQT:ChainB:GLU259	-90.463051	110.756988	General
5BQT:ChainB:LYS260	-146.563354	-154.903306	General
5BQT:ChainB:ALA261	171.117508	160.001082	General
5BQT:ChainB:GLU262	-100.420892	177.118636	General
5BQT:ChainC:LYS3	-55.693750	-43.362168	General
5BQT:ChainC:ASP4	-57.374003	-38.082405	General
5BQT:ChainC:ARG5	-65.754825	-39.886200	General
5BQT:ChainC:MET6	-64.312883	-39.216466	General
5BQT:ChainC:VAL7	-67.388036	-43.658332	General
5BQT:ChainC:GLU8	-57.346139	-51.513689	General
5BQT:ChainC:LEU9	-60.353605	-41.802312	General
5BQT:ChainC:LEU10	-65.238328	-38.812889	General
5BQT:ChainC:GLN11	-75.077092	-40.961225	General
5BQT:ChainC:GLU12	-83.696353	-23.717402	General
5BQT:ChainC:HIS13	-121.210660	-23.720282	General
5BQT:ChainC:PHE14	-117.444726	23.821521	General
5BQT:ChainC:GLU15	52.593908	32.735239	General
5BQT:ChainC:LEU16	-94.962681	145.327200	General
5BQT:ChainC:ASN17	-80.137283	-177.881789	General
5BQT:ChainC:LEU18	-57.648869	-51.613111	General
5BQT:ChainC:TYR19	-71.141803	-35.647765	General
5BQT:ChainC:GLU20	-63.361469	-42.615469	General
5BQT:ChainC:ALA21	-65.314330	-44.146890	General
5BQT:ChainC:ARG22	-61.225742	-45.065126	General
5BQT:ChainC:ALA23	-64.935778	-39.133987	General
5BQT:ChainC:TYR24	-64.019396	-42.637951	General
5BQT:ChainC:VAL25	-60.924548	-43.003534	General
5BQT:ChainC:ALA26	-62.334897	-40.775584	General
5BQT:ChainC:LEU27	-60.930339	-46.138519	General
5BQT:ChainC:VAL28	-60.651657	-44.349119	General
5BQT:ChainC:ALA29	-67.250375	-46.665792	General
5BQT:ChainC:PHE30	-94.985676	-12.125336	General
5BQT:ChainC:GLY31	85.304750	-40.139437	Glycine
5BQT:ChainC:VAL32	-156.857942	135.530462	General
5BQT:ChainC:LEU33	-138.956555	147.225725	General
5BQT:ChainC:THR34	-100.360361	160.900484	Pre-Pro
5BQT:ChainC:PRO35	-49.096195	-34.768892	Proline
5BQT:ChainC:ALA36	-67.839191	-44.127543	General
5BQT:ChainC:GLU37	-67.694362	-36.342694	General
5BQT:ChainC:LEU38	-60.754390	-44.888038	General
5BQT:ChainC:ALA39	-56.536157	-39.933308	General
5BQT:ChainC:SER40	-70.608287	-40.222575	General
5BQT:ChainC:VAL41	-91.880720	-31.154846	General
5BQT:ChainC:SER42	-109.195142	-178.868292	General
5BQT:ChainC:GLU43	-98.386827	23.351085	General
5BQT:ChainC:VAL44	-84.982812	125.600435	Pre-Pro
5BQT:ChainC:PRO45	-56.345363	146.031824	Proline
5BQT:ChainC:ALA46	-49.064102	-53.799630	Pre-Pro
5BQT:ChainC:PRO47	-68.192159	-8.819130	Proline
5BQT:ChainC:ARG48	-96.218214	-15.058083	General
5BQT:ChainC:THR49	-67.849059	-25.921702	General
5BQT:ChainC:TYR50	-70.870452	-51.424952	General
5BQT:ChainC:ASP51	-62.516972	-34.600721	General
5BQT:ChainC:VAL52	-65.371639	-47.006469	General
5BQT:ChainC:LEU53	-68.733145	-35.570914	General
5BQT:ChainC:ARG54	-67.597973	-36.363345	General
5BQT:ChainC:SER55	-76.169635	-32.788033	General
5BQT:ChainC:LEU56	-64.605089	-37.239502	General
5BQT:ChainC:GLU57	-60.434789	-49.918400	General
5BQT:ChainC:LYS58	-56.994926	-42.844945	General
5BQT:ChainC:LYS59	-77.699345	-14.382279	General
5BQT:ChainC:GLY60	99.616376	9.905883	Glycine
5BQT:ChainC:PHE61	-91.891886	-20.681271	General
5BQT:ChainC:ALA62	-126.116662	157.071480	General
5BQT:ChainC:MET63	-131.575350	144.470346	General
5BQT:ChainC:THR64	-150.059949	171.054931	General
5BQT:ChainC:GLN65	-98.841547	158.011461	Pre-Pro
5BQT:ChainC:PRO66	-44.050332	-44.296776	Proline
5BQT:ChainC:GLY67	94.060876	-163.452811	Glycine
5BQT:ChainC:LYS68	-70.558277	3.292480	General
5BQT:ChainC:THR69	-74.748340	63.362885	General
5BQT:ChainC:ASN70	-81.225480	106.916262	General
5BQT:ChainC:LYS71	-111.026876	144.786082	General
5BQT:ChainC:TYR72	-112.746427	138.679271	General
5BQT:ChainC:ARG73	-134.272425	147.234742	Pre-Pro
5BQT:ChainC:PRO74	-69.556066	146.474123	Proline
5BQT:ChainC:VAL75	-91.636929	132.508832	General
5BQT:ChainC:HIS76	-52.008172	131.212265	Pre-Pro
5BQT:ChainC:PRO77	-47.100407	-41.093334	Proline
5BQT:ChainC:ALA78	-66.153400	-20.907119	General
5BQT:ChainC:ASN79	-100.889823	1.519853	General
5BQT:ChainC:VAL80	-115.969012	-51.569882	General
5BQT:ChainC:LEU81	-61.188621	-35.008452	General
5BQT:ChainC:GLU82	-70.125541	-46.642003	General
5BQT:ChainC:LYS83	-62.947724	-36.836928	General
5BQT:ChainC:PHE84	-59.888176	-50.502056	General
5BQT:ChainC:ILE85	-58.663475	-44.012543	General
5BQT:ChainC:GLN86	-58.842544	-43.334534	General
5BQT:ChainC:ASP87	-65.686492	-44.885784	General
5BQT:ChainC:TRP88	-59.224274	-43.784069	General
5BQT:ChainC:GLN89	-59.041142	-41.110686	General
5BQT:ChainC:GLU90	-71.602575	-32.225636	General
5BQT:ChainC:ARG91	-65.575408	-39.197390	General
5BQT:ChainC:VAL92	-61.253039	-50.193254	General
5BQT:ChainC:LYS93	-55.626419	-36.506253	General
5BQT:ChainC:GLU94	-69.129237	-38.428210	General
5BQT:ChainC:GLU95	-73.143167	-36.608668	General
5BQT:ChainC:LEU96	-55.021695	-50.722129	General
5BQT:ChainC:GLU97	-70.253307	-29.029611	General
5BQT:ChainC:ALA98	-62.503577	-37.151507	General
5BQT:ChainC:LYS99	-71.140611	-40.969769	General
5BQT:ChainC:LYS100	-60.835118	-44.705468	General
5BQT:ChainC:LYS101	-60.916363	-45.541297	General
5BQT:ChainC:ALA102	-62.038776	-46.293997	General
5BQT:ChainC:LYS103	-54.624428	-48.853275	General
5BQT:ChainC:GLU104	-65.311393	-38.498347	General
5BQT:ChainC:GLU105	-67.100820	-40.435640	General
5BQT:ChainC:LEU106	-59.035871	-45.757648	General
5BQT:ChainC:LEU107	-64.038485	-36.440849	General
5BQT:ChainC:GLU108	-73.049215	-38.879167	General
5BQT:ChainC:LEU109	-67.406945	-34.221099	General
5BQT:ChainC:MET110	-88.536294	-8.925304	General
5BQT:ChainC:ALA111	-53.535285	-46.078301	Pre-Pro
5BQT:ChainC:PRO112	-65.516254	-14.479341	Proline
5BQT:ChainC:LEU113	-96.556824	-28.547902	General
5BQT:ChainC:ILE114	-98.471798	-21.103877	General
5BQT:ChainC:GLU115	-94.823682	126.276508	General
5BQT:ChainC:THR116	61.486762	52.117301	General
5BQT:ChainC:GLU117	-82.761665	-39.727261	General
5BQT:ChainC:VAL118	-123.496012	23.992730	Pre-Pro
5BQT:ChainC:PRO119	-93.459257	0.617613	Proline
5BQT:ChainC:LYS120	83.173538	-5.039738	General
5BQT:ChainC:TYR121	-99.067195	164.052755	General
5BQT:ChainC:GLY122	114.020845	-36.094808	Glycine
5BQT:ChainC:VAL123	-77.108703	-30.701117	General
5BQT:ChainC:GLU124	-84.208457	121.011138	General
5BQT:ChainC:ARG125	-114.390728	14.024224	General
5BQT:ChainC:VAL126	-151.729018	129.904304	General
5BQT:ChainC:TRP127	-139.341368	152.006459	General
5BQT:ChainC:VAL128	-114.987092	137.133862	General
5BQT:ChainC:VAL129	-121.996586	117.414133	General
5BQT:ChainC:ARG130	-91.409363	141.297123	General
5BQT:ChainC:GLY131	89.482700	108.682142	Glycine
5BQT:ChainC:ILE132	-60.200828	-25.314143	General
5BQT:ChainC:LYS133	-77.246997	-5.782881	General
5BQT:ChainC:ASN134	-99.553052	4.233333	General
5BQT:ChainC:SER135	-61.234379	-30.480144	General
5BQT:ChainC:THR136	-75.764241	-1.957256	General
5BQT:ChainC:LEU137	-80.060092	-16.878577	General
5BQT:ChainC:LYS138	-112.767197	-46.498005	General
5BQT:ChainC:THR139	-64.336260	-20.151532	General
5BQT:ChainC:LYS140	-63.793132	-42.988441	General
5BQT:ChainC:GLU141	-66.650837	-38.723159	General
5BQT:ChainC:MET142	-62.266133	-44.652833	General
5BQT:ChainC:LEU143	-66.257266	-31.302829	General
5BQT:ChainC:GLU144	-66.219110	-34.904713	General
5BQT:ChainC:GLU145	-104.379877	-7.383607	General
5BQT:ChainC:ALA146	-62.797481	125.241561	General
5BQT:ChainC:GLN147	-135.774960	6.252331	General
5BQT:ChainC:ASN148	-120.435005	-63.472410	General
5BQT:ChainC:GLU149	-153.859058	152.754964	General
5BQT:ChainC:ILE150	-128.361213	121.981540	General
5BQT:ChainC:LEU151	-116.698555	116.453102	General
5BQT:ChainC:LEU152	-121.935762	116.481433	General
5BQT:ChainC:ALA153	-112.616961	101.831625	General
5BQT:ChainC:ASP154	-118.966455	130.586717	General
5BQT:ChainC:ASP155	-85.982721	-6.215348	General
5BQT:ChainC:GLY156	119.931976	-15.966444	Glycine
5BQT:ChainC:PHE157	-108.673833	0.151516	General
5BQT:ChainC:ILE158	-96.410136	-63.017378	General
5BQT:ChainC:ALA159	-143.826377	-18.600724	General
5BQT:ChainC:VAL160	-66.692303	145.248869	General
5BQT:ChainC:ASN161	102.214837	-9.260308	General
5BQT:ChainC:LEU162	-109.864747	43.397131	General
5BQT:ChainC:GLU163	-57.955956	-37.469180	General
5BQT:ChainC:ASP164	-61.395838	-35.330575	General
5BQT:ChainC:ASP165	-79.865764	-36.897827	General
5BQT:ChainC:ILE166	-63.063778	-49.166464	General
5BQT:ChainC:ILE167	-64.165047	-40.566945	General
5BQT:ChainC:LYS168	-58.608612	-36.450077	General
5BQT:ChainC:ALA169	-66.209687	-46.795098	General
5BQT:ChainC:VAL170	-56.414591	-46.757824	General
5BQT:ChainC:ASP171	-70.277116	-11.517606	General
5BQT:ChainC:ARG172	-106.250289	20.782190	General
5BQT:ChainC:GLY173	87.379027	11.582769	Glycine
5BQT:ChainC:VAL174	-78.804914	125.695206	General
5BQT:ChainC:LYS175	-67.116543	120.243496	General
5BQT:ChainC:THR176	-124.311346	125.273851	General
5BQT:ChainC:LYS177	-118.928895	120.836332	General
5BQT:ChainC:ILE178	-113.283511	128.655998	General
5BQT:ChainC:LEU179	-115.085804	121.888772	General
5BQT:ChainC:LEU180	-113.308009	153.314429	General
5BQT:ChainC:THR181	-79.531717	154.201272	General
5BQT:ChainC:LYS182	-66.280316	-18.084081	General
5BQT:ChainC:ASN183	-77.720138	-6.702287	General
5BQT:ChainC:LEU184	-96.311124	-15.031386	General
5BQT:ChainC:LEU185	-66.029648	-39.562681	Pre-Pro
5BQT:ChainC:PRO186	-63.027378	-50.010286	Proline
5BQT:ChainC:ARG187	-79.158133	-17.187452	General
5BQT:ChainC:LEU188	-97.531907	20.124268	General
5BQT:ChainC:LYS189	-84.521858	148.241811	General
5BQT:ChainC:ALA190	-77.963488	-57.118067	General
5BQT:ChainC:SER191	-154.671865	-156.119659	General
5BQT:ChainC:LYS192	-85.349571	-48.279959	General
5BQT:ChainC:ILE193	-62.937960	-34.551461	General
5BQT:ChainC:ILE194	-70.412124	-30.213421	General
5BQT:ChainC:ASP195	-81.438629	-14.508537	General
5BQT:ChainC:TYR196	-70.786670	-34.269005	General
5BQT:ChainC:ALA197	-68.945795	-39.854798	General
5BQT:ChainC:LYS198	-69.273906	-27.164034	General
5BQT:ChainC:GLU199	-87.048004	-7.975104	General
5BQT:ChainC:GLY200	84.427553	21.856864	Glycine
5BQT:ChainC:LYS201	-91.756292	-15.627352	General
5BQT:ChainC:LEU202	-152.972534	164.344499	General
5BQT:ChainC:GLU203	-104.587277	136.755124	General
5BQT:ChainC:LEU204	-134.280861	120.081602	General
5BQT:ChainC:ARG205	-134.810091	164.161833	General
5BQT:ChainC:ALA206	-131.779563	150.713834	General
5BQT:ChainC:LEU207	-143.531739	139.925434	General
5BQT:ChainC:ASP208	-40.981246	-58.756540	General
5BQT:ChainC:LYS209	-167.821703	132.833482	General
5BQT:ChainC:PHE210	-116.763019	145.589570	General
5BQT:ChainC:ASP211	-91.028983	7.370704	General
5BQT:ChainC:LEU212	-148.426827	82.042768	Pre-Pro
5BQT:ChainC:PRO213	-67.354683	147.534434	Proline
5BQT:ChainC:MET214	-162.812483	163.768348	General
5BQT:ChainC:LEU215	-132.684577	118.550470	General
5BQT:ChainC:ILE216	-107.262158	124.659215	General
5BQT:ChainC:CYS217	-135.130281	90.198947	General
5BQT:ChainC:ASP218	58.702477	95.811369	General
5BQT:ChainC:GLU219	41.027046	29.731139	General
5BQT:ChainC:GLU220	-136.029345	144.651388	General
5BQT:ChainC:VAL221	-134.519429	134.591334	General
5BQT:ChainC:PHE222	-119.680493	122.240846	General
5BQT:ChainC:PHE223	-139.171850	153.213313	General
5BQT:ChainC:ALA224	-112.794982	133.895521	General
5BQT:ChainC:LEU225	-92.637498	66.293380	General
5BQT:ChainC:GLU226	-53.536615	134.576293	General
5BQT:ChainC:ASP227	-158.544519	117.649146	General
5BQT:ChainC:LEU228	-77.541750	-0.077569	General
5BQT:ChainC:ALA229	-91.973811	-35.437330	General
5BQT:ChainC:ALA230	-76.051712	-25.806265	General
5BQT:ChainC:ARG231	-54.542717	-38.582144	General
5BQT:ChainC:TYR232	-61.340457	-27.090368	General
5BQT:ChainC:PHE233	-109.738697	17.269701	General
5BQT:ChainC:ASN234	45.582321	52.221981	General
5BQT:ChainC:TYR235	-143.787799	50.702420	General
5BQT:ChainC:GLU236	-89.549412	141.018614	General
5BQT:ChainC:THR237	-88.560531	125.843984	General
5BQT:ChainC:GLN238	-123.902990	145.415405	General
5BQT:ChainC:VAL239	-130.693743	135.698564	General
5BQT:ChainC:TRP240	-112.421129	123.009187	General
5BQT:ChainC:ILE241	-128.042723	133.809658	General
5BQT:ChainC:LYS242	-106.979676	89.643547	General
5BQT:ChainC:ASP243	-168.259661	102.472900	General
5BQT:ChainC:HIS244	-49.403037	-22.721337	General
5BQT:ChainC:ARG245	-75.492570	-39.947851	General
5BQT:ChainC:VAL246	-74.344094	-42.588324	General
5BQT:ChainC:VAL247	-58.264825	-39.254293	General
5BQT:ChainC:ALA248	-58.940354	-40.572443	General
5BQT:ChainC:LEU249	-59.489399	-49.342319	General
5BQT:ChainC:PHE250	-70.265496	-29.451125	General
5BQT:ChainC:LYS251	-67.870232	-39.684671	General
5BQT:ChainC:GLU252	-62.463396	-42.831666	General
5BQT:ChainC:LYS253	-67.636208	-37.502497	General
5BQT:ChainC:PHE254	-56.381260	-46.126115	General
5BQT:ChainC:ASN255	-67.161878	-22.826960	General
5BQT:ChainC:GLU256	-73.255177	-45.796364	General
5BQT:ChainC:TYR257	-62.297355	-35.872903	General
5BQT:ChainC:TRP258	-63.898430	-29.376809	General
5BQT:ChainC:GLU259	-71.114658	-41.924182	General
5BQT:ChainC:LYS260	-70.629431	-37.782315	General
5BQT:ChainC:ALA261	-45.072780	135.699790	General
5BQT:ChainC:GLU262	-96.610147	172.366326	General
5BQT:ChainD:LYS3	-55.193040	-42.528168	General
5BQT:ChainD:ASP4	-56.718382	-38.493860	General
5BQT:ChainD:ARG5	-65.142053	-39.787005	General
5BQT:ChainD:MET6	-65.157990	-39.724832	General
5BQT:ChainD:VAL7	-66.947788	-42.498161	General
5BQT:ChainD:GLU8	-57.888045	-53.246471	General
5BQT:ChainD:LEU9	-60.322673	-41.473252	General
5BQT:ChainD:LEU10	-64.652835	-39.888634	General
5BQT:ChainD:GLN11	-74.110344	-38.064065	General
5BQT:ChainD:GLU12	-81.440804	-28.724596	General
5BQT:ChainD:HIS13	-124.545050	-22.254062	General
5BQT:ChainD:PHE14	-115.749390	22.548013	General
5BQT:ChainD:GLU15	52.755085	33.802832	General
5BQT:ChainD:LEU16	-94.674512	144.645464	General
5BQT:ChainD:ASN17	-81.275061	-178.852268	General
5BQT:ChainD:LEU18	-58.200962	-49.290352	General
5BQT:ChainD:TYR19	-70.819078	-37.159949	General
5BQT:ChainD:GLU20	-64.991179	-43.299573	General
5BQT:ChainD:ALA21	-64.899238	-43.712546	General
5BQT:ChainD:ARG22	-61.325771	-45.158869	General
5BQT:ChainD:ALA23	-63.846466	-38.232319	General
5BQT:ChainD:TYR24	-63.846246	-43.367095	General
5BQT:ChainD:VAL25	-61.246291	-41.915368	General
5BQT:ChainD:ALA26	-61.987771	-41.419216	General
5BQT:ChainD:LEU27	-61.713133	-44.783433	General
5BQT:ChainD:VAL28	-59.802353	-45.037844	General
5BQT:ChainD:ALA29	-67.771042	-47.343964	General
5BQT:ChainD:PHE30	-96.062507	-10.496596	General
5BQT:ChainD:GLY31	86.307201	-42.781710	Glycine
5BQT:ChainD:VAL32	-157.448656	135.038050	General
5BQT:ChainD:LEU33	-138.827273	148.125995	General
5BQT:ChainD:THR34	-99.841210	161.719371	Pre-Pro
5BQT:ChainD:PRO35	-49.494358	-36.539753	Proline
5BQT:ChainD:ALA36	-67.793095	-42.610631	General
5BQT:ChainD:GLU37	-67.058436	-38.816422	General
5BQT:ChainD:LEU38	-62.584833	-44.881073	General
5BQT:ChainD:ALA39	-56.790232	-41.207374	General
5BQT:ChainD:SER40	-71.187703	-39.416968	General
5BQT:ChainD:VAL41	-89.422309	-30.616085	General
5BQT:ChainD:SER42	-108.828992	-177.336347	General
5BQT:ChainD:GLU43	-98.082293	22.520669	General
5BQT:ChainD:VAL44	-85.752383	126.341235	Pre-Pro
5BQT:ChainD:PRO45	-56.171967	146.793351	Proline
5BQT:ChainD:ALA46	-49.944844	-55.297481	Pre-Pro
5BQT:ChainD:PRO47	-69.424205	-7.294728	Proline
5BQT:ChainD:ARG48	-96.084286	-15.232085	General
5BQT:ChainD:THR49	-65.762277	-23.221987	General
5BQT:ChainD:TYR50	-75.994326	-55.583450	General
5BQT:ChainD:ASP51	-62.849056	-31.682660	General
5BQT:ChainD:VAL52	-63.385391	-46.926822	General
5BQT:ChainD:LEU53	-69.186912	-36.888698	General
5BQT:ChainD:ARG54	-66.204903	-39.190969	General
5BQT:ChainD:SER55	-71.680099	-31.684268	General
5BQT:ChainD:LEU56	-64.611367	-37.553058	General
5BQT:ChainD:GLU57	-60.788423	-49.990852	General
5BQT:ChainD:LYS58	-57.401104	-41.753714	General
5BQT:ChainD:LYS59	-76.951647	-14.455774	General
5BQT:ChainD:GLY60	98.209373	8.664484	Glycine
5BQT:ChainD:PHE61	-92.343829	-21.450825	General
5BQT:ChainD:ALA62	-127.580241	157.081502	General
5BQT:ChainD:MET63	-131.644564	143.691423	General
5BQT:ChainD:THR64	-80.628080	165.005818	General
5BQT:ChainD:GLN65	-97.970136	150.274198	Pre-Pro
5BQT:ChainD:PRO66	-53.182146	147.833784	Proline
5BQT:ChainD:GLY67	91.896624	-155.842806	Glycine
5BQT:ChainD:LYS68	-67.927507	123.061165	General
5BQT:ChainD:THR69	-81.112808	50.288437	General
5BQT:ChainD:ASN70	-90.306976	-18.524554	General
5BQT:ChainD:LYS71	-107.542677	141.886068	General
5BQT:ChainD:TYR72	-116.764812	143.322869	General
5BQT:ChainD:ARG73	-127.132217	145.632747	Pre-Pro
5BQT:ChainD:PRO74	-68.198302	148.074078	Proline
5BQT:ChainD:VAL75	-88.713393	127.546220	General
5BQT:ChainD:HIS76	-53.943712	134.382893	Pre-Pro
5BQT:ChainD:PRO77	-44.716969	-40.607533	Proline
5BQT:ChainD:ALA78	-66.233288	-22.074825	General
5BQT:ChainD:ASN79	-101.513429	0.756979	General
5BQT:ChainD:VAL80	-117.004209	-52.316439	General
5BQT:ChainD:LEU81	-61.374150	-34.872790	General
5BQT:ChainD:GLU82	-70.454918	-48.087407	General
5BQT:ChainD:LYS83	-64.126772	-37.064488	General
5BQT:ChainD:PHE84	-60.110036	-50.208238	General
5BQT:ChainD:ILE85	-58.412841	-44.609553	General
5BQT:ChainD:GLN86	-59.620399	-45.391916	General
5BQT:ChainD:ASP87	-66.497597	-45.710831	General
5BQT:ChainD:TRP88	-59.745896	-45.169293	General
5BQT:ChainD:GLN89	-58.410026	-41.647550	General
5BQT:ChainD:GLU90	-71.179337	-35.601270	General
5BQT:ChainD:ARG91	-64.569865	-39.285410	General
5BQT:ChainD:VAL92	-59.178620	-53.335152	General
5BQT:ChainD:LYS93	-55.645412	-36.842843	General
5BQT:ChainD:GLU94	-61.939742	-39.759046	General
5BQT:ChainD:GLU95	-73.687437	-36.145687	General
5BQT:ChainD:LEU96	-54.709431	-49.278885	General
5BQT:ChainD:GLU97	-69.290372	-32.019554	General
5BQT:ChainD:ALA98	-64.527523	-37.283770	General
5BQT:ChainD:LYS99	-70.933294	-43.297150	General
5BQT:ChainD:LYS100	-62.241540	-43.688148	General
5BQT:ChainD:LYS101	-59.708726	-45.101891	General
5BQT:ChainD:ALA102	-60.683377	-44.150204	General
5BQT:ChainD:LYS103	-53.611063	-48.817890	General
5BQT:ChainD:GLU104	-63.835262	-38.478975	General
5BQT:ChainD:GLU105	-69.106850	-42.758688	General
5BQT:ChainD:LEU106	-59.027790	-44.529214	General
5BQT:ChainD:LEU107	-63.332381	-37.325730	General
5BQT:ChainD:GLU108	-74.520360	-35.289379	General
5BQT:ChainD:LEU109	-64.473645	-35.302257	General
5BQT:ChainD:MET110	-88.920898	-5.810401	General
5BQT:ChainD:ALA111	-49.989952	-40.598891	Pre-Pro
5BQT:ChainD:PRO112	-61.056654	-17.641020	Proline
5BQT:ChainD:LEU113	-100.456391	-34.113193	General
5BQT:ChainD:ILE114	-107.472252	-17.304824	General
5BQT:ChainD:GLU115	-89.111721	125.330594	General
5BQT:ChainD:THR116	58.583129	51.780703	General
5BQT:ChainD:GLU117	-79.621072	158.983820	General
5BQT:ChainD:VAL118	-65.140144	-61.608136	Pre-Pro
5BQT:ChainD:PRO119	-92.545110	152.443943	Proline
5BQT:ChainD:LYS120	-62.769180	-19.628440	General
5BQT:ChainD:TYR121	-104.437194	165.584822	General
5BQT:ChainD:GLY122	118.292236	-31.602261	Glycine
5BQT:ChainD:VAL123	-74.147551	-22.280717	General
5BQT:ChainD:GLU124	-74.051395	131.339020	General
5BQT:ChainD:ARG125	-107.474544	13.353125	General
5BQT:ChainD:VAL126	-151.967195	131.810561	General
5BQT:ChainD:TRP127	-139.026360	152.463326	General
5BQT:ChainD:VAL128	-115.947297	138.585102	General
5BQT:ChainD:VAL129	-122.081832	119.869122	General
5BQT:ChainD:ARG130	-90.963503	138.872595	General
5BQT:ChainD:GLY131	88.046508	108.343394	Glycine
5BQT:ChainD:ILE132	-59.149875	-24.611726	General
5BQT:ChainD:LYS133	-77.192621	-5.905008	General
5BQT:ChainD:ASN134	-101.333841	3.358881	General
5BQT:ChainD:SER135	-62.275303	-29.575014	General
5BQT:ChainD:THR136	-75.000497	-1.495174	General
5BQT:ChainD:LEU137	-80.034666	-15.539820	General
5BQT:ChainD:LYS138	-111.467712	-45.850400	General
5BQT:ChainD:THR139	-64.278216	-21.940566	General
5BQT:ChainD:LYS140	-65.042788	-40.659073	General
5BQT:ChainD:GLU141	-65.162557	-38.822242	General
5BQT:ChainD:MET142	-63.028357	-44.450199	General
5BQT:ChainD:LEU143	-65.554979	-33.457370	General
5BQT:ChainD:GLU144	-68.012872	-32.832375	General
5BQT:ChainD:GLU145	-103.135969	-8.671577	General
5BQT:ChainD:ALA146	-65.298788	126.130175	General
5BQT:ChainD:GLN147	-135.343571	7.386080	General
5BQT:ChainD:ASN148	-118.279845	-61.915037	General
5BQT:ChainD:GLU149	-152.339910	153.364937	General
5BQT:ChainD:ILE150	-127.499932	118.702556	General
5BQT:ChainD:LEU151	-117.131998	113.648327	General
5BQT:ChainD:LEU152	-122.698905	115.136882	General
5BQT:ChainD:ALA153	-111.597210	100.162794	General
5BQT:ChainD:ASP154	-117.542137	127.895794	General
5BQT:ChainD:ASP155	-85.603868	-2.153407	General
5BQT:ChainD:GLY156	123.559644	-17.603366	Glycine
5BQT:ChainD:PHE157	-112.434994	2.179588	General
5BQT:ChainD:ILE158	-92.351970	-62.354508	General
5BQT:ChainD:ALA159	-151.390173	-11.928478	General
5BQT:ChainD:VAL160	-61.479232	-19.437560	General
5BQT:ChainD:ASN161	-91.873820	14.125925	General
5BQT:ChainD:LEU162	-110.754711	47.498197	General
5BQT:ChainD:GLU163	-54.354069	-36.668100	General
5BQT:ChainD:ASP164	-61.547366	-38.178485	General
5BQT:ChainD:ASP165	-80.467133	-35.717215	General
5BQT:ChainD:ILE166	-61.930576	-47.738721	General
5BQT:ChainD:ILE167	-63.284918	-42.573771	General
5BQT:ChainD:LYS168	-61.162734	-37.446899	General
5BQT:ChainD:ALA169	-66.256002	-47.736931	General
5BQT:ChainD:VAL170	-56.040039	-42.681598	General
5BQT:ChainD:ASP171	-67.295910	-13.931136	General
5BQT:ChainD:ARG172	-108.974804	20.650095	General
5BQT:ChainD:GLY173	89.170650	15.020447	Glycine
5BQT:ChainD:VAL174	-76.254481	125.587398	General
5BQT:ChainD:LYS175	-65.632463	115.558113	General
5BQT:ChainD:THR176	-123.539705	122.218491	General
5BQT:ChainD:LYS177	-120.828303	119.256676	General
5BQT:ChainD:ILE178	-114.218485	125.521908	General
5BQT:ChainD:LEU179	-114.916493	119.614570	General
5BQT:ChainD:LEU180	-115.412079	155.887589	General
5BQT:ChainD:THR181	-76.752470	152.362424	General
5BQT:ChainD:LYS182	-66.718748	-19.149934	General
5BQT:ChainD:ASN183	-76.928478	-4.434305	General
5BQT:ChainD:LEU184	-96.165052	-15.056752	General
5BQT:ChainD:LEU185	-65.547572	-36.325080	Pre-Pro
5BQT:ChainD:PRO186	-57.382964	-45.607479	Proline
5BQT:ChainD:ARG187	-82.430626	-18.521594	General
5BQT:ChainD:LEU188	-101.044822	17.219378	General
5BQT:ChainD:LYS189	-90.765771	32.387056	General
5BQT:ChainD:ALA190	-72.744154	-58.975211	General
5BQT:ChainD:SER191	-154.429721	-168.555597	General
5BQT:ChainD:LYS192	-97.298028	-46.085730	General
5BQT:ChainD:ILE193	-58.062051	-36.924041	General
5BQT:ChainD:ILE194	-113.264713	117.818739	General
5BQT:ChainD:ASP195	-87.339556	-3.289230	General
5BQT:ChainD:TYR196	-56.892597	-33.806402	General
5BQT:ChainD:ALA197	-68.757793	-39.578430	General
5BQT:ChainD:LYS198	-70.297283	-29.933655	General
5BQT:ChainD:GLU199	-89.344891	-9.315910	General
5BQT:ChainD:GLY200	85.803557	21.848270	Glycine
5BQT:ChainD:LYS201	-90.526518	-15.443021	General
5BQT:ChainD:LEU202	-152.830235	163.823681	General
5BQT:ChainD:GLU203	-104.606252	136.732891	General
5BQT:ChainD:LEU204	-134.004378	121.175650	General
5BQT:ChainD:ARG205	-130.009879	162.101996	General
5BQT:ChainD:ALA206	-131.979855	147.435766	General
5BQT:ChainD:LEU207	-145.286905	138.649191	General
5BQT:ChainD:ASP208	-43.208807	-58.599048	General
5BQT:ChainD:LYS209	-168.106480	133.690037	General
5BQT:ChainD:PHE210	-119.065059	149.365654	General
5BQT:ChainD:ASP211	-89.011285	2.188972	General
5BQT:ChainD:LEU212	-150.787624	85.515729	Pre-Pro
5BQT:ChainD:PRO213	-62.953418	146.197800	Proline
5BQT:ChainD:MET214	-161.581998	162.397139	General
5BQT:ChainD:LEU215	-134.332017	117.514188	General
5BQT:ChainD:ILE216	-106.346373	126.072029	General
5BQT:ChainD:CYS217	-132.389106	99.280150	General
5BQT:ChainD:ASP218	64.954905	-114.112241	General
5BQT:ChainD:GLU219	-105.782265	31.796907	General
5BQT:ChainD:GLU220	-133.731244	147.140529	General
5BQT:ChainD:VAL221	-131.685207	134.283322	General
5BQT:ChainD:PHE222	-117.586748	121.406773	General
5BQT:ChainD:PHE223	-137.207263	152.007256	General
5BQT:ChainD:ALA224	-113.312150	134.306339	General
5BQT:ChainD:LEU225	-91.710189	65.746175	General
5BQT:ChainD:GLU226	-52.769909	130.980691	General
5BQT:ChainD:ASP227	-160.549244	106.642893	General
5BQT:ChainD:LEU228	-89.159838	143.356371	General
5BQT:ChainD:ALA229	-96.501389	36.167711	General
5BQT:ChainD:ALA230	-74.248643	-28.516883	General
5BQT:ChainD:ARG231	-58.486663	-35.200721	General
5BQT:ChainD:TYR232	-58.122247	-29.138353	General
5BQT:ChainD:PHE233	-110.161426	16.558761	General
5BQT:ChainD:ASN234	46.706746	53.859432	General
5BQT:ChainD:TYR235	-142.657864	51.619291	General
5BQT:ChainD:GLU236	-88.920004	138.657586	General
5BQT:ChainD:THR237	-90.825168	125.914480	General
5BQT:ChainD:GLN238	-125.119835	146.749141	General
5BQT:ChainD:VAL239	-129.497521	136.960751	General
5BQT:ChainD:TRP240	-112.809562	124.050417	General
5BQT:ChainD:ILE241	-128.714474	133.067596	General
5BQT:ChainD:LYS242	-105.741470	88.103109	General
5BQT:ChainD:ASP243	-169.408332	103.916811	General
5BQT:ChainD:HIS244	-49.509376	-23.069294	General
5BQT:ChainD:ARG245	-75.370247	-40.438623	General
5BQT:ChainD:VAL246	-74.004090	-41.627052	General
5BQT:ChainD:VAL247	-56.694586	-39.672589	General
5BQT:ChainD:ALA248	-60.393485	-42.664946	General
5BQT:ChainD:LEU249	-60.605401	-48.096350	General
5BQT:ChainD:PHE250	-69.445649	-29.524033	General
5BQT:ChainD:LYS251	-68.584103	-38.894274	General
5BQT:ChainD:GLU252	-62.151706	-43.712399	General
5BQT:ChainD:LYS253	-68.532920	-38.998026	General
5BQT:ChainD:PHE254	-58.255800	-46.125994	General
5BQT:ChainD:ASN255	-65.596640	-23.426749	General
5BQT:ChainD:GLU256	-72.310489	-46.094416	General
5BQT:ChainD:TYR257	-62.693616	-35.083118	General
5BQT:ChainD:TRP258	-61.720210	-28.771950	General
5BQT:ChainD:GLU259	-73.235572	155.607530	General
5BQT:ChainD:LYS260	65.169847	-45.055480	General
5BQT:ChainD:ALA261	-47.256522	121.504167	General
5BQT:ChainD:GLU262	-107.088416	175.064661	General
