5C31:ChainA:ILE3	-110.249510	135.213422	General
5C31:ChainA:GLY4	-107.647763	163.026348	Glycine
5C31:ChainA:TYR5	-140.174413	111.712968	General
5C31:ChainA:ALA6	-107.618792	141.185292	General
5C31:ChainA:ARG7	-140.099739	144.258627	General
5C31:ChainA:VAL8	-140.058352	118.804260	General
5C31:ChainA:SER9	-61.300512	-29.404446	General
5C31:ChainA:SER10	-149.531697	156.964110	General
5C31:ChainA:LEU11	-66.368474	-16.748809	General
5C31:ChainA:ASP12	-66.020499	-28.241727	General
5C31:ChainA:GLN13	-74.311870	141.107335	General
5C31:ChainA:ASN14	-69.929327	112.177968	General
5C31:ChainA:LEU15	-99.360640	-43.453703	General
5C31:ChainA:GLU16	-60.954288	-22.323966	General
5C31:ChainA:ARG17	-81.939823	-40.545425	General
5C31:ChainA:GLN18	-62.111357	-30.885634	General
5C31:ChainA:LEU19	-72.465134	-37.470742	General
5C31:ChainA:GLU20	-64.577836	-39.768531	General
5C31:ChainA:ASN21	-62.508833	-40.903045	General
5C31:ChainA:LEU22	-69.408804	-43.472971	General
5C31:ChainA:LYS23	-70.953618	-28.244576	General
5C31:ChainA:THR24	-70.412383	-25.469474	General
5C31:ChainA:PHE25	-97.877793	19.810237	General
5C31:ChainA:GLY26	79.300375	40.735989	Glycine
5C31:ChainA:ALA27	-83.915661	133.391618	General
5C31:ChainA:GLU28	-97.212275	-36.130127	General
5C31:ChainA:LYS29	-139.641938	122.351731	General
5C31:ChainA:ILE30	-112.377365	119.666443	General
5C31:ChainA:PHE31	-86.035634	115.958041	General
5C31:ChainA:THR32	-102.039436	125.290723	General
5C31:ChainA:GLU33	-124.332757	151.845951	General
5C31:ChainA:LYS34	-133.151716	87.304083	General
5C31:ChainA:GLN35	-175.820989	165.238604	General
5C31:ChainA:SER36	-59.188780	153.921184	General
5C31:ChainA:GLY37	-109.344750	20.278302	Glycine
5C31:ChainA:LYS38	-69.018162	-27.174575	General
5C31:ChainA:SER39	-146.764799	154.497208	General
5C31:ChainA:ILE40	-88.500911	6.826295	General
5C31:ChainA:GLU41	-73.407204	-51.241117	General
5C31:ChainA:ASN42	-90.058862	20.609519	General
5C31:ChainA:ARG43	-127.600209	77.630148	Pre-Pro
5C31:ChainA:PRO44	-74.848185	-30.507964	Proline
5C31:ChainA:ILE45	-62.355517	-32.738832	General
5C31:ChainA:LEU46	-66.655886	-51.932107	General
5C31:ChainA:GLN47	-63.292800	-29.495190	General
5C31:ChainA:LYS48	-64.426271	-38.828964	General
5C31:ChainA:ALA49	-73.989472	-39.851288	General
5C31:ChainA:LEU50	-66.478134	-39.666345	General
5C31:ChainA:ASN51	-71.412600	-33.289525	General
5C31:ChainA:PHE52	-67.017220	-49.447211	General
5C31:ChainA:VAL53	-66.285614	139.553436	General
5C31:ChainA:ASP57	-67.624434	170.685815	General
5C31:ChainA:ARG58	-126.390981	127.606510	General
5C31:ChainA:PHE59	-106.764195	117.116176	General
5C31:ChainA:ILE60	-117.127284	148.505065	General
5C31:ChainA:VAL61	-143.538118	161.641666	General
5C31:ChainA:GLU62	-66.351539	-38.757305	General
5C31:ChainA:SER63	-167.338789	175.184124	General
5C31:ChainA:ILE64	-64.878555	-36.819329	General
5C31:ChainA:ASP65	-60.243240	-30.102223	General
5C31:ChainA:ARG66	-67.705114	-32.449885	General
5C31:ChainA:LEU67	-78.794052	-3.460212	General
5C31:ChainA:GLY68	138.166638	142.569869	Glycine
5C31:ChainA:ARG69	-105.167319	49.026755	General
5C31:ChainA:ASN70	-152.390252	131.560039	General
5C31:ChainA:TYR71	-60.956179	-47.613935	General
5C31:ChainA:ASN72	-64.597744	-31.799756	General
5C31:ChainA:GLU73	-83.064438	-40.192031	General
5C31:ChainA:VAL74	-60.337750	-49.958386	General
5C31:ChainA:ILE75	-64.048899	-31.450521	General
5C31:ChainA:HIS76	-70.218863	-42.265948	General
5C31:ChainA:THR77	-70.243297	-29.910650	General
5C31:ChainA:VAL78	-68.283587	-45.401829	General
5C31:ChainA:ASN79	-69.432685	-23.882464	General
5C31:ChainA:TYR80	-68.316274	-29.766405	General
5C31:ChainA:LEU81	-78.774754	-25.761799	General
5C31:ChainA:LYS82	-72.488472	-47.002515	General
5C31:ChainA:ASP83	-67.089102	-21.384392	General
5C31:ChainA:LYS84	-98.150147	5.863390	General
5C31:ChainA:GLU85	59.340364	43.527046	General
5C31:ChainA:VAL86	-115.925307	118.338308	General
5C31:ChainA:GLN87	-73.604332	138.457078	General
5C31:ChainA:THR91	-62.711567	-34.864723	General
5C31:ChainA:SER92	-61.654815	-50.592365	General
5C31:ChainA:LEU93	-67.785696	145.363677	Pre-Pro
5C31:ChainA:GLU98	-73.006050	131.132806	General
5C31:ChainA:VAL99	-91.237702	77.965179	General
5C31:ChainA:ILE100	-56.278625	124.571436	General
5C31:ChainA:GLY101	78.551174	33.182565	Glycine
5C31:ChainA:ASN102	-170.731681	71.904433	Pre-Pro
5C31:ChainA:PRO103	-61.136529	-30.541880	Proline
5C31:ChainA:LEU104	-65.367390	-37.049835	General
5C31:ChainA:LEU105	-71.431925	-32.058609	General
5C31:ChainA:ASP106	-64.145518	-37.458353	General
5C31:ChainA:LYS107	-62.594486	-32.524007	General
5C31:ChainA:ASP111	-77.895856	-32.511765	General
5C31:ChainA:LEU112	-70.424644	-38.565724	General
5C31:ChainA:VAL113	-63.511813	-37.747118	General
5C31:ChainA:ILE114	-70.223163	-40.196040	General
5C31:ChainA:GLN115	-70.372875	-34.724128	General
5C31:ChainA:ILE116	-67.181497	-48.131463	General
5C31:ChainA:LEU117	-64.504752	-35.260616	General
5C31:ChainA:SER121	-63.249689	-45.372101	General
5C31:ChainA:GLU122	-75.239554	-27.241961	General
5C31:ChainA:GLN123	-70.636075	-35.861527	General
5C31:ChainA:GLU124	-71.749143	-21.323221	General
5C31:ChainA:ARG125	-65.102951	-35.816764	General
5C31:ChainB:ILE3	-92.841824	141.716444	General
5C31:ChainB:GLY4	-120.542491	148.088465	Glycine
5C31:ChainB:TYR5	-127.940723	125.273908	General
5C31:ChainB:ALA6	-127.594807	135.742711	General
5C31:ChainB:ARG7	-132.588957	139.506252	General
5C31:ChainB:VAL8	-135.714706	137.170620	General
5C31:ChainB:SER9	-94.601313	-29.351021	General
5C31:ChainB:SER10	-122.254284	159.761385	General
5C31:ChainB:LEU11	-79.977931	-12.519892	General
5C31:ChainB:ASP12	-73.255686	-34.914977	General
5C31:ChainB:GLN13	-58.560883	133.900137	General
5C31:ChainB:ASN14	-70.803095	91.592268	General
5C31:ChainB:LEU15	-73.600396	-23.432011	General
5C31:ChainB:GLU16	-63.031883	-54.677913	General
5C31:ChainB:ARG17	-57.919300	-33.564728	General
5C31:ChainB:GLN18	-67.252965	-41.604383	General
5C31:ChainB:LEU19	-72.183857	-35.526268	General
5C31:ChainB:GLU20	-72.236582	-28.809336	General
5C31:ChainB:ASN21	-74.723476	-32.627236	General
5C31:ChainB:LEU22	-71.076445	-42.389990	General
5C31:ChainB:LYS23	-65.511624	-30.594194	General
5C31:ChainB:THR24	-66.094218	-26.153552	General
5C31:ChainB:PHE25	-104.144770	22.996179	General
5C31:ChainB:GLY26	89.162316	28.928454	Glycine
5C31:ChainB:ALA27	-77.500026	116.660694	General
5C31:ChainB:GLU28	-89.724312	-45.133071	General
5C31:ChainB:LYS29	-126.199884	133.455325	General
5C31:ChainB:ILE30	-123.668118	142.275876	General
5C31:ChainB:PHE31	-110.105195	89.079277	General
5C31:ChainB:THR32	-78.516116	143.972106	General
5C31:ChainB:GLU33	-148.438727	137.713857	General
5C31:ChainB:LYS34	-110.505894	92.362245	General
5C31:ChainB:GLN35	-160.511940	155.447413	General
5C31:ChainB:SER36	-64.854539	147.051049	General
5C31:ChainB:GLY37	-93.870346	6.594001	Glycine
5C31:ChainB:LYS38	-74.099107	-6.060734	General
5C31:ChainB:SER39	-158.450626	175.760608	General
5C31:ChainB:ILE40	-127.968269	-15.303850	General
5C31:ChainB:GLU41	-70.454725	-12.567033	General
5C31:ChainB:ASN42	-111.679706	17.818453	General
5C31:ChainB:ARG43	-121.819418	87.469682	Pre-Pro
5C31:ChainB:PRO44	-70.354788	-27.374510	Proline
5C31:ChainB:ILE45	-73.148005	-37.519251	General
5C31:ChainB:LEU46	-64.233742	-31.067343	General
5C31:ChainB:GLN47	-83.492191	-31.215481	General
5C31:ChainB:LYS48	-73.505651	-25.006371	General
5C31:ChainB:ALA49	-75.327132	-38.370661	General
5C31:ChainB:LEU50	-69.957528	-31.834619	General
5C31:ChainB:ASN51	-74.019435	-31.026775	General
5C31:ChainB:PHE52	-68.553831	-38.160445	General
5C31:ChainB:VAL53	-71.121928	137.686295	General
5C31:ChainB:ASP57	-67.672102	172.762172	General
5C31:ChainB:ARG58	-125.447287	124.264157	General
5C31:ChainB:PHE59	-105.210704	100.661290	General
5C31:ChainB:ILE60	-106.451290	141.588059	General
5C31:ChainB:VAL61	-135.673932	164.873369	General
5C31:ChainB:GLU62	-75.625389	-51.966069	General
5C31:ChainB:SER63	-140.667699	160.364083	General
5C31:ChainB:ILE64	-62.158797	-37.991588	General
5C31:ChainB:ASP65	-60.930951	-20.677366	General
5C31:ChainB:ARG66	-68.943768	-31.754727	General
5C31:ChainB:LEU67	-70.639627	-30.826682	General
5C31:ChainB:GLY68	158.777370	157.373013	Glycine
5C31:ChainB:ARG69	-109.496522	42.972910	General
5C31:ChainB:ASN70	-137.307349	116.945876	General
5C31:ChainB:TYR71	-56.185172	-55.940879	General
5C31:ChainB:ASN72	-59.029208	-34.368238	General
5C31:ChainB:GLU73	-83.520663	-30.345605	General
5C31:ChainB:VAL74	-71.616547	-40.861337	General
5C31:ChainB:ILE75	-63.268629	-39.522293	General
5C31:ChainB:HIS76	-60.636310	-39.151999	General
5C31:ChainB:THR77	-71.421794	-37.706839	General
5C31:ChainB:VAL78	-64.886963	-38.408759	General
5C31:ChainB:ASN79	-76.145928	-29.745516	General
5C31:ChainB:TYR80	-60.800105	-44.074953	General
5C31:ChainB:LEU81	-67.856324	-33.824790	General
5C31:ChainB:LYS82	-62.541684	-58.397781	General
5C31:ChainB:ASP83	-64.100938	-17.708455	General
5C31:ChainB:LYS84	-99.684508	12.298620	General
5C31:ChainB:GLU85	59.903070	35.977276	General
5C31:ChainB:VAL86	-117.376426	126.934185	General
5C31:ChainB:GLN87	-77.334195	128.498385	General
5C31:ChainB:THR91	-65.414546	-34.512200	General
5C31:ChainB:SER92	-60.696065	-30.558077	General
5C31:ChainB:LEU93	-115.382322	78.131178	Pre-Pro
5C31:ChainB:GLU98	-68.222798	165.926213	General
5C31:ChainB:VAL99	-104.459028	127.430832	General
5C31:ChainB:ILE100	-101.162303	89.207893	General
5C31:ChainB:GLY101	78.471057	-143.212617	Glycine
5C31:ChainB:ASN102	-66.029353	157.074048	Pre-Pro
5C31:ChainB:PRO103	-58.453630	-31.670935	Proline
5C31:ChainB:LEU104	-65.871240	-55.943028	General
5C31:ChainB:LEU105	-58.986783	-30.900918	General
5C31:ChainB:ASP106	-71.217630	-48.065545	General
5C31:ChainB:LYS107	-63.846294	-22.073125	General
5C31:ChainB:ASP111	-70.785974	-31.502153	General
5C31:ChainB:LEU112	-70.569137	-45.352751	General
5C31:ChainB:VAL113	-61.497094	-40.541646	General
5C31:ChainB:ILE114	-66.120743	-37.152935	General
5C31:ChainB:GLN115	-69.064083	-39.691857	General
5C31:ChainB:ILE116	-63.568018	-46.137492	General
5C31:ChainB:LEU117	-64.374234	-36.389739	General
5C31:ChainB:SER121	-62.075566	-50.409101	General
5C31:ChainB:GLU122	-70.500377	-33.995195	General
5C31:ChainB:GLN123	-62.365599	-30.780750	General
5C31:ChainB:GLU124	-84.552821	-24.865812	General
5C31:ChainB:ARG125	-69.279176	-57.902890	General
5C31:ChainC:ILE3	-98.380891	134.105626	General
5C31:ChainC:GLY4	-115.096384	140.359773	Glycine
5C31:ChainC:TYR5	-120.453479	118.934435	General
5C31:ChainC:ALA6	-116.819197	135.938910	General
5C31:ChainC:ARG7	-137.202374	144.855734	General
5C31:ChainC:VAL8	-149.663360	129.668290	General
5C31:ChainC:SER9	-66.506194	-29.669421	General
5C31:ChainC:SER10	-152.005455	158.147996	General
5C31:ChainC:LEU11	-75.462075	-3.637304	General
5C31:ChainC:ASP12	-63.294902	-30.237932	General
5C31:ChainC:GLN13	-74.587119	165.545375	General
5C31:ChainC:ASN14	-85.716324	94.157277	General
5C31:ChainC:LEU15	-76.070488	-19.732983	General
5C31:ChainC:GLU16	-59.394820	-63.885282	General
5C31:ChainC:ARG17	-51.616216	-44.352164	General
5C31:ChainC:GLN18	-63.567303	-43.672050	General
5C31:ChainC:LEU19	-71.835623	-36.866479	General
5C31:ChainC:GLU20	-71.528987	-38.834517	General
5C31:ChainC:ASN21	-64.893520	-43.547584	General
5C31:ChainC:LEU22	-60.211908	-42.395786	General
5C31:ChainC:LYS23	-72.838518	-31.033902	General
5C31:ChainC:THR24	-63.112700	-33.144430	General
5C31:ChainC:PHE25	-90.325038	23.751483	General
5C31:ChainC:GLY26	72.001095	45.028152	Glycine
5C31:ChainC:ALA27	-81.460319	112.206591	General
5C31:ChainC:GLU28	-69.553615	-70.942353	General
5C31:ChainC:LYS29	-104.899552	125.256529	General
5C31:ChainC:ILE30	-119.478035	126.494123	General
5C31:ChainC:PHE31	-99.179163	106.024012	General
5C31:ChainC:THR32	-86.065969	148.794967	General
5C31:ChainC:GLU33	-153.609925	120.768888	General
5C31:ChainC:LYS34	-94.366458	91.706634	General
5C31:ChainC:GLN35	-159.902839	165.746071	General
5C31:ChainC:SER36	-76.764726	144.869557	General
5C31:ChainC:GLY37	-90.499123	9.981707	Glycine
5C31:ChainC:LYS38	-66.113334	-19.821626	General
5C31:ChainC:SER39	-155.582351	164.178843	General
5C31:ChainC:ILE40	-109.898458	3.359458	General
5C31:ChainC:GLU41	-87.261319	-17.110885	General
5C31:ChainC:ASN42	-112.270747	10.009774	General
5C31:ChainC:ARG43	-113.041013	83.542132	Pre-Pro
5C31:ChainC:PRO44	-67.839877	-23.122220	Proline
5C31:ChainC:ILE45	-66.476338	-42.365893	General
5C31:ChainC:LEU46	-69.206597	-42.253824	General
5C31:ChainC:GLN47	-62.100628	-31.543079	General
5C31:ChainC:LYS48	-76.644609	-30.429882	General
5C31:ChainC:ALA49	-72.916393	-43.875965	General
5C31:ChainC:LEU50	-65.292390	-43.668834	General
5C31:ChainC:ASN51	-67.186726	-21.814760	General
5C31:ChainC:PHE52	-74.489183	-56.384705	General
5C31:ChainC:VAL53	-61.940165	135.691844	General
5C31:ChainC:ASP57	-69.228887	165.357743	General
5C31:ChainC:ARG58	-123.505082	121.181791	General
5C31:ChainC:PHE59	-101.276231	115.893264	General
5C31:ChainC:ILE60	-125.760991	147.222176	General
5C31:ChainC:VAL61	-141.566001	156.980088	General
5C31:ChainC:GLU62	-63.245461	-35.228492	General
5C31:ChainC:SER63	-162.996705	156.250621	General
5C31:ChainC:ILE64	-63.243363	-36.100337	General
5C31:ChainC:ASP65	-61.327838	-20.357557	General
5C31:ChainC:ARG66	-76.098676	-31.561991	General
5C31:ChainC:LEU67	-71.720756	-19.187866	General
5C31:ChainC:GLY68	158.036183	148.832686	Glycine
5C31:ChainC:ARG69	-106.122283	37.133613	General
5C31:ChainC:ASN70	-137.565368	116.125144	General
5C31:ChainC:TYR71	-53.586810	-61.049901	General
5C31:ChainC:ASN72	-56.621005	-42.912924	General
5C31:ChainC:GLU73	-66.805405	-38.144231	General
5C31:ChainC:VAL74	-69.211495	-42.203046	General
5C31:ChainC:ILE75	-66.736055	-39.579454	General
5C31:ChainC:HIS76	-62.270973	-37.291639	General
5C31:ChainC:THR77	-69.485853	-38.408264	General
5C31:ChainC:VAL78	-65.446387	-38.517150	General
5C31:ChainC:ASN79	-78.979635	-22.472742	General
5C31:ChainC:TYR80	-69.577291	-39.093831	General
5C31:ChainC:LEU81	-69.251711	-35.372230	General
5C31:ChainC:LYS82	-66.982326	-49.213062	General
5C31:ChainC:ASP83	-68.810371	-16.877259	General
5C31:ChainC:LYS84	-100.998591	3.572348	General
5C31:ChainC:GLU85	58.951317	46.608380	General
5C31:ChainC:VAL86	-117.009400	112.040745	General
5C31:ChainC:GLN87	-61.651060	126.495023	General
5C31:ChainC:THR91	-62.387283	-39.821235	General
5C31:ChainC:SER92	-66.659696	-57.159028	General
5C31:ChainC:LEU93	-116.991245	86.364248	Pre-Pro
5C31:ChainC:GLU98	-75.714755	132.805929	General
5C31:ChainC:VAL99	-104.615156	-49.330144	General
5C31:ChainC:ILE100	-98.639629	157.782690	General
5C31:ChainC:GLY101	-65.935599	-31.172159	Glycine
5C31:ChainC:ASN102	-89.450500	137.309450	Pre-Pro
5C31:ChainC:PRO103	-72.899757	-32.116784	Proline
5C31:ChainC:LEU104	-74.301061	-37.941565	General
5C31:ChainC:LEU105	-66.700521	-34.909181	General
5C31:ChainC:ASP106	-64.322740	-41.768264	General
5C31:ChainC:LYS107	-61.716905	-42.035495	General
5C31:ChainC:ASP111	-74.812237	-29.982642	General
5C31:ChainC:LEU112	-74.670882	-45.067529	General
5C31:ChainC:VAL113	-57.996437	-42.746231	General
5C31:ChainC:ILE114	-64.878073	-37.826007	General
5C31:ChainC:GLN115	-67.275152	-36.605471	General
5C31:ChainC:ILE116	-65.350387	-45.704648	General
5C31:ChainC:LEU117	-66.630773	-29.007919	General
5C31:ChainC:SER121	-62.245352	-42.179611	General
5C31:ChainC:GLU122	-79.689641	-24.904892	General
5C31:ChainC:GLN123	-69.002665	-17.125542	General
5C31:ChainC:GLU124	-97.649548	-29.106187	General
5C31:ChainD:ILE3	-99.346827	142.455261	General
5C31:ChainD:GLY4	-116.798038	176.399458	Glycine
5C31:ChainD:TYR5	-152.586451	134.439723	General
5C31:ChainD:ALA6	-134.199820	133.070679	General
5C31:ChainD:ARG7	-128.178905	150.107800	General
5C31:ChainD:VAL8	-138.038612	115.830157	General
5C31:ChainD:SER9	-67.975254	-47.150431	General
5C31:ChainD:SER10	-134.830604	130.360940	General
5C31:ChainD:LEU11	-60.567503	-11.485884	General
5C31:ChainD:ASP12	-61.196720	-19.420637	General
5C31:ChainD:GLN13	-83.466528	170.340506	General
5C31:ChainD:ASN14	-81.527184	80.537804	General
5C31:ChainD:LEU15	-65.800048	-32.930138	General
5C31:ChainD:GLU16	-69.469893	-28.525161	General
5C31:ChainD:ARG17	-68.506610	-47.459967	General
5C31:ChainD:GLN18	-62.485658	-36.967527	General
5C31:ChainD:LEU19	-69.639731	-22.130552	General
5C31:ChainD:GLU20	-82.350928	-36.123820	General
5C31:ChainD:ASN21	-60.875308	-29.012567	General
5C31:ChainD:LEU22	-75.883385	-43.388057	General
5C31:ChainD:LYS23	-67.819889	-36.047723	General
5C31:ChainD:THR24	-65.579491	-30.847314	General
5C31:ChainD:PHE25	-85.609394	-11.888007	General
5C31:ChainD:GLY26	109.810475	37.569266	Glycine
5C31:ChainD:ALA27	-87.033286	122.012705	General
5C31:ChainD:GLU28	-82.297035	-57.800848	General
5C31:ChainD:LYS29	-112.001956	133.797529	General
5C31:ChainD:ILE30	-124.453806	124.593036	General
5C31:ChainD:PHE31	-91.035117	141.271633	General
5C31:ChainD:THR32	-124.125813	135.340826	General
5C31:ChainD:GLU33	-142.997055	151.747738	General
5C31:ChainD:LYS34	-128.213531	101.805660	General
5C31:ChainD:GLN35	-149.015659	176.482408	General
5C31:ChainD:SER36	-68.511460	-45.224077	General
5C31:ChainD:GLY37	102.887939	5.622131	Glycine
5C31:ChainD:LYS38	-79.839392	-36.100513	General
5C31:ChainD:SER39	-143.493767	136.981590	General
5C31:ChainD:ILE40	-82.171688	-14.857024	General
5C31:ChainD:GLU41	-72.398786	-28.845689	General
5C31:ChainD:ASN42	-93.544745	12.051992	General
5C31:ChainD:ARG43	-117.903793	91.625336	Pre-Pro
5C31:ChainD:PRO44	-70.265919	-33.322340	Proline
5C31:ChainD:ILE45	-62.279325	-41.062991	General
5C31:ChainD:LEU46	-65.037167	-36.944327	General
5C31:ChainD:GLN47	-65.127583	-36.844267	General
5C31:ChainD:LYS48	-64.528410	-30.302871	General
5C31:ChainD:ALA49	-71.590474	-51.165201	General
5C31:ChainD:LEU50	-60.556968	-31.443561	General
5C31:ChainD:ASN51	-80.104488	-32.206753	General
5C31:ChainD:PHE52	-69.714840	-43.365039	General
5C31:ChainD:VAL53	-62.324729	136.746479	General
5C31:ChainD:ASP57	-68.789371	169.426980	General
5C31:ChainD:ARG58	-127.238981	119.359453	General
5C31:ChainD:PHE59	-98.862640	122.590083	General
5C31:ChainD:ILE60	-125.793913	152.950092	General
5C31:ChainD:VAL61	-147.890401	159.346919	General
5C31:ChainD:GLU62	-64.693041	-43.555273	General
5C31:ChainD:SER63	-155.804467	167.123847	General
5C31:ChainD:ILE64	-68.162838	-35.304742	General
5C31:ChainD:ASP65	-60.027774	-28.214144	General
5C31:ChainD:ARG66	-65.619657	-34.397187	General
5C31:ChainD:LEU67	-68.567780	-35.580689	General
5C31:ChainD:GLY68	168.212409	162.128783	Glycine
5C31:ChainD:ARG69	-120.424551	32.723990	General
5C31:ChainD:ASN70	-128.477942	116.959896	General
5C31:ChainD:TYR71	-51.591517	-51.327373	General
5C31:ChainD:ASN72	-63.383632	-43.853036	General
5C31:ChainD:GLU73	-69.768828	-30.585042	General
5C31:ChainD:VAL74	-75.510666	-39.597304	General
5C31:ChainD:ILE75	-66.168378	-39.506105	General
5C31:ChainD:HIS76	-62.674598	-38.705141	General
5C31:ChainD:THR77	-67.564655	-39.271007	General
5C31:ChainD:VAL78	-67.670131	-42.737260	General
5C31:ChainD:ASN79	-61.312661	-34.982293	General
5C31:ChainD:TYR80	-60.249482	-33.842704	General
5C31:ChainD:LEU81	-80.779490	-25.180690	General
5C31:ChainD:LYS82	-70.251273	-55.267115	General
5C31:ChainD:ASP83	-58.775412	-31.813836	General
5C31:ChainD:LYS84	-86.279191	-1.141142	General
5C31:ChainD:GLU85	58.907256	53.905226	General
5C31:ChainD:VAL86	-119.822544	124.116252	General
5C31:ChainD:GLN87	-76.861958	124.161911	General
5C31:ChainD:THR91	-64.098159	-34.916037	General
5C31:ChainD:SER92	-62.738743	-49.016640	General
5C31:ChainD:LEU93	-112.058932	81.067810	Pre-Pro
5C31:ChainD:GLU98	61.202629	66.932832	General
5C31:ChainD:VAL99	-65.071854	-25.036085	General
5C31:ChainD:ILE100	-135.032330	158.063107	General
5C31:ChainD:GLY101	-63.951611	-36.057175	Glycine
5C31:ChainD:ASN102	-75.530164	122.507209	Pre-Pro
5C31:ChainD:PRO103	-55.719172	-45.634119	Proline
5C31:ChainD:LEU104	-69.147790	-46.072468	General
5C31:ChainD:LEU105	-64.908680	-26.602697	General
5C31:ChainD:ASP106	-68.832313	-44.585552	General
5C31:ChainD:LYS107	-63.278943	-36.435045	General
5C31:ChainD:ASP111	-70.043374	-34.145034	General
5C31:ChainD:LEU112	-69.650947	-40.107332	General
5C31:ChainD:VAL113	-59.545377	-44.841881	General
5C31:ChainD:ILE114	-68.990275	-32.863440	General
5C31:ChainD:GLN115	-69.687471	-42.399317	General
5C31:ChainD:ILE116	-66.276418	-41.078046	General
5C31:ChainD:LEU117	-68.668557	-38.150681	General
5C31:ChainD:SER121	-59.754869	-50.187590	General
5C31:ChainD:GLU122	-72.741867	-28.151583	General
5C31:ChainD:GLN123	-66.833088	-31.134861	General
5C31:ChainD:GLU124	-91.241405	-23.811595	General
5C31:ChainE:ILE3	-100.035526	150.791689	General
5C31:ChainE:GLY4	-127.329310	144.949043	Glycine
5C31:ChainE:TYR5	-123.393237	137.755790	General
5C31:ChainE:ALA6	-135.581382	161.891023	General
5C31:ChainE:ARG7	-167.647779	145.489962	General
5C31:ChainE:VAL8	-144.634262	127.078966	General
5C31:ChainE:SER9	-59.552731	-42.810496	General
5C31:ChainE:SER10	-130.298024	-172.430272	General
5C31:ChainE:LEU11	-95.078443	24.412179	General
5C31:ChainE:ASP12	-86.879787	-59.297365	General
5C31:ChainE:GLN13	-62.679320	130.263830	General
5C31:ChainE:ASN14	-64.902855	109.953393	General
5C31:ChainE:LEU15	-68.343413	-20.600781	General
5C31:ChainE:GLU16	-61.173846	-43.280960	General
5C31:ChainE:ARG17	-61.569582	-48.480906	General
5C31:ChainE:GLN18	-63.789259	-46.413115	General
5C31:ChainE:LEU19	-67.168728	-32.213792	General
5C31:ChainE:GLU20	-69.099448	-48.104694	General
5C31:ChainE:ASN21	-66.675357	-38.409848	General
5C31:ChainE:LEU22	-58.821411	-44.191637	General
5C31:ChainE:LYS23	-68.203171	-27.397524	General
5C31:ChainE:THR24	-64.104866	-28.841782	General
5C31:ChainE:PHE25	-97.096385	-7.167273	General
5C31:ChainE:GLY26	113.701943	50.853313	Glycine
5C31:ChainE:ALA27	-88.015035	105.586624	General
5C31:ChainE:GLU28	-78.337512	-47.170605	General
5C31:ChainE:LYS29	-124.954485	118.385050	General
5C31:ChainE:ILE30	-104.895488	141.372620	General
5C31:ChainE:PHE31	-113.860547	118.025214	General
5C31:ChainE:THR32	-100.039322	140.622075	General
5C31:ChainE:GLU33	-142.900457	155.333404	General
5C31:ChainE:LYS34	-121.925870	43.172874	General
5C31:ChainE:GLN35	-112.520890	169.877746	General
5C31:ChainE:SER36	-83.630474	-8.679864	General
5C31:ChainE:GLY37	68.614362	22.868613	Glycine
5C31:ChainE:LYS38	-85.146782	-24.867524	General
5C31:ChainE:SER39	-146.477189	164.956100	General
5C31:ChainE:ILE40	-91.503894	-22.936277	General
5C31:ChainE:GLU41	-65.153628	-37.911912	General
5C31:ChainE:ASN42	-79.308510	-2.985324	General
5C31:ChainE:ARG43	-127.519318	72.628137	Pre-Pro
5C31:ChainE:PRO44	-69.862602	-22.061777	Proline
5C31:ChainE:ILE45	-61.936138	-30.106909	General
5C31:ChainE:LEU46	-70.999092	-49.765976	General
5C31:ChainE:GLN47	-62.985116	-27.668026	General
5C31:ChainE:LYS48	-69.285329	-22.925215	General
5C31:ChainE:ALA49	-88.555763	-24.096839	General
5C31:ChainE:LEU50	-77.929326	-47.040289	General
5C31:ChainE:ASN51	-72.219063	-21.349471	General
5C31:ChainE:PHE52	-67.944268	-38.821021	General
5C31:ChainE:VAL53	-71.061944	167.239426	General
5C31:ChainE:ASP57	-127.734418	173.897226	General
5C31:ChainE:ARG58	-121.222668	138.847409	General
5C31:ChainE:PHE59	-121.043951	139.725599	General
5C31:ChainE:ILE60	-141.983303	150.076339	General
5C31:ChainE:VAL61	-144.696147	158.122625	General
5C31:ChainE:GLU62	-54.900678	-50.427084	General
5C31:ChainE:SER63	-156.685327	163.058436	General
5C31:ChainE:ILE64	-61.763208	-23.633105	General
5C31:ChainE:ASP65	-65.873188	-47.682068	General
5C31:ChainE:ARG66	-69.964761	-20.997810	General
5C31:ChainE:LEU67	-68.400245	-32.153426	General
5C31:ChainE:GLY68	159.082509	148.971119	Glycine
5C31:ChainE:ARG69	-104.198778	52.606609	General
5C31:ChainE:ASN70	-144.357016	113.082810	General
5C31:ChainE:TYR71	-55.676014	-54.791226	General
5C31:ChainE:ASN72	-58.674482	-40.428997	General
5C31:ChainE:GLU73	-70.947344	-40.903029	General
5C31:ChainE:VAL74	-64.791119	-41.390666	General
5C31:ChainE:ILE75	-66.760710	-40.335243	General
5C31:ChainE:HIS76	-64.104438	-31.425073	General
5C31:ChainE:THR77	-72.528948	-32.834627	General
5C31:ChainE:VAL78	-68.958595	-48.472689	General
5C31:ChainE:ASN79	-66.404465	-29.401983	General
5C31:ChainE:TYR80	-62.841077	-32.323455	General
5C31:ChainE:LEU81	-87.219388	-24.793074	General
5C31:ChainE:LYS82	-70.943245	-37.653033	General
5C31:ChainE:ASP83	-71.069901	-44.528158	General
5C31:ChainE:LYS84	-71.531227	-10.985864	General
5C31:ChainE:GLU85	64.471237	30.576040	General
5C31:ChainE:VAL86	-90.355768	118.973830	General
5C31:ChainE:GLN87	-68.520142	143.415324	General
5C31:ChainE:THR91	-69.684810	-35.631289	General
5C31:ChainE:SER92	-70.084741	-59.944415	General
5C31:ChainE:LEU93	-130.180686	93.117118	Pre-Pro
5C31:ChainE:GLU98	-89.397655	148.693612	General
5C31:ChainE:VAL99	-120.453016	-44.449913	General
5C31:ChainE:ILE100	-105.123494	146.335050	General
5C31:ChainE:GLY101	-63.317512	-35.112942	Glycine
5C31:ChainE:ASN102	-83.854453	127.681432	Pre-Pro
5C31:ChainE:PRO103	-63.010490	-36.103520	Proline
5C31:ChainE:LEU104	-61.861694	-45.584929	General
5C31:ChainE:LEU105	-66.581653	-28.131748	General
5C31:ChainE:ASP106	-67.450903	-45.688096	General
5C31:ChainE:LYS107	-64.133278	-49.499090	General
5C31:ChainE:ASP111	-67.993514	-42.191554	General
5C31:ChainE:LEU112	-66.456159	-41.944794	General
5C31:ChainE:VAL113	-60.932009	-42.841883	General
5C31:ChainE:ILE114	-66.056356	-38.773888	General
5C31:ChainE:GLN115	-64.070688	-35.101461	General
5C31:ChainE:ILE116	-68.587548	-46.552691	General
5C31:ChainE:LEU117	-63.799571	-30.145002	General
5C31:ChainE:SER121	-64.137527	-35.442212	General
5C31:ChainE:GLU122	-83.294921	-29.842226	General
5C31:ChainE:GLN123	-65.849392	-25.675341	General
5C31:ChainE:GLU124	-75.198222	-23.645887	General
5C31:ChainF:ILE3	-108.064687	137.413229	General
5C31:ChainF:GLY4	-118.942420	145.764129	Glycine
5C31:ChainF:TYR5	-127.462513	140.085650	General
5C31:ChainF:ALA6	-131.874767	152.967360	General
5C31:ChainF:ARG7	-158.292705	141.869794	General
5C31:ChainF:VAL8	-133.785025	127.888913	General
5C31:ChainF:SER9	-60.739368	-33.715304	General
5C31:ChainF:SER10	-155.536180	-170.015416	General
5C31:ChainF:LEU11	-83.528288	3.744027	General
5C31:ChainF:ASP12	-68.857041	-40.966933	General
5C31:ChainF:GLN13	-88.672556	129.340975	General
5C31:ChainF:ASN14	-63.342626	110.294041	General
5C31:ChainF:LEU15	-79.359143	-22.098314	General
5C31:ChainF:GLU16	-74.258475	-34.647055	General
5C31:ChainF:ARG17	-69.398942	-33.857523	General
5C31:ChainF:GLN18	-65.112894	-33.396842	General
5C31:ChainF:LEU19	-73.727925	-30.044343	General
5C31:ChainF:GLU20	-64.606613	-44.938810	General
5C31:ChainF:ASN21	-66.737231	-30.777660	General
5C31:ChainF:LEU22	-74.540289	-45.228245	General
5C31:ChainF:LYS23	-67.323205	-23.855034	General
5C31:ChainF:THR24	-84.927544	-35.163487	General
5C31:ChainF:PHE25	-66.377391	-19.348103	General
5C31:ChainF:GLY26	118.656961	23.547636	Glycine
5C31:ChainF:ALA27	-80.343087	132.344145	General
5C31:ChainF:GLU28	-100.300277	-39.828332	General
5C31:ChainF:LYS29	-121.063133	122.617676	General
5C31:ChainF:ILE30	-116.416615	134.644017	General
5C31:ChainF:PHE31	-105.745169	123.880849	General
5C31:ChainF:THR32	-110.154200	148.371610	General
5C31:ChainF:GLU33	-153.431583	157.083975	General
5C31:ChainF:LYS34	-140.637813	91.467395	General
5C31:ChainF:GLN35	-158.780439	176.563265	General
5C31:ChainF:SER36	-60.209773	126.331862	General
5C31:ChainF:GLY37	-98.113656	25.456886	Glycine
5C31:ChainF:LYS38	-99.117152	-23.329676	General
5C31:ChainF:SER39	-128.016597	158.162704	General
5C31:ChainF:ILE40	-103.176456	-21.620967	General
5C31:ChainF:GLU41	-71.632596	-31.015186	General
5C31:ChainF:ASN42	-91.104736	11.415818	General
5C31:ChainF:ARG43	-121.563904	81.696451	Pre-Pro
5C31:ChainF:PRO44	-68.621579	-36.083182	Proline
5C31:ChainF:ILE45	-58.901622	-35.293245	General
5C31:ChainF:LEU46	-72.689168	-30.125980	General
5C31:ChainF:GLN47	-70.863638	-40.870566	General
5C31:ChainF:LYS48	-62.455668	-34.465473	General
5C31:ChainF:ALA49	-67.133955	-34.155092	General
5C31:ChainF:LEU50	-73.541886	-42.646013	General
5C31:ChainF:ASN51	-67.601589	-28.547529	General
5C31:ChainF:PHE52	-72.216654	-55.465164	General
5C31:ChainF:VAL53	-59.859932	135.300779	General
5C31:ChainF:ASP57	-68.932765	177.196875	General
5C31:ChainF:ARG58	-124.284664	133.756595	General
5C31:ChainF:PHE59	-116.588026	117.130870	General
5C31:ChainF:ILE60	-123.849128	147.595746	General
5C31:ChainF:VAL61	-146.118968	161.595123	General
5C31:ChainF:GLU62	-66.894376	-28.505377	General
5C31:ChainF:SER63	-170.790051	164.399790	General
5C31:ChainF:ILE64	-62.427814	-33.395875	General
5C31:ChainF:ASP65	-62.510699	-31.813842	General
5C31:ChainF:ARG66	-68.170992	-22.838855	General
5C31:ChainF:LEU67	-88.466387	-7.539455	General
5C31:ChainF:GLY68	154.464562	146.548035	Glycine
5C31:ChainF:ARG69	-103.556617	24.472302	General
5C31:ChainF:ASN70	-134.181467	127.341840	General
5C31:ChainF:TYR71	-60.440590	-49.340081	General
5C31:ChainF:ASN72	-64.572772	-22.530576	General
5C31:ChainF:GLU73	-86.063472	-46.442445	General
5C31:ChainF:VAL74	-62.724810	-49.136365	General
5C31:ChainF:ILE75	-57.104350	-33.461490	General
5C31:ChainF:HIS76	-68.905841	-42.939456	General
5C31:ChainF:THR77	-72.528374	-35.576820	General
5C31:ChainF:VAL78	-65.241140	-41.341151	General
5C31:ChainF:ASN79	-68.228096	-30.730619	General
5C31:ChainF:TYR80	-62.740627	-38.219274	General
5C31:ChainF:LEU81	-73.969236	-36.951778	General
5C31:ChainF:LYS82	-67.598833	-26.010263	General
5C31:ChainF:ASP83	-81.340214	-33.824672	General
5C31:ChainF:LYS84	-83.802900	2.813202	General
5C31:ChainF:GLU85	62.052679	35.433261	General
5C31:ChainF:VAL86	-100.213544	121.485842	General
5C31:ChainF:GLN87	-73.676346	118.228790	General
5C31:ChainF:THR91	-65.051714	-24.864344	General
5C31:ChainF:SER92	-72.414217	-46.371253	General
5C31:ChainF:LEU93	-116.234206	76.728371	Pre-Pro
5C31:ChainF:GLU98	-93.185715	114.187013	General
5C31:ChainF:VAL99	-85.955181	-31.302613	General
5C31:ChainF:ILE100	-131.791001	-3.697718	General
5C31:ChainF:GLY101	90.218313	-35.015797	Glycine
5C31:ChainF:ASN102	-78.130268	120.538020	Pre-Pro
5C31:ChainF:PRO103	-48.258978	-46.158804	Proline
5C31:ChainF:LEU104	-66.954168	-51.107826	General
5C31:ChainF:LEU105	-69.614466	-27.328944	General
5C31:ChainF:ASP106	-62.694098	-32.598792	General
5C31:ChainF:LYS107	-75.417882	-39.902373	General
5C31:ChainF:ASP111	-69.550272	-36.851500	General
5C31:ChainF:LEU112	-65.737673	-42.684773	General
5C31:ChainF:VAL113	-58.768019	-43.942959	General
5C31:ChainF:ILE114	-62.576837	-43.729730	General
5C31:ChainF:GLN115	-63.883275	-45.216861	General
5C31:ChainF:ILE116	-67.003643	-39.116895	General
5C31:ChainF:LEU117	-69.074724	-36.085969	General
5C31:ChainF:SER121	-59.522688	-33.693204	General
5C31:ChainF:GLU122	-80.683309	-22.701441	General
5C31:ChainF:GLN123	-89.327183	-11.704932	General
5C31:ChainF:GLU124	-69.746003	-12.498262	General
5C31:ChainG:ILE3	-107.880981	141.959671	General
5C31:ChainG:GLY4	-118.974630	164.647255	Glycine
5C31:ChainG:TYR5	-148.498556	124.136848	General
5C31:ChainG:ALA6	-123.359004	138.752636	General
5C31:ChainG:ARG7	-135.591476	147.815937	General
5C31:ChainG:VAL8	-145.245466	137.621679	General
5C31:ChainG:SER9	-68.528679	-38.877361	General
5C31:ChainG:SER10	-144.059934	157.313301	General
5C31:ChainG:LEU11	-60.836248	-20.560416	General
5C31:ChainG:ASP12	-69.780886	-18.509028	General
5C31:ChainG:GLN13	-83.047037	160.112032	General
5C31:ChainG:ASN14	-68.664856	118.940717	General
5C31:ChainG:LEU15	-112.341953	-40.243032	General
5C31:ChainG:GLU16	-67.810557	-35.505393	General
5C31:ChainG:ARG17	-66.675459	-43.544049	General
5C31:ChainG:GLN18	-64.311482	-32.902814	General
5C31:ChainG:LEU19	-72.112849	-40.381483	General
5C31:ChainG:GLU20	-68.998019	-29.220090	General
5C31:ChainG:ASN21	-63.452841	-40.971716	General
5C31:ChainG:LEU22	-69.929216	-46.351347	General
5C31:ChainG:LYS23	-64.985266	-16.562584	General
5C31:ChainG:THR24	-72.667538	-38.327479	General
5C31:ChainG:PHE25	-95.882412	23.470732	General
5C31:ChainG:GLY26	79.266875	35.533762	Glycine
5C31:ChainG:ALA27	-75.415930	110.119288	General
5C31:ChainG:GLU28	-74.369833	-69.250957	General
5C31:ChainG:LYS29	-96.519550	126.810076	General
5C31:ChainG:ILE30	-119.222848	125.609654	General
5C31:ChainG:PHE31	-99.946969	121.808648	General
5C31:ChainG:THR32	-107.130703	138.562626	General
5C31:ChainG:GLU33	-139.295538	143.618656	General
5C31:ChainG:LYS34	-122.450590	78.085471	General
5C31:ChainG:GLN35	-158.402212	161.568877	General
5C31:ChainG:SER36	-62.110473	151.658080	General
5C31:ChainG:GLY37	-98.661374	9.884881	Glycine
5C31:ChainG:LYS38	-70.361206	-22.259888	General
5C31:ChainG:SER39	-140.325754	160.948773	General
5C31:ChainG:ILE40	-113.119065	-10.550884	General
5C31:ChainG:GLU41	-79.613220	-29.911699	General
5C31:ChainG:ASN42	-89.619514	-3.388392	General
5C31:ChainG:ARG43	-109.010033	93.560971	Pre-Pro
5C31:ChainG:PRO44	-76.014657	-27.921407	Proline
5C31:ChainG:ILE45	-63.307899	-34.655003	General
5C31:ChainG:LEU46	-69.712469	-41.215991	General
5C31:ChainG:GLN47	-61.927128	-28.976288	General
5C31:ChainG:LYS48	-73.253602	-36.681996	General
5C31:ChainG:ALA49	-70.787186	-36.795618	General
5C31:ChainG:LEU50	-68.987299	-35.430993	General
5C31:ChainG:ASN51	-80.991478	-32.013824	General
5C31:ChainG:PHE52	-63.494163	-40.982816	General
5C31:ChainG:VAL53	-63.473537	136.475807	General
5C31:ChainG:ASP57	-79.244706	170.376618	General
5C31:ChainG:ARG58	-119.113607	127.632334	General
5C31:ChainG:PHE59	-110.773511	111.321748	General
5C31:ChainG:ILE60	-115.632333	153.718628	General
5C31:ChainG:VAL61	-152.283888	150.692066	General
5C31:ChainG:GLU62	-63.666416	-47.250875	General
5C31:ChainG:SER63	-145.687375	156.720687	General
5C31:ChainG:ILE64	-63.035858	-35.966004	General
5C31:ChainG:ASP65	-61.772046	-28.280651	General
5C31:ChainG:ARG66	-70.012183	-20.848620	General
5C31:ChainG:LEU67	-84.715024	-20.666239	General
5C31:ChainG:GLY68	151.356053	155.051456	Glycine
5C31:ChainG:ARG69	-117.001127	35.394108	General
5C31:ChainG:ASN70	-124.042484	122.305685	General
5C31:ChainG:TYR71	-54.540585	-45.691056	General
5C31:ChainG:ASN72	-64.962289	-50.173643	General
5C31:ChainG:GLU73	-66.191146	-39.214664	General
5C31:ChainG:VAL74	-63.981816	-47.423913	General
5C31:ChainG:ILE75	-63.014733	-39.077054	General
5C31:ChainG:HIS76	-61.398668	-40.180522	General
5C31:ChainG:THR77	-67.299910	-33.452375	General
5C31:ChainG:VAL78	-68.423891	-45.017689	General
5C31:ChainG:ASN79	-70.115536	-25.974081	General
5C31:ChainG:TYR80	-66.097123	-35.137584	General
5C31:ChainG:LEU81	-78.489477	-26.638027	General
5C31:ChainG:LYS82	-64.482443	-50.320194	General
5C31:ChainG:ASP83	-66.988827	-29.955456	General
5C31:ChainG:LYS84	-82.303345	-9.524630	General
5C31:ChainG:GLU85	62.203463	34.615136	General
5C31:ChainG:VAL86	-95.950749	133.107349	General
5C31:ChainG:GLN87	-76.649271	110.947952	General
5C31:ChainG:THR91	-61.622516	-35.607762	General
5C31:ChainG:SER92	-63.005240	-44.609367	General
5C31:ChainG:LEU93	-103.135694	146.438824	Pre-Pro
5C31:ChainG:ASN102	-95.317283	128.952285	Pre-Pro
5C31:ChainG:PRO103	-68.100162	-48.108044	Proline
5C31:ChainG:LEU104	-59.236256	-39.433672	General
5C31:ChainG:LEU105	-68.078782	-27.004543	General
5C31:ChainG:ASP106	-68.217273	-45.239998	General
5C31:ChainG:LYS107	-59.544155	-36.053798	General
5C31:ChainG:ASP111	-78.761314	-36.505860	General
5C31:ChainG:LEU112	-61.398141	-43.065123	General
5C31:ChainG:VAL113	-62.331012	-50.311377	General
5C31:ChainG:ILE114	-63.260162	-33.427681	General
5C31:ChainG:GLN115	-68.896284	-42.683457	General
5C31:ChainG:ILE116	-61.557792	-46.258897	General
5C31:ChainG:LEU117	-65.466870	-39.794108	General
5C31:ChainG:SER121	-59.707180	-39.809196	General
5C31:ChainG:GLU122	-79.042446	-29.545590	General
5C31:ChainG:GLN123	-67.579215	-43.812582	General
5C31:ChainG:GLU124	-69.860969	-13.890746	General
5C31:ChainG:ARG125	-59.223170	-46.541800	General
5C31:ChainH:ILE3	-86.926033	161.279873	General
5C31:ChainH:GLY4	-138.473259	152.213150	Glycine
5C31:ChainH:TYR5	-135.580425	123.443285	General
5C31:ChainH:ALA6	-125.727125	139.678216	General
5C31:ChainH:ARG7	-137.046939	150.673152	General
5C31:ChainH:VAL8	-146.504208	136.049594	General
5C31:ChainH:SER9	-71.626767	-59.145682	General
5C31:ChainH:SER10	-114.234821	164.555155	General
5C31:ChainH:LEU11	-72.039670	-18.048580	General
5C31:ChainH:ASP12	-70.338436	-28.099670	General
5C31:ChainH:GLN13	-65.146630	147.399121	General
5C31:ChainH:ASN14	-76.899018	101.110779	General
5C31:ChainH:LEU15	-83.811868	-27.907087	General
5C31:ChainH:GLU16	-59.367571	-47.279486	General
5C31:ChainH:ARG17	-58.036580	-43.532555	General
5C31:ChainH:GLN18	-64.692970	-42.020101	General
5C31:ChainH:LEU19	-68.502610	-45.753477	General
5C31:ChainH:GLU20	-65.038112	-26.057188	General
5C31:ChainH:ASN21	-74.592236	-39.308542	General
5C31:ChainH:LEU22	-67.897789	-38.927579	General
5C31:ChainH:LYS23	-69.552205	-35.681601	General
5C31:ChainH:THR24	-63.441743	-27.007196	General
5C31:ChainH:PHE25	-100.918038	18.070669	General
5C31:ChainH:GLY26	83.744732	46.741676	Glycine
5C31:ChainH:ALA27	-91.644613	125.875916	General
5C31:ChainH:GLU28	-91.089483	-56.557827	General
5C31:ChainH:LYS29	-111.534796	130.175800	General
5C31:ChainH:ILE30	-118.324434	125.526146	General
5C31:ChainH:PHE31	-95.835280	100.569156	General
5C31:ChainH:THR32	-90.778075	136.065221	General
5C31:ChainH:GLU33	-137.576109	140.920694	General
5C31:ChainH:LYS34	-115.884414	88.896619	General
5C31:ChainH:GLN35	-164.600040	159.428907	General
5C31:ChainH:SER36	-61.706102	164.259703	General
5C31:ChainH:GLY37	-109.238502	4.758764	Glycine
5C31:ChainH:LYS38	-70.837091	-28.625596	General
5C31:ChainH:SER39	-140.098196	148.221875	General
5C31:ChainH:ILE40	-96.399377	-4.483879	General
5C31:ChainH:GLU41	-66.673313	-45.691643	General
5C31:ChainH:ASN42	-93.140774	13.958175	General
5C31:ChainH:ARG43	-114.468823	80.386779	Pre-Pro
5C31:ChainH:PRO44	-68.014025	-23.640643	Proline
5C31:ChainH:ILE45	-71.258885	-38.889913	General
5C31:ChainH:LEU46	-63.553837	-37.402750	General
5C31:ChainH:GLN47	-63.674544	-39.175676	General
5C31:ChainH:LYS48	-64.639107	-32.735606	General
5C31:ChainH:ALA49	-77.261653	-33.724844	General
5C31:ChainH:LEU50	-77.134455	-29.924358	General
5C31:ChainH:ASN51	-79.217735	-30.145629	General
5C31:ChainH:PHE52	-71.186860	-35.755538	General
5C31:ChainH:VAL53	-68.213791	148.871415	General
5C31:ChainH:ASP57	-67.604191	175.349834	General
5C31:ChainH:ARG58	-129.619161	134.412021	General
5C31:ChainH:PHE59	-105.883888	111.216850	General
5C31:ChainH:ILE60	-108.064244	127.625975	General
5C31:ChainH:VAL61	-135.593713	150.142046	General
5C31:ChainH:GLU62	-66.006104	-49.644271	General
5C31:ChainH:SER63	-152.131831	161.036171	General
5C31:ChainH:ILE64	-59.948748	-32.065073	General
5C31:ChainH:ASP65	-65.055605	-13.637951	General
5C31:ChainH:ARG66	-82.167035	-36.720722	General
5C31:ChainH:LEU67	-72.459853	-26.951719	General
5C31:ChainH:GLY68	158.678358	149.120226	Glycine
5C31:ChainH:ARG69	-107.647052	41.309753	General
5C31:ChainH:ASN70	-134.996792	109.705096	General
5C31:ChainH:TYR71	-53.717922	-50.709984	General
5C31:ChainH:ASN72	-58.541477	-47.406963	General
5C31:ChainH:GLU73	-70.878333	-41.893285	General
5C31:ChainH:VAL74	-64.164563	-40.635231	General
5C31:ChainH:ILE75	-68.701897	-37.866984	General
5C31:ChainH:HIS76	-64.717023	-35.496119	General
5C31:ChainH:THR77	-70.020688	-37.568354	General
5C31:ChainH:VAL78	-65.702956	-35.875289	General
5C31:ChainH:ASN79	-75.420349	-30.498828	General
5C31:ChainH:TYR80	-59.504173	-41.663253	General
5C31:ChainH:LEU81	-76.006729	-25.749507	General
5C31:ChainH:LYS82	-73.895959	-52.197274	General
5C31:ChainH:ASP83	-66.018765	-19.622792	General
5C31:ChainH:LYS84	-93.660237	-1.321516	General
5C31:ChainH:GLU85	61.057545	44.215707	General
5C31:ChainH:VAL86	-120.186171	113.330918	General
5C31:ChainH:GLN87	-67.352768	137.060113	General
5C31:ChainH:THR91	-64.674062	-22.530948	General
5C31:ChainH:SER92	-65.920069	-26.422198	General
5C31:ChainH:LEU93	-119.862076	73.042138	Pre-Pro
5C31:ChainH:GLU98	-74.208935	167.422747	General
5C31:ChainH:VAL99	-114.439451	120.903402	General
5C31:ChainH:ILE100	-95.656741	112.365025	General
5C31:ChainH:GLY101	70.909234	-149.634722	Glycine
5C31:ChainH:ASN102	-70.450602	159.031545	Pre-Pro
5C31:ChainH:PRO103	-55.591058	-26.368339	Proline
5C31:ChainH:LEU104	-73.398963	-50.914527	General
5C31:ChainH:LEU105	-62.358734	-22.946701	General
5C31:ChainH:ASP106	-73.241661	-52.456322	General
5C31:ChainH:LYS107	-59.147679	-42.877304	General
5C31:ChainH:ASP111	-62.822020	-38.463448	General
5C31:ChainH:LEU112	-64.900589	-45.989583	General
5C31:ChainH:VAL113	-61.638645	-43.500112	General
5C31:ChainH:ILE114	-64.674882	-32.433315	General
5C31:ChainH:GLN115	-75.910508	-36.875122	General
5C31:ChainH:ILE116	-63.047244	-44.053239	General
5C31:ChainH:LEU117	-68.053056	-37.729700	General
5C31:ChainH:SER121	-62.059901	-45.868331	General
5C31:ChainH:GLU122	-70.387222	-33.098663	General
5C31:ChainH:GLN123	-66.311514	-25.651165	General
5C31:ChainH:GLU124	-88.837635	-1.574626	General
5C31:ChainI:ILE3	-106.126145	145.991807	General
5C31:ChainI:GLY4	-124.875028	152.261259	Glycine
5C31:ChainI:TYR5	-128.749451	117.874799	General
5C31:ChainI:ALA6	-114.871732	146.949246	General
5C31:ChainI:ARG7	-152.080629	145.456249	General
5C31:ChainI:VAL8	-146.598973	145.673148	General
5C31:ChainI:SER9	-68.139430	-34.239329	General
5C31:ChainI:SER10	-158.393060	-175.502596	General
5C31:ChainI:LEU11	-77.972655	-7.869772	General
5C31:ChainI:ASP12	-72.028178	-24.037535	General
5C31:ChainI:GLN13	-87.701800	144.206147	General
5C31:ChainI:ASN14	-69.032817	108.356313	General
5C31:ChainI:LEU15	-96.661550	-31.183679	General
5C31:ChainI:GLU16	-62.337084	-36.359677	General
5C31:ChainI:ARG17	-66.866466	-32.888243	General
5C31:ChainI:GLN18	-76.737536	-24.464310	General
5C31:ChainI:LEU19	-82.152122	-31.358146	General
5C31:ChainI:GLU20	-71.270050	-39.678443	General
5C31:ChainI:ASN21	-66.621807	-27.413005	General
5C31:ChainI:LEU22	-79.647434	-45.719468	General
5C31:ChainI:LYS23	-65.005992	-34.454219	General
5C31:ChainI:THR24	-74.313587	-6.679815	General
5C31:ChainI:PHE25	-111.454950	12.283365	General
5C31:ChainI:GLY26	96.015284	14.127537	Glycine
5C31:ChainI:ALA27	-68.329005	99.177525	General
5C31:ChainI:GLU28	-64.488184	-50.154657	General
5C31:ChainI:LYS29	-120.986678	139.381680	General
5C31:ChainI:ILE30	-127.866102	128.259300	General
5C31:ChainI:PHE31	-99.451580	107.402455	General
5C31:ChainI:THR32	-94.252222	151.222446	General
5C31:ChainI:GLU33	-155.965080	143.384144	General
5C31:ChainI:LYS34	-117.734642	87.622910	General
5C31:ChainI:GLN35	-146.334278	169.426612	General
5C31:ChainI:SER36	-58.186738	-46.523827	General
5C31:ChainI:GLY37	90.516725	-4.044397	Glycine
5C31:ChainI:LYS38	-73.130003	-9.138564	General
5C31:ChainI:SER39	-157.090401	152.143408	General
5C31:ChainI:ILE40	-95.962100	-0.075715	General
5C31:ChainI:GLU41	-77.407157	-40.693863	General
5C31:ChainI:ASN42	-94.210890	20.133708	General
5C31:ChainI:ARG43	-120.761211	76.536410	Pre-Pro
5C31:ChainI:PRO44	-68.532140	-22.481556	Proline
5C31:ChainI:ILE45	-71.146016	-32.861122	General
5C31:ChainI:LEU46	-69.044993	-32.737631	General
5C31:ChainI:GLN47	-71.199092	-33.087584	General
5C31:ChainI:LYS48	-65.452474	-34.776189	General
5C31:ChainI:ALA49	-70.642239	-44.160412	General
5C31:ChainI:LEU50	-65.720974	-34.285675	General
5C31:ChainI:ASN51	-74.568117	-28.000375	General
5C31:ChainI:PHE52	-74.306004	-46.921567	General
5C31:ChainI:VAL53	-61.055965	130.347727	General
5C31:ChainI:ASP57	-66.397734	163.260893	General
5C31:ChainI:ARG58	-117.776054	128.749578	General
5C31:ChainI:PHE59	-110.681971	113.081268	General
5C31:ChainI:ILE60	-118.006751	150.833655	General
5C31:ChainI:VAL61	-145.805648	161.232292	General
5C31:ChainI:GLU62	-69.372897	-34.136754	General
5C31:ChainI:SER63	-163.778278	161.768569	General
5C31:ChainI:ILE64	-61.032363	-38.227456	General
5C31:ChainI:ASP65	-61.604395	-26.704000	General
5C31:ChainI:ARG66	-68.865513	-25.325051	General
5C31:ChainI:LEU67	-80.582768	-17.220893	General
5C31:ChainI:GLY68	147.913178	149.437798	Glycine
5C31:ChainI:ARG69	-108.487146	45.659759	General
5C31:ChainI:ASN70	-136.062359	114.317701	General
5C31:ChainI:TYR71	-56.108862	-44.913788	General
5C31:ChainI:ASN72	-70.295905	-31.487910	General
5C31:ChainI:GLU73	-88.846498	-22.239414	General
5C31:ChainI:VAL74	-76.939575	-41.878860	General
5C31:ChainI:ILE75	-64.402254	-42.190166	General
5C31:ChainI:HIS76	-59.358884	-37.448650	General
5C31:ChainI:THR77	-69.147051	-43.209176	General
5C31:ChainI:VAL78	-62.915783	-38.756455	General
5C31:ChainI:ASN79	-73.024184	-32.261428	General
5C31:ChainI:TYR80	-62.878055	-39.311364	General
5C31:ChainI:LEU81	-68.967301	-30.067361	General
5C31:ChainI:LYS82	-71.002496	-50.739711	General
5C31:ChainI:ASP83	-65.341531	-17.593034	General
5C31:ChainI:LYS84	-99.536796	2.114941	General
5C31:ChainI:GLU85	60.726412	42.784463	General
5C31:ChainI:VAL86	-116.411920	106.030730	General
5C31:ChainI:GLN87	-67.242859	132.401108	General
5C31:ChainI:THR91	-62.167292	-35.962778	General
5C31:ChainI:SER92	-66.554835	-42.598269	General
5C31:ChainI:LEU93	-131.626151	81.009080	Pre-Pro
5C31:ChainI:GLU98	-58.705934	111.713739	General
5C31:ChainI:VAL99	-81.783054	-55.418600	General
5C31:ChainI:ILE100	-93.282419	-44.063145	General
5C31:ChainI:GLY101	120.803832	-28.434874	Glycine
5C31:ChainI:ASN102	-88.383450	124.289996	Pre-Pro
5C31:ChainI:PRO103	-52.973421	-34.085051	Proline
5C31:ChainI:LEU104	-74.403314	-55.160672	General
5C31:ChainI:LEU105	-60.281727	-31.705248	General
5C31:ChainI:ASP106	-65.658437	-48.113092	General
5C31:ChainI:LYS107	-62.305886	-36.935786	General
5C31:ChainI:ASP111	-69.674393	-33.436763	General
5C31:ChainI:LEU112	-74.301004	-39.080957	General
5C31:ChainI:VAL113	-64.125369	-38.146004	General
5C31:ChainI:ILE114	-67.007210	-37.595468	General
5C31:ChainI:GLN115	-68.273810	-36.664622	General
5C31:ChainI:ILE116	-66.443289	-39.759647	General
5C31:ChainI:LEU117	-71.327962	-30.876000	General
5C31:ChainI:SER121	-74.318876	-31.173583	General
5C31:ChainI:GLU122	-94.597706	-34.971678	General
5C31:ChainI:GLN123	-63.614776	-21.758074	General
5C31:ChainI:GLU124	-83.310741	-15.439026	General
5C31:ChainI:ARG125	-67.150320	-30.537043	General
5C31:ChainJ:ILE3	-83.184757	146.199415	General
5C31:ChainJ:GLY4	-131.659285	152.125315	Glycine
5C31:ChainJ:TYR5	-130.541048	130.299041	General
5C31:ChainJ:ALA6	-124.635685	153.437696	General
5C31:ChainJ:ARG7	-155.697318	144.696902	General
5C31:ChainJ:VAL8	-148.615749	136.591053	General
5C31:ChainJ:SER9	-62.780012	-42.293508	General
5C31:ChainJ:SER10	-130.847122	160.367011	General
5C31:ChainJ:LEU11	-78.993082	-12.735658	General
5C31:ChainJ:ASP12	-67.412073	-24.424791	General
5C31:ChainJ:GLN13	-71.410051	147.429946	General
5C31:ChainJ:ASN14	-66.440013	87.977303	General
5C31:ChainJ:LEU15	-80.164431	-30.381309	General
5C31:ChainJ:GLU16	-63.071199	-42.078667	General
5C31:ChainJ:ARG17	-60.604778	-36.952020	General
5C31:ChainJ:GLN18	-68.571209	-47.870584	General
5C31:ChainJ:LEU19	-65.233456	-28.777122	General
5C31:ChainJ:GLU20	-68.940583	-42.131209	General
5C31:ChainJ:ASN21	-61.997971	-37.474673	General
5C31:ChainJ:LEU22	-71.084329	-49.094678	General
5C31:ChainJ:LYS23	-69.256134	-10.242588	General
5C31:ChainJ:THR24	-78.046650	-34.434096	General
5C31:ChainJ:PHE25	-92.128441	12.056587	General
5C31:ChainJ:GLY26	92.195722	33.842391	Glycine
5C31:ChainJ:ALA27	-79.659107	116.266932	General
5C31:ChainJ:GLU28	-86.387647	-36.796397	General
5C31:ChainJ:LYS29	-124.760237	127.748312	General
5C31:ChainJ:ILE30	-124.931362	121.257254	General
5C31:ChainJ:PHE31	-92.053573	115.239532	General
5C31:ChainJ:THR32	-102.898564	136.879446	General
5C31:ChainJ:GLU33	-143.162436	149.246827	General
5C31:ChainJ:LYS34	-119.396784	86.583867	General
5C31:ChainJ:GLN35	-143.404933	168.145692	General
5C31:ChainJ:SER36	-68.184738	-30.129652	General
5C31:ChainJ:GLY37	75.787299	2.155416	Glycine
5C31:ChainJ:LYS38	-67.837028	-17.714724	General
5C31:ChainJ:SER39	-154.853353	147.130568	General
5C31:ChainJ:ILE40	-83.926041	-4.342185	General
5C31:ChainJ:GLU41	-64.751904	-55.314142	General
5C31:ChainJ:ASN42	-89.760475	29.133156	General
5C31:ChainJ:ARG43	-123.003293	77.151333	Pre-Pro
5C31:ChainJ:PRO44	-71.140297	-22.194602	Proline
5C31:ChainJ:ILE45	-71.261598	-37.241244	General
5C31:ChainJ:LEU46	-63.520934	-37.261616	General
5C31:ChainJ:GLN47	-63.953601	-38.833353	General
5C31:ChainJ:LYS48	-62.378317	-42.433040	General
5C31:ChainJ:ALA49	-68.205585	-31.154757	General
5C31:ChainJ:LEU50	-78.986143	-36.884834	General
5C31:ChainJ:ASN51	-76.744370	-23.690455	General
5C31:ChainJ:PHE52	-73.354741	-53.242469	General
5C31:ChainJ:VAL53	-63.437480	137.813032	General
5C31:ChainJ:ASP57	-74.009275	169.981718	General
5C31:ChainJ:ARG58	-122.927465	120.419172	General
5C31:ChainJ:PHE59	-101.559858	108.466643	General
5C31:ChainJ:ILE60	-116.016217	151.125003	General
5C31:ChainJ:VAL61	-147.385602	163.845632	General
5C31:ChainJ:GLU62	-70.294596	-36.224839	General
5C31:ChainJ:SER63	-161.248355	155.320235	General
5C31:ChainJ:ILE64	-60.261400	-28.754797	General
5C31:ChainJ:ASP65	-60.076269	-31.416957	General
5C31:ChainJ:ARG66	-71.832166	-25.072271	General
5C31:ChainJ:LEU67	-82.251237	-4.811946	General
5C31:ChainJ:GLY68	136.663408	149.588012	Glycine
5C31:ChainJ:ARG69	-114.554477	26.828798	General
5C31:ChainJ:ASN70	-119.613009	116.916762	General
5C31:ChainJ:TYR71	-52.775249	-50.750377	General
5C31:ChainJ:ASN72	-63.580586	-41.426891	General
5C31:ChainJ:GLU73	-74.827849	-29.343776	General
5C31:ChainJ:VAL74	-70.484679	-45.522334	General
5C31:ChainJ:ILE75	-60.229250	-37.023802	General
5C31:ChainJ:HIS76	-62.824144	-36.509550	General
5C31:ChainJ:THR77	-71.508528	-45.511262	General
5C31:ChainJ:VAL78	-62.397036	-34.662384	General
5C31:ChainJ:ASN79	-75.964750	-32.567203	General
5C31:ChainJ:TYR80	-63.443062	-33.826726	General
5C31:ChainJ:LEU81	-74.939047	-32.829910	General
5C31:ChainJ:LYS82	-65.589258	-55.385756	General
5C31:ChainJ:ASP83	-62.424197	-20.741245	General
5C31:ChainJ:LYS84	-93.238220	-4.003066	General
5C31:ChainJ:GLU85	61.309269	31.029246	General
5C31:ChainJ:VAL86	-99.334905	125.490942	General
5C31:ChainJ:GLN87	-75.475622	125.423122	General
5C31:ChainJ:THR91	-63.837946	-43.544693	General
5C31:ChainJ:SER92	-67.909041	-20.572190	General
5C31:ChainJ:LEU93	-154.335024	79.025694	Pre-Pro
5C31:ChainJ:GLU98	-84.592627	105.295420	General
5C31:ChainJ:VAL99	-78.654642	-49.130203	General
5C31:ChainJ:ILE100	-116.388475	141.241744	General
5C31:ChainJ:GLY101	-60.711363	-26.035306	Glycine
5C31:ChainJ:ASN102	-89.971977	124.761138	Pre-Pro
5C31:ChainJ:PRO103	-56.903549	-38.452152	Proline
5C31:ChainJ:LEU104	-67.121977	-54.115633	General
5C31:ChainJ:LEU105	-65.642819	-25.829781	General
5C31:ChainJ:ASP106	-68.823512	-42.091613	General
5C31:ChainJ:LYS107	-64.899268	-35.811192	General
5C31:ChainJ:ASP111	-64.533420	-30.706407	General
5C31:ChainJ:LEU112	-76.628733	-38.310717	General
5C31:ChainJ:VAL113	-66.159756	-45.581611	General
5C31:ChainJ:ILE114	-62.670149	-32.276714	General
5C31:ChainJ:GLN115	-66.522258	-35.832338	General
5C31:ChainJ:ILE116	-68.299297	-38.386634	General
5C31:ChainJ:LEU117	-68.646242	-30.106331	General
5C31:ChainJ:SER121	-62.481442	-29.872533	General
5C31:ChainJ:GLU122	-95.945976	-30.969127	General
5C31:ChainJ:GLN123	-65.960236	-24.682497	General
5C31:ChainJ:GLU124	-71.711211	-19.491832	General
5C31:ChainK:ILE3	-94.524866	147.632128	General
5C31:ChainK:GLY4	-125.515891	155.362096	Glycine
5C31:ChainK:TYR5	-137.107215	119.868418	General
5C31:ChainK:ALA6	-117.216296	139.964391	General
5C31:ChainK:ARG7	-138.482116	154.110542	General
5C31:ChainK:VAL8	-139.360697	119.133197	General
5C31:ChainK:SER9	-68.150606	-36.589017	General
5C31:ChainK:SER10	-141.221721	-176.743943	General
5C31:ChainK:LEU11	-82.623814	0.452998	General
5C31:ChainK:ASP12	-72.831820	-40.709835	General
5C31:ChainK:GLN13	-71.049760	108.258152	General
5C31:ChainK:ASN14	-58.408286	101.115961	General
5C31:ChainK:LEU15	-59.617503	-24.996544	General
5C31:ChainK:GLU16	-66.841131	-34.804849	General
5C31:ChainK:ARG17	-67.231596	-52.152216	General
5C31:ChainK:GLN18	-62.153457	-40.161399	General
5C31:ChainK:LEU19	-65.717709	-41.104390	General
5C31:ChainK:GLU20	-69.956460	-25.751451	General
5C31:ChainK:ASN21	-72.409816	-36.813048	General
5C31:ChainK:LEU22	-69.141551	-51.020449	General
5C31:ChainK:LYS23	-62.462018	-22.349376	General
5C31:ChainK:THR24	-71.222503	-31.777276	General
5C31:ChainK:PHE25	-99.517212	10.789321	General
5C31:ChainK:GLY26	99.798393	25.151303	Glycine
5C31:ChainK:ALA27	-76.699174	107.578701	General
5C31:ChainK:GLU28	-71.750139	-67.109805	General
5C31:ChainK:LYS29	-105.603927	138.997416	General
5C31:ChainK:ILE30	-126.844244	135.146413	General
5C31:ChainK:PHE31	-106.793027	132.824554	General
5C31:ChainK:THR32	-116.811006	149.069777	General
5C31:ChainK:GLU33	-146.381478	163.805015	General
5C31:ChainK:LYS34	-131.942329	46.670022	General
5C31:ChainK:GLN35	-110.238478	166.133529	General
5C31:ChainK:SER36	-63.261049	-33.798090	General
5C31:ChainK:GLY37	83.878609	23.917918	Glycine
5C31:ChainK:LYS38	-97.823552	-7.904603	General
5C31:ChainK:SER39	-158.321913	152.133235	General
5C31:ChainK:ILE40	-92.915220	-0.302070	General
5C31:ChainK:GLU41	-75.667008	-36.689643	General
5C31:ChainK:ASN42	-100.327213	13.156711	General
5C31:ChainK:ARG43	-119.184864	74.327907	Pre-Pro
5C31:ChainK:PRO44	-72.275978	-27.018636	Proline
5C31:ChainK:ILE45	-61.628712	-34.994060	General
5C31:ChainK:LEU46	-72.020152	-32.728863	General
5C31:ChainK:GLN47	-59.744430	-48.780971	General
5C31:ChainK:LYS48	-67.944300	-31.077632	General
5C31:ChainK:ALA49	-66.296275	-38.997377	General
5C31:ChainK:LEU50	-74.636448	-25.158917	General
5C31:ChainK:ASN51	-76.386130	-39.296895	General
5C31:ChainK:PHE52	-62.591668	-40.164797	General
5C31:ChainK:VAL53	-70.816673	140.190125	General
5C31:ChainK:ASP57	-73.742436	-177.203575	General
5C31:ChainK:ARG58	-136.930425	137.495452	General
5C31:ChainK:PHE59	-115.435906	128.084467	General
5C31:ChainK:ILE60	-132.663861	146.652944	General
5C31:ChainK:VAL61	-143.538366	163.714532	General
5C31:ChainK:GLU62	-68.385292	-27.185289	General
5C31:ChainK:SER63	-172.492429	166.451086	General
5C31:ChainK:ILE64	-62.750400	-37.316231	General
5C31:ChainK:ASP65	-61.032071	-28.615179	General
5C31:ChainK:ARG66	-70.671387	-19.416015	General
5C31:ChainK:LEU67	-91.968409	-8.945204	General
5C31:ChainK:GLY68	140.028299	150.393096	Glycine
5C31:ChainK:ARG69	-114.652359	43.228388	General
5C31:ChainK:ASN70	-133.254864	119.177820	General
5C31:ChainK:TYR71	-53.544149	-47.486955	General
5C31:ChainK:ASN72	-68.434487	-27.033320	General
5C31:ChainK:GLU73	-87.004216	-34.488349	General
5C31:ChainK:VAL74	-65.864710	-43.891929	General
5C31:ChainK:ILE75	-63.387283	-39.606886	General
5C31:ChainK:HIS76	-61.959546	-36.151963	General
5C31:ChainK:THR77	-72.394196	-41.909671	General
5C31:ChainK:VAL78	-64.451110	-43.547490	General
5C31:ChainK:ASN79	-72.551406	-15.922834	General
5C31:ChainK:TYR80	-73.418457	-41.700247	General
5C31:ChainK:LEU81	-68.552436	-31.672731	General
5C31:ChainK:LYS82	-63.625194	-50.259623	General
5C31:ChainK:ASP83	-65.160055	-34.777156	General
5C31:ChainK:LYS84	-84.415627	-0.329857	General
5C31:ChainK:GLU85	58.476169	37.445126	General
5C31:ChainK:VAL86	-99.089933	125.120655	General
5C31:ChainK:GLN87	-75.117219	119.077744	General
5C31:ChainK:THR91	-63.730345	-45.308442	General
5C31:ChainK:SER92	-66.363531	-15.671167	General
5C31:ChainK:LEU93	-152.713098	90.499336	Pre-Pro
5C31:ChainK:GLU98	-60.441369	122.219934	General
5C31:ChainK:VAL99	-93.062268	-35.456298	General
5C31:ChainK:ILE100	-114.031347	148.347320	General
5C31:ChainK:GLY101	-62.786864	-50.464830	Glycine
5C31:ChainK:ASN102	-69.476261	125.460581	Pre-Pro
5C31:ChainK:PRO103	-57.474604	-36.032267	Proline
5C31:ChainK:LEU104	-68.950088	-49.243707	General
5C31:ChainK:LEU105	-67.468325	-18.118282	General
5C31:ChainK:ASP106	-78.653920	-50.456826	General
5C31:ChainK:LYS107	-64.247820	-35.339891	General
5C31:ChainK:ASP111	-68.497872	-29.723861	General
5C31:ChainK:LEU112	-72.725774	-46.654332	General
5C31:ChainK:VAL113	-61.434737	-39.632434	General
5C31:ChainK:ILE114	-65.079155	-38.687904	General
5C31:ChainK:GLN115	-67.794508	-38.651512	General
5C31:ChainK:ILE116	-63.365174	-34.886837	General
5C31:ChainK:LEU117	-68.375118	-33.497853	General
5C31:ChainK:SER121	-64.861717	-41.186380	General
5C31:ChainK:GLU122	-92.238449	-31.222522	General
5C31:ChainK:GLN123	-66.335601	-31.964598	General
5C31:ChainK:GLU124	-75.940268	-32.883930	General
5C31:ChainK:ARG125	-61.060452	-32.917383	General
5C31:ChainL:ILE3	-110.151087	142.299447	General
5C31:ChainL:GLY4	-119.042182	160.771997	Glycine
5C31:ChainL:TYR5	-133.891871	130.578085	General
5C31:ChainL:ALA6	-126.783490	145.113750	General
5C31:ChainL:ARG7	-145.352575	143.458771	General
5C31:ChainL:VAL8	-146.416133	149.489343	General
5C31:ChainL:SER9	-89.068338	-46.090160	General
5C31:ChainL:SER10	-137.154780	171.599016	General
5C31:ChainL:LEU11	-71.173566	-17.443846	General
5C31:ChainL:ASP12	-61.524173	-25.723447	General
5C31:ChainL:GLN13	-76.594436	157.065533	General
5C31:ChainL:ASN14	-86.852813	103.183568	General
5C31:ChainL:LEU15	-85.840497	-37.224353	General
5C31:ChainL:GLU16	-62.715824	-39.224474	General
5C31:ChainL:ARG17	-64.601841	-34.854511	General
5C31:ChainL:GLN18	-71.381731	-39.323251	General
5C31:ChainL:LEU19	-69.655925	-34.259428	General
5C31:ChainL:GLU20	-68.785181	-37.862462	General
5C31:ChainL:ASN21	-71.256538	-28.524811	General
5C31:ChainL:LEU22	-76.230095	-43.317472	General
5C31:ChainL:LYS23	-65.345137	-33.034983	General
5C31:ChainL:THR24	-66.045151	-27.622304	General
5C31:ChainL:PHE25	-97.619489	14.363412	General
5C31:ChainL:GLY26	92.152560	27.884829	Glycine
5C31:ChainL:ALA27	-77.473151	106.647524	General
5C31:ChainL:GLU28	-78.044560	-54.904024	General
5C31:ChainL:LYS29	-108.702547	122.032784	General
5C31:ChainL:ILE30	-117.506071	133.382251	General
5C31:ChainL:PHE31	-107.095154	103.369176	General
5C31:ChainL:THR32	-95.334488	136.275670	General
5C31:ChainL:GLU33	-134.002681	154.786465	General
5C31:ChainL:LYS34	-129.087940	78.834519	General
5C31:ChainL:GLN35	-137.301395	170.494827	General
5C31:ChainL:SER36	-61.953393	-38.693992	General
5C31:ChainL:GLY37	80.321970	7.912130	Glycine
5C31:ChainL:LYS38	-74.733413	-27.997260	General
5C31:ChainL:SER39	-143.611016	153.299051	General
5C31:ChainL:ILE40	-91.891092	-0.953475	General
5C31:ChainL:GLU41	-76.217707	-41.705476	General
5C31:ChainL:ASN42	-91.955275	22.631282	General
5C31:ChainL:ARG43	-123.827301	86.672940	Pre-Pro
5C31:ChainL:PRO44	-73.374986	-30.232732	Proline
5C31:ChainL:ILE45	-66.379425	-36.583653	General
5C31:ChainL:LEU46	-63.845056	-37.580203	General
5C31:ChainL:GLN47	-65.083805	-38.338253	General
5C31:ChainL:LYS48	-63.663465	-37.888017	General
5C31:ChainL:ALA49	-66.312113	-44.104194	General
5C31:ChainL:LEU50	-72.706555	-26.815941	General
5C31:ChainL:ASN51	-81.945046	-22.297120	General
5C31:ChainL:PHE52	-79.801938	-50.024655	General
5C31:ChainL:VAL53	-64.636045	140.612315	General
5C31:ChainL:ASP57	-81.608691	-179.776617	General
5C31:ChainL:ARG58	-129.991429	126.092259	General
5C31:ChainL:PHE59	-111.404342	100.203751	General
5C31:ChainL:ILE60	-107.648060	134.691453	General
5C31:ChainL:VAL61	-129.529205	155.431445	General
5C31:ChainL:GLU62	-66.057482	-41.827014	General
5C31:ChainL:SER63	-150.552794	160.421494	General
5C31:ChainL:ILE64	-65.641515	-38.941183	General
5C31:ChainL:ASP65	-64.661909	-12.859475	General
5C31:ChainL:ARG66	-76.866166	-27.894422	General
5C31:ChainL:LEU67	-62.153949	-32.091875	General
5C31:ChainL:GLY68	157.693083	160.092017	Glycine
5C31:ChainL:ARG69	-108.589437	42.308757	General
5C31:ChainL:ASN70	-133.196336	123.084280	General
5C31:ChainL:TYR71	-57.931126	-52.102428	General
5C31:ChainL:ASN72	-62.454361	-41.823180	General
5C31:ChainL:GLU73	-70.763447	-36.173507	General
5C31:ChainL:VAL74	-67.528610	-45.411521	General
5C31:ChainL:ILE75	-59.831911	-44.357544	General
5C31:ChainL:HIS76	-60.896901	-39.105944	General
5C31:ChainL:THR77	-69.241635	-43.154666	General
5C31:ChainL:VAL78	-61.188491	-40.729852	General
5C31:ChainL:ASN79	-82.664764	-18.459077	General
5C31:ChainL:TYR80	-66.661204	-38.656887	General
5C31:ChainL:LEU81	-68.131484	-35.020762	General
5C31:ChainL:LYS82	-67.071976	-50.696451	General
5C31:ChainL:ASP83	-62.152342	-24.015216	General
5C31:ChainL:LYS84	-93.944417	-1.544735	General
5C31:ChainL:GLU85	61.945779	38.588153	General
5C31:ChainL:VAL86	-104.960106	114.853303	General
5C31:ChainL:GLN87	-67.005182	120.496679	General
5C31:ChainL:THR91	-65.642926	-36.795606	General
5C31:ChainL:SER92	-64.140358	-55.484287	General
5C31:ChainL:LEU93	-117.640031	81.542375	Pre-Pro
5C31:ChainL:GLU98	-61.055237	115.675656	General
5C31:ChainL:VAL99	-79.541530	-67.033560	General
5C31:ChainL:ILE100	-84.783057	-41.624838	General
5C31:ChainL:GLY101	120.446034	-26.465879	Glycine
5C31:ChainL:ASN102	-91.788887	119.958280	Pre-Pro
5C31:ChainL:PRO103	-49.502298	-34.290702	Proline
5C31:ChainL:LEU104	-71.572716	-53.633544	General
5C31:ChainL:LEU105	-62.465937	-36.709496	General
5C31:ChainL:ASP106	-62.871083	-51.059212	General
5C31:ChainL:LYS107	-60.030796	-35.050769	General
5C31:ChainL:ASP111	-72.589168	-29.338462	General
5C31:ChainL:LEU112	-77.179833	-36.817798	General
5C31:ChainL:VAL113	-64.783687	-38.959677	General
5C31:ChainL:ILE114	-64.558722	-41.536317	General
5C31:ChainL:GLN115	-65.329949	-36.191508	General
5C31:ChainL:ILE116	-67.868504	-44.860467	General
5C31:ChainL:LEU117	-65.992824	-29.797827	General
5C31:ChainL:SER121	-66.588867	-34.753822	General
5C31:ChainL:GLU122	-88.088595	-35.759244	General
5C31:ChainL:GLN123	-68.596998	-21.334091	General
5C31:ChainL:GLU124	-81.002633	3.616174	General
