5CYN:ChainA:GLU134	-78.642996	10.913035	General
5CYN:ChainA:ASP135	-61.192069	135.326964	Pre-Pro
5CYN:ChainA:PRO136	-59.026223	138.955298	Proline
5CYN:ChainA:LYS137	-90.863336	-13.845002	General
5CYN:ChainA:ASP138	-155.363453	178.494223	General
5CYN:ChainA:PHE139	-68.402936	160.083733	Pre-Pro
5CYN:ChainA:PRO140	-52.914750	143.289233	Proline
5CYN:ChainA:VAL141	-56.016707	-32.050144	General
5CYN:ChainA:ASP142	-69.471418	-15.953654	General
5CYN:ChainA:LEU143	-98.279529	-11.017167	General
5CYN:ChainA:HIS144	-52.589135	-36.124465	General
5CYN:ChainA:ALA145	-52.700747	-37.796254	General
5CYN:ChainA:PHE146	-87.674063	3.334216	General
5CYN:ChainA:LEU147	-123.868715	141.867292	General
5CYN:ChainA:SER148	-79.740632	138.257080	General
5CYN:ChainA:GLN149	-92.854980	-17.805122	General
5CYN:ChainA:ALA150	-77.211402	77.599253	General
5CYN:ChainA:VAL151	-71.002381	-25.281481	General
5CYN:ChainA:PHE152	-96.775419	7.369481	General
5CYN:ChainA:SER153	-61.096159	151.818418	General
5CYN:ChainA:ASN154	-85.567740	-10.015349	General
5CYN:ChainA:ARG155	-76.366860	122.002000	General
5CYN:ChainA:THR156	-82.313471	138.342432	General
5CYN:ChainA:VAL157	-131.123081	171.438515	General
5CYN:ChainA:ALA158	-122.285511	10.608629	General
5CYN:ChainA:SER159	-130.058903	124.667832	General
5CYN:ChainA:PHE160	-134.219484	149.807054	General
5CYN:ChainA:ALA161	-132.717309	139.853110	General
5CYN:ChainA:VAL162	-130.008025	131.205384	General
5CYN:ChainA:TYR163	-117.422469	121.512721	General
5CYN:ChainA:THR164	-160.076734	-161.960703	General
5CYN:ChainA:THR165	-76.593126	155.166494	General
5CYN:ChainA:LYS166	-52.925542	-40.627176	General
5CYN:ChainA:GLU167	-56.836527	-57.909633	General
5CYN:ChainA:LYS168	-65.981390	-33.953126	General
5CYN:ChainA:ALA169	-71.844645	-39.692436	General
5CYN:ChainA:GLN170	-56.946181	-35.306936	General
5CYN:ChainA:ILE171	-73.070296	-54.172938	General
5CYN:ChainA:LEU172	-60.613533	-30.803969	General
5CYN:ChainA:TYR173	-48.777033	-47.993867	General
5CYN:ChainA:LYS174	-85.867482	-37.237602	General
5CYN:ChainA:LYS175	-65.790305	-36.727878	General
5CYN:ChainA:LEU176	-66.438027	-40.804902	General
5CYN:ChainA:MET177	-47.402388	-58.684445	General
5CYN:ChainA:GLU178	-73.146156	-18.781484	General
5CYN:ChainA:LYS179	-84.044694	-44.584749	General
5CYN:ChainA:TYR180	-117.413779	11.661919	General
5CYN:ChainA:SER181	41.745873	49.668773	General
5CYN:ChainA:VAL182	-55.374437	143.006246	General
5CYN:ChainA:THR183	-79.055898	-37.701183	General
5CYN:ChainA:PHE184	-141.324991	140.956592	General
5CYN:ChainA:ILE185	-142.641934	141.190951	General
5CYN:ChainA:SER186	-139.695606	145.736195	General
5CYN:ChainA:ARG187	-117.554646	130.119379	General
5CYN:ChainA:HIS188	-129.085749	128.238071	General
5CYN:ChainA:GLY189	-78.161681	145.182978	Glycine
5CYN:ChainA:PHE190	-152.968847	94.468853	General
5CYN:ChainA:GLY191	58.941903	-127.865516	Glycine
5CYN:ChainA:GLY192	-80.151643	-13.910127	Glycine
5CYN:ChainA:HIS193	-95.196590	170.701562	General
5CYN:ChainA:ASN194	-131.053296	151.060463	General
5CYN:ChainA:ILE195	-123.193572	120.690048	General
5CYN:ChainA:LEU196	-95.321297	135.546981	General
5CYN:ChainA:PHE197	-129.092674	128.238811	General
5CYN:ChainA:PHE198	-148.059290	154.825965	General
5CYN:ChainA:LEU199	-115.354444	142.162681	General
5CYN:ChainA:THR200	-113.996103	148.550312	Pre-Pro
5CYN:ChainA:PRO201	-70.622764	-36.511443	Proline
5CYN:ChainA:HIS202	-101.875752	155.162472	General
5CYN:ChainA:ARG203	-75.335917	149.940039	General
5CYN:ChainA:HIS204	-138.704834	161.355722	General
5CYN:ChainA:ARG205	-75.428309	141.930113	General
5CYN:ChainA:VAL206	-63.420868	-41.599273	General
5CYN:ChainA:SER207	-55.355554	-27.574119	General
5CYN:ChainA:ALA208	-76.457986	-48.487390	General
5CYN:ChainA:ILE209	-57.431655	-47.833082	General
5CYN:ChainA:ASN210	-59.461570	-45.669399	General
5CYN:ChainA:ASN211	-57.692305	-40.346672	General
5CYN:ChainA:TYR212	-65.862333	-43.867354	General
5CYN:ChainA:CYS213	-65.277799	-40.558753	General
5CYN:ChainA:GLN214	-61.256849	-28.657528	General
5CYN:ChainA:LYS215	-63.225757	-36.369695	General
5CYN:ChainA:LEU216	-88.150164	-10.121348	General
5CYN:ChainA:CYS217	-95.385331	168.921057	General
5CYN:ChainA:THR218	-141.950337	-65.590330	General
5CYN:ChainA:PHE219	-107.290197	-13.741260	General
5CYN:ChainA:SER220	-69.271585	138.546341	General
5CYN:ChainA:PHE221	-67.314830	154.613499	General
5CYN:ChainA:LEU222	-156.896736	126.136736	General
5CYN:ChainA:ILE223	-113.908583	127.467341	General
5CYN:ChainA:CYS224	-128.487553	123.941184	General
5CYN:ChainA:LYS225	-140.478096	155.490600	General
5CYN:ChainA:GLY226	-76.989636	145.913067	Glycine
5CYN:ChainA:VAL227	-106.764724	114.869491	General
5CYN:ChainA:ASN228	-84.662486	-10.487674	General
5CYN:ChainA:LYS229	-137.420298	83.416103	General
5CYN:ChainA:GLU230	-65.684943	-68.356593	General
5CYN:ChainA:TYR231	-62.998925	-29.031348	General
5CYN:ChainA:LEU232	-78.139730	-45.133376	General
5CYN:ChainA:PHE233	-49.161490	-54.771375	General
5CYN:ChainA:TYR234	-55.070699	-44.953875	General
5CYN:ChainA:SER235	-66.779952	-38.113729	General
5CYN:ChainA:ALA236	-60.884213	-40.028472	General
5CYN:ChainA:LEU237	-70.281866	-19.359621	General
5CYN:ChainA:CYS238	-85.914859	-2.835298	General
5CYN:ChainA:ARG239	-127.171378	165.190674	General
5CYN:ChainA:GLN240	-55.075163	139.880779	Pre-Pro
5CYN:ChainA:PRO241	-83.816164	7.596253	Proline
5CYN:ChainA:TYR242	-98.100193	167.656909	General
5CYN:ChainA:ALA243	-152.975068	141.527104	General
5CYN:ChainA:VAL244	-85.299592	117.311907	General
5CYN:ChainA:VAL245	-84.222760	-46.888701	General
5CYN:ChainA:GLU246	-156.568722	162.721966	General
5CYN:ChainA:GLU247	-159.242812	149.453770	General
5CYN:ChainA:SER248	-71.165309	-12.930691	General
5CYN:ChainA:ILE249	-125.200990	129.078659	General
5CYN:ChainA:GLN250	-56.552869	124.701898	General
5CYN:ChainA:GLY251	84.139037	-1.295070	Glycine
5CYN:ChainA:GLY252	63.468437	-152.073517	Glycine
5CYN:ChainA:LEU253	-76.608829	142.568947	General
5CYN:ChainA:LYS254	-103.530780	143.144681	General
5CYN:ChainA:GLU255	-61.400628	-28.102451	General
5CYN:ChainA:HIS256	-67.948991	-25.548618	General
5CYN:ChainA:ASP257	-65.895454	-28.947649	General
5CYN:ChainA:LEU258	-101.890940	-52.318990	General
