5D8F:ChainA:THR5	-89.660798	144.839924	General
5D8F:ChainA:PHE6	-126.652742	139.976252	General
5D8F:ChainA:VAL7	-43.816869	-42.043105	General
5D8F:ChainA:LYS8	-64.317915	-21.522625	General
5D8F:ChainA:ASP9	-96.388348	19.861275	General
5D8F:ChainA:ILE10	-103.816827	122.147651	General
5D8F:ChainA:LYS11	-117.975796	157.852096	Pre-Pro
5D8F:ChainA:PRO12	-57.802004	136.863986	Proline
5D8F:ChainA:GLY13	93.735238	-9.571672	Glycine
5D8F:ChainA:LEU14	-72.906511	118.630607	General
5D8F:ChainA:LYS15	-110.470289	176.595666	General
5D8F:ChainA:ASN16	51.349844	44.026150	General
5D8F:ChainA:LEU17	-82.084825	117.375292	General
5D8F:ChainA:ASN18	-102.384753	124.440100	General
5D8F:ChainA:LEU19	-149.996344	124.588327	General
5D8F:ChainA:ILE20	-93.124843	128.435271	General
5D8F:ChainA:PHE21	-145.774577	166.060828	General
5D8F:ChainA:ILE22	-112.198829	142.087590	General
5D8F:ChainA:VAL23	-82.782477	120.046690	General
5D8F:ChainA:LEU24	-93.650172	-48.302376	General
5D8F:ChainA:GLU25	-126.648298	132.036991	General
5D8F:ChainA:THR26	-72.898896	-7.568708	General
5D8F:ChainA:GLY27	53.680795	-142.155062	Glycine
5D8F:ChainA:ARG28	-142.228759	168.641017	General
5D8F:ChainA:VAL29	-109.141299	122.292670	General
5D8F:ChainA:THR30	-99.706585	128.637797	General
5D8F:ChainA:LYS31	-113.761858	125.594295	General
5D8F:ChainA:THR32	-83.007172	167.658660	General
5D8F:ChainA:LYS33	-72.594349	-23.262038	General
5D8F:ChainA:ASP34	-83.264858	4.001906	General
5D8F:ChainA:GLY35	91.840614	8.156912	Glycine
5D8F:ChainA:HIS36	-98.644975	139.576934	General
5D8F:ChainA:GLU37	-108.386301	141.697426	General
5D8F:ChainA:VAL38	-126.634048	126.509964	General
5D8F:ChainA:ARG39	-108.144436	137.550540	General
5D8F:ChainA:THR40	-103.967899	128.540831	General
5D8F:ChainA:CYS41	-114.389817	157.302176	General
5D8F:ChainA:LYS42	-106.836086	115.340007	General
5D8F:ChainA:VAL43	-120.412609	167.808225	General
5D8F:ChainA:ALA44	-161.737668	162.581189	General
5D8F:ChainA:ASP45	-130.130724	-175.465444	General
5D8F:ChainA:LYS46	-54.478026	-28.109802	General
5D8F:ChainA:THR47	-88.184057	-10.291538	General
5D8F:ChainA:GLY48	149.233681	-176.975899	Glycine
5D8F:ChainA:SER49	-112.282497	167.275422	General
5D8F:ChainA:ILE50	-164.688540	153.623018	General
5D8F:ChainA:ASN51	-86.958243	149.156159	General
5D8F:ChainA:ILE52	-138.578598	134.485153	General
5D8F:ChainA:SER53	-104.022646	131.487032	General
5D8F:ChainA:VAL54	-128.448230	138.973719	General
5D8F:ChainA:TRP55	-98.206416	134.957375	General
5D8F:ChainA:ASP56	61.132855	-118.384072	General
5D8F:ChainA:ASP57	-80.656646	-24.492811	General
5D8F:ChainA:VAL58	-52.989193	-43.116047	General
5D8F:ChainA:GLY59	-101.488822	13.988253	Glycine
5D8F:ChainA:ASN60	-107.078326	5.432140	General
5D8F:ChainA:LEU61	-124.790418	24.469346	General
5D8F:ChainA:ILE62	-74.834878	121.784615	General
5D8F:ChainA:GLN63	-123.852265	156.947608	Pre-Pro
5D8F:ChainA:PRO64	-60.615300	136.419016	Proline
5D8F:ChainA:GLY65	99.584023	-15.783166	Glycine
5D8F:ChainA:ASP66	-61.249155	133.660937	General
5D8F:ChainA:ILE67	-99.242593	116.095854	General
5D8F:ChainA:ILE68	-126.976770	142.949577	General
5D8F:ChainA:ARG69	-109.053067	119.677950	General
5D8F:ChainA:LEU70	-94.243149	131.252194	General
5D8F:ChainA:THR71	-118.419170	142.247493	General
5D8F:ChainA:LYS72	52.747968	42.198957	General
5D8F:ChainA:GLY73	-86.379973	168.285433	Glycine
5D8F:ChainA:TYR74	-141.365523	153.774681	General
5D8F:ChainA:ALA75	-109.805051	128.582402	General
5D8F:ChainA:SER76	-138.407552	-172.100084	General
5D8F:ChainA:VAL77	-112.378667	127.910783	General
5D8F:ChainA:PHE78	-134.992354	127.892768	General
5D8F:ChainA:LYS79	49.120655	36.848007	General
5D8F:ChainA:GLY80	84.878583	-15.280808	Glycine
5D8F:ChainA:CYS81	-96.353112	152.206259	General
5D8F:ChainA:LEU82	-72.188274	127.863227	General
5D8F:ChainA:THR83	-133.455345	135.641810	General
5D8F:ChainA:LEU84	-88.829694	140.761599	General
5D8F:ChainA:TYR85	-127.483875	154.379014	General
5D8F:ChainA:THR86	-86.686880	117.056938	General
5D8F:ChainA:GLY87	-76.987972	153.600929	Glycine
5D8F:ChainA:ARG88	-60.716260	132.829208	General
5D8F:ChainA:GLY89	89.396863	2.351579	Glycine
5D8F:ChainA:GLY90	-102.095146	174.196303	Glycine
5D8F:ChainA:ASP91	-154.875730	153.094869	General
5D8F:ChainA:LEU92	-116.984732	124.194765	General
5D8F:ChainA:GLN93	-123.079951	119.470525	General
5D8F:ChainA:LYS94	-73.019598	112.552621	General
5D8F:ChainA:ILE95	-111.406243	-12.749180	General
5D8F:ChainA:GLY96	-147.646519	157.729425	Glycine
5D8F:ChainA:GLU97	-161.909209	158.919774	General
5D8F:ChainA:PHE98	-110.303424	127.127097	General
5D8F:ChainA:CYS99	-114.292720	157.487394	General
5D8F:ChainA:MET100	-90.304646	135.310981	General
5D8F:ChainA:VAL101	-133.524980	152.802476	General
5D8F:ChainA:TYR102	-85.533089	148.671593	General
5D8F:ChainA:SER103	-140.338074	111.157846	General
5D8F:ChainA:GLU104	-61.011091	139.254923	General
5D8F:ChainA:VAL105	-117.669343	121.999788	Pre-Pro
5D8F:ChainA:PRO106	-73.603597	70.776821	Proline
5D8F:ChainA:ASN107	54.541383	72.507562	General
5D8F:ChainA:PHE108	-93.890124	101.182026	General
5D8F:ChainA:SER109	-61.800207	140.030299	General
5D8F:ChainA:HIS110	-88.063013	-14.713887	General
5D8F:ChainA:HIS111	-111.230044	70.324256	General
5D8F:ChainB:THR5	-90.637270	147.992796	General
5D8F:ChainB:PHE6	-127.282290	151.568579	General
5D8F:ChainB:VAL7	-57.261668	-34.089258	General
5D8F:ChainB:LYS8	-65.640783	-25.989730	General
5D8F:ChainB:ASP9	-88.478846	1.451244	General
5D8F:ChainB:ILE10	-88.600921	126.088937	General
5D8F:ChainB:LYS11	-133.701755	161.684093	Pre-Pro
5D8F:ChainB:PRO12	-58.190781	126.381854	Proline
5D8F:ChainB:GLY13	107.047067	-7.683774	Glycine
5D8F:ChainB:LEU14	-68.097488	149.480661	General
5D8F:ChainB:LYS15	-139.969425	153.127957	General
5D8F:ChainB:ASN16	54.027783	48.787052	General
5D8F:ChainB:LEU17	-79.051023	118.304695	General
5D8F:ChainB:ASN18	-109.858157	110.956145	General
5D8F:ChainB:LEU19	-146.713922	128.257764	General
5D8F:ChainB:ILE20	-94.775724	131.837970	General
5D8F:ChainB:PHE21	-144.775433	174.135607	General
5D8F:ChainB:ILE22	-121.384732	139.842189	General
5D8F:ChainB:VAL23	-76.363032	121.407886	General
5D8F:ChainB:LEU24	-91.354593	-51.208104	General
5D8F:ChainB:GLU25	-131.504864	146.298513	General
5D8F:ChainB:THR26	-116.156950	108.445913	General
5D8F:ChainB:GLY27	-68.516552	174.378008	Glycine
5D8F:ChainB:ARG28	-84.138361	150.507732	General
5D8F:ChainB:VAL29	-86.839055	133.700081	General
5D8F:ChainB:THR30	-108.979198	170.101812	General
5D8F:ChainB:LYS31	-120.319622	134.846812	General
5D8F:ChainB:THR32	-81.878616	-178.647978	General
5D8F:ChainB:LYS33	-65.214098	-25.238684	General
5D8F:ChainB:ASP34	-107.380080	25.315135	General
5D8F:ChainB:GLY35	77.993600	2.595961	Glycine
5D8F:ChainB:HIS36	-69.526175	142.760552	General
5D8F:ChainB:GLU37	-94.371363	121.432994	General
5D8F:ChainB:VAL38	-119.566811	136.391376	General
5D8F:ChainB:ARG39	-135.712291	133.440121	General
5D8F:ChainB:THR40	-96.170119	125.641832	General
5D8F:ChainB:CYS41	-110.249572	143.227872	General
5D8F:ChainB:LYS42	-95.234559	112.724014	General
5D8F:ChainB:VAL43	-117.390898	166.095413	General
5D8F:ChainB:ALA44	-162.383175	163.638897	General
5D8F:ChainB:ASP45	-129.213827	-173.651565	General
5D8F:ChainB:LYS46	-61.766195	-21.027272	General
5D8F:ChainB:THR47	-89.555536	-1.868766	General
5D8F:ChainB:GLY48	139.450517	-177.763398	Glycine
5D8F:ChainB:SER49	-116.800879	164.590848	General
5D8F:ChainB:ILE50	-162.836199	151.949957	General
5D8F:ChainB:ASN51	-82.073246	142.326787	General
5D8F:ChainB:ILE52	-125.371941	134.001109	General
5D8F:ChainB:SER53	-95.768869	128.892613	General
5D8F:ChainB:VAL54	-126.483515	134.331380	General
5D8F:ChainB:TRP55	-112.020274	133.256215	General
5D8F:ChainB:ASP56	58.865566	-131.974554	General
5D8F:ChainB:ASP57	-67.518677	-23.922704	General
5D8F:ChainB:VAL58	-56.081576	-36.698571	General
5D8F:ChainB:GLY59	-55.585485	-31.343635	Glycine
5D8F:ChainB:ASN60	-85.871264	-4.015772	General
5D8F:ChainB:LEU61	-101.085742	10.982620	General
5D8F:ChainB:ILE62	-123.612616	129.382128	General
5D8F:ChainB:GLN63	-129.903218	155.349287	Pre-Pro
5D8F:ChainB:PRO64	-59.897914	135.273771	Proline
5D8F:ChainB:GLY65	104.668271	-18.993131	Glycine
5D8F:ChainB:ASP66	-62.723942	128.241800	General
5D8F:ChainB:ILE67	-94.543757	118.420611	General
5D8F:ChainB:ILE68	-126.437118	137.931946	General
5D8F:ChainB:ARG69	-102.577905	118.344708	General
5D8F:ChainB:LEU70	-93.690335	129.470214	General
5D8F:ChainB:THR71	-118.178783	131.668888	General
5D8F:ChainB:LYS72	52.056776	45.405636	General
5D8F:ChainB:GLY73	-85.311826	177.397588	Glycine
5D8F:ChainB:TYR74	-150.238815	158.994340	General
5D8F:ChainB:ALA75	-118.575321	139.819289	General
5D8F:ChainB:SER76	-148.190042	174.443534	General
5D8F:ChainB:VAL77	-97.921358	132.644670	General
5D8F:ChainB:PHE78	-132.313109	121.414767	General
5D8F:ChainB:LYS79	46.113722	45.119612	General
5D8F:ChainB:GLY80	93.232468	-30.035352	Glycine
5D8F:ChainB:CYS81	-91.851524	133.778976	General
5D8F:ChainB:LEU82	-60.796969	133.987824	General
5D8F:ChainB:THR83	-143.113290	134.522216	General
5D8F:ChainB:LEU84	-87.726380	150.602923	General
5D8F:ChainB:TYR85	-142.793981	146.482940	General
5D8F:ChainB:THR86	-77.186802	132.713412	General
5D8F:ChainB:GLY87	-73.990212	144.452323	Glycine
5D8F:ChainB:ARG88	-62.242037	-28.394771	General
5D8F:ChainB:GLY89	-95.609683	16.237710	Glycine
5D8F:ChainB:GLY90	-113.178845	-154.857931	Glycine
5D8F:ChainB:ASP91	-166.899964	156.896355	General
5D8F:ChainB:LEU92	-116.040145	125.626401	General
5D8F:ChainB:GLN93	-123.699773	120.343446	General
5D8F:ChainB:LYS94	-76.312284	119.068524	General
5D8F:ChainB:ILE95	-116.734523	-2.168918	General
5D8F:ChainB:GLY96	-154.880068	156.484745	Glycine
5D8F:ChainB:GLU97	-160.642854	158.872063	General
5D8F:ChainB:PHE98	-110.875483	132.412934	General
5D8F:ChainB:CYS99	-119.914016	160.984793	General
5D8F:ChainB:MET100	-98.795409	132.314027	General
5D8F:ChainB:VAL101	-127.181681	128.482451	General
5D8F:ChainB:TYR102	-74.382518	140.084700	General
5D8F:ChainB:SER103	-138.238323	133.355642	General
5D8F:ChainB:GLU104	-70.730762	151.851094	General
5D8F:ChainB:VAL105	-126.770035	129.849223	Pre-Pro
5D8F:ChainB:PRO106	-71.360258	68.832030	Proline
5D8F:ChainB:ASN107	43.644363	51.125639	General
5D8F:ChainB:PHE108	-68.049514	122.930640	General
5D8F:ChainB:SER109	-90.953844	127.852657	General
5D8F:ChainB:HIS110	-87.998803	123.077213	General
