5DOK:ChainA:SER178	-73.034427	150.005776	General
5DOK:ChainA:LEU179	-61.283577	-38.225556	General
5DOK:ChainA:LYS180	-63.263220	-41.654273	General
5DOK:ChainA:TYR181	-67.548591	-40.269488	General
5DOK:ChainA:LYS182	-59.472517	-46.025730	General
5DOK:ChainA:GLU183	-58.404345	-47.902622	General
5DOK:ChainA:LEU184	-58.991916	-42.250711	General
5DOK:ChainA:ILE185	-65.306927	-47.160373	General
5DOK:ChainA:ALA186	-64.759063	-37.952625	General
5DOK:ChainA:GLY187	-62.375187	-35.961733	Glycine
5DOK:ChainA:GLU188	-70.490546	-39.806706	General
5DOK:ChainA:LEU189	-66.029792	-36.438505	General
5DOK:ChainA:MET190	-60.906656	-49.400153	General
5DOK:ChainA:ARG191	-57.568268	-53.147361	General
5DOK:ChainA:ILE192	-54.160933	-43.476408	General
5DOK:ChainA:THR193	-68.080198	-45.267310	General
5DOK:ChainA:HIS194	-61.729845	-43.883124	General
5DOK:ChainA:LYS195	-57.602457	-46.637529	General
5DOK:ChainA:LEU196	-66.355480	-43.742721	General
5DOK:ChainA:LEU197	-54.673410	-46.254979	General
5DOK:ChainA:ILE198	-72.084763	-38.257438	General
5DOK:ChainA:GLN199	-58.558864	-52.396712	General
5DOK:ChainA:LYS200	-60.531135	-42.856281	General
5DOK:ChainA:LEU201	-58.075899	-47.920875	General
5DOK:ChainA:GLN202	-56.158269	-50.935075	General
5DOK:ChainA:GLN203	-74.134889	-5.315655	General
5DOK:ChainA:LYS227	-71.240487	-36.842193	General
5DOK:ChainA:GLU228	-107.344195	158.123722	General
5DOK:ChainA:VAL229	-117.834152	118.139372	General
5DOK:ChainA:ILE230	-115.453769	129.536783	General
5DOK:ChainA:ILE231	-119.920456	133.626026	General
5DOK:ChainA:LYS232	-80.489231	152.767284	General
5DOK:ChainA:ILE233	-66.775650	-25.039263	General
5DOK:ChainA:GLN234	-70.020364	-28.773933	General
5DOK:ChainA:GLU235	-80.281489	-31.960990	General
5DOK:ChainA:ILE236	-66.543089	-38.017547	General
5DOK:ChainA:ALA237	-62.161678	-24.275994	General
5DOK:ChainA:LYS238	-80.470239	65.938710	General
5DOK:ChainA:ASP239	-150.242247	126.342771	General
5DOK:ChainA:GLN240	-68.789050	-40.175005	General
5DOK:ChainA:GLN241	-65.243994	-40.034044	General
5DOK:ChainA:LEU242	-57.309668	-49.977577	General
5DOK:ChainA:TYR243	-61.287783	-51.314215	General
5DOK:ChainA:ASP244	-58.610869	-33.968467	General
5DOK:ChainA:THR245	-74.971053	-47.615126	General
5DOK:ChainA:LEU246	-60.331493	-33.414381	General
5DOK:ChainA:SER247	-68.514168	-18.127580	General
5DOK:ChainA:ILE248	-51.503936	-49.197310	General
5DOK:ChainA:GLN249	-112.280244	-18.409360	General
5DOK:ChainA:TYR250	-124.175724	154.446908	General
5DOK:ChainA:GLN251	-85.674039	105.831171	General
5DOK:ChainA:VAL252	-124.396592	30.301475	General
5DOK:ChainA:ASP253	-70.819400	-34.508492	General
5DOK:ChainA:GLN254	-84.855499	135.271647	General
5DOK:ChainA:LYS255	-58.059726	-46.906598	General
5DOK:ChainA:GLU256	-58.572535	-41.212093	General
5DOK:ChainA:GLN257	-68.649443	-38.879420	General
5DOK:ChainA:TYR258	-62.566876	-46.605351	General
5DOK:ChainA:TYR259	-65.140850	-39.698796	General
5DOK:ChainA:ALA260	-56.428555	-48.522164	General
5DOK:ChainA:LYS261	-68.976989	-32.656668	General
5DOK:ChainA:ILE262	-63.450862	-47.199381	General
5DOK:ChainA:ALA263	-60.213973	-41.798728	General
5DOK:ChainA:GLN264	-57.873767	-52.822073	General
5DOK:ChainA:SER265	-63.080105	-34.312942	General
5DOK:ChainA:LEU266	-70.383041	-14.699415	General
5DOK:ChainA:GLU267	-56.612176	-41.912814	General
5DOK:ChainA:ASP268	-60.699991	-35.020492	General
5DOK:ChainA:PHE269	-65.841210	-36.947300	General
5DOK:ChainA:VAL270	-64.027840	-49.122407	General
5DOK:ChainA:SER271	-64.304153	-27.241130	General
5DOK:ChainA:ILE272	-89.865660	-0.457072	General
5DOK:ChainA:SER273	74.169705	19.333984	General
5DOK:ChainA:ALA274	-75.998103	-31.125660	General
5DOK:ChainA:LEU275	-132.349570	163.103691	General
5DOK:ChainA:LYS276	-137.996756	128.412861	General
5DOK:ChainA:MET277	-75.638405	130.449606	General
5DOK:ChainA:VAL278	-118.121596	-18.016236	General
5DOK:ChainA:SER279	-133.849136	128.878026	General
5DOK:ChainA:TYR280	-111.789712	-14.770329	General
5DOK:ChainA:ILE281	-116.226543	105.410518	General
5DOK:ChainA:TYR282	-49.439696	134.923284	Pre-Pro
5DOK:ChainA:PRO283	-82.857658	3.182519	Proline
5DOK:ChainA:ASN284	-101.170462	80.337273	General
5DOK:ChainA:ILE285	-111.513895	115.167435	General
5DOK:ChainA:SER286	-149.385403	162.545668	General
5DOK:ChainA:TYR287	-131.931605	144.602093	General
5DOK:ChainA:GLN288	-89.982936	133.588100	General
5DOK:ChainA:VAL289	-95.271433	135.722263	General
5DOK:ChainA:SER290	-77.604944	113.688055	General
5DOK:ChainA:ILE291	-72.583678	-36.717557	General
5DOK:ChainA:GLY292	-55.569624	-44.393576	Glycine
5DOK:ChainA:PHE293	-55.694406	-50.130593	General
5DOK:ChainA:PHE294	-77.387806	-32.463112	General
5DOK:ChainA:GLN295	-63.934939	-43.873848	General
5DOK:ChainA:ASN296	-54.505261	-40.789148	General
5DOK:ChainA:ILE297	-59.072215	-42.627596	General
5DOK:ChainA:LEU298	-67.840166	-40.400976	General
5DOK:ChainA:ASP299	-58.580572	-44.643420	General
5DOK:ChainA:ILE300	-68.203205	-45.493145	General
5DOK:ChainA:ALA301	-58.827242	-47.362975	General
5DOK:ChainA:THR302	-56.911905	-47.663029	General
5DOK:ChainA:LYS303	-68.242761	-41.001463	General
5DOK:ChainA:THR304	-57.745279	-45.776541	General
5DOK:ChainA:VAL305	-77.268388	-40.581877	General
5DOK:ChainA:LYS306	-58.392044	-43.619864	General
5DOK:ChainA:ASP307	-68.464124	-23.756080	General
5DOK:ChainA:ARG308	-68.741103	-29.227768	General
5DOK:ChainA:GLY309	59.383819	-139.554760	Glycine
5DOK:ChainA:ALA310	-63.056592	-22.457837	General
5DOK:ChainA:LEU311	-67.224564	-31.857863	General
5DOK:ChainA:GLY312	65.597166	-168.933000	Glycine
5DOK:ChainA:CYS313	-155.607807	177.309993	General
5DOK:ChainA:ASN314	-119.216104	-176.387896	General
5DOK:ChainA:TYR315	-70.461057	-41.839002	General
5DOK:ChainA:LYS316	-61.613927	-44.295028	General
5DOK:ChainA:TYR317	-58.155236	-53.370951	General
5DOK:ChainA:LEU318	-57.074459	-45.037980	General
5DOK:ChainA:LYS319	-57.510006	-51.158710	General
5DOK:ChainA:ASP320	-59.405373	-39.133429	General
5DOK:ChainA:LYS321	-69.883784	-46.688174	General
5DOK:ChainA:LEU322	-55.416585	-54.083840	General
5DOK:ChainA:THR323	-56.528371	-46.307157	General
5DOK:ChainA:LYS324	-60.062001	-39.079784	General
5DOK:ChainA:ALA325	-82.277033	-23.585262	General
5DOK:ChainA:LEU326	-76.780446	-39.353663	General
5DOK:ChainA:ASN327	53.619757	60.722909	General
5DOK:ChainA:LEU328	-98.294547	64.634901	General
5DOK:ChainA:GLN329	-73.047780	-22.842268	General
5DOK:ChainA:GLN330	-67.477687	1.814960	General
5DOK:ChainA:ILE331	-103.334665	-47.260630	General
5DOK:ChainA:SER332	97.471595	-2.087691	General
5DOK:ChainA:TYR333	-140.661976	154.185784	Pre-Pro
5DOK:ChainA:PRO334	-73.572960	146.132211	Proline
5DOK:ChainA:LEU335	-86.650138	-15.596785	General
5DOK:ChainA:ILE336	-90.103329	104.191560	General
5DOK:ChainA:SER337	-90.149190	166.207922	General
5DOK:ChainA:GLU338	-58.448731	-45.467215	General
5DOK:ChainA:SER339	-64.058411	-34.547055	General
5DOK:ChainA:TYR340	-65.320424	-40.264157	General
5DOK:ChainA:ILE341	-62.896174	-45.436365	General
5DOK:ChainA:SER342	-61.152290	-36.671784	General
5DOK:ChainA:TYR343	-63.011679	-43.250569	General
5DOK:ChainA:LEU344	-61.720386	-45.541695	General
5DOK:ChainA:VAL345	-60.315922	-49.468921	General
5DOK:ChainA:HIS346	-60.940951	-39.307498	General
5DOK:ChainA:LEU347	-58.296839	-51.678473	General
5DOK:ChainA:PHE348	-54.537681	-40.008669	General
5DOK:ChainA:GLN349	-66.180689	-37.761294	General
5DOK:ChainA:ASP350	-67.187587	-20.090306	General
5DOK:ChainA:PHE351	-100.919004	16.932676	General
5DOK:ChainA:ASN352	63.541341	17.880679	General
5DOK:ChainA:ILE353	-87.570984	-30.500502	General
5DOK:ChainA:ILE354	-131.157403	140.757608	General
5DOK:ChainA:GLU355	-106.992455	127.121493	General
5DOK:ChainA:ILE356	-99.648858	131.521198	General
5DOK:ChainA:GLU357	-81.180597	137.109856	General
5DOK:ChainA:ASN358	-82.153578	-8.493724	General
5DOK:ChainA:GLU359	-72.274728	146.279577	General
5DOK:ChainA:HIS360	-138.591239	148.758511	General
5DOK:ChainA:LYS361	-90.619985	147.411021	General
5DOK:ChainA:PHE362	-140.443949	156.585582	General
5DOK:ChainA:TYR363	-131.121155	141.499035	General
5DOK:ChainA:TYR364	-62.624826	128.587236	General
5DOK:ChainA:LYS365	-75.958574	105.638549	General
5DOK:ChainA:GLN366	-71.903775	109.637471	General
5DOK:ChainB:LEU179	-58.550433	-49.738025	General
5DOK:ChainB:LYS180	-59.783340	-40.630612	General
5DOK:ChainB:TYR181	-67.554930	-37.834553	General
5DOK:ChainB:LYS182	-65.479775	-41.820983	General
5DOK:ChainB:GLU183	-57.710542	-46.154727	General
5DOK:ChainB:LEU184	-62.461242	-44.046577	General
5DOK:ChainB:ILE185	-64.389616	-47.430599	General
5DOK:ChainB:ALA186	-59.795991	-41.840073	General
5DOK:ChainB:GLY187	-58.839895	-41.033180	Glycine
5DOK:ChainB:GLU188	-65.806671	-43.628526	General
5DOK:ChainB:LEU189	-65.382561	-35.186767	General
5DOK:ChainB:MET190	-62.462593	-48.418379	General
5DOK:ChainB:ARG191	-56.320667	-56.450510	General
5DOK:ChainB:ILE192	-52.422435	-46.001339	General
5DOK:ChainB:THR193	-65.857823	-44.190950	General
5DOK:ChainB:HIS194	-62.221292	-44.156737	General
5DOK:ChainB:LYS195	-54.288581	-44.633595	General
5DOK:ChainB:LEU196	-71.474840	-43.954887	General
5DOK:ChainB:LEU197	-49.360785	-50.918279	General
5DOK:ChainB:ILE198	-68.332675	-41.323874	General
5DOK:ChainB:GLN199	-56.519614	-47.926650	General
5DOK:ChainB:LYS200	-70.587196	-41.759319	General
5DOK:ChainB:LEU201	-52.196635	-52.760609	General
5DOK:ChainB:GLN202	-76.411368	-13.080024	General
5DOK:ChainB:GLN203	-63.881737	-14.138456	General
5DOK:ChainB:GLN204	-103.985971	-59.154971	General
5DOK:ChainB:LYS227	-56.113824	-44.789540	General
5DOK:ChainB:GLU228	-104.601736	161.276427	General
5DOK:ChainB:VAL229	-125.338690	116.231609	General
5DOK:ChainB:ILE230	-111.382819	129.881672	General
5DOK:ChainB:ILE231	-117.574946	138.561083	General
5DOK:ChainB:LYS232	-89.500988	150.625164	General
5DOK:ChainB:ILE233	-64.437256	-25.422528	General
5DOK:ChainB:GLN234	-71.095877	-29.781397	General
5DOK:ChainB:GLU235	-78.184435	-32.697978	General
5DOK:ChainB:ILE236	-66.941810	-41.429911	General
5DOK:ChainB:ALA237	-57.268704	-28.927203	General
5DOK:ChainB:LYS238	-75.486109	63.383793	General
5DOK:ChainB:ASP239	-147.869230	122.889747	General
5DOK:ChainB:GLN240	-63.376906	-41.622945	General
5DOK:ChainB:GLN241	-68.456044	-34.762832	General
5DOK:ChainB:LEU242	-60.038532	-47.115413	General
5DOK:ChainB:TYR243	-61.573471	-49.726639	General
5DOK:ChainB:ASP244	-63.523851	-33.546909	General
5DOK:ChainB:THR245	-71.039542	-46.130346	General
5DOK:ChainB:LEU246	-64.529041	-33.114943	General
5DOK:ChainB:SER247	-65.591754	-20.223076	General
5DOK:ChainB:ILE248	-51.681786	-54.038074	General
5DOK:ChainB:GLN249	-105.117295	-17.899247	General
5DOK:ChainB:TYR250	-128.359223	153.514361	General
5DOK:ChainB:GLN251	-89.329229	112.300766	General
5DOK:ChainB:VAL252	-126.965933	33.879303	General
5DOK:ChainB:ASP253	-70.314687	-41.101533	General
5DOK:ChainB:GLN254	-78.941482	127.969360	General
5DOK:ChainB:LYS255	-40.475212	-53.974969	General
5DOK:ChainB:GLU256	-61.291223	-40.942403	General
5DOK:ChainB:GLN257	-68.968734	-41.728549	General
5DOK:ChainB:TYR258	-58.443097	-47.658378	General
5DOK:ChainB:TYR259	-61.600867	-40.838740	General
5DOK:ChainB:ALA260	-56.567839	-46.505138	General
5DOK:ChainB:LYS261	-69.858851	-34.954337	General
5DOK:ChainB:ILE262	-62.480571	-45.457411	General
5DOK:ChainB:ALA263	-60.990208	-39.718936	General
5DOK:ChainB:GLN264	-64.035943	-47.359110	General
5DOK:ChainB:SER265	-64.431858	-34.652310	General
5DOK:ChainB:LEU266	-73.407070	-16.867528	General
5DOK:ChainB:GLU267	-52.427604	-40.291720	General
5DOK:ChainB:ASP268	-64.679605	-31.291606	General
5DOK:ChainB:PHE269	-70.018396	-36.814207	General
5DOK:ChainB:VAL270	-62.121865	-46.340719	General
5DOK:ChainB:SER271	-66.047701	-23.507415	General
5DOK:ChainB:ILE272	-95.219540	3.701919	General
5DOK:ChainB:SER273	66.695135	18.532772	General
5DOK:ChainB:ALA274	-67.772993	-32.568139	General
5DOK:ChainB:LEU275	-131.847331	167.805479	General
5DOK:ChainB:LYS276	-144.074217	126.846601	General
5DOK:ChainB:MET277	-76.871360	125.314729	General
5DOK:ChainB:VAL278	-113.778657	-12.520692	General
5DOK:ChainB:SER279	-138.165043	127.379047	General
5DOK:ChainB:TYR280	-112.750539	-12.763744	General
5DOK:ChainB:ILE281	-115.606894	113.626991	General
5DOK:ChainB:TYR282	-60.275502	135.720601	Pre-Pro
5DOK:ChainB:PRO283	-75.498031	-6.638211	Proline
5DOK:ChainB:ASN284	-100.032216	89.243818	General
5DOK:ChainB:ILE285	-116.020395	116.638834	General
5DOK:ChainB:SER286	-147.526684	159.599595	General
5DOK:ChainB:TYR287	-131.625262	143.736865	General
5DOK:ChainB:GLN288	-92.736060	132.414168	General
5DOK:ChainB:VAL289	-98.395636	140.966620	General
5DOK:ChainB:SER290	-79.877353	108.398396	General
5DOK:ChainB:ILE291	-68.212439	-34.316434	General
5DOK:ChainB:GLY292	-70.328924	-33.196520	Glycine
5DOK:ChainB:PHE293	-58.618303	-47.470270	General
5DOK:ChainB:PHE294	-77.156048	-29.779479	General
5DOK:ChainB:GLN295	-68.415253	-39.279409	General
5DOK:ChainB:ASN296	-57.422031	-37.847812	General
5DOK:ChainB:ILE297	-64.484092	-39.463375	General
5DOK:ChainB:LEU298	-65.444679	-43.044175	General
5DOK:ChainB:ASP299	-60.155920	-43.376313	General
5DOK:ChainB:ILE300	-65.899217	-45.093134	General
5DOK:ChainB:ALA301	-62.105682	-43.675337	General
5DOK:ChainB:THR302	-60.414068	-43.924779	General
5DOK:ChainB:LYS303	-64.434789	-45.565932	General
5DOK:ChainB:THR304	-59.231369	-46.146934	General
5DOK:ChainB:VAL305	-73.776600	-41.817990	General
5DOK:ChainB:LYS306	-61.215334	-40.889506	General
5DOK:ChainB:ASP307	-68.480938	-26.768359	General
5DOK:ChainB:ARG308	-73.625777	-22.645398	General
5DOK:ChainB:GLY309	53.869882	-135.092490	Glycine
5DOK:ChainB:ALA310	-65.988359	-14.917824	General
5DOK:ChainB:LEU311	-71.396588	-35.844728	General
5DOK:ChainB:GLY312	68.965749	-170.729850	Glycine
5DOK:ChainB:CYS313	-154.639240	178.674079	General
5DOK:ChainB:ASN314	-121.915979	-175.028264	General
5DOK:ChainB:TYR315	-69.005712	-40.651377	General
5DOK:ChainB:LYS316	-63.151772	-47.061264	General
5DOK:ChainB:TYR317	-53.572187	-51.565581	General
5DOK:ChainB:LEU318	-63.356395	-45.155166	General
5DOK:ChainB:LYS319	-52.236698	-52.827107	General
5DOK:ChainB:ASP320	-64.163096	-37.381584	General
5DOK:ChainB:LYS321	-74.238411	-38.011179	General
5DOK:ChainB:LEU322	-58.836332	-51.650124	General
5DOK:ChainB:THR323	-56.896849	-44.081899	General
5DOK:ChainB:LYS324	-63.694463	-42.387198	General
5DOK:ChainB:ALA325	-70.296812	-34.999348	General
5DOK:ChainB:LEU326	-72.006006	-41.009904	General
5DOK:ChainB:ASN327	56.898930	61.205337	General
5DOK:ChainB:LEU328	-102.279637	58.539437	General
5DOK:ChainB:GLN329	-70.166622	-16.760613	General
5DOK:ChainB:GLN330	-61.420091	-12.912200	General
5DOK:ChainB:ILE331	-99.691074	-42.289387	General
5DOK:ChainB:SER332	92.003274	-3.999338	General
5DOK:ChainB:TYR333	-137.865710	151.156965	Pre-Pro
5DOK:ChainB:PRO334	-71.778776	141.436093	Proline
5DOK:ChainB:LEU335	-86.136832	-9.933309	General
5DOK:ChainB:ILE336	-95.380123	107.730803	General
5DOK:ChainB:SER337	-94.348925	171.550555	General
5DOK:ChainB:GLU338	-59.042111	-46.442620	General
5DOK:ChainB:SER339	-65.813972	-33.547335	General
5DOK:ChainB:TYR340	-66.936207	-41.925204	General
5DOK:ChainB:ILE341	-61.956169	-43.481939	General
5DOK:ChainB:SER342	-69.156815	-34.164608	General
5DOK:ChainB:TYR343	-57.350389	-44.223745	General
5DOK:ChainB:LEU344	-66.277825	-40.163010	General
5DOK:ChainB:VAL345	-61.939744	-48.268544	General
5DOK:ChainB:HIS346	-64.655051	-40.220118	General
5DOK:ChainB:LEU347	-52.050802	-51.169495	General
5DOK:ChainB:PHE348	-60.139979	-38.666174	General
5DOK:ChainB:GLN349	-64.479833	-40.934417	General
5DOK:ChainB:ASP350	-67.871037	-19.102067	General
5DOK:ChainB:PHE351	-97.909340	15.700575	General
5DOK:ChainB:ASN352	62.842043	17.963451	General
5DOK:ChainB:ILE353	-87.223316	-28.007245	General
5DOK:ChainB:ILE354	-135.376240	135.828457	General
5DOK:ChainB:GLU355	-100.042084	129.720258	General
5DOK:ChainB:ILE356	-102.622524	131.708662	General
5DOK:ChainB:GLU357	-81.941076	133.431465	General
5DOK:ChainB:ASN358	-80.061990	-4.235343	General
5DOK:ChainB:GLU359	-75.135308	140.522694	General
5DOK:ChainB:HIS360	-133.492984	148.328596	General
5DOK:ChainB:LYS361	-93.422139	146.524629	General
5DOK:ChainB:PHE362	-138.578373	156.877313	General
5DOK:ChainB:TYR363	-133.067805	144.270015	General
5DOK:ChainB:TYR364	-66.495351	133.385989	General
5DOK:ChainB:LYS365	-83.709887	98.596894	General
