5DS9:ChainA:ASP9	-99.640292	110.486331	General
5DS9:ChainA:VAL10	-72.276199	-28.930490	General
5DS9:ChainA:LEU11	-113.388755	95.002954	General
5DS9:ChainA:THR12	-127.963156	159.822059	General
5DS9:ChainA:VAL13	-123.520210	164.736323	General
5DS9:ChainA:SER14	-94.051282	133.956287	General
5DS9:ChainA:THR15	-122.659077	155.993422	General
5DS9:ChainA:VAL16	-124.719690	138.933767	General
5DS9:ChainA:ASN17	-99.259051	-177.342353	General
5DS9:ChainA:SER18	-65.317794	-15.283505	General
5DS9:ChainA:GLN19	-100.030334	17.668615	General
5DS9:ChainA:ASP20	59.326748	23.182932	General
5DS9:ChainA:GLN21	-90.990164	134.850449	General
5DS9:ChainA:VAL22	-98.083994	143.548874	General
5DS9:ChainA:THR23	-153.303791	141.387476	General
5DS9:ChainA:GLN24	-75.079320	154.600771	General
5DS9:ChainA:LYS25	-147.713943	145.292425	Pre-Pro
5DS9:ChainA:PRO26	-59.639343	142.554045	Proline
5DS9:ChainA:LEU27	-53.774666	-32.563428	General
5DS9:ChainA:ARG28	-62.601991	-22.458307	General
5DS9:ChainA:ASP29	-72.325043	-40.906570	General
5DS9:ChainA:SER30	-59.503021	-54.381486	General
5DS9:ChainA:VAL31	-52.613752	-44.032614	General
5DS9:ChainA:LYS32	-64.570198	-44.894824	General
5DS9:ChainA:GLN33	-58.559108	-50.593923	General
5DS9:ChainA:ALA34	-54.067085	-45.129193	General
5DS9:ChainA:LEU35	-65.939632	-42.481096	General
5DS9:ChainA:LYS36	-57.690387	-40.416120	General
5DS9:ChainA:ASN37	-66.879951	-42.923063	General
5DS9:ChainA:TYR38	-58.030738	-54.748122	General
5DS9:ChainA:PHE39	-61.590279	-33.027114	General
5DS9:ChainA:ALA40	-70.177798	-42.704394	General
5DS9:ChainA:GLN41	-63.971480	-40.668176	General
5DS9:ChainA:LEU42	-86.546499	133.437292	General
5DS9:ChainA:ASN43	-105.588765	84.059219	General
5DS9:ChainA:GLY44	67.772170	8.080207	Glycine
5DS9:ChainA:GLN45	-63.890711	155.176626	General
5DS9:ChainA:ASP46	-88.667115	138.395670	General
5DS9:ChainA:VAL47	-92.403005	146.393214	General
5DS9:ChainA:ASN48	-131.697265	-40.701403	General
5DS9:ChainA:ASP49	-132.506870	50.245682	General
5DS9:ChainA:LEU50	-66.258305	-30.327929	General
5DS9:ChainA:TYR51	-69.655491	-49.582811	General
5DS9:ChainA:GLU52	-60.735648	-40.302154	General
5DS9:ChainA:LEU53	-51.243530	-61.362336	General
5DS9:ChainA:VAL54	-66.744691	-42.137818	General
5DS9:ChainA:LEU55	-60.701174	-39.004182	General
5DS9:ChainA:ALA56	-69.856164	-38.035795	General
5DS9:ChainA:GLU57	-64.831953	-20.189605	General
5DS9:ChainA:VAL58	-108.158446	-36.549587	General
5DS9:ChainA:GLU59	-65.012061	-35.470764	General
5DS9:ChainA:GLN60	-64.943305	-55.178303	Pre-Pro
5DS9:ChainA:PRO61	-65.850395	-24.398307	Proline
5DS9:ChainA:LEU62	-65.853606	-55.129831	General
5DS9:ChainA:LEU63	-55.133045	-45.164011	General
5DS9:ChainA:ASP64	-60.686400	-46.298788	General
5DS9:ChainA:MET65	-68.671989	-36.698594	General
5DS9:ChainA:VAL66	-76.384797	-31.318353	General
5DS9:ChainA:MET67	-69.435406	-37.526674	General
5DS9:ChainA:GLN68	-64.075252	-51.101979	General
5DS9:ChainA:TYR69	-54.605535	-35.709792	General
5DS9:ChainA:THR70	-99.364370	16.606025	General
5DS9:ChainA:ARG71	47.058443	35.560742	General
5DS9:ChainA:GLY72	97.491935	-5.826166	Glycine
5DS9:ChainA:ASN73	-74.303415	100.754036	General
5DS9:ChainA:GLN74	-64.653878	-36.271843	General
5DS9:ChainA:THR75	-64.029348	-41.611011	General
5DS9:ChainA:ARG76	-74.010725	-38.516157	General
5DS9:ChainA:ALA77	-56.014312	-50.231464	General
5DS9:ChainA:ALA78	-62.286540	-40.337195	General
5DS9:ChainA:LEU79	-63.919807	-48.472001	General
5DS9:ChainA:MET80	-51.873737	-51.671875	General
5DS9:ChainA:MET81	-69.998663	-27.406841	General
5DS9:ChainA:GLY82	86.118313	24.830008	Glycine
5DS9:ChainA:ILE83	-118.393141	169.898093	General
5DS9:ChainA:ASN84	-75.094268	145.663117	General
5DS9:ChainA:ARG85	-57.276581	-35.547714	General
5DS9:ChainA:GLY86	-65.933544	-49.024776	Glycine
5DS9:ChainA:THR87	-50.957090	-42.009646	General
5DS9:ChainA:LEU88	-66.220568	-44.464837	General
5DS9:ChainA:ARG89	-60.550836	-49.780923	General
5DS9:ChainA:LYS90	-49.719644	-51.329122	General
5DS9:ChainA:LYS91	-62.217228	-39.741128	General
5DS9:ChainA:LEU92	-61.805442	-44.579195	General
5DS9:ChainA:LYS93	-53.905834	-50.168059	General
5DS9:ChainA:LYS94	-50.028935	-44.179438	General
5DS9:ChainA:TYR95	-101.177628	16.111096	General
5DS9:ChainA:GLY96	46.446107	57.567651	Glycine
5DS9:ChainA:MET97	-129.455729	75.740514	General
5DS9:ChainB:PHE2	-113.735373	119.197518	General
5DS9:ChainB:GLU3	-80.252736	143.196235	General
5DS9:ChainB:GLN4	-68.661620	125.327261	General
5DS9:ChainB:ARG5	-105.104222	111.192240	General
5DS9:ChainB:VAL6	-68.918406	147.865653	General
5DS9:ChainB:ASN7	-48.834640	-35.847819	General
5DS9:ChainB:SER8	-72.661617	-16.873483	General
5DS9:ChainB:ASP9	-102.001616	18.124776	General
5DS9:ChainB:VAL10	-87.933518	-47.813398	General
5DS9:ChainB:LEU11	-104.106058	105.719271	General
5DS9:ChainB:THR12	-126.421159	164.957039	General
5DS9:ChainB:VAL13	-129.454246	138.539240	General
5DS9:ChainB:SER14	-70.904117	130.346227	General
5DS9:ChainB:THR15	-133.723685	165.534544	General
5DS9:ChainB:VAL16	-115.466113	131.473581	General
5DS9:ChainB:ASN17	-108.250168	179.135999	General
5DS9:ChainB:SER18	-56.745227	-15.637697	General
5DS9:ChainB:GLN19	-110.037161	26.887404	General
5DS9:ChainB:ASP20	45.089953	48.573735	General
5DS9:ChainB:GLN21	-112.327271	140.936405	General
5DS9:ChainB:VAL22	-87.033309	122.541688	General
5DS9:ChainB:THR23	-133.110600	151.484165	General
5DS9:ChainB:GLN24	-89.930093	122.927334	General
5DS9:ChainB:LYS25	-115.793010	150.502289	Pre-Pro
5DS9:ChainB:PRO26	-52.840843	150.364065	Proline
5DS9:ChainB:LEU27	-62.857202	-32.958551	General
5DS9:ChainB:ARG28	-39.719527	-43.797179	General
5DS9:ChainB:ASP29	-73.309929	-36.769720	General
5DS9:ChainB:SER30	-59.397147	-49.876686	General
5DS9:ChainB:VAL31	-59.873468	-39.900609	General
5DS9:ChainB:LYS32	-64.800130	-42.407102	General
5DS9:ChainB:GLN33	-72.906629	-41.916724	General
5DS9:ChainB:ALA34	-57.266840	-44.147863	General
5DS9:ChainB:LEU35	-69.268215	-39.852629	General
5DS9:ChainB:LYS36	-62.796416	-40.284944	General
5DS9:ChainB:ASN37	-70.029475	-35.704385	General
5DS9:ChainB:TYR38	-62.038601	-48.227082	General
5DS9:ChainB:PHE39	-61.591747	-43.668200	General
5DS9:ChainB:ALA40	-62.017001	-30.375526	General
5DS9:ChainB:GLN41	-97.582546	21.001273	General
5DS9:ChainB:LEU42	-86.572359	-49.202201	General
5DS9:ChainB:ASN43	51.212904	53.369666	General
5DS9:ChainB:GLY44	72.250037	11.112548	Glycine
5DS9:ChainB:GLN45	-69.775523	156.310005	General
5DS9:ChainB:ASP46	-92.737453	137.327437	General
5DS9:ChainB:VAL47	-113.194972	143.584425	General
5DS9:ChainB:ASN48	-140.358484	5.280730	General
5DS9:ChainB:ASP49	-133.723060	22.219215	General
5DS9:ChainB:LEU50	-61.300271	-37.138092	General
5DS9:ChainB:TYR51	-65.932253	-49.240891	General
5DS9:ChainB:GLU52	-62.253157	-39.177040	General
5DS9:ChainB:LEU53	-57.520172	-56.281441	General
5DS9:ChainB:VAL54	-63.135925	-41.547065	General
5DS9:ChainB:LEU55	-62.518234	-42.321426	General
5DS9:ChainB:ALA56	-63.410953	-47.847683	General
5DS9:ChainB:GLU57	-59.622123	-18.769658	General
5DS9:ChainB:VAL58	-108.294650	-38.955416	General
5DS9:ChainB:GLU59	-60.309036	-40.235187	General
5DS9:ChainB:GLN60	-60.090527	-52.632285	Pre-Pro
5DS9:ChainB:PRO61	-62.672152	-31.996579	Proline
5DS9:ChainB:LEU62	-65.538476	-48.702131	General
5DS9:ChainB:LEU63	-63.940586	-42.370302	General
5DS9:ChainB:ASP64	-54.707829	-54.375222	General
5DS9:ChainB:MET65	-64.484504	-46.843341	General
5DS9:ChainB:VAL66	-66.036058	-29.400184	General
5DS9:ChainB:MET67	-74.139053	-41.461211	General
5DS9:ChainB:GLN68	-58.634602	-46.061219	General
5DS9:ChainB:TYR69	-58.390214	-41.111782	General
5DS9:ChainB:THR70	-93.544067	4.215967	General
5DS9:ChainB:ARG71	52.156955	55.733860	General
5DS9:ChainB:GLY72	78.799327	-3.759865	Glycine
5DS9:ChainB:ASN73	-79.640141	101.532341	General
5DS9:ChainB:GLN74	-66.144363	-28.917165	General
5DS9:ChainB:THR75	-72.148468	-45.689208	General
5DS9:ChainB:ARG76	-64.189208	-43.616328	General
5DS9:ChainB:ALA77	-59.547300	-45.517283	General
5DS9:ChainB:ALA78	-65.027848	-39.656549	General
5DS9:ChainB:LEU79	-68.146547	-33.789357	General
5DS9:ChainB:MET80	-85.294874	-25.177084	General
5DS9:ChainB:MET81	-75.744790	-23.495859	General
5DS9:ChainB:GLY82	84.092006	22.375195	Glycine
5DS9:ChainB:ILE83	-121.174002	161.403500	General
5DS9:ChainB:ASN84	-62.655725	145.227594	General
5DS9:ChainB:ARG85	-61.127123	-35.587305	General
5DS9:ChainB:GLY86	-67.520848	-40.469427	Glycine
5DS9:ChainB:THR87	-59.474315	-41.489276	General
5DS9:ChainB:LEU88	-66.950593	-41.470545	General
5DS9:ChainB:ARG89	-64.658012	-49.623494	General
5DS9:ChainB:LYS90	-42.780528	-55.459312	General
5DS9:ChainB:LYS91	-60.669111	-46.753492	General
5DS9:ChainB:LEU92	-53.847239	-44.944935	General
5DS9:ChainB:LYS93	-60.934580	-47.459122	General
5DS9:ChainB:LYS94	-50.588362	-36.223187	General
5DS9:ChainB:TYR95	-106.796842	18.903255	General
5DS9:ChainB:GLY96	53.258462	38.006184	Glycine
5DS9:ChainB:MET97	-111.926730	41.577944	General
