5DY7:ChainA:MET628	-127.004250	172.944108	General
5DY7:ChainA:GLN629	-82.506675	147.823182	General
5DY7:ChainA:LEU630	-73.819690	-47.826732	General
5DY7:ChainA:THR631	-58.785982	-49.822942	Pre-Pro
5DY7:ChainA:PRO632	-62.031416	-34.450984	Proline
5DY7:ChainA:PHE633	-62.895841	-44.037462	General
5DY7:ChainA:LEU634	-67.162670	-35.685752	General
5DY7:ChainA:ILE635	-59.243944	-42.331352	General
5DY7:ChainA:LEU636	-65.839763	-42.269857	General
5DY7:ChainA:LEU637	-63.993867	-36.390700	General
5DY7:ChainA:ARG638	-63.435011	-46.299809	General
5DY7:ChainA:LYS639	-60.754212	-44.322650	General
5DY7:ChainA:THR640	-63.682775	-43.699390	General
5DY7:ChainA:LEU641	-60.503492	-39.462103	General
5DY7:ChainA:GLU642	-63.689814	-40.505563	General
5DY7:ChainA:GLN643	-66.072125	-36.948296	General
5DY7:ChainA:LEU644	-65.971216	-42.913348	General
5DY7:ChainA:GLN645	-62.457411	-34.585807	General
5DY7:ChainA:GLU646	-61.671167	-27.939288	General
5DY7:ChainA:LYS647	-76.729333	-16.928413	General
5DY7:ChainA:ASP648	-93.093179	75.927388	General
5DY7:ChainA:THR649	-69.537076	-31.327360	General
5DY7:ChainA:GLY650	-73.425823	-8.193620	Glycine
5DY7:ChainA:ASN651	55.527402	36.725050	General
5DY7:ChainA:ILE652	-85.575450	-8.871445	General
5DY7:ChainA:PHE653	-116.817674	9.564205	General
5DY7:ChainA:SER654	-77.392298	-27.084928	General
5DY7:ChainA:GLU655	-134.642982	161.741548	Pre-Pro
5DY7:ChainA:PRO656	-54.420925	143.566315	Proline
5DY7:ChainA:VAL657	-54.969979	125.785659	Pre-Pro
5DY7:ChainA:PRO658	-72.401883	111.746753	Proline
5DY7:ChainA:LEU659	-63.051817	-20.276510	General
5DY7:ChainA:SER660	-62.244844	-38.738393	General
5DY7:ChainA:GLU661	-95.321121	-18.550346	General
5DY7:ChainA:VAL662	-127.952474	69.042813	Pre-Pro
5DY7:ChainA:PRO663	-69.100304	-14.580979	Proline
5DY7:ChainA:ASP664	-99.091103	7.438270	General
5DY7:ChainA:TYR665	-55.860918	-37.670893	General
5DY7:ChainA:LEU666	-80.913378	3.525621	General
5DY7:ChainA:ASP667	-63.858365	-41.528746	General
5DY7:ChainA:HIS668	-129.632999	2.828390	General
5DY7:ChainA:ILE669	-98.036877	103.050499	General
5DY7:ChainA:LYS670	-85.538965	-24.085437	General
5DY7:ChainA:LYS671	-135.806546	89.166960	Pre-Pro
5DY7:ChainA:PRO672	-59.782821	150.596728	Proline
5DY7:ChainA:MET673	-151.855256	153.475497	General
5DY7:ChainA:ASP674	-163.141857	166.756948	General
5DY7:ChainA:PHE675	-71.092005	-30.407555	General
5DY7:ChainA:PHE676	-66.047099	-44.575260	General
5DY7:ChainA:THR677	-60.544709	-40.193319	General
5DY7:ChainA:MET678	-61.687617	-40.304979	General
5DY7:ChainA:LYS679	-62.210361	-44.355254	General
5DY7:ChainA:GLN680	-59.742604	-43.418328	General
5DY7:ChainA:ASN681	-63.595367	-42.844271	General
5DY7:ChainA:LEU682	-55.489469	-53.799709	General
5DY7:ChainA:GLU683	-69.625960	-18.772333	General
5DY7:ChainA:ALA684	-85.709614	9.087291	General
5DY7:ChainA:TYR685	62.443107	33.933010	General
5DY7:ChainA:ARG686	-88.637211	-11.087324	General
5DY7:ChainA:TYR687	-113.487090	97.588739	General
5DY7:ChainA:LEU688	-108.248447	5.737141	General
5DY7:ChainA:ASN689	-150.260919	161.850572	General
5DY7:ChainA:PHE690	-64.981365	-37.916657	General
5DY7:ChainA:ASP691	-65.054718	-34.801194	General
5DY7:ChainA:ASP692	-68.217496	-35.928293	General
5DY7:ChainA:PHE693	-65.262606	-49.405887	General
5DY7:ChainA:GLU694	-63.836875	-33.094393	General
5DY7:ChainA:GLU695	-61.263026	-39.122542	General
5DY7:ChainA:ASP696	-74.646366	-33.134205	General
5DY7:ChainA:PHE697	-60.493590	-47.399900	General
5DY7:ChainA:ASN698	-58.670035	-31.370863	General
5DY7:ChainA:LEU699	-65.770348	-40.864026	General
5DY7:ChainA:ILE700	-54.335762	-46.998345	General
5DY7:ChainA:VAL701	-66.937317	-51.427786	General
5DY7:ChainA:SER702	-68.582661	-36.133643	General
5DY7:ChainA:ASN703	-59.990294	-39.835599	General
5DY7:ChainA:CYS704	-71.970860	-42.755672	General
5DY7:ChainA:LEU705	-60.888481	-36.870293	General
5DY7:ChainA:LYS706	-69.824095	-48.362483	General
5DY7:ChainA:TYR707	-72.507047	-39.279332	General
5DY7:ChainA:ASN708	-99.830738	145.487063	General
5DY7:ChainA:ALA709	-68.291838	156.540765	General
5DY7:ChainA:LYS710	-65.069760	-26.995517	General
5DY7:ChainA:ASP711	-88.775143	22.440753	General
5DY7:ChainA:THR712	-107.926622	154.130271	General
5DY7:ChainA:ILE713	-53.801261	-44.797849	General
5DY7:ChainA:PHE714	-56.581943	-47.786233	General
5DY7:ChainA:TYR715	-61.402850	-44.906864	General
5DY7:ChainA:ARG716	-67.659010	-32.550074	General
5DY7:ChainA:ALA717	-66.229332	-35.552698	General
5DY7:ChainA:ALA718	-67.313817	-39.178296	General
5DY7:ChainA:VAL719	-59.116885	-46.561968	General
5DY7:ChainA:ARG720	-66.095076	-37.872419	General
5DY7:ChainA:LEU721	-65.896423	-38.166056	General
5DY7:ChainA:ARG722	-60.041368	-42.970959	General
5DY7:ChainA:GLU723	-68.440381	-54.320337	General
5DY7:ChainA:GLN724	-69.509699	-39.544404	General
5DY7:ChainA:GLY725	-69.323517	-31.332689	Glycine
5DY7:ChainA:GLY726	-60.139025	-41.386319	Glycine
5DY7:ChainA:ALA727	-66.385343	-38.997529	General
5DY7:ChainA:VAL728	-61.088180	-43.864493	General
5DY7:ChainA:LEU729	-69.638235	-37.922086	General
5DY7:ChainA:ARG730	-62.458100	-43.774338	General
5DY7:ChainA:GLN731	-67.067496	-39.285368	General
5DY7:ChainA:ALA732	-66.100234	-38.344375	General
5DY7:ChainA:ARG733	-66.064426	-37.553460	General
5DY7:ChainA:ARG734	-55.256944	-43.488403	General
5DY7:ChainA:GLN735	-66.427745	-41.245588	General
5DY7:ChainA:ALA736	-63.522507	-38.575017	General
5DY7:ChainA:GLU737	-66.261124	-26.357783	General
5DY7:ChainA:LYS738	-65.537977	-27.044898	General
