5DYR:ChainA:ARG2	-88.460623	-50.920884	General
5DYR:ChainA:CYS3	-103.106519	-37.448596	General
5DYR:ChainA:LEU4	-168.174700	167.036874	General
5DYR:ChainA:ILE5	-109.816772	119.072663	General
5DYR:ChainA:VAL6	-89.319419	-69.867811	General
5DYR:ChainA:PHE7	64.989463	119.051409	General
5DYR:ChainA:ASP8	-150.896649	142.062698	General
5DYR:ChainA:LEU9	-67.218336	-18.510444	General
5DYR:ChainA:ASP10	-58.284898	117.698194	General
5DYR:ChainA:THR11	-57.666377	-41.536843	General
5DYR:ChainA:LYS12	-68.829227	-32.839512	General
5DYR:ChainA:LEU13	-77.791374	-30.433058	General
5DYR:ChainA:LEU14	-77.790344	-61.365686	General
5DYR:ChainA:GLU15	-43.139944	-39.677139	General
5DYR:ChainA:GLN16	-74.891004	-57.528630	General
5DYR:ChainA:HIS17	-77.491670	-49.332642	General
5DYR:ChainA:TYR18	-91.741790	17.575140	General
5DYR:ChainA:HIS19	-62.968619	-11.902114	General
5DYR:ChainA:ASN20	-154.786759	34.332284	General
5DYR:ChainA:SER21	-158.881290	-173.512522	General
5DYR:ChainA:SER22	-144.176602	129.334635	General
5DYR:ChainA:TRP23	-86.477263	-34.856940	General
5DYR:ChainA:ARG24	-74.847200	-63.566470	General
5DYR:ChainA:ASN25	-57.824045	-39.188499	General
5DYR:ChainA:GLY26	-52.075066	-42.840077	Glycine
5DYR:ChainA:TYR27	-78.474417	-25.854972	General
5DYR:ChainA:ALA28	-58.732398	-51.774785	General
5DYR:ChainA:ASP29	-69.989951	-13.376731	General
5DYR:ChainA:ILE30	-63.091402	-61.490043	General
5DYR:ChainA:GLN31	-59.268572	-47.941160	General
5DYR:ChainA:ARG32	-48.394388	-32.309782	General
5DYR:ChainA:VAL33	-95.040309	-40.688375	General
5DYR:ChainA:LEU34	-61.520820	-40.154441	General
5DYR:ChainA:TYR35	-53.552841	-62.309381	General
5DYR:ChainA:ARG36	-43.632669	-52.375959	General
5DYR:ChainA:HIS37	-63.113146	-1.099706	General
5DYR:ChainA:ARG38	52.554545	37.659329	General
5DYR:ChainA:PHE39	-58.649026	125.477124	General
5DYR:ChainA:ASN40	-99.257385	53.262857	General
5DYR:ChainA:ASN41	46.125041	22.610458	General
5DYR:ChainA:ILE42	-59.937921	-50.004261	General
5DYR:ChainA:GLN43	-177.599501	141.171017	General
5DYR:ChainA:GLY44	67.245106	178.766847	Glycine
5DYR:ChainA:THR45	-126.467206	155.659067	General
5DYR:ChainA:VAL46	-115.266025	134.899094	General
5DYR:ChainA:TYR47	-128.510953	118.310462	General
5DYR:ChainA:LEU48	-100.236423	174.445861	General
5DYR:ChainA:SER49	-104.201657	-160.665255	General
5DYR:ChainA:GLU50	-69.641051	-40.140501	General
5DYR:ChainA:ARG51	-75.714595	-33.831870	General
5DYR:ChainA:GLY52	130.957905	-128.266107	Glycine
5DYR:ChainA:VAL53	-71.425906	141.957118	General
5DYR:ChainA:ARG54	-105.059872	150.571023	General
5DYR:ChainA:GLN55	-48.436586	-63.263649	General
5DYR:ChainA:ALA56	-50.792213	-75.155082	General
5DYR:ChainA:HIS57	-56.276284	-46.865729	General
5DYR:ChainA:GLY58	-42.010782	-52.265776	Glycine
5DYR:ChainA:THR59	-68.316853	-34.032843	General
5DYR:ChainA:LEU60	-62.810912	-40.905111	General
5DYR:ChainA:ALA61	-56.824807	-30.772130	General
5DYR:ChainA:LEU62	-66.818942	-42.693603	General
5DYR:ChainA:GLN63	-69.103538	-32.358038	General
5DYR:ChainA:GLU64	-53.536982	-55.953454	General
5DYR:ChainA:VAL65	-61.639241	-2.706377	General
5DYR:ChainA:ALA66	-98.504484	-39.544296	General
5DYR:ChainA:ILE67	-48.445990	-50.074711	General
5DYR:ChainA:ARG68	-63.969339	-53.306968	General
5DYR:ChainA:PHE69	-113.100139	110.929574	General
5DYR:ChainA:GLN70	-66.287329	-43.169568	General
5DYR:ChainA:TRP71	-61.517222	-29.343483	General
5DYR:ChainA:PHE72	-58.376950	-21.838177	General
5DYR:ChainA:ASP73	-61.524379	-48.448624	General
5DYR:ChainA:LYS74	-49.386841	-45.192406	General
5DYR:ChainA:CYS75	-58.050277	-39.180271	General
5DYR:ChainA:VAL76	-67.081495	-40.891817	General
5DYR:ChainA:SER77	-57.357638	-51.795875	General
5DYR:ChainA:ASN78	-79.925979	-12.530126	General
5DYR:ChainA:VAL79	-129.321324	99.793880	General
5DYR:ChainA:GLN80	-86.128928	-40.764031	General
5DYR:ChainA:PHE81	-112.937467	125.118639	General
5DYR:ChainA:TYR82	-130.876546	117.439466	General
5DYR:ChainA:ASP83	-88.294367	109.772204	General
5DYR:ChainA:LEU84	-75.704675	-177.570008	General
5DYR:ChainA:SER85	-137.583516	141.513055	General
5DYR:ChainA:ASP86	-77.231091	154.178257	General
5DYR:ChainA:ASP87	57.764576	37.485923	General
5DYR:ChainA:PHE88	-139.717781	118.370577	General
5DYR:ChainA:ASN89	-56.543159	166.335286	General
5DYR:ChainA:ALA90	-58.540567	-45.509658	General
5DYR:ChainA:GLN91	-32.120409	-60.264619	General
5DYR:ChainA:PHE92	-60.228669	-38.584341	General
5DYR:ChainA:ILE93	-60.483793	-35.116338	General
5DYR:ChainA:ILE94	-65.371322	-40.889521	General
5DYR:ChainA:ASP95	-67.694216	-23.038755	General
5DYR:ChainA:GLY96	-79.033812	-42.584534	Glycine
5DYR:ChainA:VAL97	-73.050803	-23.929973	General
5DYR:ChainA:THR98	-62.760744	-50.843639	General
5DYR:ChainA:GLN99	-55.922924	-41.015169	General
5DYR:ChainA:ALA100	-63.832317	-52.848689	General
5DYR:ChainA:ARG101	-49.002032	-64.048570	General
5DYR:ChainA:GLU102	-42.206822	-48.453727	General
5DYR:ChainA:ALA103	-56.384115	-49.119754	General
5DYR:ChainA:PHE104	-64.769024	-35.184259	General
5DYR:ChainA:GLU105	-63.055881	-19.253187	General
5DYR:ChainA:ARG106	-78.347145	-27.850851	General
5DYR:ChainA:ARG107	-82.727942	-31.894811	General
5DYR:ChainA:ILE108	-58.749423	-49.528694	General
5DYR:ChainA:GLY109	-46.405406	-42.994130	Glycine
5DYR:ChainA:MET110	-71.899125	-39.410737	General
5DYR:ChainA:LEU111	-70.800983	-23.670689	General
5DYR:ChainA:ARG112	-69.942324	-27.781593	General
5DYR:ChainA:HIS113	-88.628095	-25.133722	General
5DYR:ChainA:GLN114	-66.680846	-19.552431	General
5DYR:ChainA:LEU115	-91.464106	-24.057426	General
5DYR:ChainA:LEU116	-67.527554	-34.788952	General
5DYR:ChainA:ASP117	-81.119378	-13.308864	General
5DYR:ChainA:ALA118	-77.299663	-56.197122	General
5DYR:ChainA:GLY119	154.321988	-36.348847	Glycine
5DYR:ChainA:LEU120	-26.878106	159.011205	General
5DYR:ChainA:THR121	-101.640155	158.336387	General
5DYR:ChainA:SER122	-28.533847	-45.001975	General
5DYR:ChainA:GLU123	-81.362012	-36.905012	General
5DYR:ChainA:LYS124	-70.968785	-28.254738	General
5DYR:ChainA:ILE125	-67.487300	-41.338618	General
5DYR:ChainA:GLU126	-71.705510	-18.559669	General
5DYR:ChainA:GLU127	-78.618768	-59.459430	General
5DYR:ChainA:ILE128	-56.477901	-33.617023	General
5DYR:ChainA:ILE129	-64.542943	-57.800001	General
5DYR:ChainA:GLY130	-66.785296	-4.053240	Glycine
5DYR:ChainA:GLN131	-91.003723	-56.433460	General
5DYR:ChainA:GLN132	-58.239894	-43.109133	General
5DYR:ChainA:LYS133	48.169459	68.616936	General
5DYR:ChainA:PHE134	-105.880397	141.204662	General
5DYR:ChainA:SER135	-139.329529	150.513125	General
5DYR:ChainA:LEU136	-74.567029	156.053969	General
5DYR:ChainA:GLU137	-64.389536	-57.730798	General
5DYR:ChainA:ASN138	-106.885335	71.715176	General
