5E0U:ChainA:PHE2	-125.696189	131.003539	General
5E0U:ChainA:GLU3	-149.458620	115.509181	General
5E0U:ChainA:ALA4	-134.141850	132.281565	General
5E0U:ChainA:ARG5	-117.845837	123.597022	General
5E0U:ChainA:LEU6	-121.978378	114.611796	General
5E0U:ChainA:VAL7	-65.401660	-34.955019	General
5E0U:ChainA:GLN8	-87.068611	69.131202	General
5E0U:ChainA:GLY9	-60.237430	-28.476179	Glycine
5E0U:ChainA:SER10	-57.847985	-26.356079	General
5E0U:ChainA:ILE11	-56.712193	-46.148527	General
5E0U:ChainA:LEU12	-73.157500	-28.144764	General
5E0U:ChainA:LYS13	-62.395642	-47.168290	General
5E0U:ChainA:LYS14	-63.977322	-38.682920	General
5E0U:ChainA:VAL15	-62.890703	-36.614769	General
5E0U:ChainA:LEU16	-84.566695	-25.906310	General
5E0U:ChainA:GLU17	-67.139827	-30.594362	General
5E0U:ChainA:ALA18	-73.686844	-13.108811	General
5E0U:ChainA:LEU19	-117.988021	-36.659799	General
5E0U:ChainA:LYS20	-59.547500	-28.658602	General
5E0U:ChainA:ASP21	-85.481578	-24.737603	General
5E0U:ChainA:LEU22	-90.076550	-37.326762	General
5E0U:ChainA:ILE23	-126.639882	131.572166	General
5E0U:ChainA:ASN24	-89.311307	-29.087569	General
5E0U:ChainA:GLU25	-141.265888	134.445844	General
5E0U:ChainA:ALA26	-147.180846	160.533949	General
5E0U:ChainA:CYS27	-96.191174	131.115832	General
5E0U:ChainA:TRP28	-102.990009	117.415241	General
5E0U:ChainA:ASP29	-99.105640	111.691153	General
5E0U:ChainA:ILE30	-103.464069	133.341166	General
5E0U:ChainA:SER31	-146.972884	-176.044035	General
5E0U:ChainA:SER32	-71.517814	-19.536584	General
5E0U:ChainA:SER33	-81.144864	-35.368700	General
5E0U:ChainA:GLY34	146.625806	-154.926634	Glycine
5E0U:ChainA:VAL35	-105.458955	130.429725	General
5E0U:ChainA:ASN36	-129.024792	138.169349	General
5E0U:ChainA:LEU37	-137.131855	142.449586	General
5E0U:ChainA:GLN38	-143.723738	133.917446	General
5E0U:ChainA:SER39	-161.314700	139.875812	General
5E0U:ChainA:MET40	-87.647210	154.997327	General
5E0U:ChainA:ASP41	-82.521285	167.053805	General
5E0U:ChainA:SER42	-53.490772	-22.847647	General
5E0U:ChainA:SER43	-95.691598	-10.913897	General
5E0U:ChainA:HIS44	68.556327	17.189177	General
5E0U:ChainA:VAL45	-88.036424	-23.002759	General
5E0U:ChainA:SER46	-128.414205	169.477100	General
5E0U:ChainA:LEU47	-150.560640	143.483256	General
5E0U:ChainA:VAL48	-120.049569	139.389037	General
5E0U:ChainA:GLN49	-137.194084	126.605408	General
5E0U:ChainA:LEU50	-111.864839	141.809912	General
5E0U:ChainA:THR51	-141.965328	119.874605	General
5E0U:ChainA:LEU52	-121.805370	109.862028	General
5E0U:ChainA:ARG53	-74.298105	141.116072	General
5E0U:ChainA:SER54	-57.221865	-21.758005	General
5E0U:ChainA:GLU55	-82.833376	-8.109947	General
5E0U:ChainA:GLY56	-80.401533	-18.561641	Glycine
5E0U:ChainA:PHE57	-89.402272	145.996938	General
5E0U:ChainA:ASP58	-59.345479	-42.782631	General
5E0U:ChainA:THR59	-137.911208	147.492097	General
5E0U:ChainA:TYR60	-145.874212	135.558092	General
5E0U:ChainA:ARG61	-145.877709	128.484112	General
5E0U:ChainA:CYS62	-139.630649	113.393712	General
5E0U:ChainA:ASP63	-78.184265	-54.085726	General
5E0U:ChainA:ARG64	-117.229626	144.091487	General
5E0U:ChainA:ASN65	-64.590791	129.781703	General
5E0U:ChainA:LEU66	-125.536177	136.362137	General
5E0U:ChainA:ALA67	-119.845137	107.443930	General
5E0U:ChainA:MET68	-103.632598	121.424944	General
5E0U:ChainA:GLY69	-82.535945	121.877293	Glycine
5E0U:ChainA:VAL70	-131.391471	130.502023	General
5E0U:ChainA:ASN71	-75.020891	114.166832	General
5E0U:ChainA:LEU72	-74.607264	-29.920490	General
5E0U:ChainA:THR73	-57.958411	-41.765396	General
5E0U:ChainA:SER74	-71.833379	-34.626798	General
5E0U:ChainA:MET75	-71.666802	-29.766016	General
5E0U:ChainA:SER76	-72.990959	-41.285896	General
5E0U:ChainA:LYS77	-55.901537	-47.054653	General
5E0U:ChainA:ILE78	-62.977864	-45.593600	General
5E0U:ChainA:LEU79	-75.221930	-21.378030	General
5E0U:ChainA:LYS80	-67.966962	-13.549494	General
5E0U:ChainA:CYS81	-86.536605	6.635705	General
5E0U:ChainA:ALA82	-105.223520	145.057189	General
5E0U:ChainA:GLY83	-86.024316	164.374526	Glycine
5E0U:ChainA:ASN84	-69.824821	-16.215254	General
5E0U:ChainA:GLU85	-111.847689	16.841434	General
5E0U:ChainA:ASP86	-69.144461	144.395210	General
5E0U:ChainA:ILE87	-84.760833	122.301449	General
5E0U:ChainA:ILE88	-108.541642	131.352167	General
5E0U:ChainA:THR89	-120.081594	132.509243	General
5E0U:ChainA:LEU90	-103.391379	145.463106	General
5E0U:ChainA:ARG91	-156.612242	140.363177	General
5E0U:ChainA:ALA92	-142.939414	151.856616	General
5E0U:ChainA:GLU93	-81.705686	170.885488	General
5E0U:ChainA:ASP94	-64.334092	-45.887105	General
5E0U:ChainA:ASN95	-111.618715	82.192068	General
5E0U:ChainA:ALA96	-105.864752	134.004809	General
5E0U:ChainA:ASP97	-96.842992	-5.720380	General
5E0U:ChainA:THR98	-139.411588	165.727609	General
5E0U:ChainA:LEU99	-117.586387	137.031284	General
5E0U:ChainA:ALA100	-101.818022	127.424597	General
5E0U:ChainA:LEU101	-116.893927	121.823751	General
5E0U:ChainA:VAL102	-121.884745	123.746512	General
5E0U:ChainA:PHE103	-110.279973	125.902391	General
5E0U:ChainA:GLU104	-113.694774	127.068982	General
5E0U:ChainA:ALA105	-77.581892	161.664732	Pre-Pro
5E0U:ChainA:PRO106	-73.079414	-2.786404	Proline
5E0U:ChainA:ASN107	-105.273879	-1.120041	General
5E0U:ChainA:GLN108	64.838384	11.638697	General
5E0U:ChainA:GLU109	-104.810218	-14.386619	General
5E0U:ChainA:LYS110	-128.437064	126.397370	General
5E0U:ChainA:VAL111	-140.096747	129.205411	General
5E0U:ChainA:SER112	-116.632835	137.952317	General
5E0U:ChainA:ASP113	-126.196963	119.604261	General
5E0U:ChainA:TYR114	-118.449589	154.380607	General
5E0U:ChainA:GLU115	-141.979280	112.816682	General
5E0U:ChainA:MET116	-104.366707	127.729335	General
5E0U:ChainA:LYS117	-63.890108	137.297708	General
5E0U:ChainA:LEU118	-91.849148	177.831858	General
5E0U:ChainA:MET119	-142.811500	159.668327	General
5E0U:ChainA:ASP120	-81.677609	126.606785	General
5E0U:ChainA:LEU121	-118.883805	149.781595	General
5E0U:ChainA:ASP122	-118.206880	89.039715	General
5E0U:ChainA:VAL123	-89.026784	168.752509	General
5E0U:ChainA:GLU124	-128.713861	98.411066	General
5E0U:ChainA:GLN125	-99.539853	139.637227	General
5E0U:ChainA:LEU126	-105.026284	149.999568	General
5E0U:ChainA:GLY127	-88.159370	104.138222	Glycine
5E0U:ChainA:ILE128	-97.295342	105.824244	Pre-Pro
5E0U:ChainA:PRO129	-78.150283	147.037385	Proline
5E0U:ChainA:GLU130	-84.898747	106.369919	General
5E0U:ChainA:GLN131	-106.094955	174.042730	General
5E0U:ChainA:GLU132	-112.969729	150.301374	General
5E0U:ChainA:TYR133	-111.395022	166.088096	General
5E0U:ChainA:SER134	-86.393824	-13.812016	General
5E0U:ChainA:CYS135	-151.898371	133.284236	General
5E0U:ChainA:VAL136	-137.621530	113.675336	General
5E0U:ChainA:VAL137	-111.101923	131.033790	General
5E0U:ChainA:LYS138	-114.905225	124.840655	General
5E0U:ChainA:MET139	-146.417790	169.893974	Pre-Pro
5E0U:ChainA:PRO140	-51.324244	134.443967	Proline
5E0U:ChainA:SER141	-69.471786	-30.152230	General
5E0U:ChainA:GLY142	-72.421503	-41.390800	Glycine
5E0U:ChainA:GLU143	-56.952660	-47.969424	General
5E0U:ChainA:PHE144	-61.215974	-42.944992	General
5E0U:ChainA:ALA145	-60.964973	-44.903414	General
5E0U:ChainA:ARG146	-56.142550	-50.643862	General
5E0U:ChainA:ILE147	-57.938516	-47.574422	General
5E0U:ChainA:CYS148	-67.212661	-35.025489	General
5E0U:ChainA:ARG149	-72.605942	-50.535577	General
5E0U:ChainA:ASP150	-56.355183	-56.208009	General
5E0U:ChainA:LEU151	-65.875242	-18.513245	General
5E0U:ChainA:SER152	-68.931795	-18.057398	General
5E0U:ChainA:HIS153	-78.181935	-22.057914	General
5E0U:ChainA:ILE154	-82.123056	-55.827085	General
5E0U:ChainA:GLY155	-157.655476	174.985422	Glycine
5E0U:ChainA:ASP156	-74.935400	-30.789237	General
5E0U:ChainA:ALA157	-120.652906	145.943773	General
5E0U:ChainA:VAL158	-112.148082	139.396665	General
5E0U:ChainA:VAL159	-102.921709	120.442548	General
5E0U:ChainA:ILE160	-103.967268	121.363202	General
5E0U:ChainA:SER161	-120.008142	126.675201	General
5E0U:ChainA:CYS162	-105.568694	138.106856	General
5E0U:ChainA:ALA163	-134.074400	-179.678278	General
5E0U:ChainA:LYS164	-74.958830	-34.035871	General
5E0U:ChainA:ASP165	-80.310131	-39.228811	General
5E0U:ChainA:GLY166	-175.033520	-172.249184	Glycine
5E0U:ChainA:VAL167	-128.433447	145.766141	General
5E0U:ChainA:LYS168	-125.071052	134.198020	General
5E0U:ChainA:PHE169	-118.759626	137.738012	General
5E0U:ChainA:SER170	-140.976817	137.948505	General
5E0U:ChainA:ALA171	-133.932070	160.051632	General
5E0U:ChainA:SER172	-142.270125	136.334369	General
5E0U:ChainA:GLY173	-144.171359	-168.412806	Glycine
5E0U:ChainA:GLU174	-57.122840	-32.114736	General
5E0U:ChainA:LEU175	-88.893038	-14.267615	General
5E0U:ChainA:GLY176	138.977370	-154.082919	Glycine
5E0U:ChainA:ASN177	-142.749374	160.519977	General
5E0U:ChainA:GLY178	-135.607194	153.153357	Glycine
5E0U:ChainA:ASN179	-135.850390	119.670029	General
5E0U:ChainA:ILE180	-110.004354	129.738024	General
5E0U:ChainA:LYS181	-125.879205	115.135538	General
5E0U:ChainA:LEU182	-105.844810	122.703822	General
5E0U:ChainA:SER183	-86.431955	155.172601	General
5E0U:ChainA:GLN184	-50.803633	133.909448	General
5E0U:ChainA:THR185	-69.165533	122.594373	General
5E0U:ChainA:SER186	-88.254976	-36.429007	General
5E0U:ChainA:ASN187	-105.005726	90.678392	General
5E0U:ChainA:VAL188	-88.608982	112.650295	General
5E0U:ChainA:ASP189	-97.568560	-76.129221	General
5E0U:ChainA:LYS190	-103.081558	138.889045	General
5E0U:ChainA:GLU191	-56.778929	-42.530761	General
5E0U:ChainA:GLU192	-85.172503	-12.995153	General
5E0U:ChainA:GLU193	-96.634770	-9.458348	General
5E0U:ChainA:ALA194	-91.998996	156.539148	General
5E0U:ChainA:VAL195	-113.110849	116.217696	General
5E0U:ChainA:THR196	-124.596806	136.815126	General
5E0U:ChainA:ILE197	-123.451036	128.850876	General
5E0U:ChainA:GLU198	-125.294728	127.572414	General
5E0U:ChainA:MET199	-146.889752	141.765952	General
5E0U:ChainA:ASN200	-103.615234	-52.559740	General
5E0U:ChainA:GLU201	-127.459848	142.306709	Pre-Pro
5E0U:ChainA:PRO202	-53.219545	126.672934	Proline
5E0U:ChainA:VAL203	-116.569763	143.986743	General
5E0U:ChainA:GLN204	-140.275718	116.950280	General
5E0U:ChainA:LEU205	-139.858772	151.276266	General
5E0U:ChainA:THR206	-115.906382	128.783647	General
5E0U:ChainA:PHE207	-133.631674	160.088808	General
5E0U:ChainA:ALA208	-82.545206	119.375028	General
5E0U:ChainA:LEU209	-65.920651	-27.493721	General
5E0U:ChainA:ARG210	-48.661829	-49.429650	General
5E0U:ChainA:TYR211	-73.964581	-39.892274	General
5E0U:ChainA:LEU212	-59.386753	-34.794750	General
5E0U:ChainA:ASN213	-73.118875	-17.342613	General
5E0U:ChainA:PHE214	-72.903308	-43.571115	General
5E0U:ChainA:PHE215	-62.043753	-35.198137	General
5E0U:ChainA:THR216	-77.440780	1.165282	General
5E0U:ChainA:LYS217	-73.116588	-11.876557	General
5E0U:ChainA:ALA218	-86.123058	-5.594137	General
5E0U:ChainA:THR219	-48.216939	-36.287119	Pre-Pro
5E0U:ChainA:PRO220	-69.877584	-5.307071	Proline
5E0U:ChainA:LEU221	-80.870613	-23.273208	General
5E0U:ChainA:SER222	-154.868438	148.495552	General
5E0U:ChainA:SER223	-68.186318	-23.531406	General
5E0U:ChainA:THR224	-124.455376	152.226123	General
5E0U:ChainA:VAL225	-131.686473	149.152595	General
5E0U:ChainA:THR226	-125.737770	129.285011	General
5E0U:ChainA:LEU227	-111.473064	129.572357	General
5E0U:ChainA:ILE228	-121.972723	117.036835	General
5E0U:ChainA:MET229	-130.216931	140.331773	General
5E0U:ChainA:SER230	-143.876846	154.110697	General
5E0U:ChainA:ALA231	-60.882408	134.820600	General
5E0U:ChainA:ASP232	53.931044	21.378764	General
5E0U:ChainA:VAL233	-125.636356	162.967812	Pre-Pro
5E0U:ChainA:PRO234	-56.548454	142.453217	Proline
5E0U:ChainA:LEU235	-75.445181	147.637710	General
5E0U:ChainA:VAL236	-115.357520	128.194939	General
5E0U:ChainA:VAL237	-112.277573	119.820541	General
5E0U:ChainA:GLU238	-119.728329	123.213959	General
5E0U:ChainA:TYR239	-110.701646	122.163487	General
5E0U:ChainA:LYS240	-78.773591	129.406257	General
5E0U:ChainA:ILE241	-92.094286	111.912539	General
5E0U:ChainA:ALA242	-61.554572	121.772801	General
5E0U:ChainA:ASP243	63.094878	24.031441	General
5E0U:ChainA:MET244	-137.436485	-24.827939	General
5E0U:ChainA:GLY245	155.993474	-146.248677	Glycine
5E0U:ChainA:HIS246	-167.107304	156.033615	General
5E0U:ChainA:LEU247	-114.619905	126.971388	General
5E0U:ChainA:LYS248	-117.327259	127.952232	General
5E0U:ChainA:TYR249	-111.335464	137.044401	General
5E0U:ChainA:TYR250	-117.521568	144.342037	General
5E0U:ChainA:LEU251	-137.090368	118.946257	General
5E0U:ChainA:ALA252	-65.209598	131.312131	Pre-Pro
5E0U:ChainA:PRO253	-80.924799	165.281844	Proline
5E0U:ChainA:LYS254	-93.944304	114.717324	General
5E0U:ChainB:PHE2	-129.687083	134.768788	General
5E0U:ChainB:GLU3	-150.027559	120.597612	General
5E0U:ChainB:ALA4	-132.925177	134.645358	General
5E0U:ChainB:ARG5	-117.061294	123.021472	General
5E0U:ChainB:LEU6	-114.955382	112.654301	General
5E0U:ChainB:VAL7	-65.089358	-38.565467	General
5E0U:ChainB:GLN8	-89.924789	72.431705	General
5E0U:ChainB:GLY9	-59.017180	-27.722093	Glycine
5E0U:ChainB:SER10	-59.452751	-26.624070	General
5E0U:ChainB:ILE11	-57.248640	-44.559352	General
5E0U:ChainB:LEU12	-74.190615	-30.683781	General
5E0U:ChainB:LYS13	-63.443862	-47.157075	General
5E0U:ChainB:LYS14	-63.652316	-34.070347	General
5E0U:ChainB:VAL15	-64.612418	-37.847767	General
5E0U:ChainB:LEU16	-85.367520	-25.006074	General
5E0U:ChainB:GLU17	-62.319472	-33.969196	General
5E0U:ChainB:ALA18	-72.496128	-14.455498	General
5E0U:ChainB:LEU19	-114.880636	-36.439131	General
5E0U:ChainB:LYS20	-60.324356	-28.031031	General
5E0U:ChainB:ASP21	-83.853517	-25.868498	General
5E0U:ChainB:LEU22	-92.648786	-39.781624	General
5E0U:ChainB:ILE23	-132.199126	133.217955	General
5E0U:ChainB:ASN24	-88.489170	-23.684918	General
5E0U:ChainB:GLU25	-141.257026	131.202732	General
5E0U:ChainB:ALA26	-145.121928	162.259444	General
5E0U:ChainB:CYS27	-96.828655	130.770983	General
5E0U:ChainB:TRP28	-103.162274	114.395969	General
5E0U:ChainB:ASP29	-95.562482	111.845337	General
5E0U:ChainB:ILE30	-104.369615	134.817958	General
5E0U:ChainB:SER31	-148.673653	-179.754967	General
5E0U:ChainB:SER32	-70.646203	-18.368614	General
5E0U:ChainB:SER33	-76.702935	-36.182063	General
5E0U:ChainB:GLY34	147.944743	-155.903315	Glycine
5E0U:ChainB:VAL35	-103.754804	129.781630	General
5E0U:ChainB:ASN36	-134.782591	137.631767	General
5E0U:ChainB:LEU37	-138.384866	140.980046	General
5E0U:ChainB:GLN38	-142.019237	129.558816	General
5E0U:ChainB:SER39	-159.330733	139.056998	General
5E0U:ChainB:MET40	-83.380832	155.507269	General
5E0U:ChainB:ASP41	-82.708242	172.709478	General
5E0U:ChainB:SER42	-53.035445	-25.637777	General
5E0U:ChainB:SER43	-95.495723	-10.039376	General
5E0U:ChainB:HIS44	67.102533	14.475609	General
5E0U:ChainB:VAL45	-83.963407	-25.559761	General
5E0U:ChainB:SER46	-132.535298	169.670735	General
5E0U:ChainB:LEU47	-150.015474	149.460966	General
5E0U:ChainB:VAL48	-119.272891	141.546469	General
5E0U:ChainB:GLN49	-138.604671	119.481762	General
5E0U:ChainB:LEU50	-110.140670	143.351926	General
5E0U:ChainB:THR51	-142.935930	117.453375	General
5E0U:ChainB:LEU52	-123.593742	108.274575	General
5E0U:ChainB:ARG53	-72.906212	137.884046	General
5E0U:ChainB:SER54	-58.147503	-20.631787	General
5E0U:ChainB:GLU55	-81.259425	-7.912945	General
5E0U:ChainB:GLY56	-76.182830	-18.323402	Glycine
5E0U:ChainB:PHE57	-90.106615	151.154674	General
5E0U:ChainB:ASP58	-57.006116	-47.888398	General
5E0U:ChainB:THR59	-140.960466	147.885219	General
5E0U:ChainB:TYR60	-146.207161	135.180698	General
5E0U:ChainB:ARG61	-147.691100	126.338382	General
5E0U:ChainB:CYS62	-138.718680	116.149519	General
5E0U:ChainB:ASP63	-75.820805	-60.129145	General
5E0U:ChainB:ARG64	-118.451529	146.888644	General
5E0U:ChainB:ASN65	-61.173458	133.271309	General
5E0U:ChainB:LEU66	-118.465798	137.413023	General
5E0U:ChainB:ALA67	-121.281083	102.149616	General
5E0U:ChainB:MET68	-103.210679	120.660773	General
5E0U:ChainB:GLY69	-82.463698	121.002122	Glycine
5E0U:ChainB:VAL70	-129.375126	130.926049	General
5E0U:ChainB:ASN71	-75.239155	112.577164	General
5E0U:ChainB:LEU72	-70.945279	-27.910599	General
5E0U:ChainB:THR73	-58.564813	-44.231565	General
5E0U:ChainB:SER74	-71.709263	-37.402819	General
5E0U:ChainB:MET75	-70.875969	-31.402258	General
5E0U:ChainB:SER76	-71.494189	-44.097339	General
5E0U:ChainB:LYS77	-56.402220	-47.254705	General
5E0U:ChainB:ILE78	-61.057061	-41.449585	General
5E0U:ChainB:LEU79	-76.873081	-16.087031	General
5E0U:ChainB:LYS80	-68.606726	-15.446166	General
5E0U:ChainB:CYS81	-86.083309	6.010153	General
5E0U:ChainB:ALA82	-103.802966	143.966616	General
5E0U:ChainB:GLY83	-82.424576	163.763140	Glycine
5E0U:ChainB:ASN84	-71.245652	-13.545516	General
5E0U:ChainB:GLU85	-110.490577	9.095033	General
5E0U:ChainB:ASP86	-75.070905	143.537958	General
5E0U:ChainB:ILE87	-84.777618	121.021778	General
5E0U:ChainB:ILE88	-107.429056	132.849892	General
5E0U:ChainB:THR89	-118.423180	131.743742	General
5E0U:ChainB:LEU90	-104.683586	146.006753	General
5E0U:ChainB:ARG91	-156.348345	136.374718	General
5E0U:ChainB:ALA92	-142.858199	148.982387	General
5E0U:ChainB:GLU93	-87.621200	172.326345	General
5E0U:ChainB:ASP94	-62.382084	-47.397398	General
5E0U:ChainB:ASN95	-118.103076	86.083751	General
5E0U:ChainB:ALA96	-99.346782	139.262720	General
5E0U:ChainB:ASP97	-92.995919	-12.539808	General
5E0U:ChainB:THR98	-140.381088	166.318010	General
5E0U:ChainB:LEU99	-117.135039	135.778561	General
5E0U:ChainB:ALA100	-99.692487	126.334900	General
5E0U:ChainB:LEU101	-118.585084	121.409366	General
5E0U:ChainB:VAL102	-120.584283	121.490276	General
5E0U:ChainB:PHE103	-108.475713	120.144143	General
5E0U:ChainB:GLU104	-110.043788	125.914500	General
5E0U:ChainB:ALA105	-78.128861	159.627818	Pre-Pro
5E0U:ChainB:PRO106	-71.634567	-3.651454	Proline
5E0U:ChainB:ASN107	-105.018151	0.659654	General
5E0U:ChainB:GLN108	64.792858	7.109080	General
5E0U:ChainB:GLU109	-109.420966	-10.206306	General
5E0U:ChainB:LYS110	-125.033522	131.175492	General
5E0U:ChainB:VAL111	-142.738466	134.171014	General
5E0U:ChainB:SER112	-118.098166	139.660676	General
5E0U:ChainB:ASP113	-120.774031	115.188453	General
5E0U:ChainB:TYR114	-116.816164	155.604773	General
5E0U:ChainB:GLU115	-143.530703	110.432377	General
5E0U:ChainB:MET116	-104.419953	129.307247	General
5E0U:ChainB:LYS117	-66.396637	138.167255	General
5E0U:ChainB:LEU118	-91.933875	174.893671	General
5E0U:ChainB:MET119	-146.749155	163.157087	General
5E0U:ChainB:ASP120	-80.988896	129.312071	General
5E0U:ChainB:LEU121	-119.370086	153.529644	General
5E0U:ChainB:ASP122	-118.052221	86.342574	General
5E0U:ChainB:VAL123	-84.399727	162.613507	General
5E0U:ChainB:GLU124	-134.281873	99.226492	General
5E0U:ChainB:GLN125	-81.759796	140.402200	General
5E0U:ChainB:LEU126	-96.668044	150.784884	General
5E0U:ChainB:GLY127	-89.698364	95.445868	Glycine
5E0U:ChainB:ILE128	-106.680443	107.914419	Pre-Pro
5E0U:ChainB:PRO129	-80.939875	147.164763	Proline
5E0U:ChainB:GLU130	-86.052576	107.619657	General
5E0U:ChainB:GLN131	-99.897766	178.727605	General
5E0U:ChainB:GLU132	-100.932224	144.351725	General
5E0U:ChainB:TYR133	-114.670251	-7.248143	General
5E0U:ChainB:SER134	77.193965	-9.756022	General
5E0U:ChainB:CYS135	-148.828578	118.656370	General
5E0U:ChainB:VAL136	-136.240756	112.873668	General
5E0U:ChainB:VAL137	-108.610328	125.658119	General
5E0U:ChainB:LYS138	-113.817220	129.869490	General
5E0U:ChainB:MET139	-154.556739	166.183481	Pre-Pro
5E0U:ChainB:PRO140	-54.543608	136.610622	Proline
5E0U:ChainB:SER141	-70.855956	-30.694472	General
5E0U:ChainB:GLY142	-71.706615	-39.834109	Glycine
5E0U:ChainB:GLU143	-53.309042	-50.952161	General
5E0U:ChainB:PHE144	-62.267117	-42.631061	General
5E0U:ChainB:ALA145	-62.326950	-46.550177	General
5E0U:ChainB:ARG146	-55.836818	-50.405382	General
5E0U:ChainB:ILE147	-57.026329	-45.464221	General
5E0U:ChainB:CYS148	-66.904315	-34.331903	General
5E0U:ChainB:ARG149	-71.599835	-50.714025	General
5E0U:ChainB:ASP150	-53.055381	-56.283368	General
5E0U:ChainB:LEU151	-65.966830	-14.917865	General
5E0U:ChainB:SER152	-66.280277	-18.464553	General
5E0U:ChainB:HIS153	-76.071132	-28.290223	General
5E0U:ChainB:ILE154	-88.382791	-50.447224	General
5E0U:ChainB:GLY155	-157.454408	179.302290	Glycine
5E0U:ChainB:ASP156	-78.187262	-35.846492	General
5E0U:ChainB:ALA157	-123.510520	149.711280	General
5E0U:ChainB:VAL158	-111.736765	139.090931	General
5E0U:ChainB:VAL159	-98.750301	116.734463	General
5E0U:ChainB:ILE160	-100.209694	118.000699	General
5E0U:ChainB:SER161	-118.437013	120.074783	General
5E0U:ChainB:CYS162	-113.896455	134.664948	General
5E0U:ChainB:ALA163	-138.427405	176.087581	General
5E0U:ChainB:LYS164	-76.356559	-21.147710	General
5E0U:ChainB:ASP165	-73.074881	-42.416201	General
5E0U:ChainB:GLY166	175.421217	-169.538381	Glycine
5E0U:ChainB:VAL167	-126.753526	145.002889	General
5E0U:ChainB:LYS168	-125.882778	137.494224	General
5E0U:ChainB:PHE169	-119.147442	138.400365	General
5E0U:ChainB:SER170	-146.515340	136.234667	General
5E0U:ChainB:ALA171	-136.811178	159.558002	General
5E0U:ChainB:SER172	-143.931702	136.674783	General
5E0U:ChainB:GLY173	-141.039182	-172.865865	Glycine
5E0U:ChainB:GLU174	-57.819112	-23.768535	General
5E0U:ChainB:LEU175	-86.172659	-13.215001	General
5E0U:ChainB:GLY176	141.040701	-153.837421	Glycine
5E0U:ChainB:ASN177	-141.019253	159.473846	General
5E0U:ChainB:GLY178	-134.044177	151.376324	Glycine
5E0U:ChainB:ASN179	-140.286963	119.067183	General
5E0U:ChainB:ILE180	-110.460849	130.122180	General
5E0U:ChainB:LYS181	-125.705061	115.308904	General
5E0U:ChainB:LEU182	-106.418878	121.979547	General
5E0U:ChainB:SER183	-80.980924	152.724642	General
5E0U:ChainB:GLN184	-57.068482	130.577750	General
5E0U:ChainB:THR185	-69.810949	124.757055	General
5E0U:ChainB:SER186	-85.385682	-42.468653	General
5E0U:ChainB:ASN187	-100.239737	88.375262	General
5E0U:ChainB:VAL188	-85.368827	111.275801	General
5E0U:ChainB:ASP189	-101.893746	-75.352567	General
5E0U:ChainB:LYS190	-100.406022	137.077430	General
5E0U:ChainB:GLU191	-61.950309	-38.236908	General
5E0U:ChainB:GLU192	-80.551819	-13.531445	General
5E0U:ChainB:GLU193	-102.635346	-13.816478	General
5E0U:ChainB:ALA194	-90.271077	157.218446	General
5E0U:ChainB:VAL195	-113.245063	116.301456	General
5E0U:ChainB:THR196	-124.789331	141.058439	General
5E0U:ChainB:ILE197	-120.234736	133.913012	General
5E0U:ChainB:GLU198	-122.980804	116.660900	General
5E0U:ChainB:MET199	-156.164214	142.900857	General
5E0U:ChainB:ASN200	-101.341355	-51.825771	General
5E0U:ChainB:GLU201	-127.677672	137.445879	Pre-Pro
5E0U:ChainB:PRO202	-56.420010	126.238961	Proline
5E0U:ChainB:VAL203	-115.299699	143.846297	General
5E0U:ChainB:GLN204	-137.999220	123.795248	General
5E0U:ChainB:LEU205	-139.326089	150.845611	General
5E0U:ChainB:THR206	-117.273150	124.676807	General
5E0U:ChainB:PHE207	-130.212813	160.778483	General
5E0U:ChainB:ALA208	-81.701386	122.279872	General
5E0U:ChainB:LEU209	-65.432772	-28.425317	General
5E0U:ChainB:ARG210	-48.217677	-50.592612	General
5E0U:ChainB:TYR211	-75.180340	-40.814960	General
5E0U:ChainB:LEU212	-59.293742	-32.258764	General
5E0U:ChainB:ASN213	-74.003759	-17.471025	General
5E0U:ChainB:PHE214	-73.411164	-43.870919	General
5E0U:ChainB:PHE215	-60.807352	-34.818221	General
5E0U:ChainB:THR216	-77.407591	1.411676	General
5E0U:ChainB:LYS217	-70.532585	-12.150616	General
5E0U:ChainB:ALA218	-84.350839	-5.258130	General
5E0U:ChainB:THR219	-46.836151	-38.509097	Pre-Pro
5E0U:ChainB:PRO220	-66.914056	-5.439888	Proline
5E0U:ChainB:LEU221	-81.565881	-22.354447	General
5E0U:ChainB:SER222	-154.944332	148.416080	General
5E0U:ChainB:SER223	-71.877291	-23.391111	General
5E0U:ChainB:THR224	-124.222320	151.868526	General
5E0U:ChainB:VAL225	-133.616181	150.503435	General
5E0U:ChainB:THR226	-130.476587	134.521868	General
5E0U:ChainB:LEU227	-108.977604	135.363583	General
5E0U:ChainB:ILE228	-119.052342	115.628223	General
5E0U:ChainB:MET229	-127.408040	144.086584	General
5E0U:ChainB:SER230	-143.173257	153.933114	General
5E0U:ChainB:ALA231	-60.527867	134.373982	General
5E0U:ChainB:ASP232	59.382611	15.316464	General
5E0U:ChainB:VAL233	-128.996053	164.424632	Pre-Pro
5E0U:ChainB:PRO234	-53.703133	147.082487	Proline
5E0U:ChainB:LEU235	-77.356882	147.209206	General
5E0U:ChainB:VAL236	-116.355397	125.003490	General
5E0U:ChainB:VAL237	-114.635606	116.814044	General
5E0U:ChainB:GLU238	-118.132176	124.020057	General
5E0U:ChainB:TYR239	-112.147607	122.950665	General
5E0U:ChainB:LYS240	-76.788782	129.709781	General
5E0U:ChainB:ILE241	-99.459515	114.368712	General
5E0U:ChainB:ALA242	-62.580940	125.649814	General
5E0U:ChainB:ASP243	63.374266	21.445588	General
5E0U:ChainB:MET244	-140.460596	-26.538383	General
5E0U:ChainB:GLY245	145.312319	-140.393788	Glycine
5E0U:ChainB:HIS246	-160.626608	155.417659	General
5E0U:ChainB:LEU247	-115.756134	126.971023	General
5E0U:ChainB:LYS248	-120.952455	134.539451	General
5E0U:ChainB:TYR249	-112.871972	133.726672	General
5E0U:ChainB:TYR250	-115.949036	138.186684	General
5E0U:ChainB:LEU251	-139.205419	120.474595	General
5E0U:ChainB:ALA252	-68.033020	133.771291	Pre-Pro
5E0U:ChainB:PRO253	-81.180681	166.634426	Proline
5E0U:ChainB:LYS254	-96.590794	131.690366	General
5E0U:ChainC:PHE2	-124.867973	131.478914	General
5E0U:ChainC:GLU3	-150.144117	115.527651	General
5E0U:ChainC:ALA4	-130.685233	135.073266	General
5E0U:ChainC:ARG5	-119.962159	122.139180	General
5E0U:ChainC:LEU6	-119.774475	112.786006	General
5E0U:ChainC:VAL7	-66.678945	-35.696229	General
5E0U:ChainC:GLN8	-88.977611	72.708434	General
5E0U:ChainC:GLY9	-58.413858	-28.351317	Glycine
5E0U:ChainC:SER10	-61.262671	-27.457458	General
5E0U:ChainC:ILE11	-55.746825	-46.582372	General
5E0U:ChainC:LEU12	-72.264108	-28.081605	General
5E0U:ChainC:LYS13	-64.083577	-48.155437	General
5E0U:ChainC:LYS14	-65.702773	-35.745153	General
5E0U:ChainC:VAL15	-62.857076	-38.819029	General
5E0U:ChainC:LEU16	-87.284026	-23.031978	General
5E0U:ChainC:GLU17	-62.219043	-33.536637	General
5E0U:ChainC:ALA18	-70.316181	-14.134692	General
5E0U:ChainC:LEU19	-115.594853	-38.255529	General
5E0U:ChainC:LYS20	-61.619406	-29.827546	General
5E0U:ChainC:ASP21	-82.347055	-24.600126	General
5E0U:ChainC:LEU22	-88.230409	-42.768142	General
5E0U:ChainC:ILE23	-131.036656	135.246594	General
5E0U:ChainC:ASN24	-87.983384	-27.249964	General
5E0U:ChainC:GLU25	-138.368992	134.036388	General
5E0U:ChainC:ALA26	-147.403126	160.972710	General
5E0U:ChainC:CYS27	-96.768236	129.649191	General
5E0U:ChainC:TRP28	-101.763009	116.499820	General
5E0U:ChainC:ASP29	-95.752327	110.094035	General
5E0U:ChainC:ILE30	-104.226049	132.033434	General
5E0U:ChainC:SER31	-147.965463	-178.526727	General
5E0U:ChainC:SER32	-68.451463	-20.376895	General
5E0U:ChainC:SER33	-80.752003	-34.655148	General
5E0U:ChainC:GLY34	146.910820	-153.729153	Glycine
5E0U:ChainC:VAL35	-106.745530	132.174286	General
5E0U:ChainC:ASN36	-130.533138	137.865800	General
5E0U:ChainC:LEU37	-137.763660	140.436495	General
5E0U:ChainC:GLN38	-140.069043	132.031866	General
5E0U:ChainC:SER39	-159.147744	137.373881	General
5E0U:ChainC:MET40	-83.378162	154.509888	General
5E0U:ChainC:ASP41	-80.961530	170.143110	General
5E0U:ChainC:SER42	-52.784005	-23.207862	General
5E0U:ChainC:SER43	-96.739143	-11.406549	General
5E0U:ChainC:HIS44	69.088582	16.521652	General
5E0U:ChainC:VAL45	-89.042681	-25.275967	General
5E0U:ChainC:SER46	-132.690851	171.831320	General
5E0U:ChainC:LEU47	-152.508514	147.673517	General
5E0U:ChainC:VAL48	-117.298183	141.910910	General
5E0U:ChainC:GLN49	-132.754339	123.108823	General
5E0U:ChainC:LEU50	-110.207255	140.996864	General
5E0U:ChainC:THR51	-140.351031	115.416605	General
5E0U:ChainC:LEU52	-122.696858	108.918716	General
5E0U:ChainC:ARG53	-72.551709	137.343666	General
5E0U:ChainC:SER54	-60.168442	-21.865871	General
5E0U:ChainC:GLU55	-83.003085	-10.063087	General
5E0U:ChainC:GLY56	-79.854879	-16.180809	Glycine
5E0U:ChainC:PHE57	-89.509759	147.848938	General
5E0U:ChainC:ASP58	-61.028327	-44.871765	General
5E0U:ChainC:THR59	-136.760327	142.219968	General
5E0U:ChainC:TYR60	-145.349937	134.678763	General
5E0U:ChainC:ARG61	-149.314008	129.883852	General
5E0U:ChainC:CYS62	-138.366012	112.750719	General
5E0U:ChainC:ASP63	-77.685490	-56.637725	General
5E0U:ChainC:ARG64	-119.907147	142.249048	General
5E0U:ChainC:ASN65	-63.674914	136.404135	General
5E0U:ChainC:LEU66	-124.633324	135.586719	General
5E0U:ChainC:ALA67	-123.850781	101.967076	General
5E0U:ChainC:MET68	-104.710350	119.626245	General
5E0U:ChainC:GLY69	-80.443579	121.856230	Glycine
5E0U:ChainC:VAL70	-127.938572	130.323590	General
5E0U:ChainC:ASN71	-75.466332	112.475857	General
5E0U:ChainC:LEU72	-71.058636	-28.129197	General
5E0U:ChainC:THR73	-60.010220	-44.728732	General
5E0U:ChainC:SER74	-70.741006	-35.330233	General
5E0U:ChainC:MET75	-73.419276	-30.317753	General
5E0U:ChainC:SER76	-72.496252	-42.473250	General
5E0U:ChainC:LYS77	-55.859702	-49.066051	General
5E0U:ChainC:ILE78	-60.443073	-41.975807	General
5E0U:ChainC:LEU79	-73.681402	-18.003529	General
5E0U:ChainC:LYS80	-71.158378	-13.255379	General
5E0U:ChainC:CYS81	-87.651292	9.061322	General
5E0U:ChainC:ALA82	-105.776379	144.724999	General
5E0U:ChainC:GLY83	-82.747138	163.577851	Glycine
5E0U:ChainC:ASN84	-71.604598	-18.166631	General
5E0U:ChainC:GLU85	-112.905178	18.202820	General
5E0U:ChainC:ASP86	-71.638716	144.277530	General
5E0U:ChainC:ILE87	-86.119308	124.386093	General
5E0U:ChainC:ILE88	-110.618903	130.868169	General
5E0U:ChainC:THR89	-119.442322	132.243821	General
5E0U:ChainC:LEU90	-102.618443	148.199189	General
5E0U:ChainC:ARG91	-153.823460	132.299361	General
5E0U:ChainC:ALA92	-144.493618	146.818399	General
5E0U:ChainC:GLU93	-85.925886	166.662735	General
5E0U:ChainC:ASP94	-61.771695	-40.406956	General
5E0U:ChainC:ASN95	-116.497039	82.770745	General
5E0U:ChainC:ALA96	-108.265129	139.392028	General
5E0U:ChainC:ASP97	-95.425806	-6.260569	General
5E0U:ChainC:THR98	-136.689488	161.507516	General
5E0U:ChainC:LEU99	-117.781579	135.261936	General
5E0U:ChainC:ALA100	-101.120474	124.083185	General
5E0U:ChainC:LEU101	-115.780215	120.464410	General
5E0U:ChainC:VAL102	-123.671284	122.332152	General
5E0U:ChainC:PHE103	-110.368412	121.837443	General
5E0U:ChainC:GLU104	-110.304316	126.595951	General
5E0U:ChainC:ALA105	-73.087531	161.534155	Pre-Pro
5E0U:ChainC:PRO106	-72.199560	-7.083866	Proline
5E0U:ChainC:ASN107	-107.648220	2.410750	General
5E0U:ChainC:GLN108	63.896669	13.335342	General
5E0U:ChainC:GLU109	-104.719880	-9.891739	General
5E0U:ChainC:LYS110	-122.683913	126.249443	General
5E0U:ChainC:VAL111	-137.817769	130.346546	General
5E0U:ChainC:SER112	-114.539328	139.164583	General
5E0U:ChainC:ASP113	-125.271845	116.622188	General
5E0U:ChainC:TYR114	-119.680575	155.734870	General
5E0U:ChainC:GLU115	-139.847641	108.513981	General
5E0U:ChainC:MET116	-107.535143	126.545469	General
5E0U:ChainC:LYS117	-67.130378	139.462009	General
5E0U:ChainC:LEU118	-92.616757	-179.908612	General
5E0U:ChainC:MET119	-145.234035	164.695108	General
5E0U:ChainC:ASP120	-85.171623	126.891228	General
5E0U:ChainC:LEU121	-121.709344	156.669810	General
5E0U:ChainC:ASP122	-113.698358	92.360858	General
5E0U:ChainC:VAL123	-87.721902	162.550524	General
5E0U:ChainC:GLU124	-135.191562	101.605722	General
5E0U:ChainC:GLN125	-87.539865	139.587232	General
5E0U:ChainC:LEU126	-102.930371	149.474587	General
5E0U:ChainC:GLY127	-90.071629	100.607669	Glycine
5E0U:ChainC:ILE128	-108.061914	105.725968	Pre-Pro
5E0U:ChainC:PRO129	-83.635529	142.523153	Proline
5E0U:ChainC:GLU130	-85.392506	110.763051	General
5E0U:ChainC:GLN131	-92.350619	-177.864447	General
5E0U:ChainC:GLU132	-95.207670	143.887616	General
5E0U:ChainC:TYR133	-110.651113	131.045229	General
5E0U:ChainC:SER134	-59.428985	-9.137567	General
5E0U:ChainC:CYS135	-151.078123	127.603537	General
5E0U:ChainC:VAL136	-133.686099	114.088499	General
5E0U:ChainC:VAL137	-111.603536	125.966691	General
5E0U:ChainC:LYS138	-116.895584	129.845378	General
5E0U:ChainC:MET139	-151.858402	169.038992	Pre-Pro
5E0U:ChainC:PRO140	-54.971354	134.567270	Proline
5E0U:ChainC:SER141	-69.160561	-30.252294	General
5E0U:ChainC:GLY142	-70.585971	-40.433037	Glycine
5E0U:ChainC:GLU143	-58.564082	-46.884702	General
5E0U:ChainC:PHE144	-58.683720	-44.896280	General
5E0U:ChainC:ALA145	-61.692810	-42.741390	General
5E0U:ChainC:ARG146	-52.571436	-51.958830	General
5E0U:ChainC:ILE147	-60.718643	-42.723769	General
5E0U:ChainC:CYS148	-67.901204	-34.820935	General
5E0U:ChainC:ARG149	-71.702081	-50.382179	General
5E0U:ChainC:ASP150	-54.146039	-60.308006	General
5E0U:ChainC:LEU151	-65.798391	-16.393609	General
5E0U:ChainC:SER152	-70.632848	-15.708188	General
5E0U:ChainC:HIS153	-79.231342	-27.330789	General
5E0U:ChainC:ILE154	-86.620243	-54.728620	General
5E0U:ChainC:GLY155	-155.482358	174.006867	Glycine
5E0U:ChainC:ASP156	-75.970322	-31.356234	General
5E0U:ChainC:ALA157	-118.665503	144.966502	General
5E0U:ChainC:VAL158	-113.161953	137.808252	General
5E0U:ChainC:VAL159	-103.651574	116.802407	General
5E0U:ChainC:ILE160	-99.682228	121.363038	General
5E0U:ChainC:SER161	-118.048224	121.840020	General
5E0U:ChainC:CYS162	-104.927197	129.883782	General
5E0U:ChainC:ALA163	-135.518373	169.442246	General
5E0U:ChainC:LYS164	-76.468283	-22.964168	General
5E0U:ChainC:ASP165	-75.411992	-36.535452	General
5E0U:ChainC:GLY166	-178.271827	-170.153804	Glycine
5E0U:ChainC:VAL167	-127.316370	141.507693	General
5E0U:ChainC:LYS168	-127.035363	137.225092	General
5E0U:ChainC:PHE169	-118.298427	138.580889	General
5E0U:ChainC:SER170	-142.371804	134.529525	General
5E0U:ChainC:ALA171	-135.793505	157.641365	General
5E0U:ChainC:SER172	-143.927259	138.047415	General
5E0U:ChainC:GLY173	-141.675587	-171.141800	Glycine
5E0U:ChainC:GLU174	-59.633044	-25.787476	General
5E0U:ChainC:LEU175	-85.766927	-10.613845	General
5E0U:ChainC:GLY176	140.778495	-154.144877	Glycine
5E0U:ChainC:ASN177	-144.288982	161.797114	General
5E0U:ChainC:GLY178	-132.688014	149.701727	Glycine
5E0U:ChainC:ASN179	-136.296590	114.568037	General
5E0U:ChainC:ILE180	-110.647255	129.079170	General
5E0U:ChainC:LYS181	-126.413909	121.156642	General
5E0U:ChainC:LEU182	-107.123745	120.970788	General
5E0U:ChainC:SER183	-85.494575	154.549459	General
5E0U:ChainC:GLN184	-54.333308	135.593812	General
5E0U:ChainC:THR185	-65.220167	128.762888	General
5E0U:ChainC:SER186	-85.179355	-42.081183	General
5E0U:ChainC:ASN187	-100.909106	88.273878	General
5E0U:ChainC:VAL188	-87.292835	110.943908	General
5E0U:ChainC:ASP189	-101.803793	-78.108759	General
5E0U:ChainC:LYS190	-101.315789	138.321307	General
5E0U:ChainC:GLU191	-58.464708	-34.519024	General
5E0U:ChainC:GLU192	-83.056968	-12.137020	General
5E0U:ChainC:GLU193	-100.289292	-8.125150	General
5E0U:ChainC:ALA194	-88.757476	157.372168	General
5E0U:ChainC:VAL195	-110.494907	115.399015	General
5E0U:ChainC:THR196	-124.241884	142.207259	General
5E0U:ChainC:ILE197	-125.022629	132.949612	General
5E0U:ChainC:GLU198	-123.352330	119.399960	General
5E0U:ChainC:MET199	-148.273078	140.992291	General
5E0U:ChainC:ASN200	-103.758815	-55.271662	General
5E0U:ChainC:GLU201	-127.746069	139.386175	Pre-Pro
5E0U:ChainC:PRO202	-55.289183	124.910720	Proline
5E0U:ChainC:VAL203	-115.531743	141.628490	General
5E0U:ChainC:GLN204	-138.315219	120.267826	General
5E0U:ChainC:LEU205	-142.214252	151.989451	General
5E0U:ChainC:THR206	-114.878730	131.507225	General
5E0U:ChainC:PHE207	-132.065429	162.330016	General
5E0U:ChainC:ALA208	-82.358448	123.589970	General
5E0U:ChainC:LEU209	-69.062707	-29.866081	General
5E0U:ChainC:ARG210	-51.117395	-47.736649	General
5E0U:ChainC:TYR211	-74.024946	-38.775638	General
5E0U:ChainC:LEU212	-62.025248	-30.723652	General
5E0U:ChainC:ASN213	-75.014423	-18.815875	General
5E0U:ChainC:PHE214	-72.837904	-44.341602	General
5E0U:ChainC:PHE215	-59.120025	-32.828253	General
5E0U:ChainC:THR216	-75.896651	-0.472748	General
5E0U:ChainC:LYS217	-75.204767	-16.004928	General
5E0U:ChainC:ALA218	-84.826457	-3.294997	General
5E0U:ChainC:THR219	-46.896156	-38.796075	Pre-Pro
5E0U:ChainC:PRO220	-68.411483	-3.127261	Proline
5E0U:ChainC:LEU221	-80.983889	-20.313396	General
5E0U:ChainC:SER222	-154.828442	151.494517	General
5E0U:ChainC:SER223	-72.433646	-21.233288	General
5E0U:ChainC:THR224	-126.509039	154.727186	General
5E0U:ChainC:VAL225	-130.781721	152.881576	General
5E0U:ChainC:THR226	-127.864303	128.745319	General
5E0U:ChainC:LEU227	-110.530803	131.761544	General
5E0U:ChainC:ILE228	-127.689211	116.855203	General
5E0U:ChainC:MET229	-127.232463	142.327132	General
5E0U:ChainC:SER230	-143.573532	155.613215	General
5E0U:ChainC:ALA231	-60.331992	133.112985	General
5E0U:ChainC:ASP232	61.252769	14.202895	General
5E0U:ChainC:VAL233	-127.645024	164.233990	Pre-Pro
5E0U:ChainC:PRO234	-53.760363	147.271593	Proline
5E0U:ChainC:LEU235	-76.219702	145.769721	General
5E0U:ChainC:VAL236	-119.181804	124.613969	General
5E0U:ChainC:VAL237	-113.268785	115.080775	General
5E0U:ChainC:GLU238	-117.597318	124.472667	General
5E0U:ChainC:TYR239	-109.875589	123.055931	General
5E0U:ChainC:LYS240	-76.699307	131.634720	General
5E0U:ChainC:ILE241	-92.403987	117.667543	General
5E0U:ChainC:ALA242	-61.639785	115.351486	General
5E0U:ChainC:ASP243	60.056053	31.015004	General
5E0U:ChainC:MET244	-134.610239	-25.749952	General
5E0U:ChainC:GLY245	146.058666	-142.082474	Glycine
5E0U:ChainC:HIS246	-163.276585	156.359579	General
5E0U:ChainC:LEU247	-109.711880	128.222607	General
5E0U:ChainC:LYS248	-122.840600	131.217455	General
5E0U:ChainC:TYR249	-113.432817	136.209403	General
5E0U:ChainC:TYR250	-115.218184	143.401287	General
5E0U:ChainC:LEU251	-137.731323	122.730326	General
5E0U:ChainC:ALA252	-66.095445	131.958294	Pre-Pro
5E0U:ChainC:PRO253	-79.871408	165.202712	Proline
5E0U:ChainC:LYS254	-93.465274	142.888837	General
5E0U:ChainD:GLN144	-81.371728	120.076922	General
5E0U:ChainD:THR145	-85.081754	160.219127	General
5E0U:ChainD:SER146	-109.118394	166.202896	General
5E0U:ChainD:MET147	-69.450676	-25.238853	General
5E0U:ChainD:THR148	-72.943436	-11.070692	General
5E0U:ChainD:ASP149	-73.024417	-13.974933	General
5E0U:ChainD:PHE150	-116.498039	-34.508070	General
5E0U:ChainD:TYR151	-125.398089	149.413996	General
5E0U:ChainD:HIS152	-79.771732	154.199608	General
5E0U:ChainD:SER153	-121.492078	107.708396	General
5E0U:ChainD:LYS154	-96.163511	136.715357	General
5E0U:ChainD:ARG155	-86.812847	143.044471	General
5E0U:ChainD:ARG156	-132.157064	136.454862	General
5E0U:ChainD:LEU157	-110.479376	109.016786	General
5E0U:ChainD:ILE158	-99.833502	129.267816	General
5E0U:ChainD:PHE159	-115.775116	111.899919	General
5E0U:ChainE:ARG143	-144.661844	141.394106	General
5E0U:ChainE:GLN144	-81.126199	115.152505	General
5E0U:ChainE:THR145	-84.361169	156.415287	General
5E0U:ChainE:SER146	-108.466371	168.546739	General
5E0U:ChainE:MET147	-64.714081	-25.385947	General
5E0U:ChainE:THR148	-68.624907	-15.510988	General
5E0U:ChainE:ASP149	-74.439746	-12.836486	General
5E0U:ChainE:PHE150	-114.974036	-32.540274	General
5E0U:ChainE:TYR151	-131.759431	148.795350	General
5E0U:ChainE:HIS152	-80.020511	151.082277	General
5E0U:ChainE:SER153	-125.272524	109.791543	General
5E0U:ChainE:LYS154	-82.279398	134.184587	General
5E0U:ChainE:ARG155	-86.342204	138.234229	General
5E0U:ChainE:ARG156	-127.814066	137.490511	General
5E0U:ChainE:LEU157	-111.614241	104.127637	General
5E0U:ChainE:ILE158	-97.693361	123.974165	General
5E0U:ChainE:PHE159	-115.624055	116.012811	General
5E0U:ChainF:GLN144	-86.704764	118.521393	General
5E0U:ChainF:THR145	-86.248787	156.930200	General
5E0U:ChainF:SER146	-109.667137	164.965213	General
5E0U:ChainF:MET147	-69.039528	-26.034994	General
5E0U:ChainF:THR148	-69.938995	-12.598118	General
5E0U:ChainF:ASP149	-74.681746	-16.409086	General
5E0U:ChainF:PHE150	-115.700790	-28.538296	General
5E0U:ChainF:TYR151	-128.646698	142.727583	General
5E0U:ChainF:HIS152	-82.469785	152.990289	General
5E0U:ChainF:SER153	-121.457362	108.639070	General
5E0U:ChainF:LYS154	-91.969724	132.891261	General
5E0U:ChainF:ARG155	-87.582512	137.492960	General
5E0U:ChainF:ARG156	-128.803141	147.018795	General
5E0U:ChainF:LEU157	-106.703377	108.248121	General
5E0U:ChainF:ILE158	-97.707171	122.721781	General
5E0U:ChainF:PHE159	-114.090857	106.405462	General
