5EAY:ChainA:GLN4	-93.946673	-20.769114	General
5EAY:ChainA:LEU5	-118.805893	152.727345	General
5EAY:ChainA:SER6	-79.253039	73.730657	General
5EAY:ChainA:GLU7	-55.962756	121.346183	General
5EAY:ChainA:GLY8	103.239505	-8.955820	Glycine
5EAY:ChainA:ALA9	-64.380097	-36.147183	General
5EAY:ChainA:ILE10	-63.264808	-50.682899	General
5EAY:ChainA:ALA11	-58.485433	-39.259086	General
5EAY:ChainA:ALA12	-64.769536	-41.210677	General
5EAY:ChainA:ILE13	-68.864364	-45.367654	General
5EAY:ChainA:MET14	-63.849516	-37.917375	General
5EAY:ChainA:GLN15	-84.083747	-57.528374	General
5EAY:ChainA:LYS16	-77.441281	-36.355253	General
5EAY:ChainA:GLY17	76.036554	7.426147	Glycine
5EAY:ChainA:ASP18	-74.316844	145.698510	General
5EAY:ChainA:THR19	-115.185366	9.885395	General
5EAY:ChainA:ASN20	-94.370396	43.401455	General
5EAY:ChainA:ILE21	-135.063742	159.981759	General
5EAY:ChainA:LYS22	-129.388274	66.485607	Pre-Pro
5EAY:ChainA:PRO23	-66.880229	150.146665	Proline
5EAY:ChainA:ILE24	-100.027295	123.867767	General
5EAY:ChainA:LEU25	-131.432307	157.144019	General
5EAY:ChainA:GLN26	-102.535149	131.845576	General
5EAY:ChainA:VAL27	-73.860328	124.925291	General
5EAY:ChainA:ILE28	-93.041328	-48.078886	General
5EAY:ChainA:ASN29	-153.611073	154.521114	General
5EAY:ChainA:ILE30	-131.734994	127.896927	General
5EAY:ChainA:ARG31	-131.943408	132.318927	Pre-Pro
5EAY:ChainA:PRO32	-78.252864	142.030994	Proline
5EAY:ChainA:ILE33	-107.793679	117.201695	General
5EAY:ChainA:PRO39	-59.534135	151.928949	Proline
5EAY:ChainA:PRO40	-71.701120	159.912216	Proline
5EAY:ChainA:ARG41	-115.952933	129.082556	General
5EAY:ChainA:TYR42	-96.754638	127.443032	General
5EAY:ChainA:ARG43	-104.710878	138.342229	General
5EAY:ChainA:LEU44	-121.497039	136.055192	General
5EAY:ChainA:LEU45	-94.668017	112.156341	General
5EAY:ChainA:MET46	-113.215036	154.069352	General
5EAY:ChainA:SER47	-123.243099	139.002996	General
5EAY:ChainA:ASP48	-102.629244	11.826482	General
5EAY:ChainA:GLY49	94.003286	-24.647232	Glycine
5EAY:ChainA:LEU50	-104.101641	-51.385199	General
5EAY:ChainA:ASN51	-124.899580	154.504169	General
5EAY:ChainA:THR52	-112.757057	149.484625	General
5EAY:ChainA:LEU53	-159.927108	144.082703	General
5EAY:ChainA:SER54	-106.100541	13.244556	General
5EAY:ChainA:SER55	-83.379771	46.326682	General
5EAY:ChainA:PHE56	-125.694453	128.139195	General
5EAY:ChainA:MET57	-117.357440	135.583764	General
5EAY:ChainA:LEU58	-82.913484	130.267288	General
5EAY:ChainA:ALA59	-56.191510	140.505926	General
5EAY:ChainA:THR60	-63.348021	-23.283972	General
5EAY:ChainA:GLN61	-58.496863	-20.269240	General
5EAY:ChainA:LEU62	-101.026051	-0.384480	General
5EAY:ChainA:ASN63	-50.753214	-37.636150	Pre-Pro
5EAY:ChainA:PRO64	-58.092408	-28.726649	Proline
5EAY:ChainA:LEU65	-64.566145	-34.630632	General
5EAY:ChainA:VAL66	-75.988712	-46.618205	General
5EAY:ChainA:GLU67	-71.419960	-30.967014	General
5EAY:ChainA:GLU68	-91.628475	3.080737	General
5EAY:ChainA:GLU69	71.745288	19.705728	General
5EAY:ChainA:GLN70	-71.727959	-42.577099	General
5EAY:ChainA:LEU71	-99.874335	112.285787	General
5EAY:ChainA:SER72	-150.665666	170.146642	General
5EAY:ChainA:SER73	-46.950340	127.706436	General
5EAY:ChainA:ASN74	89.312353	-9.076368	General
5EAY:ChainA:CYS75	-68.258025	154.105048	General
5EAY:ChainA:VAL76	-109.105726	131.097405	General
5EAY:ChainA:CYS77	-136.755961	152.300947	General
5EAY:ChainA:GLN78	-105.807267	127.679274	General
5EAY:ChainA:ILE79	-86.921498	112.056260	General
5EAY:ChainA:HIS80	-88.025914	-28.506451	General
5EAY:ChainA:ARG81	-150.738644	134.546429	General
5EAY:ChainA:PHE82	-144.297059	163.688938	General
5EAY:ChainA:ILE83	-124.536276	145.949285	General
5EAY:ChainA:VAL84	-108.195830	137.101824	General
5EAY:ChainA:ASN85	-124.638609	147.715769	General
5EAY:ChainA:THR86	-116.799400	119.842165	General
5EAY:ChainA:LEU87	-72.254200	160.134828	General
5EAY:ChainA:LYS88	-47.138763	-41.140886	General
5EAY:ChainA:ASP89	-79.016827	-0.047224	General
5EAY:ChainA:GLY90	95.797095	-8.794795	Glycine
5EAY:ChainA:ARG91	-67.788671	130.733172	General
5EAY:ChainA:ARG92	-85.329471	136.299153	General
5EAY:ChainA:VAL93	-123.345336	133.148672	General
5EAY:ChainA:VAL94	-101.599096	126.487948	General
5EAY:ChainA:ILE95	-100.857496	117.728632	General
5EAY:ChainA:LEU96	-82.030531	115.778522	General
5EAY:ChainA:MET97	-101.533582	-36.719358	General
5EAY:ChainA:GLU98	-142.139797	134.989791	General
5EAY:ChainA:LEU99	-150.145753	159.975067	General
5EAY:ChainA:GLU100	-128.294425	127.593332	General
5EAY:ChainA:VAL101	-77.461468	121.445285	General
5EAY:ChainA:LEU102	-93.481282	-33.162652	General
5EAY:ChainA:LYS103	-146.016286	129.635066	General
5EAY:ChainA:SER104	-70.398036	162.822177	General
5EAY:ChainA:ALA105	-58.964934	-38.486220	General
5EAY:ChainA:GLU106	-58.376082	-42.590419	General
5EAY:ChainA:ALA107	-75.781318	-33.336003	General
5EAY:ChainA:VAL108	-83.046618	-47.057559	General
5EAY:ChainA:GLY109	81.673121	-29.239907	Glycine
5EAY:ChainA:VAL110	-147.334436	164.597314	General
5EAY:ChainA:LYS111	-63.958969	133.102823	General
5EAY:ChainA:ILE112	-82.587743	119.351881	General
5EAY:ChainA:GLY113	67.493623	-154.099535	Glycine
5EAY:ChainA:ASN114	-131.656787	61.566853	Pre-Pro
5EAY:ChainA:PRO115	-66.427249	149.217043	Proline
5EAY:ChainA:VAL116	-115.345491	156.078958	Pre-Pro
5EAY:ChainA:PRO117	-57.057079	139.830158	Proline
5EAY:ChainA:TYR118	-62.837242	131.814632	General
5EAY:ChainA:ASN119	-140.259062	18.931000	General
5EAY:ChainB:GLN4	-89.880385	-14.028288	General
5EAY:ChainB:LEU5	-113.408221	151.641720	General
5EAY:ChainB:SER6	-76.102921	71.383389	General
5EAY:ChainB:GLU7	-55.113926	127.161740	General
5EAY:ChainB:GLY8	94.410148	-6.965871	Glycine
5EAY:ChainB:ALA9	-66.214447	-38.510501	General
5EAY:ChainB:ILE10	-61.207357	-49.337098	General
5EAY:ChainB:ALA11	-60.587992	-38.692056	General
5EAY:ChainB:ALA12	-58.869506	-49.874840	General
5EAY:ChainB:ILE13	-61.983549	-44.194074	General
5EAY:ChainB:MET14	-66.434899	-36.871794	General
5EAY:ChainB:GLN15	-87.706696	-54.190014	General
5EAY:ChainB:LYS16	-84.438387	-32.741196	General
5EAY:ChainB:GLY17	71.794672	14.797881	Glycine
5EAY:ChainB:ASP18	-84.079680	152.423485	General
5EAY:ChainB:THR19	-115.514155	6.225692	General
5EAY:ChainB:ASN20	-90.628843	47.800530	General
5EAY:ChainB:ILE21	-141.221175	154.491693	General
5EAY:ChainB:LYS22	-126.563943	67.902239	Pre-Pro
5EAY:ChainB:PRO23	-69.352486	153.730614	Proline
5EAY:ChainB:ILE24	-99.430749	121.178829	General
5EAY:ChainB:LEU25	-127.925641	160.391284	General
5EAY:ChainB:GLN26	-105.947310	132.647225	General
5EAY:ChainB:VAL27	-73.424820	125.096115	General
5EAY:ChainB:ILE28	-93.575769	-46.029669	General
5EAY:ChainB:ASN29	-156.216825	154.818714	General
5EAY:ChainB:ILE30	-128.268653	132.359344	General
5EAY:ChainB:ARG31	-132.535095	126.204068	Pre-Pro
5EAY:ChainB:PRO32	-76.668090	141.437804	Proline
5EAY:ChainB:ILE33	-105.965482	114.020055	General
5EAY:ChainB:PRO39	-59.508260	145.487335	Proline
5EAY:ChainB:PRO40	-70.478751	156.329514	Proline
5EAY:ChainB:ARG41	-110.735244	126.749313	General
5EAY:ChainB:TYR42	-94.235529	133.047468	General
5EAY:ChainB:ARG43	-107.546078	140.313505	General
5EAY:ChainB:LEU44	-121.969340	134.582974	General
5EAY:ChainB:LEU45	-92.423105	112.012474	General
5EAY:ChainB:MET46	-113.918888	156.439408	General
5EAY:ChainB:SER47	-125.990478	140.556117	General
5EAY:ChainB:ASP48	-104.693519	12.639299	General
5EAY:ChainB:GLY49	91.948147	-29.077290	Glycine
5EAY:ChainB:LEU50	-99.256845	-49.775855	General
5EAY:ChainB:ASN51	-123.911143	157.136045	General
5EAY:ChainB:THR52	-113.259823	154.238255	General
5EAY:ChainB:LEU53	-159.721684	137.835747	General
5EAY:ChainB:SER54	-102.403976	11.246635	General
5EAY:ChainB:SER55	-88.108017	48.701185	General
5EAY:ChainB:PHE56	-124.165928	130.112739	General
5EAY:ChainB:MET57	-117.320671	140.331541	General
5EAY:ChainB:LEU58	-87.513333	129.290136	General
5EAY:ChainB:ALA59	-54.469209	139.536275	General
5EAY:ChainB:THR60	-51.741642	-36.194380	General
5EAY:ChainB:GLN61	-58.398146	-29.226214	General
5EAY:ChainB:LEU62	-88.985016	-4.325716	General
5EAY:ChainB:ASN63	-49.246470	-40.847148	Pre-Pro
5EAY:ChainB:PRO64	-58.454051	-27.642620	Proline
5EAY:ChainB:LEU65	-62.339826	-36.555909	General
5EAY:ChainB:VAL66	-72.594181	-46.168127	General
5EAY:ChainB:GLU67	-69.209864	-28.468451	General
5EAY:ChainB:GLU68	-91.839195	2.109471	General
5EAY:ChainB:GLU69	72.574921	14.161234	General
5EAY:ChainB:GLN70	-67.558195	-44.709600	General
5EAY:ChainB:LEU71	-98.069390	111.337879	General
5EAY:ChainB:SER72	-152.079577	166.016240	General
5EAY:ChainB:SER73	-48.338182	125.819443	General
5EAY:ChainB:ASN74	86.840398	-8.077667	General
5EAY:ChainB:CYS75	-65.772117	157.066849	General
5EAY:ChainB:VAL76	-115.649400	128.298818	General
5EAY:ChainB:CYS77	-137.053782	151.170825	General
5EAY:ChainB:GLN78	-103.285902	128.385273	General
5EAY:ChainB:ILE79	-84.214450	115.488537	General
5EAY:ChainB:HIS80	-92.368863	-26.127509	General
5EAY:ChainB:ARG81	-154.325968	136.434616	General
5EAY:ChainB:PHE82	-144.334897	162.601409	General
5EAY:ChainB:ILE83	-120.875870	135.495601	General
5EAY:ChainB:VAL84	-99.755749	136.291763	General
5EAY:ChainB:ASN85	-127.987502	136.830451	General
5EAY:ChainB:THR86	-113.136377	120.725666	General
5EAY:ChainB:LEU87	-73.045194	160.378370	General
5EAY:ChainB:LYS88	-48.611832	-39.045556	General
5EAY:ChainB:ASP89	-77.995971	-2.331550	General
5EAY:ChainB:GLY90	97.299793	-10.494445	Glycine
5EAY:ChainB:ARG91	-70.087278	136.058154	General
5EAY:ChainB:ARG92	-97.534861	139.209331	General
5EAY:ChainB:VAL93	-120.244249	135.401643	General
5EAY:ChainB:VAL94	-105.075484	123.338468	General
5EAY:ChainB:ILE95	-98.217335	114.353616	General
5EAY:ChainB:LEU96	-76.427020	113.363331	General
5EAY:ChainB:MET97	-97.493108	-41.844441	General
5EAY:ChainB:GLU98	-140.224364	136.486898	General
5EAY:ChainB:LEU99	-155.226489	161.048608	General
5EAY:ChainB:GLU100	-127.068539	129.973113	General
5EAY:ChainB:VAL101	-79.486708	118.090200	General
5EAY:ChainB:LEU102	-87.639664	-34.890835	General
5EAY:ChainB:LYS103	-147.185557	130.024389	General
5EAY:ChainB:SER104	-67.947846	159.997178	General
5EAY:ChainB:ALA105	-56.298582	-38.846461	General
5EAY:ChainB:GLU106	-65.769007	-38.889083	General
5EAY:ChainB:ALA107	-70.209896	-40.922701	General
5EAY:ChainB:VAL108	-75.398383	-53.896618	General
5EAY:ChainB:GLY109	89.169428	-23.043096	Glycine
5EAY:ChainB:VAL110	-148.612737	163.275994	General
5EAY:ChainB:LYS111	-66.151477	132.830997	General
5EAY:ChainB:ILE112	-86.622443	124.550533	General
5EAY:ChainB:GLY113	68.451181	-155.370102	Glycine
5EAY:ChainB:ASN114	-133.018329	59.950706	Pre-Pro
5EAY:ChainB:PRO115	-66.887886	148.777964	Proline
5EAY:ChainB:VAL116	-117.862550	154.522390	Pre-Pro
5EAY:ChainB:PRO117	-58.803919	140.330539	Proline
5EAY:ChainB:TYR118	-61.283555	129.659324	General
5EAY:ChainB:ASN119	-145.051716	47.805895	General
5EAY:ChainC:SER6	-78.993980	72.443643	General
5EAY:ChainC:GLU7	-54.154932	122.518321	General
5EAY:ChainC:GLY8	101.256585	-13.836483	Glycine
5EAY:ChainC:ALA9	-60.886186	-38.183065	General
5EAY:ChainC:ILE10	-65.645605	-47.033811	General
5EAY:ChainC:ALA11	-54.055103	-46.614720	General
5EAY:ChainC:ALA12	-62.197929	-45.205555	General
5EAY:ChainC:ILE13	-63.292019	-39.103629	General
5EAY:ChainC:MET14	-73.922745	-29.383228	General
5EAY:ChainC:GLN15	-97.180766	-32.951572	General
5EAY:ChainC:LYS16	-118.728069	-34.947994	General
5EAY:ChainC:GLY17	71.018624	29.872581	Glycine
5EAY:ChainC:ASP18	-73.067351	99.883866	General
5EAY:ChainC:THR19	-60.203124	-22.623331	General
5EAY:ChainC:ASN20	-76.672426	16.291031	General
5EAY:ChainC:ILE21	-112.321580	154.532474	General
5EAY:ChainC:LYS22	-120.363656	79.853567	Pre-Pro
5EAY:ChainC:PRO23	-71.491647	151.435510	Proline
5EAY:ChainC:ILE24	-99.217309	124.067353	General
5EAY:ChainC:LEU25	-130.684847	159.303955	General
5EAY:ChainC:GLN26	-107.857562	134.730103	General
5EAY:ChainC:VAL27	-78.771700	126.187199	General
5EAY:ChainC:ILE28	-96.186535	-43.801589	General
5EAY:ChainC:ASN29	-154.684778	159.484582	General
5EAY:ChainC:ILE30	-131.345079	126.833829	General
5EAY:ChainC:ARG31	-128.166220	131.493661	Pre-Pro
5EAY:ChainC:PRO32	-82.540459	145.148257	Proline
5EAY:ChainC:ILE33	-104.258530	118.036454	General
5EAY:ChainC:PRO40	-67.422386	148.163084	Proline
5EAY:ChainC:ARG41	-117.987274	133.510755	General
5EAY:ChainC:TYR42	-104.298282	124.560062	General
5EAY:ChainC:ARG43	-104.731945	136.517266	General
5EAY:ChainC:LEU44	-118.394288	137.243070	General
5EAY:ChainC:LEU45	-91.461263	113.130498	General
5EAY:ChainC:MET46	-115.283820	153.766524	General
5EAY:ChainC:SER47	-127.550037	139.170302	General
5EAY:ChainC:ASP48	-101.313465	15.461686	General
5EAY:ChainC:GLY49	93.093551	-26.914118	Glycine
5EAY:ChainC:LEU50	-107.839990	-46.919996	General
5EAY:ChainC:ASN51	-122.520176	151.661067	General
5EAY:ChainC:THR52	-113.004519	156.094261	General
5EAY:ChainC:LEU53	-158.472790	137.009424	General
5EAY:ChainC:SER54	-100.599414	5.989488	General
5EAY:ChainC:SER55	-82.969125	50.395507	General
5EAY:ChainC:PHE56	-125.179514	126.453286	General
5EAY:ChainC:MET57	-114.482553	137.438965	General
5EAY:ChainC:LEU58	-85.825639	127.823895	General
5EAY:ChainC:ALA59	-56.436162	138.873005	General
5EAY:ChainC:THR60	-48.886966	-40.796392	General
5EAY:ChainC:GLN61	-56.257435	-21.339311	General
5EAY:ChainC:LEU62	-96.385155	-1.626876	General
5EAY:ChainC:ASN63	-47.602104	-39.865288	Pre-Pro
5EAY:ChainC:PRO64	-59.136483	-27.130181	Proline
5EAY:ChainC:LEU65	-62.924291	-35.907976	General
5EAY:ChainC:VAL66	-76.622828	-43.543283	General
5EAY:ChainC:GLU67	-73.982232	-26.395579	General
5EAY:ChainC:GLU68	-96.464658	7.937241	General
5EAY:ChainC:GLU69	71.747564	12.674886	General
5EAY:ChainC:GLN70	-68.013444	-43.404122	General
5EAY:ChainC:LEU71	-99.307987	107.767138	General
5EAY:ChainC:SER72	-152.061166	171.507097	General
5EAY:ChainC:SER73	-52.537533	129.425255	General
5EAY:ChainC:ASN74	85.483340	-11.249852	General
5EAY:ChainC:CYS75	-64.301819	153.811759	General
5EAY:ChainC:VAL76	-109.787825	129.399569	General
5EAY:ChainC:CYS77	-131.838580	158.205202	General
5EAY:ChainC:GLN78	-109.203068	129.438297	General
5EAY:ChainC:ILE79	-86.467050	121.597049	General
5EAY:ChainC:HIS80	-97.144505	-32.117240	General
5EAY:ChainC:ARG81	-142.800522	125.922818	General
5EAY:ChainC:PHE82	-148.589904	162.192391	General
5EAY:ChainC:ILE83	-134.016214	151.202040	General
5EAY:ChainC:VAL84	-112.051430	124.683898	General
5EAY:ChainC:ASN85	-111.238980	142.284369	General
5EAY:ChainC:THR86	-107.735478	126.982173	General
5EAY:ChainC:LEU87	-74.212005	173.796790	General
5EAY:ChainC:LYS88	-63.445832	-35.354617	General
5EAY:ChainC:ASP89	-78.282043	-0.410068	General
5EAY:ChainC:GLY90	94.446457	-0.283121	Glycine
5EAY:ChainC:ARG91	-80.212452	138.221609	General
5EAY:ChainC:ARG92	-95.171251	140.369337	General
5EAY:ChainC:VAL93	-124.202896	137.865206	General
5EAY:ChainC:VAL94	-100.994008	125.681183	General
5EAY:ChainC:ILE95	-100.949756	119.142643	General
5EAY:ChainC:LEU96	-86.459784	120.620734	General
5EAY:ChainC:MET97	-111.937151	-30.552808	General
5EAY:ChainC:GLU98	-145.634230	133.575963	General
5EAY:ChainC:LEU99	-153.680571	163.366055	General
5EAY:ChainC:GLU100	-129.977919	135.952690	General
5EAY:ChainC:VAL101	-82.215694	116.526102	General
5EAY:ChainC:LEU102	-85.551971	-35.988386	General
5EAY:ChainC:LYS103	-141.655206	133.682514	General
5EAY:ChainC:SER104	-70.875146	163.114012	General
5EAY:ChainC:ALA105	-56.624792	-41.509754	General
5EAY:ChainC:GLU106	-64.638853	-40.572822	General
5EAY:ChainC:ALA107	-69.914095	-35.677244	General
5EAY:ChainC:VAL108	-80.128462	-45.990714	General
5EAY:ChainC:GLY109	77.849203	-17.047799	Glycine
5EAY:ChainC:VAL110	-157.705089	161.499729	General
5EAY:ChainC:LYS111	-67.018480	134.361692	General
5EAY:ChainC:ILE112	-86.454661	119.965741	General
5EAY:ChainC:GLY113	73.716489	-159.838917	Glycine
5EAY:ChainC:ASN114	-130.270233	67.513978	Pre-Pro
5EAY:ChainC:PRO115	-66.546863	146.061718	Proline
5EAY:ChainC:VAL116	-115.898175	157.221717	Pre-Pro
5EAY:ChainC:PRO117	-58.222442	138.314741	Proline
5EAY:ChainC:TYR118	-59.750860	124.271460	General
5EAY:ChainC:ASN119	-133.594326	30.275964	General
5EAY:ChainD:LEU5	-68.481887	142.573241	General
5EAY:ChainD:SER6	-76.420960	72.174010	General
5EAY:ChainD:GLU7	-56.321104	126.051299	General
5EAY:ChainD:GLY8	94.033625	-5.803434	Glycine
5EAY:ChainD:ALA9	-65.400449	-39.736084	General
5EAY:ChainD:ILE10	-66.941896	-43.544743	General
5EAY:ChainD:ALA11	-59.055365	-45.372436	General
5EAY:ChainD:ALA12	-59.611055	-45.343154	General
5EAY:ChainD:ILE13	-65.615116	-38.896865	General
5EAY:ChainD:MET14	-69.370447	-28.685154	General
5EAY:ChainD:GLN15	-82.798041	-47.976627	General
5EAY:ChainD:LYS16	-122.813729	-15.662038	General
5EAY:ChainD:GLY17	59.532730	35.565653	Glycine
5EAY:ChainD:ASP18	-70.289701	101.316628	General
5EAY:ChainD:THR19	-69.465703	-3.910720	General
5EAY:ChainD:ASN20	-82.449384	-11.772944	General
5EAY:ChainD:ILE21	-69.227004	126.870219	General
5EAY:ChainD:LYS22	-112.780441	76.540916	Pre-Pro
5EAY:ChainD:PRO23	-75.030267	144.620748	Proline
5EAY:ChainD:ILE24	-94.062001	121.564553	General
5EAY:ChainD:LEU25	-131.347276	156.002089	General
5EAY:ChainD:GLN26	-105.734948	133.355857	General
5EAY:ChainD:VAL27	-75.712117	126.269177	General
5EAY:ChainD:ILE28	-94.003872	-46.857516	General
5EAY:ChainD:ASN29	-156.076793	162.077289	General
5EAY:ChainD:ILE30	-135.314061	129.557855	General
5EAY:ChainD:ARG31	-128.746879	130.574229	Pre-Pro
5EAY:ChainD:PRO32	-82.031996	142.295888	Proline
5EAY:ChainD:ILE33	-115.750695	118.883684	General
5EAY:ChainD:PRO40	-69.942835	153.826574	Proline
5EAY:ChainD:ARG41	-112.812877	133.797781	General
5EAY:ChainD:TYR42	-102.284749	124.159860	General
5EAY:ChainD:ARG43	-101.717836	138.689031	General
5EAY:ChainD:LEU44	-122.100356	135.872932	General
5EAY:ChainD:LEU45	-94.428365	114.508147	General
5EAY:ChainD:MET46	-116.908070	155.810344	General
5EAY:ChainD:SER47	-129.185418	137.352659	General
5EAY:ChainD:ASP48	-102.286858	14.847966	General
5EAY:ChainD:GLY49	93.070267	-24.587611	Glycine
5EAY:ChainD:LEU50	-109.111119	-50.158965	General
5EAY:ChainD:ASN51	-121.997036	155.215253	General
5EAY:ChainD:THR52	-117.836915	156.574475	General
5EAY:ChainD:LEU53	-163.729179	138.904799	General
5EAY:ChainD:SER54	-102.570126	11.620951	General
5EAY:ChainD:SER55	-86.567676	53.554562	General
5EAY:ChainD:PHE56	-130.814269	124.705755	General
5EAY:ChainD:MET57	-113.766500	137.652317	General
5EAY:ChainD:LEU58	-85.509105	128.599054	General
5EAY:ChainD:ALA59	-55.911082	138.160690	General
5EAY:ChainD:THR60	-46.258751	-37.456088	General
5EAY:ChainD:GLN61	-65.837789	-17.726416	General
5EAY:ChainD:LEU62	-95.492337	1.902325	General
5EAY:ChainD:ASN63	-51.936962	-38.704878	Pre-Pro
5EAY:ChainD:PRO64	-54.221546	-31.596723	Proline
5EAY:ChainD:LEU65	-61.669390	-37.792615	General
5EAY:ChainD:VAL66	-74.458813	-43.949970	General
5EAY:ChainD:GLU67	-71.632181	-28.447565	General
5EAY:ChainD:GLU68	-94.258610	6.384729	General
5EAY:ChainD:GLU69	76.789197	10.304144	General
5EAY:ChainD:GLN70	-66.663019	-44.454961	General
5EAY:ChainD:LEU71	-97.073911	109.136209	General
5EAY:ChainD:SER72	-152.963644	170.051080	General
5EAY:ChainD:SER73	-49.254079	127.946385	General
5EAY:ChainD:ASN74	87.768977	-10.577553	General
5EAY:ChainD:CYS75	-67.117504	157.253695	General
5EAY:ChainD:VAL76	-114.289290	132.780806	General
5EAY:ChainD:CYS77	-135.931714	160.619137	General
5EAY:ChainD:GLN78	-110.449547	128.487154	General
5EAY:ChainD:ILE79	-85.190122	116.932217	General
5EAY:ChainD:HIS80	-95.616894	-30.849372	General
5EAY:ChainD:ARG81	-141.496053	128.903556	General
5EAY:ChainD:PHE82	-147.794871	161.327315	General
5EAY:ChainD:ILE83	-126.671760	154.659418	General
5EAY:ChainD:VAL84	-114.005540	126.309843	General
5EAY:ChainD:ASN85	-110.859549	155.193041	General
5EAY:ChainD:THR86	-116.883528	122.611734	General
5EAY:ChainD:LEU87	-74.905172	176.535714	General
5EAY:ChainD:LYS88	-58.122581	-39.631137	General
5EAY:ChainD:ASP89	-80.617926	3.365519	General
5EAY:ChainD:GLY90	89.802531	-5.195376	Glycine
5EAY:ChainD:ARG91	-68.612886	136.150420	General
5EAY:ChainD:ARG92	-96.358602	135.164777	General
5EAY:ChainD:VAL93	-125.441452	132.950792	General
5EAY:ChainD:VAL94	-92.486071	126.583424	General
5EAY:ChainD:ILE95	-98.927072	115.471833	General
5EAY:ChainD:LEU96	-79.863107	115.770972	General
5EAY:ChainD:MET97	-105.269147	-29.896659	General
5EAY:ChainD:GLU98	-150.469184	130.549256	General
5EAY:ChainD:LEU99	-147.181825	161.597999	General
5EAY:ChainD:GLU100	-127.052862	126.252309	General
5EAY:ChainD:VAL101	-79.767815	118.672458	General
5EAY:ChainD:LEU102	-85.276333	-38.521015	General
5EAY:ChainD:LYS103	-143.241046	132.376424	General
5EAY:ChainD:SER104	-70.442687	160.126206	General
5EAY:ChainD:ALA105	-50.666043	-45.035474	General
5EAY:ChainD:GLU106	-63.382543	-38.743257	General
5EAY:ChainD:ALA107	-74.365642	-29.699777	General
5EAY:ChainD:VAL108	-83.154146	-47.269018	General
5EAY:ChainD:GLY109	76.500592	-12.001147	Glycine
5EAY:ChainD:VAL110	-157.990656	152.477694	General
5EAY:ChainD:LYS111	-64.675237	129.014869	General
5EAY:ChainD:ILE112	-86.578817	123.963075	General
5EAY:ChainD:GLY113	79.009965	-164.558777	Glycine
5EAY:ChainD:ASN114	-125.902739	70.295477	Pre-Pro
5EAY:ChainD:PRO115	-71.075939	152.533837	Proline
5EAY:ChainD:VAL116	-119.477086	157.127224	Pre-Pro
5EAY:ChainD:PRO117	-58.595337	136.590366	Proline
5EAY:ChainD:TYR118	-61.960566	127.213505	General
5EAY:ChainE:GLU6	60.932029	-80.429386	General
5EAY:ChainE:LEU7	-85.117988	-23.244541	General
5EAY:ChainE:GLU8	-65.226332	-36.002947	General
5EAY:ChainE:LEU9	-69.787817	-38.820062	General
5EAY:ChainE:LEU10	-67.678686	-26.782483	General
5EAY:ChainE:MET11	-107.069192	3.033865	General
5EAY:ChainE:GLU12	-61.714334	-42.377360	General
5EAY:ChainE:LYS13	-102.924760	168.048929	General
5EAY:ChainE:SER14	-64.407594	160.431740	General
5EAY:ChainE:PHE15	-57.374653	-45.677130	General
5EAY:ChainF:LEU7	-73.416268	-33.077410	General
5EAY:ChainF:GLU8	-59.937267	-42.561648	General
5EAY:ChainF:LEU9	-71.773185	-38.436334	General
5EAY:ChainF:LEU10	-72.271269	-7.345901	General
5EAY:ChainF:MET11	-126.230557	6.901201	General
5EAY:ChainF:GLU12	-74.787449	-24.846423	General
5EAY:ChainF:LYS13	-92.739480	158.359841	General
5EAY:ChainF:SER14	-63.718487	153.373726	General
5EAY:ChainF:PHE15	-56.633055	-42.276841	General
5EAY:ChainF:TRP16	-116.808687	89.859515	General
5EAY:ChainG:LEU7	-62.560821	-39.138904	General
5EAY:ChainG:GLU8	-57.330892	-50.054719	General
5EAY:ChainG:LEU9	-55.696120	-51.792322	General
5EAY:ChainG:LEU10	-58.624711	-43.702797	General
5EAY:ChainG:MET11	-76.238405	-4.896465	General
5EAY:ChainG:GLU12	-67.286015	-17.726106	General
5EAY:ChainG:LYS13	-108.110663	149.013225	General
5EAY:ChainG:SER14	-67.261498	158.957349	General
5EAY:ChainG:PHE15	-55.464351	-42.739008	General
5EAY:ChainG:TRP16	-92.784468	-12.108615	General
5EAY:ChainH:LEU7	-63.030161	-37.447611	General
5EAY:ChainH:GLU8	-61.220408	-41.660886	General
5EAY:ChainH:LEU9	-68.307483	-40.836286	General
5EAY:ChainH:LEU10	-63.516776	-41.206760	General
5EAY:ChainH:MET11	-83.957147	-5.733640	General
5EAY:ChainH:GLU12	-66.284676	-24.453264	General
5EAY:ChainH:LYS13	-99.950724	151.986632	General
5EAY:ChainH:SER14	-66.507112	154.597627	General
5EAY:ChainH:PHE15	-53.687096	-43.673934	General
5EAY:ChainH:TRP16	-92.960522	0.509959	General
