5EVA:ChainA:MET628	-160.418080	173.879270	General
5EVA:ChainA:GLN629	-80.029064	141.923993	General
5EVA:ChainA:LEU630	-70.986224	-47.864759	General
5EVA:ChainA:THR631	-55.312029	-50.410013	Pre-Pro
5EVA:ChainA:PRO632	-64.019872	-32.843345	Proline
5EVA:ChainA:PHE633	-63.736843	-43.795311	General
5EVA:ChainA:LEU634	-67.672274	-37.037494	General
5EVA:ChainA:ILE635	-57.976390	-44.427905	General
5EVA:ChainA:LEU636	-61.903579	-43.557427	General
5EVA:ChainA:LEU637	-65.001819	-38.554084	General
5EVA:ChainA:ARG638	-59.446865	-47.501556	General
5EVA:ChainA:LYS639	-61.671041	-41.858116	General
5EVA:ChainA:THR640	-64.850179	-42.895656	General
5EVA:ChainA:LEU641	-61.805924	-40.445422	General
5EVA:ChainA:GLU642	-61.610433	-41.748619	General
5EVA:ChainA:GLN643	-65.293416	-38.202975	General
5EVA:ChainA:LEU644	-66.736505	-42.145052	General
5EVA:ChainA:GLN645	-59.626442	-37.030813	General
5EVA:ChainA:GLU646	-61.251277	-31.156139	General
5EVA:ChainA:LYS647	-71.926016	-26.691613	General
5EVA:ChainA:ASP648	-85.780720	78.794073	General
5EVA:ChainA:THR649	-71.775799	-28.548330	General
5EVA:ChainA:GLY650	-80.816292	-2.347642	Glycine
5EVA:ChainA:ASN651	56.333956	31.425713	General
5EVA:ChainA:ILE652	-74.065689	-16.478335	General
5EVA:ChainA:PHE653	-112.572603	11.294979	General
5EVA:ChainA:SER654	-72.002441	-30.270080	General
5EVA:ChainA:GLU655	-137.728031	163.531302	Pre-Pro
5EVA:ChainA:PRO656	-56.209651	145.265187	Proline
5EVA:ChainA:VAL657	-55.543719	126.255846	Pre-Pro
5EVA:ChainA:PRO658	-67.110553	107.264453	Proline
5EVA:ChainA:LEU659	-62.138044	-27.058605	General
5EVA:ChainA:SER660	-68.463270	-35.153016	General
5EVA:ChainA:GLU661	-88.231363	-22.647823	General
5EVA:ChainA:VAL662	-124.417844	78.073764	Pre-Pro
5EVA:ChainA:PRO663	-65.306377	-25.563637	Proline
5EVA:ChainA:ASP664	-92.439020	9.519924	General
5EVA:ChainA:TYR665	-60.189791	-40.810419	General
5EVA:ChainA:LEU666	-77.143768	-13.512504	General
5EVA:ChainA:ASP667	-57.669022	-36.596270	General
5EVA:ChainA:HIS668	-106.369190	-24.469152	General
5EVA:ChainA:ILE669	-112.511103	114.247632	General
5EVA:ChainA:LYS670	-73.120511	-39.732790	General
5EVA:ChainA:LYS671	-137.335035	93.823310	Pre-Pro
5EVA:ChainA:PRO672	-58.809786	152.630116	Proline
5EVA:ChainA:MET673	-154.519244	152.595896	General
5EVA:ChainA:ASP674	-162.285615	169.588884	General
5EVA:ChainA:PHE675	-70.027822	-30.309892	General
5EVA:ChainA:PHE676	-68.029544	-44.617066	General
5EVA:ChainA:THR677	-58.981277	-39.832874	General
5EVA:ChainA:MET678	-62.295849	-41.297539	General
5EVA:ChainA:LYS679	-61.080777	-41.600351	General
5EVA:ChainA:GLN680	-65.239908	-40.839691	General
5EVA:ChainA:ASN681	-64.320482	-42.785701	General
5EVA:ChainA:LEU682	-56.312040	-49.704882	General
5EVA:ChainA:GLU683	-73.122033	-17.042535	General
5EVA:ChainA:ALA684	-87.008112	8.525244	General
5EVA:ChainA:TYR685	63.183101	33.018344	General
5EVA:ChainA:ARG686	-86.033662	-14.372456	General
5EVA:ChainA:TYR687	-109.975358	106.022365	General
5EVA:ChainA:LEU688	-114.862097	1.036841	General
5EVA:ChainA:ASN689	-149.046893	163.693563	General
5EVA:ChainA:PHE690	-66.109743	-32.832303	General
5EVA:ChainA:ASP691	-59.957815	-39.613278	General
5EVA:ChainA:ASP692	-54.272780	-45.985623	General
5EVA:ChainA:PHE693	-71.830011	-48.005517	General
5EVA:ChainA:GLU694	-66.399985	-31.001827	General
5EVA:ChainA:GLU695	-59.590734	-42.053400	General
5EVA:ChainA:ASP696	-72.846522	-37.218593	General
5EVA:ChainA:PHE697	-57.371424	-45.680809	General
5EVA:ChainA:ASN698	-62.643396	-29.929588	General
5EVA:ChainA:LEU699	-67.178336	-42.005857	General
5EVA:ChainA:ILE700	-51.963300	-50.015126	General
5EVA:ChainA:VAL701	-66.321463	-53.376854	General
5EVA:ChainA:SER702	-66.623428	-36.203347	General
5EVA:ChainA:ASN703	-61.568950	-40.054445	General
5EVA:ChainA:CYS704	-70.100210	-40.463189	General
5EVA:ChainA:LEU705	-64.681264	-37.776042	General
5EVA:ChainA:LYS706	-68.789228	-47.078314	General
5EVA:ChainA:TYR707	-75.401971	-39.110478	General
5EVA:ChainA:ASN708	-96.793380	143.503628	General
5EVA:ChainA:ALA709	-65.002526	153.793493	General
5EVA:ChainA:LYS710	-62.647729	-28.206019	General
5EVA:ChainA:ASP711	-86.410433	23.300963	General
5EVA:ChainA:THR712	-112.913683	156.692876	General
5EVA:ChainA:ILE713	-58.979691	-42.288701	General
5EVA:ChainA:PHE714	-59.517127	-46.148154	General
5EVA:ChainA:TYR715	-61.628851	-46.756514	General
5EVA:ChainA:ARG716	-66.500024	-31.510716	General
5EVA:ChainA:ALA717	-63.237503	-35.829589	General
5EVA:ChainA:ALA718	-68.825638	-39.187082	General
5EVA:ChainA:VAL719	-59.941352	-46.986483	General
5EVA:ChainA:ARG720	-61.911127	-42.387082	General
5EVA:ChainA:LEU721	-66.002790	-38.662012	General
5EVA:ChainA:ARG722	-58.723617	-44.502299	General
5EVA:ChainA:GLU723	-70.550405	-54.990587	General
5EVA:ChainA:GLN724	-73.117462	-39.043104	General
5EVA:ChainA:GLY725	-72.449502	-33.166169	Glycine
5EVA:ChainA:GLY726	-53.906675	-42.284145	Glycine
5EVA:ChainA:ALA727	-65.928532	-41.221428	General
5EVA:ChainA:VAL728	-58.276620	-42.640895	General
5EVA:ChainA:LEU729	-69.294911	-38.872953	General
5EVA:ChainA:ARG730	-63.050602	-43.909790	General
5EVA:ChainA:GLN731	-67.168013	-37.039382	General
5EVA:ChainA:ALA732	-68.582767	-40.169131	General
5EVA:ChainA:ARG733	-62.305383	-39.103361	General
5EVA:ChainA:ARG734	-59.201203	-39.952606	General
5EVA:ChainA:GLN735	-63.355025	-40.935640	General
5EVA:ChainA:ALA736	-63.260305	-39.166284	General
5EVA:ChainA:GLU737	-64.521894	-28.163438	General
5EVA:ChainA:LYS738	-70.542846	-16.082475	General
