5G3J:ChainA:PRO530	-72.824621	133.305982	Proline
5G3J:ChainA:THR531	-60.577433	153.406801	General
5G3J:ChainA:LEU532	-62.783259	-41.991214	General
5G3J:ChainA:VAL533	-64.642765	-34.945280	General
5G3J:ChainA:SER534	-67.814906	-29.159314	General
5G3J:ChainA:LEU535	-73.468781	-32.522750	General
5G3J:ChainA:LEU536	-72.305553	-32.911220	General
5G3J:ChainA:GLU537	-68.108838	-46.564053	General
5G3J:ChainA:VAL538	-62.892304	-26.141627	General
5G3J:ChainA:ILE539	-91.467166	7.733173	General
5G3J:ChainA:GLU540	-56.330455	122.886590	Pre-Pro
5G3J:ChainA:PRO541	-59.501754	147.075515	Proline
5G3J:ChainA:GLU542	-64.068460	157.380995	General
5G3J:ChainA:VAL543	-69.855584	131.169608	General
5G3J:ChainA:LEU544	-104.698460	142.370364	General
5G3J:ChainA:TYR545	-99.542771	145.064994	General
5G3J:ChainA:ALA546	-79.438290	-26.162697	General
5G3J:ChainA:GLY547	74.090037	36.561421	Glycine
5G3J:ChainA:TYR548	-90.616016	117.370355	General
5G3J:ChainA:ASP549	-82.303226	105.575649	General
5G3J:ChainA:SER550	-76.260138	-8.051385	General
5G3J:ChainA:SER551	-78.923276	-24.922055	General
5G3J:ChainA:VAL552	-84.990653	139.612401	Pre-Pro
5G3J:ChainA:PRO553	-64.340613	162.106620	Proline
5G3J:ChainA:ASP554	-88.648509	158.544608	General
5G3J:ChainA:SER555	-154.740564	155.717644	General
5G3J:ChainA:THR556	-59.439351	-50.145937	General
5G3J:ChainA:TRP557	-56.035286	-46.498076	General
5G3J:ChainA:ARG558	-61.995045	-47.107274	General
5G3J:ChainA:ILE559	-64.350902	-45.879868	General
5G3J:ChainA:MET560	-57.859599	-47.219791	General
5G3J:ChainA:THR561	-61.414516	-47.377503	General
5G3J:ChainA:THR562	-61.102794	-42.966482	General
5G3J:ChainA:LEU563	-64.625586	-36.852268	General
5G3J:ChainA:ASN564	-61.800702	-45.752398	General
5G3J:ChainA:MET565	-65.520577	-39.775363	General
5G3J:ChainA:LEU566	-64.669994	-44.252436	General
5G3J:ChainA:GLY567	-57.563415	-42.304341	Glycine
5G3J:ChainA:GLY568	-61.604240	-42.654540	Glycine
5G3J:ChainA:ARG569	-68.934776	-35.111361	General
5G3J:ChainA:GLN570	-68.037134	-36.538093	General
5G3J:ChainA:MET571	-73.163849	-29.603329	General
5G3J:ChainA:ILE572	-68.364829	-40.652754	General
5G3J:ChainA:ALA573	-70.029759	-32.448330	General
5G3J:ChainA:ALA574	-63.968176	-35.445074	General
5G3J:ChainA:VAL575	-63.369218	-47.163150	General
5G3J:ChainA:LYS576	-61.258960	-41.139708	General
5G3J:ChainA:TRP577	-61.562063	-52.785012	General
5G3J:ChainA:ALA578	-57.158624	-42.226214	General
5G3J:ChainA:LYS579	-61.382016	-24.642526	General
5G3J:ChainA:ALA580	-94.527686	-4.546922	General
5G3J:ChainA:ILE581	-71.107207	120.321198	Pre-Pro
5G3J:ChainA:PRO582	-55.183984	123.837849	Proline
5G3J:ChainA:GLY583	104.799140	-34.696311	Glycine
5G3J:ChainA:PHE584	-55.894029	-42.943696	General
5G3J:ChainA:ARG585	-68.922352	-19.337657	General
5G3J:ChainA:ASN586	-77.919231	-16.301297	General
5G3J:ChainA:LEU587	-73.806072	156.165041	General
5G3J:ChainA:HIS588	-58.172142	145.543630	General
5G3J:ChainA:LEU589	-54.505423	-40.422483	General
5G3J:ChainA:ASP590	-61.076530	-35.874957	General
5G3J:ChainA:ASP591	-71.011423	-37.543165	General
5G3J:ChainA:GLN592	-61.553755	-44.819148	General
5G3J:ChainA:MET593	-64.449314	-46.407550	General
5G3J:ChainA:THR594	-56.921177	-54.165375	General
5G3J:ChainA:LEU595	-59.205135	-43.653287	General
5G3J:ChainA:LEU596	-66.671458	-34.674897	General
5G3J:ChainA:GLN597	-75.718548	-33.920531	General
5G3J:ChainA:TYR598	-72.194528	-46.830963	General
5G3J:ChainA:SER599	-88.699899	-9.317461	General
5G3J:ChainA:TRP600	-41.295600	-52.759581	General
5G3J:ChainA:MET601	-68.021266	-38.797463	General
5G3J:ChainA:SER602	-61.931479	-46.127056	General
5G3J:ChainA:LEU603	-63.411078	-46.307714	General
5G3J:ChainA:MET604	-64.805119	-45.434918	General
5G3J:ChainA:ALA605	-66.862209	-39.574582	General
5G3J:ChainA:PHE606	-66.253651	-45.832772	General
5G3J:ChainA:ALA607	-61.074198	-41.305461	General
5G3J:ChainA:LEU608	-63.278113	-45.028837	General
5G3J:ChainA:GLY609	-57.517245	-41.355611	Glycine
5G3J:ChainA:TRP610	-66.411620	-49.249664	General
5G3J:ChainA:ARG611	-57.697752	-45.229847	General
5G3J:ChainA:SER612	-65.924348	-32.969704	General
5G3J:ChainA:TYR613	-76.961473	-32.742216	General
5G3J:ChainA:ARG614	-82.883915	-47.057663	General
5G3J:ChainA:GLN615	-70.934026	-64.437968	General
5G3J:ChainA:SER616	-149.389137	114.453760	General
5G3J:ChainA:SER617	-91.457431	153.191819	General
5G3J:ChainA:ALA618	-108.115716	-55.054839	General
5G3J:ChainA:ASN619	-87.006812	48.819783	General
5G3J:ChainA:LEU620	-124.586336	136.374420	General
5G3J:ChainA:LEU621	-102.002479	113.989386	General
5G3J:ChainA:CYS622	-97.798976	75.675912	General
5G3J:ChainA:PHE623	-61.385534	-49.229553	General
5G3J:ChainA:ALA624	-148.999230	161.941292	Pre-Pro
5G3J:ChainA:PRO625	-60.888391	-26.001651	Proline
5G3J:ChainA:ASP626	-99.924205	8.049322	General
5G3J:ChainA:LEU627	-148.517472	83.881152	General
5G3J:ChainA:ILE628	-105.593154	129.153208	General
5G3J:ChainA:ILE629	-92.368371	99.099366	General
5G3J:ChainA:ASN630	-82.361962	-177.385356	General
5G3J:ChainA:GLU631	-64.742947	-35.882215	General
5G3J:ChainA:GLN632	-67.128497	-38.627506	General
5G3J:ChainA:ARG633	-75.564782	-29.142342	General
5G3J:ChainA:MET634	-68.750994	-22.636334	General
5G3J:ChainA:THR635	-79.646176	-12.457629	General
5G3J:ChainA:LEU636	-57.631544	142.945773	Pre-Pro
5G3J:ChainA:PRO637	-47.353795	118.759729	Proline
5G3J:ChainA:ASP638	59.440972	22.204436	General
5G3J:ChainA:MET639	-73.194302	-44.210692	General
5G3J:ChainA:TYR640	-60.970612	-44.494277	General
5G3J:ChainA:ASP641	-60.889445	-29.428200	General
5G3J:ChainA:GLN642	-90.443823	-26.909421	General
5G3J:ChainA:CYS643	-81.596050	-31.890865	General
5G3J:ChainA:LYS644	-53.395910	-38.468709	General
5G3J:ChainA:HIS645	-67.887307	-33.692445	General
5G3J:ChainA:MET646	-79.646055	-36.972993	General
5G3J:ChainA:LEU647	-61.109851	-34.133006	General
5G3J:ChainA:TYR648	-58.878566	-40.544805	General
5G3J:ChainA:VAL649	-62.410413	-53.185835	General
5G3J:ChainA:SER650	-62.334478	-40.777097	General
5G3J:ChainA:SER651	-56.110959	-45.232059	General
5G3J:ChainA:GLU652	-67.554887	-43.703531	General
5G3J:ChainA:LEU653	-62.822074	-37.663406	General
5G3J:ChainA:HIS654	-67.039486	-50.912047	General
5G3J:ChainA:ARG655	-60.069654	-40.363683	General
5G3J:ChainA:LEU656	-85.545278	-5.217530	General
5G3J:ChainA:GLN657	48.729915	52.890022	General
5G3J:ChainA:VAL658	-63.835143	133.739186	General
5G3J:ChainA:SER659	-86.375360	164.151995	General
5G3J:ChainA:TYR660	-59.108124	-44.271944	General
5G3J:ChainA:GLU661	-65.287045	-43.298143	General
5G3J:ChainA:GLU662	-61.369696	-46.305080	General
5G3J:ChainA:TYR663	-53.285973	-50.141124	General
5G3J:ChainA:LEU664	-60.405006	-42.143321	General
5G3J:ChainA:CYS665	-68.622212	-42.364009	General
5G3J:ChainA:MET666	-63.604132	-41.370085	General
5G3J:ChainA:LYS667	-64.578839	-44.377390	General
5G3J:ChainA:THR668	-60.796821	-40.929103	General
5G3J:ChainA:LEU669	-62.115806	-30.697245	General
5G3J:ChainA:LEU670	-70.096457	-31.226125	General
5G3J:ChainA:LEU671	-64.242388	-32.672151	General
5G3J:ChainA:LEU672	-101.353382	23.359554	General
5G3J:ChainA:SER673	-88.365752	-13.892172	General
5G3J:ChainA:SER674	-139.962150	141.577729	General
5G3J:ChainA:VAL675	-133.630811	161.712480	Pre-Pro
5G3J:ChainA:PRO676	-64.113472	155.787019	Proline
5G3J:ChainA:LYS677	-45.584208	-42.480353	General
5G3J:ChainA:ASP678	-99.905578	23.259823	General
5G3J:ChainA:GLY679	67.028996	179.892819	Glycine
5G3J:ChainA:LEU680	-87.871258	165.804426	General
5G3J:ChainA:LYS681	-68.749575	-39.538313	General
5G3J:ChainA:SER682	-107.975833	47.745484	General
5G3J:ChainA:GLN683	-56.020362	-46.576272	General
5G3J:ChainA:GLU684	-61.039928	-45.515178	General
5G3J:ChainA:LEU685	-67.457406	-42.707996	General
5G3J:ChainA:PHE686	-56.104118	-47.267333	General
5G3J:ChainA:ASP687	-58.828877	-37.430233	General
5G3J:ChainA:GLU688	-67.471927	-47.949679	General
5G3J:ChainA:ILE689	-62.900658	-46.247660	General
5G3J:ChainA:ARG690	-61.659001	-42.362129	General
5G3J:ChainA:MET691	-62.713073	-40.883272	General
5G3J:ChainA:THR692	-56.932021	-46.911006	General
5G3J:ChainA:TYR693	-75.845747	-22.634465	General
5G3J:ChainA:ILE694	-69.355530	-46.803353	General
5G3J:ChainA:LYS695	-62.101389	-37.025847	General
5G3J:ChainA:GLU696	-65.714396	-37.140440	General
5G3J:ChainA:LEU697	-65.202412	-42.473641	General
5G3J:ChainA:GLY698	-56.693392	-43.458730	Glycine
5G3J:ChainA:LYS699	-64.763999	-37.858548	General
5G3J:ChainA:ALA700	-67.907155	-37.364742	General
5G3J:ChainA:ILE701	-63.923545	-48.605399	General
5G3J:ChainA:VAL702	-57.468907	-34.358231	General
5G3J:ChainA:LYS703	-56.651107	-20.957729	General
5G3J:ChainA:ARG704	-92.788205	98.001073	General
5G3J:ChainA:GLU705	-44.476540	113.581768	General
5G3J:ChainA:GLY706	-169.346098	162.749485	Glycine
5G3J:ChainA:ASN707	-75.546317	171.405406	General
5G3J:ChainA:SER708	-56.707348	-36.747012	General
5G3J:ChainA:SER709	-66.328449	-44.605971	General
5G3J:ChainA:GLN710	-79.238837	-20.831236	General
5G3J:ChainA:ASN711	-74.898963	-41.036580	General
5G3J:ChainA:TRP712	-62.920806	-42.854492	General
5G3J:ChainA:GLN713	-73.080094	-30.093234	General
5G3J:ChainA:ARG714	-67.728625	-47.797347	General
5G3J:ChainA:PHE715	-57.496070	-42.011271	General
5G3J:ChainA:TYR716	-60.479986	-50.590663	General
5G3J:ChainA:GLN717	-60.531795	-50.712015	General
5G3J:ChainA:LEU718	-64.561558	-41.985950	General
5G3J:ChainA:THR719	-73.393612	-24.992729	General
5G3J:ChainA:LYS720	-70.440412	-41.412999	General
5G3J:ChainA:LEU721	-59.979000	-45.135092	General
5G3J:ChainA:LEU722	-56.235737	-47.425265	General
5G3J:ChainA:ASP723	-59.218689	-44.315074	General
5G3J:ChainA:SER724	-63.795548	-16.641832	General
5G3J:ChainA:MET725	-60.673490	-32.607995	General
5G3J:ChainA:HIS726	-57.901832	-43.100535	General
5G3J:ChainA:GLU727	-72.781771	-41.740839	General
5G3J:ChainA:VAL728	-58.720273	-45.263102	General
5G3J:ChainA:VAL729	-68.165914	-40.297332	General
5G3J:ChainA:GLU730	-52.012458	-44.511383	General
5G3J:ChainA:ASN731	-68.061797	-38.991947	General
5G3J:ChainA:LEU732	-70.882532	-37.402126	General
5G3J:ChainA:LEU733	-69.664376	-28.494540	General
5G3J:ChainA:ASN734	-63.877172	-47.718627	General
5G3J:ChainA:TYR735	-60.907087	-45.752518	General
5G3J:ChainA:CYS736	-54.361698	-58.605752	General
5G3J:ChainA:PHE737	-62.314602	-37.065568	General
5G3J:ChainA:GLN738	-66.946300	-56.739792	General
5G3J:ChainA:THR739	-58.847016	-35.566249	General
5G3J:ChainA:PHE740	-69.374935	-47.712004	General
5G3J:ChainA:LEU741	-74.303575	-34.587244	General
5G3J:ChainA:ASP742	-85.044626	96.856509	General
5G3J:ChainA:LYS743	-67.352648	-22.300848	General
5G3J:ChainA:THR744	-67.482379	-16.526794	General
5G3J:ChainA:MET745	-81.191575	-14.031644	General
5G3J:ChainA:SER746	54.111683	36.333472	General
5G3J:ChainA:ILE747	-99.636718	106.975708	General
5G3J:ChainA:GLU748	-85.896750	138.299070	General
5G3J:ChainA:PHE749	-116.641973	137.528296	Pre-Pro
5G3J:ChainA:PRO750	-71.066309	157.900865	Proline
5G3J:ChainA:GLU751	-37.750106	-49.197274	General
5G3J:ChainA:MET752	-57.963752	-46.815098	General
5G3J:ChainA:LEU753	-74.319885	-42.822416	General
5G3J:ChainA:ALA754	-57.458854	-38.979999	General
5G3J:ChainA:GLU755	-68.231312	-41.791716	General
5G3J:ChainA:ILE756	-65.913385	-47.555263	General
5G3J:ChainA:ILE757	-63.162634	-44.586079	General
5G3J:ChainA:THR758	-58.979241	-40.677363	General
5G3J:ChainA:ASN759	-71.129906	-42.206180	General
5G3J:ChainA:GLN760	-76.247044	-37.498532	General
5G3J:ChainA:ILE761	-52.256462	-53.523687	Pre-Pro
5G3J:ChainA:PRO762	-60.544155	-34.189187	Proline
5G3J:ChainA:LYS763	-62.888714	-37.077165	General
5G3J:ChainA:TYR764	-73.538211	-36.570992	General
5G3J:ChainA:SER765	-74.980193	-26.887401	General
5G3J:ChainA:ASN766	-98.167784	8.032250	General
5G3J:ChainA:GLY767	66.436397	18.323325	Glycine
5G3J:ChainA:ASN768	-84.698802	73.530981	General
5G3J:ChainA:ILE769	-168.302913	123.898879	General
5G3J:ChainA:LYS770	-113.733941	105.295767	General
5G3J:ChainA:LYS771	-81.972006	107.176616	General
5G3J:ChainA:LEU772	-70.198710	135.035681	General
5G3J:ChainA:LEU773	-125.369977	148.804669	General
5G3J:ChainA:PHE774	-92.391200	-28.425087	General
5G3J:ChainA:HIS775	-125.633890	151.646890	General
5G3J:ChainB:ASN742	51.857907	41.504824	General
5G3J:ChainB:ALA743	-53.932707	-48.016470	General
5G3J:ChainB:LEU744	-66.387163	-47.240881	General
5G3J:ChainB:LEU745	-59.502773	-47.244323	General
5G3J:ChainB:ARG746	-57.624237	-44.197059	General
5G3J:ChainB:TYR747	-59.816650	-48.585988	General
5G3J:ChainB:LEU748	-62.567452	-32.229048	General
5G3J:ChainB:LEU749	-80.437121	-39.677081	General
5G3J:ChainB:ASP750	-77.737241	-33.280396	General
5G3J:ChainB:LYS751	-66.238367	158.982655	General
5G3J:ChainB:ASP752	-76.380118	126.029646	General
