5GPC:ChainA:LYS5	-135.376083	-21.934277	General
5GPC:ChainA:GLY6	75.786613	158.190001	Glycine
5GPC:ChainA:PRO7	-59.995148	-31.548422	Proline
5GPC:ChainA:LYS8	-64.096870	-28.087904	General
5GPC:ChainA:TYR9	-60.030241	-55.327420	General
5GPC:ChainA:ASP10	-63.122592	-44.996806	General
5GPC:ChainA:GLN11	-47.814943	-47.083689	General
5GPC:ChainA:ILE12	-67.795783	-45.389767	General
5GPC:ChainA:ILE13	-65.138141	-40.056551	General
5GPC:ChainA:ASP14	-62.909564	-46.615970	General
5GPC:ChainA:ALA15	-58.034562	-44.783469	General
5GPC:ChainA:ALA16	-62.631371	-45.511973	General
5GPC:ChainA:VAL17	-52.522555	-52.636563	General
5GPC:ChainA:GLN18	-78.577278	-26.413961	General
5GPC:ChainA:VAL19	-67.331404	-52.033566	General
5GPC:ChainA:ILE20	-54.517481	-28.628695	General
5GPC:ChainA:ALA21	-83.760274	-22.580672	General
5GPC:ChainA:GLU22	-102.221177	-16.626074	General
5GPC:ChainA:HIS23	-130.167077	-29.417685	General
5GPC:ChainA:GLY24	104.325718	158.757990	Glycine
5GPC:ChainA:TYR25	-57.201682	-39.527360	General
5GPC:ChainA:HIS26	-95.148394	15.089730	General
5GPC:ChainA:GLN27	-138.446735	30.809344	General
5GPC:ChainA:ALA28	-114.361097	57.863175	General
5GPC:ChainA:GLN29	-57.571394	149.969565	General
5GPC:ChainA:VAL30	-58.219784	-41.376176	General
5GPC:ChainA:SER31	-59.428818	-38.085029	General
5GPC:ChainA:LYS32	-66.134919	-42.410596	General
5GPC:ChainA:ILE33	-66.332551	-39.983102	General
5GPC:ChainA:ALA34	-66.367819	-36.572016	General
5GPC:ChainA:LYS35	-67.528507	-36.314528	General
5GPC:ChainA:ALA36	-68.037458	-29.432324	General
5GPC:ChainA:ALA37	-88.245937	-11.157182	General
5GPC:ChainA:GLY38	74.466578	22.086291	Glycine
5GPC:ChainA:VAL39	-124.830822	164.607414	General
5GPC:ChainA:ALA40	-74.945722	155.360379	General
5GPC:ChainA:ASP41	-49.061227	-46.876137	General
5GPC:ChainA:GLY42	-74.884022	-8.114514	Glycine
5GPC:ChainA:THR43	-76.106981	-29.431481	General
5GPC:ChainA:ILE44	-52.134454	-39.644807	General
5GPC:ChainA:TYR45	-85.027099	4.777512	General
5GPC:ChainA:LEU46	-94.256755	-11.437547	General
5GPC:ChainA:TYR47	-118.892248	-10.944334	General
5GPC:ChainA:PHE48	-145.469230	152.151688	General
5GPC:ChainA:ASN49	-71.968320	-65.617325	General
5GPC:ChainA:ASN50	-114.539468	-174.794073	General
5GPC:ChainA:LYS51	-67.922628	-33.790849	General
5GPC:ChainA:GLU52	-73.350872	-27.724804	General
5GPC:ChainA:ASP53	-70.796750	-31.407697	General
5GPC:ChainA:VAL54	-63.628752	-41.931784	General
5GPC:ChainA:LEU55	-72.723590	-26.846987	General
5GPC:ChainA:ILE56	-77.052806	-49.537617	General
5GPC:ChainA:SER57	-59.433558	-38.056048	General
5GPC:ChainA:LEU58	-55.650756	-52.664892	General
5GPC:ChainA:PHE59	-67.782485	-35.511749	General
5GPC:ChainA:GLN60	-70.660039	-43.630992	General
5GPC:ChainA:GLU61	-67.538042	-40.773857	General
5GPC:ChainA:LYS62	-89.343313	-17.084641	General
5GPC:ChainA:MET63	-136.674255	0.793073	General
5GPC:ChainA:GLY64	-79.507338	-6.436944	Glycine
5GPC:ChainA:ARG65	-119.764968	4.430838	General
5GPC:ChainA:PHE66	-54.568642	-51.570150	General
5GPC:ChainA:VAL67	-67.364761	-42.552838	General
5GPC:ChainA:ASP68	-52.795464	-43.838003	General
5GPC:ChainA:LYS69	-65.862316	-40.947220	General
5GPC:ChainA:ILE70	-62.572328	-47.857377	General
5GPC:ChainA:ARG71	-57.129857	-35.758515	General
5GPC:ChainA:SER72	-62.506117	-35.166465	General
5GPC:ChainA:GLN73	-92.888897	-30.172023	General
5GPC:ChainA:MET74	-61.902908	-31.173350	General
5GPC:ChainA:ASN75	-71.530083	-13.340125	General
5GPC:ChainA:GLU76	-96.593526	32.078645	General
5GPC:ChainA:ALA77	-149.464034	146.729681	General
5GPC:ChainA:THR78	-94.495490	-53.218860	General
5GPC:ChainA:ASP79	-63.977969	132.960168	General
5GPC:ChainA:VAL80	-64.957950	-38.818565	General
5GPC:ChainA:GLU81	-66.413852	-27.841729	General
5GPC:ChainA:GLU82	-78.798188	-34.151880	General
5GPC:ChainA:LYS83	-56.937380	-46.905234	General
5GPC:ChainA:LEU84	-58.389282	-39.546533	General
5GPC:ChainA:LYS85	-67.010361	-42.657908	General
5GPC:ChainA:ILE86	-63.101892	-34.981153	General
5GPC:ChainA:LEU87	-62.007001	-43.698573	General
5GPC:ChainA:VAL88	-67.590969	-42.186743	General
5GPC:ChainA:ASN89	-64.523709	-40.193797	General
5GPC:ChainA:MET90	-79.978648	-28.050304	General
5GPC:ChainA:HIS91	-64.888043	-47.126077	General
5GPC:ChainA:PHE92	-74.871079	-40.384410	General
5GPC:ChainA:LYS93	-60.906603	-44.076471	General
5GPC:ChainA:GLN94	-66.136060	-36.441373	General
5GPC:ChainA:LEU95	-79.714484	-33.960599	General
5GPC:ChainA:ALA96	-69.117232	-20.385470	General
5GPC:ChainA:ALA97	-86.046469	-5.928046	General
5GPC:ChainA:ASP98	-149.999547	94.851351	General
5GPC:ChainA:HIS99	-67.036965	-39.750672	General
5GPC:ChainA:LYS100	-64.190471	-43.451254	General
5GPC:ChainA:LEU101	-67.512596	-37.280710	General
5GPC:ChainA:ALA102	-60.050898	-43.356718	General
5GPC:ChainA:ILE103	-63.595022	-41.510450	General
5GPC:ChainA:VAL104	-66.620021	-47.234401	General
5GPC:ChainA:THR105	-85.949372	-26.389722	General
5GPC:ChainA:GLN106	-89.679618	-32.393245	General
5GPC:ChainA:LEU107	-110.140483	-71.094516	General
5GPC:ChainA:GLU108	-67.633402	-28.659075	General
5GPC:ChainA:LEU109	-107.176609	8.172705	General
5GPC:ChainA:ARG110	-86.673548	-4.137396	General
5GPC:ChainA:GLN111	-82.550286	10.144080	General
5GPC:ChainA:SER112	-86.818079	162.126941	General
5GPC:ChainA:ASN113	-149.436334	-4.597594	General
5GPC:ChainA:THR114	-84.963430	-150.310112	General
5GPC:ChainA:GLU115	-73.993541	-21.680440	General
5GPC:ChainA:LEU116	-60.035181	-43.130286	General
5GPC:ChainA:ARG117	-57.232120	-38.427739	General
5GPC:ChainA:LEU118	-61.522181	-51.849551	General
5GPC:ChainA:LYS119	-67.480313	-34.993591	General
5GPC:ChainA:ILE120	-64.890910	-40.587131	General
5GPC:ChainA:ASN121	-66.597226	-24.699662	General
5GPC:ChainA:GLU122	-65.381043	-47.835309	General
5GPC:ChainA:VAL123	-67.767711	-41.341574	General
5GPC:ChainA:LEU124	-60.507883	-43.583481	General
5GPC:ChainA:LYS125	-60.767149	-48.516010	General
5GPC:ChainA:GLY126	-50.197930	-38.473104	Glycine
5GPC:ChainA:TYR127	-71.126251	-42.149928	General
5GPC:ChainA:LEU128	-62.956370	-26.889463	General
5GPC:ChainA:ASN129	-79.810797	-35.083070	General
5GPC:ChainA:LEU130	-55.968205	-37.063319	General
5GPC:ChainA:LEU131	-65.847455	-43.096670	General
5GPC:ChainA:ASP132	-61.546062	-40.690598	General
5GPC:ChainA:GLU133	-69.707234	-46.316472	General
5GPC:ChainA:LEU134	-60.264362	-38.463688	General
5GPC:ChainA:LEU135	-69.202573	-43.073690	General
5GPC:ChainA:MET136	-70.606221	-29.946620	General
5GPC:ChainA:GLU137	-72.942454	-49.279810	General
5GPC:ChainA:GLY138	-59.352460	-32.650623	Glycine
5GPC:ChainA:LYS139	-66.685397	-71.084691	General
5GPC:ChainA:GLU140	-45.191033	-26.003939	General
5GPC:ChainA:LYS141	-107.757429	16.744651	General
5GPC:ChainA:GLY142	76.535057	8.671070	Glycine
5GPC:ChainA:TYR143	-69.452980	-38.490518	General
5GPC:ChainA:PHE144	-112.548602	153.233754	General
5GPC:ChainA:PHE145	-63.066122	150.186159	General
5GPC:ChainA:GLN146	-97.132438	-10.752370	General
5GPC:ChainA:GLU147	-81.811575	-3.396754	General
5GPC:ChainA:LEU148	-61.264603	137.738608	General
5GPC:ChainA:ASP149	-94.789245	127.054226	General
5GPC:ChainA:THR150	-64.426473	-52.531470	General
5GPC:ChainA:ARG151	-60.194920	-28.328729	General
5GPC:ChainA:LEU152	-78.188854	-43.648816	General
5GPC:ChainA:ALA153	-67.449378	-33.251663	General
5GPC:ChainA:ARG154	-61.679997	-38.919636	General
5GPC:ChainA:GLN155	-74.504950	-27.723239	General
5GPC:ChainA:MET156	-68.629387	-49.726771	General
5GPC:ChainA:ILE157	-62.123887	-55.376017	General
5GPC:ChainA:PHE158	-64.321582	-39.216638	General
5GPC:ChainA:GLY159	-60.346587	-42.877207	Glycine
5GPC:ChainA:THR160	-65.884125	-53.296804	General
5GPC:ChainA:LEU161	-60.661955	-50.161700	General
5GPC:ChainA:ASP162	-61.135226	-34.511803	General
5GPC:ChainA:GLU163	-67.906261	-50.948132	General
5GPC:ChainA:VAL164	-55.055813	-42.543057	General
5GPC:ChainA:VAL165	-67.212083	-50.744173	General
5GPC:ChainA:THR166	-61.966507	-30.235966	General
5GPC:ChainA:ASN167	-69.471775	-40.100320	General
5GPC:ChainA:TRP168	-65.750181	-28.087152	General
5GPC:ChainA:VAL169	-80.082575	-36.708704	General
5GPC:ChainA:MET170	-70.187908	-21.821089	General
5GPC:ChainA:LYS171	-98.560934	31.368456	General
5GPC:ChainA:ASP172	37.153463	63.300465	General
5GPC:ChainA:CYS173	45.480626	34.569373	General
5GPC:ChainA:LYS174	-68.214886	-69.507125	General
5GPC:ChainA:TYR175	-71.677430	155.788500	General
5GPC:ChainA:ASP176	-74.593699	102.221172	General
5GPC:ChainA:LEU177	-58.390841	-35.531007	General
5GPC:ChainA:THR178	-67.772183	-22.150471	General
5GPC:ChainA:ALA179	-72.075766	-15.778201	General
5GPC:ChainA:LEU180	-91.140194	-2.698759	General
5GPC:ChainA:VAL181	-59.077839	-55.191103	General
5GPC:ChainA:LYS182	-59.359706	-47.388484	Pre-Pro
5GPC:ChainA:PRO183	-62.570349	-44.635671	Proline
5GPC:ChainA:VAL184	-58.667814	-44.479680	General
5GPC:ChainA:HIS185	-56.112652	-48.943815	General
5GPC:ChainA:GLN186	-73.675312	-18.815281	General
5GPC:ChainA:LEU187	-73.469183	-42.965591	General
5GPC:ChainA:LEU188	-65.661854	-31.837948	General
5GPC:ChainA:LEU189	-84.211315	-50.004389	General
5GPC:ChainA:GLY190	-109.491013	9.007743	Glycine
5GPC:ChainA:GLY191	59.722454	-164.062743	Glycine
5GPC:ChainA:LEU192	-80.613730	-48.971132	General
5GPC:ChainB:GLY6	-96.772293	-174.718495	Glycine
5GPC:ChainB:PRO7	-84.031338	-9.446212	Proline
5GPC:ChainB:LYS8	-94.537698	-19.784472	General
5GPC:ChainB:TYR9	-53.024069	-31.871185	General
5GPC:ChainB:ASP10	-92.416488	-29.695022	General
5GPC:ChainB:GLN11	-64.200504	-42.801329	General
5GPC:ChainB:ILE12	-67.478619	-51.900468	General
5GPC:ChainB:ILE13	-59.605770	-42.513673	General
5GPC:ChainB:ASP14	-70.210229	-31.386514	General
5GPC:ChainB:ALA15	-68.115759	-46.096896	General
5GPC:ChainB:ALA16	-56.248646	-35.997325	General
5GPC:ChainB:VAL17	-65.877667	-49.030811	General
5GPC:ChainB:GLN18	-74.186249	-21.384132	General
5GPC:ChainB:VAL19	-78.762246	-45.424003	General
5GPC:ChainB:ILE20	-69.055624	-36.582209	General
5GPC:ChainB:ALA21	-66.301093	-39.006401	General
5GPC:ChainB:GLU22	-85.779661	-38.919026	General
5GPC:ChainB:HIS23	-101.612120	-25.130003	General
5GPC:ChainB:GLY24	98.680498	153.548318	Glycine
5GPC:ChainB:TYR25	-51.470659	-46.601027	General
5GPC:ChainB:HIS26	-82.018256	-4.454208	General
5GPC:ChainB:GLN27	-112.057338	44.653141	General
5GPC:ChainB:ALA28	-131.978432	60.111870	General
5GPC:ChainB:GLN29	-65.183745	165.724139	General
5GPC:ChainB:VAL30	-57.805835	-41.901815	General
5GPC:ChainB:SER31	-65.488138	-31.453058	General
5GPC:ChainB:LYS32	-74.397063	-34.261395	General
5GPC:ChainB:ILE33	-69.539186	-40.048674	General
5GPC:ChainB:ALA34	-60.886088	-54.603027	General
5GPC:ChainB:LYS35	-59.772730	-30.895358	General
5GPC:ChainB:ALA36	-75.287832	-23.053809	General
5GPC:ChainB:ALA37	-95.094135	0.692717	General
5GPC:ChainB:GLY38	64.809307	39.423564	Glycine
5GPC:ChainB:VAL39	-141.063638	148.504805	General
5GPC:ChainB:ALA40	-78.095356	158.797659	General
5GPC:ChainB:ASP41	-52.067306	-54.801001	General
5GPC:ChainB:GLY42	-67.948270	-14.320399	Glycine
5GPC:ChainB:THR43	-72.602875	-30.791674	General
5GPC:ChainB:ILE44	-51.397912	-38.396973	General
5GPC:ChainB:TYR45	-82.481328	1.872718	General
5GPC:ChainB:LEU46	-89.963479	-21.687509	General
5GPC:ChainB:TYR47	-114.012781	-29.975299	General
5GPC:ChainB:PHE48	-128.844123	161.580808	General
5GPC:ChainB:ASN49	-114.156544	9.726209	General
5GPC:ChainB:ASN50	-156.853463	158.949509	General
5GPC:ChainB:LYS51	-64.143054	-36.652749	General
5GPC:ChainB:GLU52	-66.577320	-38.617297	General
5GPC:ChainB:ASP53	-63.575960	-38.544896	General
5GPC:ChainB:VAL54	-59.139571	-47.785604	General
5GPC:ChainB:LEU55	-67.965306	-44.438481	General
5GPC:ChainB:ILE56	-67.027006	-45.006236	General
5GPC:ChainB:SER57	-61.216416	-35.039302	General
5GPC:ChainB:LEU58	-57.079063	-49.119978	General
5GPC:ChainB:PHE59	-67.170210	-51.067036	General
5GPC:ChainB:GLN60	-50.458497	-50.531944	General
5GPC:ChainB:GLU61	-60.245114	-51.092741	General
5GPC:ChainB:LYS62	-69.657693	-32.964560	General
5GPC:ChainB:MET63	-74.016654	-40.956241	General
5GPC:ChainB:GLY64	-57.878894	-45.321465	Glycine
5GPC:ChainB:ARG65	-65.188433	-28.570763	General
5GPC:ChainB:PHE66	-76.392127	-51.454789	General
5GPC:ChainB:VAL67	-70.260921	-40.117580	General
5GPC:ChainB:ASP68	-61.883145	-40.591237	General
5GPC:ChainB:LYS69	-68.875440	-31.176031	General
5GPC:ChainB:ILE70	-74.419857	-52.298632	General
5GPC:ChainB:ARG71	-57.527900	-31.719884	General
5GPC:ChainB:SER72	-60.025572	-44.325397	General
5GPC:ChainB:GLN73	-74.931845	-30.234618	General
5GPC:ChainB:MET74	-77.238607	-26.395191	General
5GPC:ChainB:ASN75	-57.929854	-19.392133	General
5GPC:ChainB:GLU76	-79.176955	-63.659306	General
5GPC:ChainB:ALA77	-63.726233	142.142147	General
5GPC:ChainB:THR78	-104.027683	-10.043223	General
5GPC:ChainB:ASP79	-105.050431	127.930732	General
5GPC:ChainB:VAL80	-65.150104	-19.436698	General
5GPC:ChainB:GLU81	-69.256639	-43.083711	General
5GPC:ChainB:GLU82	-73.608214	-33.291915	General
5GPC:ChainB:LYS83	-58.916334	-39.023048	General
5GPC:ChainB:LEU84	-69.973189	-45.044400	General
5GPC:ChainB:LYS85	-56.439628	-44.352681	General
5GPC:ChainB:ILE86	-65.809052	-43.384429	General
5GPC:ChainB:LEU87	-52.270625	-47.968462	General
5GPC:ChainB:VAL88	-66.537846	-39.166510	General
5GPC:ChainB:ASN89	-60.352254	-58.186435	General
5GPC:ChainB:MET90	-60.824205	-38.970023	General
5GPC:ChainB:HIS91	-57.692251	-47.000994	General
5GPC:ChainB:PHE92	-76.621126	-33.878142	General
5GPC:ChainB:LYS93	-60.327872	-49.862767	General
5GPC:ChainB:GLN94	-65.955190	-33.745822	General
5GPC:ChainB:LEU95	-80.155606	-33.922090	General
5GPC:ChainB:ALA96	-68.557560	-27.560180	General
5GPC:ChainB:ALA97	-82.168777	-14.935098	General
5GPC:ChainB:ASP98	-141.753370	90.079408	General
5GPC:ChainB:HIS99	-65.816435	-36.984721	General
5GPC:ChainB:LYS100	-60.356312	-48.442965	General
5GPC:ChainB:LEU101	-64.775703	-38.173788	General
5GPC:ChainB:ALA102	-56.644032	-41.366746	General
5GPC:ChainB:ILE103	-64.191279	-44.801651	General
5GPC:ChainB:VAL104	-63.323264	-41.144627	General
5GPC:ChainB:THR105	-88.087059	-28.621064	General
5GPC:ChainB:GLN106	-99.617100	-17.279776	General
5GPC:ChainB:LEU107	-120.825805	-66.889050	General
5GPC:ChainB:GLU108	-72.645562	-31.708443	General
5GPC:ChainB:LEU109	-72.827156	-18.627365	General
5GPC:ChainB:ARG110	-70.803263	-21.705240	General
5GPC:ChainB:GLN111	-87.351735	16.233208	General
5GPC:ChainB:SER112	-73.642359	170.664745	General
5GPC:ChainB:ASN113	-77.493747	-179.837643	General
5GPC:ChainB:THR114	-80.042143	-40.212751	General
5GPC:ChainB:GLU115	-85.281593	-4.358306	General
5GPC:ChainB:LEU116	-78.919511	-31.178993	General
5GPC:ChainB:ARG117	-77.989029	-36.643495	General
5GPC:ChainB:LEU118	-63.417081	-29.557392	General
5GPC:ChainB:LYS119	-74.842290	-42.508599	General
5GPC:ChainB:ILE120	-61.008418	-35.838396	General
5GPC:ChainB:ASN121	-63.783674	-32.342288	General
5GPC:ChainB:GLU122	-70.304527	-27.355997	General
5GPC:ChainB:VAL123	-78.282557	-23.688231	General
5GPC:ChainB:LEU124	-77.528779	-13.720602	General
5GPC:ChainB:LYS125	-57.224134	-31.395935	General
5GPC:ChainB:GLY126	-63.607391	-49.102850	Glycine
5GPC:ChainB:TYR127	-62.587704	-40.146560	General
5GPC:ChainB:LEU128	-66.562040	-24.193225	General
5GPC:ChainB:ASN129	-70.058042	-47.174072	General
5GPC:ChainB:LEU130	-55.479537	-38.941175	General
5GPC:ChainB:LEU131	-68.313174	-50.743349	General
5GPC:ChainB:ASP132	-64.972165	-36.667773	General
5GPC:ChainB:GLU133	-65.346575	-36.199033	General
5GPC:ChainB:LEU134	-67.793944	-39.393483	General
5GPC:ChainB:LEU135	-71.488855	-20.984566	General
5GPC:ChainB:MET136	-92.377633	-27.939641	General
5GPC:ChainB:GLU137	-75.888085	-16.975534	General
5GPC:ChainB:GLY138	-88.938895	-15.508687	Glycine
5GPC:ChainB:LYS139	-89.604182	-39.422621	General
5GPC:ChainB:GLU140	-67.472105	-47.167866	General
5GPC:ChainB:LYS141	-80.320662	-0.291881	General
5GPC:ChainB:GLY142	63.934559	46.179827	Glycine
5GPC:ChainB:TYR143	-91.335295	-19.467934	General
5GPC:ChainB:PHE144	-120.377185	163.165320	General
5GPC:ChainB:PHE145	-49.896108	117.508998	General
5GPC:ChainB:GLN146	-71.448412	-0.412290	General
5GPC:ChainB:GLU147	-120.329402	20.696882	General
5GPC:ChainB:LEU148	-62.236491	131.967441	General
5GPC:ChainB:ASP149	-81.981060	112.511375	General
5GPC:ChainB:THR150	-71.769368	-29.155781	General
5GPC:ChainB:ARG151	-62.549014	-40.203332	General
5GPC:ChainB:LEU152	-78.891805	-43.135080	General
5GPC:ChainB:ALA153	-60.986976	-30.944678	General
5GPC:ChainB:ARG154	-66.849820	-45.933955	General
5GPC:ChainB:GLN155	-68.979647	-32.556888	General
5GPC:ChainB:MET156	-64.156037	-42.973509	General
5GPC:ChainB:ILE157	-66.350219	-54.277914	General
5GPC:ChainB:PHE158	-65.253483	-42.864786	General
5GPC:ChainB:GLY159	-55.427756	-43.993951	Glycine
5GPC:ChainB:THR160	-67.789482	-52.805516	General
5GPC:ChainB:LEU161	-57.475388	-39.784270	General
5GPC:ChainB:ASP162	-75.566272	-32.993523	General
5GPC:ChainB:GLU163	-69.945561	-49.577857	General
5GPC:ChainB:VAL164	-57.741581	-37.335715	General
5GPC:ChainB:VAL165	-71.570313	-46.114261	General
5GPC:ChainB:THR166	-61.310624	-37.270104	General
5GPC:ChainB:ASN167	-70.522962	-22.254172	General
5GPC:ChainB:TRP168	-74.249776	-31.254880	General
5GPC:ChainB:VAL169	-84.063653	-30.048093	General
5GPC:ChainB:MET170	-72.376241	-24.562970	General
5GPC:ChainB:LYS171	-89.022411	14.348253	General
5GPC:ChainB:ASP172	55.285006	42.215535	General
5GPC:ChainB:CYS173	55.368013	33.109760	General
5GPC:ChainB:LYS174	-53.866567	-42.966980	General
5GPC:ChainB:TYR175	-110.773779	161.829028	General
5GPC:ChainB:ASP176	-71.331281	102.427451	General
5GPC:ChainB:LEU177	-62.330507	-37.274955	General
5GPC:ChainB:THR178	-73.519990	-17.828118	General
5GPC:ChainB:ALA179	-70.039698	-13.642707	General
5GPC:ChainB:LEU180	-92.558829	-2.596034	General
5GPC:ChainB:VAL181	-58.609902	-56.176563	General
5GPC:ChainB:LYS182	-57.620804	-48.674593	Pre-Pro
5GPC:ChainB:PRO183	-63.886003	-39.640325	Proline
5GPC:ChainB:VAL184	-68.801971	-46.639829	General
5GPC:ChainB:HIS185	-56.149441	-45.038004	General
5GPC:ChainB:GLN186	-67.100296	-31.310911	General
5GPC:ChainB:LEU187	-68.261546	-39.765445	General
5GPC:ChainB:LEU188	-68.204622	-39.795249	General
5GPC:ChainB:LEU189	-76.967900	-38.230603	General
5GPC:ChainB:GLY190	-103.194831	-31.594368	Glycine
5GPC:ChainB:GLY191	90.418599	-162.633272	Glycine
5GPC:ChainB:LEU192	-85.899608	-25.437605	General
5GPC:ChainB:ARG193	-55.525308	157.600404	General
5GPC:ChainC:LYS5	-104.690949	-24.783462	General
5GPC:ChainC:GLY6	83.839523	153.748884	Glycine
5GPC:ChainC:PRO7	-54.230781	-38.576532	Proline
5GPC:ChainC:LYS8	-66.288732	-22.996863	General
5GPC:ChainC:TYR9	-54.365739	-55.512169	General
5GPC:ChainC:ASP10	-92.538292	-3.599830	General
5GPC:ChainC:GLN11	-65.481574	-40.774289	General
5GPC:ChainC:ILE12	-69.766321	-52.736831	General
5GPC:ChainC:ILE13	-57.562112	-37.480275	General
5GPC:ChainC:ASP14	-73.069786	-48.025259	General
5GPC:ChainC:ALA15	-61.369089	-32.683741	General
5GPC:ChainC:ALA16	-65.366370	-42.737059	General
5GPC:ChainC:VAL17	-56.967799	-43.658650	General
5GPC:ChainC:GLN18	-65.443728	-41.667375	General
5GPC:ChainC:VAL19	-70.522801	-48.446516	General
5GPC:ChainC:ILE20	-62.471379	-30.860509	General
5GPC:ChainC:ALA21	-78.856331	-21.441920	General
5GPC:ChainC:GLU22	-103.457750	-22.478962	General
5GPC:ChainC:HIS23	-122.712463	-29.689666	General
5GPC:ChainC:GLY24	109.781087	164.864577	Glycine
5GPC:ChainC:TYR25	-63.288391	-24.831941	General
5GPC:ChainC:HIS26	-94.172761	-9.632524	General
5GPC:ChainC:GLN27	-128.731621	26.288985	General
5GPC:ChainC:ALA28	-105.333295	75.154877	General
5GPC:ChainC:GLN29	-73.102839	155.674888	General
5GPC:ChainC:VAL30	-55.827404	-44.720079	General
5GPC:ChainC:SER31	-62.553449	-34.210902	General
5GPC:ChainC:LYS32	-72.535120	-38.803862	General
5GPC:ChainC:ILE33	-67.359824	-41.191690	General
5GPC:ChainC:ALA34	-57.802582	-48.762035	General
5GPC:ChainC:LYS35	-66.545257	-35.981931	General
5GPC:ChainC:ALA36	-64.870754	-30.280017	General
5GPC:ChainC:ALA37	-88.191814	-13.382340	General
5GPC:ChainC:GLY38	80.634979	22.718820	Glycine
5GPC:ChainC:VAL39	-124.517469	163.721750	General
5GPC:ChainC:ALA40	-73.367882	149.466445	General
5GPC:ChainC:ASP41	-51.028273	-42.518712	General
5GPC:ChainC:GLY42	-68.325328	-26.526618	Glycine
5GPC:ChainC:THR43	-65.299537	-27.603874	General
5GPC:ChainC:ILE44	-57.358996	-38.435843	General
5GPC:ChainC:TYR45	-83.579214	6.180400	General
5GPC:ChainC:LEU46	-90.729909	-20.052397	General
5GPC:ChainC:TYR47	-114.357199	-6.435301	General
5GPC:ChainC:PHE48	-145.415719	158.426696	General
5GPC:ChainC:ASN49	-82.455252	-61.858123	General
5GPC:ChainC:ASN50	-118.553455	-174.502127	General
5GPC:ChainC:LYS51	-68.662673	-33.149891	General
5GPC:ChainC:GLU52	-74.068597	-30.460618	General
5GPC:ChainC:ASP53	-67.836296	-28.985237	General
5GPC:ChainC:VAL54	-69.314603	-50.593449	General
5GPC:ChainC:LEU55	-59.218988	-41.613906	General
5GPC:ChainC:ILE56	-64.696055	-51.559713	General
5GPC:ChainC:SER57	-59.189711	-36.043587	General
5GPC:ChainC:LEU58	-59.165173	-54.143973	General
5GPC:ChainC:PHE59	-65.882399	-36.601526	General
5GPC:ChainC:GLN60	-65.142024	-55.172538	General
5GPC:ChainC:GLU61	-59.676991	-49.219453	General
5GPC:ChainC:LYS62	-74.639746	-24.004712	General
5GPC:ChainC:MET63	-132.742074	1.987787	General
5GPC:ChainC:GLY64	-80.699819	-10.027348	Glycine
5GPC:ChainC:ARG65	-113.235377	5.763081	General
5GPC:ChainC:PHE66	-53.392015	-46.136410	General
5GPC:ChainC:VAL67	-80.354678	-40.657858	General
5GPC:ChainC:ASP68	-54.577800	-39.658577	General
5GPC:ChainC:LYS69	-70.259785	-47.883234	General
5GPC:ChainC:ILE70	-55.494191	-46.324688	General
5GPC:ChainC:ARG71	-55.388406	-39.026249	General
5GPC:ChainC:SER72	-74.244536	-20.317206	General
5GPC:ChainC:GLN73	-88.161813	-32.273832	General
5GPC:ChainC:MET74	-64.912439	-27.688607	General
5GPC:ChainC:ASN75	-69.005868	-23.342105	General
5GPC:ChainC:GLU76	-84.615327	11.087615	General
5GPC:ChainC:ALA77	-128.244898	149.019750	General
5GPC:ChainC:THR78	-106.462254	-33.235674	General
5GPC:ChainC:ASP79	-70.802408	134.284528	General
5GPC:ChainC:VAL80	-73.918828	-34.109933	General
5GPC:ChainC:GLU81	-70.823732	-30.214488	General
5GPC:ChainC:GLU82	-71.788494	-31.978845	General
5GPC:ChainC:LYS83	-63.159450	-35.755716	General
5GPC:ChainC:LEU84	-69.341845	-39.624758	General
5GPC:ChainC:LYS85	-63.816951	-40.221246	General
5GPC:ChainC:ILE86	-65.528588	-42.543555	General
5GPC:ChainC:LEU87	-57.414205	-48.801887	General
5GPC:ChainC:VAL88	-61.536169	-46.031385	General
5GPC:ChainC:ASN89	-61.256857	-40.179457	General
5GPC:ChainC:MET90	-79.544745	-33.549527	General
5GPC:ChainC:HIS91	-60.113998	-50.372995	General
5GPC:ChainC:PHE92	-72.754715	-32.746520	General
5GPC:ChainC:LYS93	-62.480367	-48.587986	General
5GPC:ChainC:GLN94	-67.307418	-34.755199	General
5GPC:ChainC:LEU95	-79.673693	-35.026463	General
5GPC:ChainC:ALA96	-69.383474	-19.272919	General
5GPC:ChainC:ALA97	-87.118889	-5.081719	General
5GPC:ChainC:ASP98	-151.138413	87.820843	General
5GPC:ChainC:HIS99	-66.093389	-32.194208	General
5GPC:ChainC:LYS100	-73.421061	-38.499843	General
5GPC:ChainC:LEU101	-70.096398	-29.642149	General
5GPC:ChainC:ALA102	-70.839359	-39.962605	General
5GPC:ChainC:ILE103	-66.022827	-42.635511	General
5GPC:ChainC:VAL104	-67.994871	-37.027124	General
5GPC:ChainC:THR105	-82.800980	-40.741553	General
5GPC:ChainC:GLN106	-86.198268	-26.663599	General
5GPC:ChainC:LEU107	-118.484262	-38.086293	General
5GPC:ChainC:GLU108	-93.348831	-49.542689	General
5GPC:ChainC:LEU109	-78.984529	-7.940592	General
5GPC:ChainC:ARG110	-62.410452	-42.193790	General
5GPC:ChainC:GLN111	-75.574671	14.327269	General
5GPC:ChainC:SER112	-73.548448	149.186364	General
5GPC:ChainC:ASN113	-125.095224	-8.138086	General
5GPC:ChainC:THR114	-104.405475	-145.997242	General
5GPC:ChainC:GLU115	-70.946483	-19.338193	General
5GPC:ChainC:LEU116	-59.596462	-35.318719	General
5GPC:ChainC:ARG117	-67.638069	-34.224034	General
5GPC:ChainC:LEU118	-64.503792	-41.010003	General
5GPC:ChainC:LYS119	-75.533828	-25.499986	General
5GPC:ChainC:ILE120	-77.793675	-40.482095	General
5GPC:ChainC:ASN121	-62.900531	-28.860477	General
5GPC:ChainC:GLU122	-64.124770	-50.496583	General
5GPC:ChainC:VAL123	-67.834116	-34.753795	General
5GPC:ChainC:LEU124	-69.441509	-41.537110	General
5GPC:ChainC:LYS125	-61.428112	-42.209120	General
5GPC:ChainC:GLY126	-58.043593	-37.099640	Glycine
5GPC:ChainC:TYR127	-67.145860	-41.897896	General
5GPC:ChainC:LEU128	-63.479966	-33.692115	General
5GPC:ChainC:ASN129	-63.748761	-43.993527	General
5GPC:ChainC:LEU130	-60.375731	-35.731019	General
5GPC:ChainC:LEU131	-73.655042	-44.164639	General
5GPC:ChainC:ASP132	-55.183742	-53.550880	General
5GPC:ChainC:GLU133	-52.431751	-49.931721	General
5GPC:ChainC:LEU134	-62.221706	-47.737984	General
5GPC:ChainC:LEU135	-63.083992	-33.478189	General
5GPC:ChainC:MET136	-70.653664	-38.594699	General
5GPC:ChainC:GLU137	-63.610234	-40.404000	General
5GPC:ChainC:GLY138	-62.170070	-43.705703	Glycine
5GPC:ChainC:LYS139	-89.727336	-14.773516	General
5GPC:ChainC:GLU140	-78.451510	-17.804213	General
5GPC:ChainC:LYS141	-120.648626	7.460260	General
5GPC:ChainC:GLY142	90.809394	3.069916	Glycine
5GPC:ChainC:TYR143	-69.281519	-44.569834	General
5GPC:ChainC:PHE144	-108.852922	149.769124	General
5GPC:ChainC:PHE145	-63.026438	143.545532	General
5GPC:ChainC:GLN146	-60.632679	-33.872391	General
5GPC:ChainC:GLU147	-86.330846	8.821632	General
5GPC:ChainC:LEU148	-65.283097	139.282705	General
5GPC:ChainC:ASP149	-93.404385	123.322931	General
5GPC:ChainC:THR150	-68.961099	-49.674596	General
5GPC:ChainC:ARG151	-65.854921	-31.746745	General
5GPC:ChainC:LEU152	-75.990910	-35.019665	General
5GPC:ChainC:ALA153	-73.072328	-36.754825	General
5GPC:ChainC:ARG154	-60.831160	-45.628981	General
5GPC:ChainC:GLN155	-54.117346	-38.423114	General
5GPC:ChainC:MET156	-72.270528	-49.440367	General
5GPC:ChainC:ILE157	-58.018407	-56.548488	General
5GPC:ChainC:PHE158	-57.347466	-49.076648	General
5GPC:ChainC:GLY159	-59.421294	-37.462148	Glycine
5GPC:ChainC:THR160	-67.314722	-45.840926	General
5GPC:ChainC:LEU161	-67.204270	-45.205964	General
5GPC:ChainC:ASP162	-61.760614	-40.175946	General
5GPC:ChainC:GLU163	-66.293430	-48.486441	General
5GPC:ChainC:VAL164	-59.074083	-45.826124	General
5GPC:ChainC:VAL165	-64.151891	-42.214670	General
5GPC:ChainC:THR166	-65.334983	-43.719379	General
5GPC:ChainC:ASN167	-65.733318	-31.027016	General
5GPC:ChainC:TRP168	-68.267893	-39.564156	General
5GPC:ChainC:VAL169	-68.982997	-31.789703	General
5GPC:ChainC:MET170	-81.454560	-26.632287	General
5GPC:ChainC:LYS171	-88.020666	30.281537	General
5GPC:ChainC:ASP172	66.970223	29.004617	General
5GPC:ChainC:CYS173	57.529063	14.299246	General
5GPC:ChainC:LYS174	-98.057131	57.023215	General
5GPC:ChainC:TYR175	-164.161661	148.450563	General
5GPC:ChainC:ASP176	-61.167940	111.376010	General
5GPC:ChainC:LEU177	-74.614722	-45.456573	General
5GPC:ChainC:THR178	-63.291198	-22.980861	General
5GPC:ChainC:ALA179	-71.180095	-4.465785	General
5GPC:ChainC:LEU180	-100.311704	0.570556	General
5GPC:ChainC:VAL181	-61.641903	-54.058874	General
5GPC:ChainC:LYS182	-57.855958	-47.331931	Pre-Pro
5GPC:ChainC:PRO183	-68.612791	-36.117823	Proline
5GPC:ChainC:VAL184	-64.214708	-48.937328	General
5GPC:ChainC:HIS185	-55.066565	-42.805681	General
5GPC:ChainC:GLN186	-66.378952	-27.007993	General
5GPC:ChainC:LEU187	-80.353177	-38.372075	General
5GPC:ChainC:LEU188	-67.998778	-20.431017	General
5GPC:ChainC:LEU189	-93.953420	-50.533622	General
5GPC:ChainC:GLY190	-103.960891	-9.661022	Glycine
5GPC:ChainC:GLY191	70.323063	-163.265360	Glycine
5GPC:ChainC:LEU192	-75.307709	-31.292683	General
5GPC:ChainD:GLY6	165.970944	172.885695	Glycine
5GPC:ChainD:PRO7	-70.506015	-31.780893	Proline
5GPC:ChainD:LYS8	-81.762855	-17.820219	General
5GPC:ChainD:TYR9	-53.163733	-40.368368	General
5GPC:ChainD:ASP10	-82.203101	-32.339655	General
5GPC:ChainD:GLN11	-64.785640	-36.024607	General
5GPC:ChainD:ILE12	-68.346930	-48.776110	General
5GPC:ChainD:ILE13	-63.918158	-40.894141	General
5GPC:ChainD:ASP14	-69.293690	-33.303412	General
5GPC:ChainD:ALA15	-69.679978	-32.632572	General
5GPC:ChainD:ALA16	-66.194066	-40.625257	General
5GPC:ChainD:VAL17	-62.878713	-45.803848	General
5GPC:ChainD:GLN18	-63.691637	-43.941685	General
5GPC:ChainD:VAL19	-69.065201	-46.821103	General
5GPC:ChainD:ILE20	-65.530149	-39.562843	General
5GPC:ChainD:ALA21	-70.089773	-24.851337	General
5GPC:ChainD:GLU22	-95.455606	-38.438259	General
5GPC:ChainD:HIS23	-107.637566	-13.267133	General
5GPC:ChainD:GLY24	88.910594	173.151520	Glycine
5GPC:ChainD:TYR25	-68.982561	-45.124237	General
5GPC:ChainD:HIS26	-74.913005	2.460798	General
5GPC:ChainD:GLN27	-125.189007	23.559171	General
5GPC:ChainD:ALA28	-110.790567	64.381227	General
5GPC:ChainD:GLN29	-68.093153	160.037175	General
5GPC:ChainD:VAL30	-59.541667	-36.625293	General
5GPC:ChainD:SER31	-62.142149	-40.059839	General
5GPC:ChainD:LYS32	-65.819610	-39.224965	General
5GPC:ChainD:ILE33	-70.321885	-38.650405	General
5GPC:ChainD:ALA34	-64.581408	-40.744797	General
5GPC:ChainD:LYS35	-69.272840	-28.357384	General
5GPC:ChainD:ALA36	-84.953291	-20.242139	General
5GPC:ChainD:ALA37	-88.370490	-8.857104	General
5GPC:ChainD:GLY38	71.234600	30.788345	Glycine
5GPC:ChainD:VAL39	-131.446419	171.037370	General
5GPC:ChainD:ALA40	-84.087496	159.771035	General
5GPC:ChainD:ASP41	-57.101609	-37.335258	General
5GPC:ChainD:GLY42	-78.577658	-22.591427	Glycine
5GPC:ChainD:THR43	-62.581802	-32.780994	General
5GPC:ChainD:ILE44	-57.613722	-29.719359	General
5GPC:ChainD:TYR45	-85.724625	1.460328	General
5GPC:ChainD:LEU46	-94.833592	3.259994	General
5GPC:ChainD:TYR47	-134.252793	-23.929698	General
5GPC:ChainD:PHE48	-134.050813	158.721458	General
5GPC:ChainD:ASN49	-75.221272	-42.593549	General
5GPC:ChainD:ASN50	-160.840229	-173.697321	General
5GPC:ChainD:LYS51	-64.622090	-27.907340	General
5GPC:ChainD:GLU52	-73.120462	-34.109615	General
5GPC:ChainD:ASP53	-69.205952	-39.226956	General
5GPC:ChainD:VAL54	-56.146272	-43.921943	General
5GPC:ChainD:LEU55	-70.668853	-47.505011	General
5GPC:ChainD:ILE56	-61.081542	-48.014040	General
5GPC:ChainD:SER57	-59.231167	-40.230354	General
5GPC:ChainD:LEU58	-55.679037	-42.450964	General
5GPC:ChainD:PHE59	-72.663091	-46.140110	General
5GPC:ChainD:GLN60	-53.260462	-46.861919	General
5GPC:ChainD:GLU61	-66.910024	-44.910072	General
5GPC:ChainD:LYS62	-70.903214	-40.522069	General
5GPC:ChainD:MET63	-64.762832	-48.752869	General
5GPC:ChainD:GLY64	-54.787381	-42.648134	Glycine
5GPC:ChainD:ARG65	-67.028090	-47.947866	General
5GPC:ChainD:PHE66	-55.070120	-38.386488	General
5GPC:ChainD:VAL67	-79.761977	-38.986611	General
5GPC:ChainD:ASP68	-66.117182	-43.745423	General
5GPC:ChainD:LYS69	-59.501879	-33.943778	General
5GPC:ChainD:ILE70	-76.233956	-45.332817	General
5GPC:ChainD:ARG71	-58.638900	-47.272155	General
5GPC:ChainD:SER72	-68.522593	-30.812201	General
5GPC:ChainD:GLN73	-68.734791	-33.780141	General
5GPC:ChainD:MET74	-77.966208	-28.797949	General
5GPC:ChainD:ASN75	-60.340263	-21.174647	General
5GPC:ChainD:GLU76	-97.981404	45.773993	General
5GPC:ChainD:ALA77	-149.897978	158.033617	General
5GPC:ChainD:THR78	-113.530309	-58.722889	General
5GPC:ChainD:ASP79	-66.927335	140.906001	General
5GPC:ChainD:VAL80	-77.994685	-39.270115	General
5GPC:ChainD:GLU81	-75.633268	-6.418640	General
5GPC:ChainD:GLU82	-81.957889	-32.177652	General
5GPC:ChainD:LYS83	-69.277092	-40.742918	General
5GPC:ChainD:LEU84	-62.184282	-37.007823	General
5GPC:ChainD:LYS85	-60.221081	-48.942072	General
5GPC:ChainD:ILE86	-71.360295	-27.307005	General
5GPC:ChainD:LEU87	-62.175837	-54.150993	General
5GPC:ChainD:VAL88	-60.230512	-37.061369	General
5GPC:ChainD:ASN89	-71.063490	-45.489863	General
5GPC:ChainD:MET90	-73.433999	-36.251099	General
5GPC:ChainD:HIS91	-55.544816	-51.357428	General
5GPC:ChainD:PHE92	-72.568443	-29.634749	General
5GPC:ChainD:LYS93	-73.565425	-33.985551	General
5GPC:ChainD:GLN94	-74.478879	-32.498562	General
5GPC:ChainD:LEU95	-77.627721	-33.847079	General
5GPC:ChainD:ALA96	-70.061747	-27.630279	General
5GPC:ChainD:ALA97	-88.086252	-12.343811	General
5GPC:ChainD:ASP98	-135.557484	89.662346	General
5GPC:ChainD:HIS99	-66.083062	-48.771394	General
5GPC:ChainD:LYS100	-64.114455	-33.417754	General
5GPC:ChainD:LEU101	-70.021763	-36.766841	General
5GPC:ChainD:ALA102	-69.404393	-19.213815	General
5GPC:ChainD:ILE103	-80.348978	-43.104687	General
5GPC:ChainD:VAL104	-57.051128	-44.316199	General
5GPC:ChainD:THR105	-78.575225	-48.658515	General
5GPC:ChainD:GLN106	-88.156615	-20.488177	General
5GPC:ChainD:LEU107	-110.757930	-69.797615	General
5GPC:ChainD:GLU108	-73.045540	-29.111191	General
5GPC:ChainD:LEU109	-78.134370	-17.859038	General
5GPC:ChainD:ARG110	-72.700354	-14.163914	General
5GPC:ChainD:GLN111	-94.173072	16.782150	General
5GPC:ChainD:SER112	-95.914875	164.397135	General
5GPC:ChainD:ASN113	-64.691445	151.244297	General
5GPC:ChainD:THR114	-63.554634	-43.758018	General
5GPC:ChainD:GLU115	-77.602686	14.254429	General
5GPC:ChainD:LEU116	-108.222633	-34.651706	General
5GPC:ChainD:ARG117	-66.230461	-29.154079	General
5GPC:ChainD:LEU118	-73.278272	-17.626768	General
5GPC:ChainD:LYS119	-84.883347	-25.641453	General
5GPC:ChainD:ILE120	-69.805697	-36.833984	General
5GPC:ChainD:ASN121	-90.094324	-0.027679	General
5GPC:ChainD:GLU122	-74.094264	-40.993215	General
5GPC:ChainD:VAL123	-56.967291	-39.625526	General
5GPC:ChainD:LEU124	-71.242092	-14.195134	General
5GPC:ChainD:LYS125	-69.614634	-25.587725	General
5GPC:ChainD:GLY126	-56.935062	-51.536377	Glycine
5GPC:ChainD:TYR127	-62.672012	-44.199576	General
5GPC:ChainD:LEU128	-63.398464	-37.930418	General
5GPC:ChainD:ASN129	-61.682222	-38.505652	General
5GPC:ChainD:LEU130	-58.859385	-38.385098	General
5GPC:ChainD:LEU131	-69.930246	-43.368406	General
5GPC:ChainD:ASP132	-58.768301	-35.534932	General
5GPC:ChainD:GLU133	-64.040319	-48.120697	General
5GPC:ChainD:LEU134	-60.392473	-45.559714	General
5GPC:ChainD:LEU135	-64.360524	-43.193525	General
5GPC:ChainD:MET136	-72.470483	-34.315573	General
5GPC:ChainD:GLU137	-60.851010	-43.207501	General
5GPC:ChainD:GLY138	-65.341541	-29.239903	Glycine
5GPC:ChainD:LYS139	-67.801802	-50.237096	General
5GPC:ChainD:GLU140	-55.920741	-59.245130	General
5GPC:ChainD:LYS141	-70.775108	3.652418	General
5GPC:ChainD:GLY142	70.870766	32.239731	Glycine
5GPC:ChainD:TYR143	-82.054653	-34.592253	General
5GPC:ChainD:PHE144	-113.956674	163.745388	General
5GPC:ChainD:PHE145	-69.697596	157.737259	General
5GPC:ChainD:GLN146	-115.611931	4.787381	General
5GPC:ChainD:GLU147	-103.918190	26.245977	General
5GPC:ChainD:LEU148	-63.243335	120.544734	General
5GPC:ChainD:ASP149	-77.918329	99.317950	General
5GPC:ChainD:THR150	-56.405176	-38.126620	General
5GPC:ChainD:ARG151	-58.947585	-32.041219	General
5GPC:ChainD:LEU152	-87.116714	-46.825695	General
5GPC:ChainD:ALA153	-61.437347	-27.161596	General
5GPC:ChainD:ARG154	-61.197847	-43.611364	General
5GPC:ChainD:GLN155	-72.947312	-26.381567	General
5GPC:ChainD:MET156	-70.795969	-50.014900	General
5GPC:ChainD:ILE157	-57.879060	-59.078647	General
5GPC:ChainD:PHE158	-60.732964	-47.482359	General
5GPC:ChainD:GLY159	-54.821440	-39.155973	Glycine
5GPC:ChainD:THR160	-69.849078	-57.848277	General
5GPC:ChainD:LEU161	-50.077368	-43.272411	General
5GPC:ChainD:ASP162	-71.719129	-38.213673	General
5GPC:ChainD:GLU163	-68.948007	-41.262556	General
5GPC:ChainD:VAL164	-61.204563	-39.048627	General
5GPC:ChainD:VAL165	-75.153427	-43.114532	General
5GPC:ChainD:THR166	-59.990811	-34.201255	General
5GPC:ChainD:ASN167	-73.439232	-20.617688	General
5GPC:ChainD:TRP168	-75.485534	-36.233983	General
5GPC:ChainD:VAL169	-84.784446	-24.796878	General
5GPC:ChainD:MET170	-64.670492	-17.303801	General
5GPC:ChainD:LYS171	-122.418958	30.686417	General
5GPC:ChainD:ASP172	57.454085	29.480917	General
5GPC:ChainD:CYS173	56.556308	40.271874	General
5GPC:ChainD:LYS174	-62.749922	-21.059852	General
5GPC:ChainD:TYR175	-129.894890	163.053301	General
5GPC:ChainD:ASP176	-73.192362	108.851726	General
5GPC:ChainD:LEU177	-60.968085	-27.000226	General
5GPC:ChainD:THR178	-86.432238	-13.015210	General
5GPC:ChainD:ALA179	-78.127391	-14.025826	General
5GPC:ChainD:LEU180	-85.195695	-9.594142	General
5GPC:ChainD:VAL181	-53.363749	-52.445580	General
5GPC:ChainD:LYS182	-84.450133	-27.665212	Pre-Pro
5GPC:ChainD:PRO183	-63.256216	-45.085343	Proline
5GPC:ChainD:VAL184	-60.795793	-47.645012	General
5GPC:ChainD:HIS185	-58.218554	-44.595088	General
5GPC:ChainD:GLN186	-59.932728	-37.777546	General
5GPC:ChainD:LEU187	-61.601857	-41.340327	General
5GPC:ChainD:LEU188	-64.726546	-43.708455	General
5GPC:ChainD:LEU189	-79.067974	-41.806644	General
5GPC:ChainD:GLY190	-104.653808	-8.183944	Glycine
5GPC:ChainD:GLY191	69.891656	-152.926900	Glycine
5GPC:ChainD:LEU192	-98.811093	-22.585528	General
5GPC:ChainD:ARG193	-74.612641	161.862760	General
