5H0T:ChainA:LEU2	-115.366921	140.877464	General
5H0T:ChainA:GLU3	-147.130962	124.558926	General
5H0T:ChainA:ALA4	-142.044795	108.474881	General
5H0T:ChainA:GLN5	-115.445422	125.961526	General
5H0T:ChainA:VAL6	-104.996905	155.226897	General
5H0T:ChainA:GLN7	-81.671911	-39.758441	General
5H0T:ChainA:PHE8	-119.145452	110.967867	General
5H0T:ChainA:ALA9	-58.312027	-18.976604	General
5H0T:ChainA:SER10	-39.419536	-45.750552	General
5H0T:ChainA:LEU11	-59.526429	-50.730066	General
5H0T:ChainA:TRP12	-61.880880	-45.711640	General
5H0T:ChainA:LYS13	-51.187163	-51.704076	General
5H0T:ChainA:ARG14	-69.002725	-36.774014	General
5H0T:ChainA:LEU15	-65.898257	-51.156590	General
5H0T:ChainA:VAL16	-60.556127	-40.909453	General
5H0T:ChainA:GLU17	-50.831092	-48.392450	General
5H0T:ChainA:CYS18	-61.319698	-50.276463	General
5H0T:ChainA:ILE19	-77.563140	-34.710524	General
5H0T:ChainA:ASN20	-61.502221	-24.961467	General
5H0T:ChainA:GLY21	-56.853284	-26.459309	Glycine
5H0T:ChainA:LEU22	-103.560655	-33.757907	General
5H0T:ChainA:VAL23	-150.538151	153.905978	General
5H0T:ChainA:ASN24	-95.588496	-17.615438	General
5H0T:ChainA:GLU25	-141.488925	153.983879	General
5H0T:ChainA:ALA26	-160.196122	151.162891	General
5H0T:ChainA:ASN27	-86.780891	130.219767	General
5H0T:ChainA:PHE28	-95.359301	100.608873	General
5H0T:ChainA:ASP29	-70.801118	110.641220	General
5H0T:ChainA:CYS30	-112.509359	121.991741	General
5H0T:ChainA:ASN31	-131.423389	179.777143	Pre-Pro
5H0T:ChainA:PRO32	-73.896001	-20.796312	Proline
5H0T:ChainA:GLY33	-58.686849	-31.711489	Glycine
5H0T:ChainA:GLY34	132.271354	-165.340466	Glycine
5H0T:ChainA:LEU35	-97.564583	137.777495	General
5H0T:ChainA:SER36	-136.064044	149.001395	General
5H0T:ChainA:VAL37	-131.152003	135.348013	General
5H0T:ChainA:GLN38	-140.121852	127.477631	General
5H0T:ChainA:ALA39	-163.723623	145.340261	General
5H0T:ChainA:MET40	-110.996285	152.361617	General
5H0T:ChainA:ASP41	-70.799894	159.036545	General
5H0T:ChainA:SER42	-55.789786	-27.979434	General
5H0T:ChainA:SER43	-80.793589	0.488311	General
5H0T:ChainA:HIS44	50.486740	41.675772	General
5H0T:ChainA:VAL45	-110.021411	-19.344376	General
5H0T:ChainA:ALA46	-145.696843	141.602995	General
5H0T:ChainA:LEU47	-130.733915	135.416661	General
5H0T:ChainA:VAL48	-108.139235	138.879625	General
5H0T:ChainA:HIS49	-130.621487	119.231284	General
5H0T:ChainA:MET50	-119.365765	137.895549	General
5H0T:ChainA:LEU51	-131.368207	125.734330	General
5H0T:ChainA:LEU52	-112.433049	98.300072	General
5H0T:ChainA:ARG53	-46.891341	149.811258	General
5H0T:ChainA:ASP54	-59.493364	-28.571576	General
5H0T:ChainA:ASP55	-64.496147	-19.068930	General
5H0T:ChainA:CYS56	-51.832453	-32.534275	General
5H0T:ChainA:PHE57	-103.829749	149.190912	General
5H0T:ChainA:VAL58	-74.703124	-17.088342	General
5H0T:ChainA:LYS59	-155.841463	124.981857	General
5H0T:ChainA:TYR60	-147.101584	132.323335	General
5H0T:ChainA:GLN61	-151.858940	112.556284	General
5H0T:ChainA:CYS62	-150.533908	84.092464	General
5H0T:ChainA:GLY63	-48.475634	-69.741225	Glycine
5H0T:ChainA:ARG64	-95.969850	162.580592	General
5H0T:ChainA:ASN65	-77.137414	104.130040	General
5H0T:ChainA:SER66	-96.654628	154.666922	General
5H0T:ChainA:ILE67	-115.674964	125.727192	General
5H0T:ChainA:LEU68	-117.432412	110.653849	General
5H0T:ChainA:GLY69	-76.421951	131.426503	Glycine
5H0T:ChainA:LEU70	-134.735082	149.549102	General
5H0T:ChainA:ASN71	-79.707775	110.540392	General
5H0T:ChainA:LEU72	-73.837975	-27.452950	General
5H0T:ChainA:ALA73	-59.871021	-53.777098	General
5H0T:ChainA:SER74	-60.285496	-44.697661	General
5H0T:ChainA:LEU75	-60.062916	-41.861488	General
5H0T:ChainA:SER76	-59.677507	-43.431968	General
5H0T:ChainA:LYS77	-63.032313	-37.625018	General
5H0T:ChainA:VAL78	-73.754140	-42.249597	General
5H0T:ChainA:LEU79	-66.873384	-34.117234	General
5H0T:ChainA:LYS80	-47.666006	-37.500619	General
5H0T:ChainA:ILE81	-90.879976	3.225316	General
5H0T:ChainA:VAL82	-93.364528	133.946125	General
5H0T:ChainA:ASP83	-65.221187	122.765341	General
5H0T:ChainA:SER84	-24.764186	-49.937852	General
5H0T:ChainA:ASN85	-99.350430	1.978685	General
5H0T:ChainA:ASP86	-78.065183	156.706534	General
5H0T:ChainA:SER87	-76.207461	161.203074	General
5H0T:ChainA:LEU88	-147.778990	115.647962	General
5H0T:ChainA:SER89	-105.487709	115.105501	General
5H0T:ChainA:LEU90	-88.458865	129.640583	General
5H0T:ChainA:ARG91	-141.480450	133.427747	General
5H0T:ChainA:HIS92	-129.979938	138.292383	General
5H0T:ChainA:ASP93	-107.103073	160.167353	General
5H0T:ChainA:ASP94	-43.262375	-52.547975	General
5H0T:ChainA:ASP95	-109.787962	37.580470	General
5H0T:ChainA:SER96	-108.027836	-44.666964	General
5H0T:ChainA:ASP97	64.215665	0.773999	General
5H0T:ChainA:VAL98	-142.254285	143.746418	General
5H0T:ChainA:VAL99	-104.035371	147.150158	General
5H0T:ChainA:THR100	-123.225589	138.158706	General
5H0T:ChainA:LEU101	-111.119331	130.548401	General
5H0T:ChainA:THR102	-130.247800	121.757417	General
5H0T:ChainA:SER103	-112.470133	145.845254	General
5H0T:ChainA:GLU104	-145.050540	140.442848	General
5H0T:ChainA:ASN105	-52.052959	149.730564	Pre-Pro
5H0T:ChainA:PRO106	-49.891679	-44.459032	Proline
5H0T:ChainA:GLU107	-77.375558	0.616633	General
5H0T:ChainA:LYS108	53.211331	27.774979	General
5H0T:ChainA:THR109	-97.222960	-8.159208	General
5H0T:ChainA:ARG110	-139.168702	134.625346	General
5H0T:ChainA:LYS111	-132.946621	130.392272	General
5H0T:ChainA:CYS112	-120.732963	143.551128	General
5H0T:ChainA:GLU113	-141.391803	127.534683	General
5H0T:ChainA:TYR114	-120.734555	150.511403	General
5H0T:ChainA:GLN115	-132.783854	126.021044	General
5H0T:ChainA:LEU116	-112.337850	142.344996	General
5H0T:ChainA:LYS117	-79.635017	141.479154	General
5H0T:ChainA:LEU118	-83.800621	160.769419	General
5H0T:ChainA:LEU119	-119.161504	153.249597	General
5H0T:ChainA:GLU120	-89.821088	106.655584	General
5H0T:ChainA:ILE121	-112.007678	127.823009	General
5H0T:ChainA:GLU122	-80.457460	-74.038374	General
5H0T:ChainA:ALA123	-62.512263	131.348824	General
5H0T:ChainA:GLU124	-126.375670	36.901477	General
5H0T:ChainA:SER125	-68.468686	-61.878220	General
5H0T:ChainA:MET126	53.926750	-145.294023	General
5H0T:ChainA:GLY127	107.426734	93.060421	Glycine
5H0T:ChainA:ILE128	-55.273873	145.313843	Pre-Pro
5H0T:ChainA:PRO129	-104.395631	78.838483	Proline
5H0T:ChainA:GLU130	-75.012358	137.285968	General
5H0T:ChainA:MET131	-152.515728	175.878365	General
5H0T:ChainA:ASP132	-70.333854	107.801407	General
5H0T:ChainA:TYR133	-89.635242	115.308256	General
5H0T:ChainA:ARG134	-72.206120	-34.323280	General
5H0T:ChainA:SER135	-125.401532	155.697143	General
5H0T:ChainA:THR136	-154.812869	130.816813	General
5H0T:ChainA:VAL137	-133.792282	138.098394	General
5H0T:ChainA:THR138	-126.405330	137.705524	General
5H0T:ChainA:LEU139	-155.594233	169.480280	General
5H0T:ChainA:ASN140	-65.655846	133.702648	General
5H0T:ChainA:SER141	-65.887539	-40.871849	General
5H0T:ChainA:ALA142	-69.013671	-28.298191	General
5H0T:ChainA:GLU143	-67.304481	-46.796690	General
5H0T:ChainA:PHE144	-54.164623	-45.869321	General
5H0T:ChainA:ALA145	-63.349663	-42.595254	General
5H0T:ChainA:LYS146	-62.941738	-52.123965	General
5H0T:ChainA:ILE147	-50.195060	-41.574833	General
5H0T:ChainA:VAL148	-74.455734	-41.187589	General
5H0T:ChainA:ARG149	-50.010838	-45.614885	General
5H0T:ChainA:ASP150	-64.570732	-54.801915	General
5H0T:ChainA:MET151	-55.266525	-28.482573	General
5H0T:ChainA:GLN152	-63.866954	-15.021588	General
5H0T:ChainA:VAL153	-70.517390	-26.162871	General
5H0T:ChainA:PHE154	-89.363456	-61.224231	General
5H0T:ChainA:GLY155	-136.564978	-173.127223	Glycine
5H0T:ChainA:ASP156	-102.864328	0.640613	General
5H0T:ChainA:THR157	-133.937226	135.854323	General
5H0T:ChainA:VAL158	-114.847617	136.333053	General
5H0T:ChainA:THR159	-106.913468	118.877823	General
5H0T:ChainA:ILE160	-101.842320	127.546590	General
5H0T:ChainA:ALA161	-127.810167	114.599296	General
5H0T:ChainA:ILE162	-100.530742	132.212344	General
5H0T:ChainA:SER163	-139.656204	168.188180	General
5H0T:ChainA:LYS164	-54.745643	-34.907581	General
5H0T:ChainA:GLU165	-84.341359	-15.533361	General
5H0T:ChainA:GLY166	152.924318	-165.023273	Glycine
5H0T:ChainA:VAL167	-120.583842	139.215914	General
5H0T:ChainA:LYS168	-121.032607	115.645112	General
5H0T:ChainA:PHE169	-93.867443	128.621428	General
5H0T:ChainA:SER170	-135.684601	144.953693	General
5H0T:ChainA:SER171	-150.336664	158.549707	General
5H0T:ChainA:SER172	-140.930952	162.260946	General
5H0T:ChainA:GLY173	167.591230	-166.673185	Glycine
5H0T:ChainA:ASP174	-63.438889	-52.682750	General
5H0T:ChainA:VAL175	-51.567940	-38.421408	General
5H0T:ChainA:GLY176	153.667567	-144.674920	Glycine
5H0T:ChainA:GLN177	-130.066726	138.730112	General
5H0T:ChainA:GLY178	-136.661414	154.157994	Glycine
5H0T:ChainA:TYR179	-146.814541	157.414752	General
5H0T:ChainA:THR180	-127.256841	125.210489	General
5H0T:ChainA:PHE181	-114.364661	127.572267	General
5H0T:ChainA:LEU182	-110.788489	134.275335	General
5H0T:ChainA:GLN183	-93.682262	145.104285	General
5H0T:ChainA:ALA184	-72.271198	149.483752	General
5H0T:ChainA:VAL228	-99.286888	105.692330	General
5H0T:ChainA:GLU229	-91.884952	88.381826	General
5H0T:ChainA:VAL230	-68.243610	149.776686	General
5H0T:ChainA:THR231	-164.603909	91.741604	General
5H0T:ChainA:MET232	-132.452732	156.103247	General
5H0T:ChainA:GLU233	-92.236512	-20.305923	General
5H0T:ChainA:GLU234	-161.218354	153.145155	Pre-Pro
5H0T:ChainA:PRO235	-63.615751	141.109549	Proline
5H0T:ChainA:ILE236	-153.939568	139.428667	General
5H0T:ChainA:THR237	-145.432544	109.429499	General
5H0T:ChainA:LEU238	-121.945360	163.696876	General
5H0T:ChainA:SER239	-121.026961	153.035134	General
5H0T:ChainA:PHE240	-147.710479	155.754268	General
5H0T:ChainA:ALA241	-75.436102	123.410648	General
5H0T:ChainA:LEU242	-63.420262	-31.646914	General
5H0T:ChainA:ARG243	-48.302687	-45.263513	General
5H0T:ChainA:PHE244	-83.699679	-40.545247	General
5H0T:ChainA:MET245	-54.017775	-38.295808	General
5H0T:ChainA:GLY246	-64.932084	-42.855811	Glycine
5H0T:ChainA:ILE247	-60.270703	-42.269314	General
5H0T:ChainA:PHE248	-66.467713	-38.094174	General
5H0T:ChainA:ALA249	-64.830594	-13.657662	General
5H0T:ChainA:LYS250	-60.519051	-19.345934	General
5H0T:ChainA:GLY251	-49.010160	-25.707857	Glycine
5H0T:ChainA:SER252	-54.053692	-23.880985	General
5H0T:ChainA:THR253	-67.442657	-16.594869	General
5H0T:ChainA:LEU254	-101.935457	-20.535634	General
5H0T:ChainA:SER255	-159.176120	126.036784	General
5H0T:ChainA:GLU256	-56.405590	-30.008118	General
5H0T:ChainA:ARG257	-120.087566	165.875126	General
5H0T:ChainA:VAL258	-146.379356	142.200840	General
5H0T:ChainA:THR259	-120.284167	134.374971	General
5H0T:ChainA:LEU260	-113.241517	138.597634	General
5H0T:ChainA:LYS261	-129.491667	133.355159	General
5H0T:ChainA:PHE262	-128.766764	162.735345	General
5H0T:ChainA:ALA263	-161.509716	130.250366	General
5H0T:ChainA:LYS264	-48.056392	140.193921	General
5H0T:ChainA:ASP265	47.927212	32.715473	General
5H0T:ChainA:SER266	-139.443286	151.287426	Pre-Pro
5H0T:ChainA:PRO267	-48.247549	127.600461	Proline
5H0T:ChainA:CYS268	-70.691534	165.331209	General
5H0T:ChainA:MET269	-125.733521	137.662466	General
5H0T:ChainA:VAL270	-124.004644	122.091961	General
5H0T:ChainA:GLU271	-121.794950	135.068360	General
5H0T:ChainA:TYR272	-123.760454	115.968275	General
5H0T:ChainA:GLY273	-75.748036	134.998185	Glycine
5H0T:ChainA:ILE274	-100.568498	75.477029	General
5H0T:ChainA:ASP275	62.832185	-129.750422	General
5H0T:ChainA:ASN276	-108.170401	4.432517	General
5H0T:ChainA:VAL277	-108.545218	11.986584	General
5H0T:ChainA:GLY278	162.674701	-176.247523	Glycine
5H0T:ChainA:TYR279	-145.897311	166.900433	General
5H0T:ChainA:LEU280	-129.349495	126.628177	General
5H0T:ChainA:ARG281	-137.772124	133.815680	General
5H0T:ChainA:TYR282	-125.286895	145.084272	General
5H0T:ChainA:TYR283	-129.321785	138.502721	General
5H0T:ChainA:LEU284	-140.364742	127.221844	General
5H0T:ChainA:ALA285	-60.876328	138.119847	Pre-Pro
5H0T:ChainA:PRO286	-65.318056	158.681930	Proline
5H0T:ChainA:LYS287	-86.237153	122.009911	General
5H0T:ChainA:VAL288	-121.122707	138.264144	General
5H0T:ChainD:LEU2	-96.357754	139.029507	General
5H0T:ChainD:GLU3	-148.478438	126.143948	General
5H0T:ChainD:ALA4	-141.277354	108.958307	General
5H0T:ChainD:GLN5	-116.000673	126.561796	General
5H0T:ChainD:VAL6	-105.799505	154.606748	General
5H0T:ChainD:GLN7	-80.977253	-39.446285	General
5H0T:ChainD:PHE8	-118.414744	110.318699	General
5H0T:ChainD:ALA9	-57.402226	-19.540080	General
5H0T:ChainD:SER10	-40.654391	-44.995681	General
5H0T:ChainD:LEU11	-58.982672	-51.199921	General
5H0T:ChainD:TRP12	-61.781574	-45.450807	General
5H0T:ChainD:LYS13	-51.941819	-51.338520	General
5H0T:ChainD:ARG14	-69.671720	-36.126593	General
5H0T:ChainD:LEU15	-66.348739	-50.654814	General
5H0T:ChainD:VAL16	-61.061229	-40.421313	General
5H0T:ChainD:GLU17	-52.047931	-47.473221	General
5H0T:ChainD:CYS18	-61.631297	-50.325521	General
5H0T:ChainD:ILE19	-76.876312	-35.105739	General
5H0T:ChainD:ASN20	-60.568390	-25.496071	General
5H0T:ChainD:GLY21	-56.501862	-26.460676	Glycine
5H0T:ChainD:LEU22	-105.276537	-33.256459	General
5H0T:ChainD:VAL23	-149.399615	155.888771	General
5H0T:ChainD:ASN24	-98.773489	-15.663216	General
5H0T:ChainD:GLU25	-141.568287	153.050716	General
5H0T:ChainD:ALA26	-161.596436	151.309372	General
5H0T:ChainD:ASN27	-86.695618	132.262509	General
5H0T:ChainD:PHE28	-94.289867	97.166699	General
5H0T:ChainD:ASP29	-73.814475	110.970787	General
5H0T:ChainD:CYS30	-112.808501	123.160067	General
5H0T:ChainD:ASN31	-128.529445	179.249105	Pre-Pro
5H0T:ChainD:PRO32	-73.343978	-21.406999	Proline
5H0T:ChainD:GLY33	-62.732726	-27.815622	Glycine
5H0T:ChainD:GLY34	132.840043	-167.965014	Glycine
5H0T:ChainD:LEU35	-98.251507	137.045696	General
5H0T:ChainD:SER36	-130.713562	150.116087	General
5H0T:ChainD:VAL37	-127.287669	132.666966	General
5H0T:ChainD:GLN38	-137.702355	130.088984	General
5H0T:ChainD:ALA39	-159.775479	148.977762	General
5H0T:ChainD:MET40	-110.733174	151.997103	General
5H0T:ChainD:ASP41	-71.203056	158.241663	General
5H0T:ChainD:SER42	-59.612782	-25.758773	General
5H0T:ChainD:SER43	-80.255001	2.140995	General
5H0T:ChainD:HIS44	50.841721	40.980976	General
5H0T:ChainD:VAL45	-109.714091	-20.005536	General
5H0T:ChainD:ALA46	-145.970286	145.796037	General
5H0T:ChainD:LEU47	-131.595660	139.779051	General
5H0T:ChainD:VAL48	-111.957688	140.308407	General
5H0T:ChainD:HIS49	-132.546882	119.237111	General
5H0T:ChainD:MET50	-118.633156	137.900927	General
5H0T:ChainD:LEU51	-131.904228	124.515096	General
5H0T:ChainD:LEU52	-110.697772	99.163488	General
5H0T:ChainD:ARG53	-45.677551	148.955166	General
5H0T:ChainD:ASP54	-61.872154	-28.330835	General
5H0T:ChainD:ASP55	-65.256198	-21.060877	General
5H0T:ChainD:CYS56	-48.803734	-33.685569	General
5H0T:ChainD:PHE57	-103.584431	148.371626	General
5H0T:ChainD:VAL58	-75.683322	-15.401281	General
5H0T:ChainD:LYS59	-154.215135	123.276700	General
5H0T:ChainD:TYR60	-145.486529	131.975032	General
5H0T:ChainD:GLN61	-150.104574	109.873977	General
5H0T:ChainD:CYS62	-151.678312	84.986025	General
5H0T:ChainD:GLY63	-51.426671	-69.855397	Glycine
5H0T:ChainD:ARG64	-96.936132	169.509483	General
5H0T:ChainD:ASN65	-75.743921	103.722750	General
5H0T:ChainD:SER66	-96.207686	152.281128	General
5H0T:ChainD:ILE67	-120.618729	123.655146	General
5H0T:ChainD:LEU68	-119.264257	108.919178	General
5H0T:ChainD:GLY69	-77.356825	133.662359	Glycine
5H0T:ChainD:LEU70	-136.673780	150.343471	General
5H0T:ChainD:ASN71	-78.608812	110.486006	General
5H0T:ChainD:LEU72	-73.668981	-27.849425	General
5H0T:ChainD:ALA73	-59.074655	-53.423573	General
5H0T:ChainD:SER74	-60.073476	-45.005726	General
5H0T:ChainD:LEU75	-60.856157	-41.483980	General
5H0T:ChainD:SER76	-59.279090	-43.494409	General
5H0T:ChainD:LYS77	-62.442684	-38.064029	General
5H0T:ChainD:VAL78	-73.187425	-42.450131	General
5H0T:ChainD:LEU79	-67.066790	-34.178621	General
5H0T:ChainD:LYS80	-48.815357	-36.972363	General
5H0T:ChainD:ILE81	-91.261110	3.903230	General
5H0T:ChainD:VAL82	-93.304798	134.184612	General
5H0T:ChainD:ASP83	-66.135433	122.534812	General
5H0T:ChainD:SER84	-24.633347	-50.554969	General
5H0T:ChainD:ASN85	-97.636886	0.577756	General
5H0T:ChainD:ASP86	-78.113003	157.967053	General
5H0T:ChainD:SER87	-75.479143	161.090915	General
5H0T:ChainD:LEU88	-147.565379	116.139579	General
5H0T:ChainD:SER89	-104.964099	116.380855	General
5H0T:ChainD:LEU90	-88.790941	129.304009	General
5H0T:ChainD:ARG91	-142.929146	131.659958	General
5H0T:ChainD:HIS92	-132.465962	137.775918	General
5H0T:ChainD:ASP93	-106.451290	156.964604	General
5H0T:ChainD:ASP94	-54.027155	124.250476	General
5H0T:ChainD:ASP95	34.436937	66.352230	General
5H0T:ChainD:SER96	-104.518614	-21.006104	General
5H0T:ChainD:ASP97	64.355636	-0.528599	General
5H0T:ChainD:VAL98	-142.047781	142.099680	General
5H0T:ChainD:VAL99	-104.903551	147.875412	General
5H0T:ChainD:THR100	-121.813677	138.797096	General
5H0T:ChainD:LEU101	-109.912011	130.243956	General
5H0T:ChainD:THR102	-130.265384	122.455554	General
5H0T:ChainD:SER103	-112.625171	146.139848	General
5H0T:ChainD:GLU104	-145.591106	140.212349	General
5H0T:ChainD:ASN105	-52.594625	149.502415	Pre-Pro
5H0T:ChainD:PRO106	-51.891420	-43.119565	Proline
5H0T:ChainD:GLU107	-75.138700	-0.563057	General
5H0T:ChainD:LYS108	50.986304	27.692560	General
5H0T:ChainD:THR109	-97.064175	-8.434959	General
5H0T:ChainD:ARG110	-139.836918	135.543427	General
5H0T:ChainD:LYS111	-132.103625	129.450740	General
5H0T:ChainD:CYS112	-117.267318	142.272211	General
5H0T:ChainD:GLU113	-140.431992	126.973494	General
5H0T:ChainD:TYR114	-120.698011	149.777916	General
5H0T:ChainD:GLN115	-131.723952	124.921986	General
5H0T:ChainD:LEU116	-110.986023	141.423434	General
5H0T:ChainD:LYS117	-75.945901	142.327564	General
5H0T:ChainD:LEU118	-85.625506	165.252006	General
5H0T:ChainD:LEU119	-118.297515	134.816795	General
5H0T:ChainD:GLU120	34.297585	50.596297	General
5H0T:ChainD:ILE121	-115.284708	122.907230	General
5H0T:ChainD:GLU122	-58.293634	136.946109	General
5H0T:ChainD:ALA123	-43.391645	130.616206	General
5H0T:ChainD:GLU124	-46.192086	-43.452910	General
5H0T:ChainD:SER125	64.740921	-88.164058	General
5H0T:ChainD:MET126	-57.421278	119.435110	General
5H0T:ChainD:GLY127	-95.900104	177.055861	Glycine
5H0T:ChainD:ILE128	-58.243708	149.049446	Pre-Pro
5H0T:ChainD:PRO129	-71.521843	155.103710	Proline
5H0T:ChainD:GLU130	-117.565813	89.027119	General
5H0T:ChainD:MET131	-95.364294	-75.569578	General
5H0T:ChainD:ASP132	84.849256	116.799797	General
5H0T:ChainD:TYR133	-113.220348	122.203398	General
5H0T:ChainD:ARG134	-72.545112	-35.361843	General
5H0T:ChainD:SER135	-125.202951	156.454331	General
5H0T:ChainD:THR136	-155.004636	131.492543	General
5H0T:ChainD:VAL137	-134.968737	139.127442	General
5H0T:ChainD:THR138	-127.608929	138.574322	General
5H0T:ChainD:LEU139	-155.810808	170.145061	General
5H0T:ChainD:ASN140	-65.446612	134.003510	General
5H0T:ChainD:SER141	-65.185275	-41.446875	General
5H0T:ChainD:ALA142	-68.492020	-28.922818	General
5H0T:ChainD:GLU143	-66.759310	-47.712541	General
5H0T:ChainD:PHE144	-53.163710	-46.208288	General
5H0T:ChainD:ALA145	-63.189110	-42.726017	General
5H0T:ChainD:LYS146	-63.149434	-52.893411	General
5H0T:ChainD:ILE147	-49.434752	-41.726778	General
5H0T:ChainD:VAL148	-73.869107	-42.267727	General
5H0T:ChainD:ARG149	-51.278722	-44.906196	General
5H0T:ChainD:ASP150	-64.787029	-54.397138	General
5H0T:ChainD:MET151	-56.192151	-27.362722	General
5H0T:ChainD:GLN152	-63.949694	-14.998431	General
5H0T:ChainD:VAL153	-69.983173	-26.760112	General
5H0T:ChainD:PHE154	-89.031651	-61.360724	General
5H0T:ChainD:GLY155	-136.396099	-174.225068	Glycine
5H0T:ChainD:ASP156	-102.603868	0.584883	General
5H0T:ChainD:THR157	-133.291855	135.663335	General
5H0T:ChainD:VAL158	-114.224523	137.436178	General
5H0T:ChainD:THR159	-107.623207	118.935226	General
5H0T:ChainD:ILE160	-101.522632	127.654182	General
5H0T:ChainD:ALA161	-128.735901	113.944772	General
5H0T:ChainD:ILE162	-101.014111	133.046050	General
5H0T:ChainD:SER163	-139.631572	167.862253	General
5H0T:ChainD:LYS164	-53.740949	-36.262314	General
5H0T:ChainD:GLU165	-84.924655	-12.819755	General
5H0T:ChainD:GLY166	151.211438	-166.354094	Glycine
5H0T:ChainD:VAL167	-119.727521	140.852924	General
5H0T:ChainD:LYS168	-121.403405	115.544395	General
5H0T:ChainD:PHE169	-93.548507	128.937416	General
5H0T:ChainD:SER170	-136.465596	144.778687	General
5H0T:ChainD:SER171	-151.535988	156.839059	General
5H0T:ChainD:SER172	-140.646113	160.292391	General
5H0T:ChainD:GLY173	169.356907	-165.386867	Glycine
5H0T:ChainD:ASP174	-63.495062	-51.716726	General
5H0T:ChainD:VAL175	-49.923367	-40.002032	General
5H0T:ChainD:GLY176	153.646085	-142.717148	Glycine
5H0T:ChainD:GLN177	-131.420579	139.863256	General
5H0T:ChainD:GLY178	-133.166628	152.099262	Glycine
5H0T:ChainD:TYR179	-145.868319	157.541871	General
5H0T:ChainD:THR180	-127.810722	125.406839	General
5H0T:ChainD:PHE181	-114.778326	127.041022	General
5H0T:ChainD:LEU182	-110.000346	133.183374	General
5H0T:ChainD:GLN183	-94.313020	145.622728	General
5H0T:ChainD:ALA184	-68.031632	-50.949306	General
5H0T:ChainD:VAL228	-99.141259	107.450430	General
5H0T:ChainD:GLU229	-91.656076	87.267456	General
5H0T:ChainD:VAL230	-69.422541	150.221070	General
5H0T:ChainD:THR231	-163.751719	91.648856	General
5H0T:ChainD:MET232	-131.812949	153.907525	General
5H0T:ChainD:GLU233	-91.477754	-19.576586	General
5H0T:ChainD:GLU234	-159.049015	153.197891	Pre-Pro
5H0T:ChainD:PRO235	-64.135162	140.879285	Proline
5H0T:ChainD:ILE236	-153.928302	139.723212	General
5H0T:ChainD:THR237	-145.639624	109.236608	General
5H0T:ChainD:LEU238	-121.898385	162.151162	General
5H0T:ChainD:SER239	-120.736360	152.066003	General
5H0T:ChainD:PHE240	-147.614978	157.305437	General
5H0T:ChainD:ALA241	-72.901117	121.640643	General
5H0T:ChainD:LEU242	-63.866605	-31.173191	General
5H0T:ChainD:ARG243	-47.640858	-46.349945	General
5H0T:ChainD:PHE244	-83.144526	-40.734982	General
5H0T:ChainD:MET245	-53.626202	-38.423228	General
5H0T:ChainD:GLY246	-65.011267	-43.004996	Glycine
5H0T:ChainD:ILE247	-61.801558	-40.397476	General
5H0T:ChainD:PHE248	-64.699041	-39.732620	General
5H0T:ChainD:ALA249	-64.776410	-12.776034	General
5H0T:ChainD:LYS250	-60.564595	-19.902949	General
5H0T:ChainD:GLY251	-49.049230	-25.125868	Glycine
5H0T:ChainD:SER252	-55.029436	-23.325877	General
5H0T:ChainD:THR253	-67.974133	-15.968004	General
5H0T:ChainD:LEU254	-102.880933	-18.600170	General
5H0T:ChainD:SER255	-160.273568	126.642236	General
5H0T:ChainD:GLU256	-60.358266	-26.509483	General
5H0T:ChainD:ARG257	-119.515977	166.261262	General
5H0T:ChainD:VAL258	-148.183731	143.573851	General
5H0T:ChainD:THR259	-121.594335	134.772767	General
5H0T:ChainD:LEU260	-113.896024	138.390151	General
5H0T:ChainD:LYS261	-129.471466	133.020590	General
5H0T:ChainD:PHE262	-129.144241	162.036676	General
5H0T:ChainD:ALA263	-157.858221	129.328864	General
5H0T:ChainD:LYS264	-49.032211	140.059842	General
5H0T:ChainD:ASP265	48.749759	32.100637	General
5H0T:ChainD:SER266	-138.282921	151.908855	Pre-Pro
5H0T:ChainD:PRO267	-49.159408	127.636144	Proline
5H0T:ChainD:CYS268	-72.181037	165.773430	General
5H0T:ChainD:MET269	-125.604452	139.399765	General
5H0T:ChainD:VAL270	-124.839842	122.629764	General
5H0T:ChainD:GLU271	-120.074780	135.021725	General
5H0T:ChainD:TYR272	-122.464044	113.002424	General
5H0T:ChainD:GLY273	-74.347836	133.235524	Glycine
5H0T:ChainD:ILE274	-99.807895	74.729929	General
5H0T:ChainD:ASP275	44.757818	-119.273949	General
5H0T:ChainD:ASN276	-107.956615	4.835435	General
5H0T:ChainD:VAL277	-107.575417	9.356664	General
5H0T:ChainD:GLY278	169.763651	178.078496	Glycine
5H0T:ChainD:TYR279	-144.278303	167.603544	General
5H0T:ChainD:LEU280	-128.251509	128.883555	General
5H0T:ChainD:ARG281	-137.792634	135.403838	General
5H0T:ChainD:TYR282	-127.151096	146.003228	General
5H0T:ChainD:TYR283	-130.021641	140.471253	General
5H0T:ChainD:LEU284	-142.486254	130.626002	General
5H0T:ChainD:ALA285	-59.925729	137.276446	Pre-Pro
5H0T:ChainD:PRO286	-65.983792	160.074087	Proline
5H0T:ChainD:LYS287	-85.008596	122.504816	General
5H0T:ChainD:VAL288	41.507606	-134.794339	General
5H0T:ChainE:LEU2	-111.389682	140.622573	General
5H0T:ChainE:GLU3	-148.795501	123.284175	General
5H0T:ChainE:ALA4	-143.278354	107.631973	General
5H0T:ChainE:GLN5	-115.136134	127.395096	General
5H0T:ChainE:VAL6	-106.421350	157.387549	General
5H0T:ChainE:GLN7	-81.421023	-39.761872	General
5H0T:ChainE:PHE8	-118.561455	110.904943	General
5H0T:ChainE:ALA9	-56.611733	-20.146601	General
5H0T:ChainE:SER10	-40.094239	-45.491743	General
5H0T:ChainE:LEU11	-58.716642	-50.931569	General
5H0T:ChainE:TRP12	-62.200824	-45.507497	General
5H0T:ChainE:LYS13	-51.179255	-51.323183	General
5H0T:ChainE:ARG14	-69.809199	-36.537499	General
5H0T:ChainE:LEU15	-65.164512	-51.314486	General
5H0T:ChainE:VAL16	-60.564799	-40.697765	General
5H0T:ChainE:GLU17	-51.891395	-47.170426	General
5H0T:ChainE:CYS18	-61.582072	-50.225564	General
5H0T:ChainE:ILE19	-77.468129	-34.605244	General
5H0T:ChainE:ASN20	-60.423560	-25.982767	General
5H0T:ChainE:GLY21	-55.965667	-27.080678	Glycine
5H0T:ChainE:LEU22	-103.612472	-33.821296	General
5H0T:ChainE:VAL23	-150.111761	155.749839	General
5H0T:ChainE:ASN24	-96.733422	-16.691318	General
5H0T:ChainE:GLU25	-142.057944	153.970706	General
5H0T:ChainE:ALA26	-162.653323	150.864750	General
5H0T:ChainE:ASN27	-87.478234	132.392435	General
5H0T:ChainE:PHE28	-95.864464	99.724487	General
5H0T:ChainE:ASP29	-70.347837	111.010435	General
5H0T:ChainE:CYS30	-113.440996	121.905948	General
5H0T:ChainE:ASN31	-130.660307	178.590111	Pre-Pro
5H0T:ChainE:PRO32	-73.978300	-20.108012	Proline
5H0T:ChainE:GLY33	-56.803443	-33.018923	Glycine
5H0T:ChainE:GLY34	131.396385	-166.173572	Glycine
5H0T:ChainE:LEU35	-97.771574	137.127768	General
5H0T:ChainE:SER36	-135.441464	150.387019	General
5H0T:ChainE:VAL37	-131.899150	135.127618	General
5H0T:ChainE:GLN38	-141.369585	131.159531	General
5H0T:ChainE:ALA39	-166.742720	148.361383	General
5H0T:ChainE:MET40	-112.762243	153.622785	General
5H0T:ChainE:ASP41	-71.040586	157.726911	General
5H0T:ChainE:SER42	-61.251108	-24.504972	General
5H0T:ChainE:SER43	-79.774952	2.718227	General
5H0T:ChainE:HIS44	52.539954	39.395246	General
5H0T:ChainE:VAL45	-110.135580	-19.767254	General
5H0T:ChainE:ALA46	-146.841179	144.183602	General
5H0T:ChainE:LEU47	-131.957230	138.258300	General
5H0T:ChainE:VAL48	-111.459257	139.675894	General
5H0T:ChainE:HIS49	-131.172176	120.769285	General
5H0T:ChainE:MET50	-120.158312	139.483451	General
5H0T:ChainE:LEU51	-132.849896	125.752952	General
5H0T:ChainE:LEU52	-113.510955	97.644568	General
5H0T:ChainE:ARG53	-45.859856	149.910579	General
5H0T:ChainE:ASP54	-60.649898	-28.184803	General
5H0T:ChainE:ASP55	-64.910729	-20.367191	General
5H0T:ChainE:CYS56	-51.036371	-31.771017	General
5H0T:ChainE:PHE57	-103.680450	147.555976	General
5H0T:ChainE:VAL58	-75.329349	-15.551516	General
5H0T:ChainE:LYS59	-155.093452	125.339194	General
5H0T:ChainE:TYR60	-147.347764	131.776060	General
5H0T:ChainE:GLN61	-150.948791	111.669073	General
5H0T:ChainE:CYS62	-149.316019	82.197496	General
5H0T:ChainE:GLY63	-49.126244	-70.885640	Glycine
5H0T:ChainE:ARG64	-94.842430	161.926253	General
5H0T:ChainE:ASN65	-78.719062	104.463044	General
5H0T:ChainE:SER66	-95.925589	151.917384	General
5H0T:ChainE:ILE67	-115.285766	124.002168	General
5H0T:ChainE:LEU68	-119.083077	108.306258	General
5H0T:ChainE:GLY69	-77.410196	132.049235	Glycine
5H0T:ChainE:LEU70	-135.394650	148.469756	General
5H0T:ChainE:ASN71	-78.597091	110.472116	General
5H0T:ChainE:LEU72	-74.159994	-26.997248	General
5H0T:ChainE:ALA73	-59.575457	-53.616021	General
5H0T:ChainE:SER74	-60.912248	-44.374034	General
5H0T:ChainE:LEU75	-60.252585	-41.446438	General
5H0T:ChainE:SER76	-59.813924	-43.327442	General
5H0T:ChainE:LYS77	-62.638774	-38.340382	General
5H0T:ChainE:VAL78	-72.997541	-42.154936	General
5H0T:ChainE:LEU79	-67.507435	-34.294244	General
5H0T:ChainE:LYS80	-47.944095	-36.796474	General
5H0T:ChainE:ILE81	-90.900473	3.165831	General
5H0T:ChainE:VAL82	-93.368363	134.360707	General
5H0T:ChainE:ASP83	-65.565701	122.248399	General
5H0T:ChainE:SER84	-24.949917	-49.757234	General
5H0T:ChainE:ASN85	-98.762571	1.486583	General
5H0T:ChainE:ASP86	-78.537577	157.654289	General
5H0T:ChainE:SER87	-76.327273	161.481973	General
5H0T:ChainE:LEU88	-148.452755	115.855374	General
5H0T:ChainE:SER89	-105.954455	115.589922	General
5H0T:ChainE:LEU90	-87.021890	129.404982	General
5H0T:ChainE:ARG91	-142.723701	133.826653	General
5H0T:ChainE:HIS92	-132.027005	138.262472	General
5H0T:ChainE:ASP93	-107.350012	159.788889	General
5H0T:ChainE:ASP94	-57.347881	-38.201667	General
5H0T:ChainE:ASP95	-110.852426	37.999968	General
5H0T:ChainE:SER96	-108.274772	-45.092696	General
5H0T:ChainE:ASP97	65.565089	-0.026826	General
5H0T:ChainE:VAL98	-142.500477	143.672501	General
5H0T:ChainE:VAL99	-102.777240	147.024719	General
5H0T:ChainE:THR100	-121.060110	137.736671	General
5H0T:ChainE:LEU101	-109.474457	130.248901	General
5H0T:ChainE:THR102	-130.126622	122.456168	General
5H0T:ChainE:SER103	-113.085765	146.185764	General
5H0T:ChainE:GLU104	-144.967341	140.543192	General
5H0T:ChainE:ASN105	-59.013856	154.884647	Pre-Pro
5H0T:ChainE:PRO106	-54.756372	-42.997463	Proline
5H0T:ChainE:GLU107	-72.375826	-3.538955	General
5H0T:ChainE:LYS108	52.397744	27.134428	General
5H0T:ChainE:THR109	-97.091083	-8.469065	General
5H0T:ChainE:ARG110	-139.048649	134.082623	General
5H0T:ChainE:LYS111	-132.007414	129.621021	General
5H0T:ChainE:CYS112	-118.030087	141.501657	General
5H0T:ChainE:GLU113	-138.650821	127.993035	General
5H0T:ChainE:TYR114	-120.206653	149.476654	General
5H0T:ChainE:GLN115	-130.953234	123.884945	General
5H0T:ChainE:LEU116	-111.308902	139.711974	General
5H0T:ChainE:LYS117	-77.146190	141.427452	General
5H0T:ChainE:LEU118	-85.026019	161.045236	General
5H0T:ChainE:LEU119	-120.428434	149.150843	General
5H0T:ChainE:GLU120	-88.707079	105.681083	General
5H0T:ChainE:ILE121	-110.147655	129.073610	General
5H0T:ChainE:GLU122	-56.281855	130.741141	General
5H0T:ChainE:ALA123	-62.777563	135.775080	General
5H0T:ChainE:GLU124	-34.306016	-51.971748	General
5H0T:ChainE:SER125	66.308728	60.427932	General
5H0T:ChainE:MET126	174.290504	119.198949	General
5H0T:ChainE:GLY127	-98.506599	154.656748	Glycine
5H0T:ChainE:ILE128	-56.413050	146.734276	Pre-Pro
5H0T:ChainE:PRO129	-71.840651	163.729433	Proline
5H0T:ChainE:GLU130	-69.630806	138.019577	General
5H0T:ChainE:MET131	-90.628941	-149.882738	General
5H0T:ChainE:ASP132	74.132644	69.082138	General
5H0T:ChainE:TYR133	-89.396253	124.066241	General
5H0T:ChainE:ARG134	-92.862554	65.724308	General
5H0T:ChainE:SER135	156.542250	139.988086	General
5H0T:ChainE:THR136	-161.370187	130.973526	General
5H0T:ChainE:VAL137	-134.840254	139.003522	General
5H0T:ChainE:THR138	-126.594838	138.204090	General
5H0T:ChainE:LEU139	-154.759403	169.247648	General
5H0T:ChainE:ASN140	-65.449285	133.158788	General
5H0T:ChainE:SER141	-65.947475	-40.753008	General
5H0T:ChainE:ALA142	-69.194268	-28.154169	General
5H0T:ChainE:GLU143	-66.454752	-47.897068	General
5H0T:ChainE:PHE144	-52.962804	-45.937364	General
5H0T:ChainE:ALA145	-62.921468	-43.459817	General
5H0T:ChainE:LYS146	-62.863043	-52.347484	General
5H0T:ChainE:ILE147	-48.969010	-42.065485	General
5H0T:ChainE:VAL148	-73.673916	-42.252220	General
5H0T:ChainE:ARG149	-50.780865	-44.972937	General
5H0T:ChainE:ASP150	-65.025221	-54.184353	General
5H0T:ChainE:MET151	-55.177318	-27.864017	General
5H0T:ChainE:GLN152	-63.732289	-14.508258	General
5H0T:ChainE:VAL153	-70.815826	-26.015705	General
5H0T:ChainE:PHE154	-89.427782	-60.275866	General
5H0T:ChainE:GLY155	-137.317166	-173.307962	Glycine
5H0T:ChainE:ASP156	-101.901801	1.352633	General
5H0T:ChainE:THR157	-133.032653	136.036703	General
5H0T:ChainE:VAL158	-115.056661	137.512422	General
5H0T:ChainE:THR159	-107.497515	119.315945	General
5H0T:ChainE:ILE160	-101.777531	127.477007	General
5H0T:ChainE:ALA161	-127.579313	115.949045	General
5H0T:ChainE:ILE162	-100.743228	132.631362	General
5H0T:ChainE:SER163	-139.397196	168.349470	General
5H0T:ChainE:LYS164	-55.783664	-35.178077	General
5H0T:ChainE:GLU165	-83.850950	-12.963396	General
5H0T:ChainE:GLY166	151.053650	-164.071431	Glycine
5H0T:ChainE:VAL167	-120.303816	140.235811	General
5H0T:ChainE:LYS168	-120.650833	116.315814	General
5H0T:ChainE:PHE169	-93.852053	129.218129	General
5H0T:ChainE:SER170	-136.556358	145.015112	General
5H0T:ChainE:SER171	-150.383718	158.341180	General
5H0T:ChainE:SER172	-140.874819	161.832388	General
5H0T:ChainE:GLY173	169.294505	-165.782214	Glycine
5H0T:ChainE:ASP174	-64.096317	-52.135688	General
5H0T:ChainE:VAL175	-51.100568	-38.942952	General
5H0T:ChainE:GLY176	154.047266	-143.732430	Glycine
5H0T:ChainE:GLN177	-131.784737	139.222781	General
5H0T:ChainE:GLY178	-133.844669	153.325667	Glycine
5H0T:ChainE:TYR179	-145.517277	157.885563	General
5H0T:ChainE:THR180	-128.640034	125.842544	General
5H0T:ChainE:PHE181	-115.285951	127.085986	General
5H0T:ChainE:LEU182	-110.027910	134.255189	General
5H0T:ChainE:GLN183	-94.171481	145.774828	General
5H0T:ChainE:ALA184	-69.923614	148.933846	General
5H0T:ChainE:VAL228	-98.691770	108.135666	General
5H0T:ChainE:GLU229	-89.382648	86.204219	General
5H0T:ChainE:VAL230	-67.804903	149.552136	General
5H0T:ChainE:THR231	-164.738796	91.595133	General
5H0T:ChainE:MET232	-131.607927	157.074150	General
5H0T:ChainE:GLU233	-92.641007	-20.604675	General
5H0T:ChainE:GLU234	-159.636317	153.375131	Pre-Pro
5H0T:ChainE:PRO235	-64.502969	141.571291	Proline
5H0T:ChainE:ILE236	-153.996285	140.045863	General
5H0T:ChainE:THR237	-145.588187	109.016950	General
5H0T:ChainE:LEU238	-121.744890	162.609938	General
5H0T:ChainE:SER239	-120.290370	152.238476	General
5H0T:ChainE:PHE240	-147.009553	155.257042	General
5H0T:ChainE:ALA241	-73.962369	122.497120	General
5H0T:ChainE:LEU242	-63.653974	-31.604971	General
5H0T:ChainE:ARG243	-46.896765	-46.163205	General
5H0T:ChainE:PHE244	-83.723640	-41.061780	General
5H0T:ChainE:MET245	-53.622882	-38.291270	General
5H0T:ChainE:GLY246	-64.182259	-43.323928	Glycine
5H0T:ChainE:ILE247	-60.803627	-41.953647	General
5H0T:ChainE:PHE248	-66.309802	-38.162441	General
5H0T:ChainE:ALA249	-63.974120	-13.470934	General
5H0T:ChainE:LYS250	-60.113788	-20.609045	General
5H0T:ChainE:GLY251	-48.637465	-25.784124	Glycine
5H0T:ChainE:SER252	-54.041753	-24.181099	General
5H0T:ChainE:THR253	-67.602903	-16.514346	General
5H0T:ChainE:LEU254	-102.438862	-19.879576	General
5H0T:ChainE:SER255	-157.251938	126.353954	General
5H0T:ChainE:GLU256	-56.027909	-30.106549	General
5H0T:ChainE:ARG257	-119.763729	164.464491	General
5H0T:ChainE:VAL258	-144.847407	142.142514	General
5H0T:ChainE:THR259	-119.434697	133.554504	General
5H0T:ChainE:LEU260	-113.231236	137.944326	General
5H0T:ChainE:LYS261	-129.368740	133.987921	General
5H0T:ChainE:PHE262	-128.627722	161.463028	General
5H0T:ChainE:ALA263	-158.738333	129.673165	General
5H0T:ChainE:LYS264	-49.846575	139.721890	General
5H0T:ChainE:ASP265	50.459749	32.404179	General
5H0T:ChainE:SER266	-138.914854	150.501147	Pre-Pro
5H0T:ChainE:PRO267	-48.669863	126.998575	Proline
5H0T:ChainE:CYS268	-72.830842	166.534272	General
5H0T:ChainE:MET269	-127.052621	138.747280	General
5H0T:ChainE:VAL270	-124.113506	122.233983	General
5H0T:ChainE:GLU271	-121.090465	134.992644	General
5H0T:ChainE:TYR272	-123.631306	114.083745	General
5H0T:ChainE:GLY273	-74.986864	134.065319	Glycine
5H0T:ChainE:ILE274	-99.965670	74.782904	General
5H0T:ChainE:ASP275	62.231925	-129.272671	General
5H0T:ChainE:ASN276	-109.114823	5.602615	General
5H0T:ChainE:VAL277	-106.678624	10.140071	General
5H0T:ChainE:GLY278	166.336439	-179.770155	Glycine
5H0T:ChainE:TYR279	-145.468902	167.735225	General
5H0T:ChainE:LEU280	-129.588676	127.466055	General
5H0T:ChainE:ARG281	-138.895018	134.330825	General
5H0T:ChainE:TYR282	-126.671902	146.484475	General
5H0T:ChainE:TYR283	-130.465837	141.172090	General
5H0T:ChainE:LEU284	-143.535737	131.506879	General
5H0T:ChainE:ALA285	-57.401697	136.354772	Pre-Pro
5H0T:ChainE:PRO286	-68.192908	158.582902	Proline
5H0T:ChainE:LYS287	-87.128655	125.558713	General
5H0T:ChainE:VAL288	-116.730799	134.617676	General
5H0T:ChainB:LEU2	-100.581600	141.243729	General
5H0T:ChainB:GLU3	-147.444993	126.351311	General
5H0T:ChainB:ALA4	-142.242160	108.474274	General
5H0T:ChainB:GLN5	-115.370086	126.520663	General
5H0T:ChainB:VAL6	-105.085161	154.950003	General
5H0T:ChainB:GLN7	-80.716156	-40.381631	General
5H0T:ChainB:PHE8	-118.477408	110.937250	General
5H0T:ChainB:ALA9	-56.861022	-19.408995	General
5H0T:ChainB:SER10	-39.681436	-45.830889	General
5H0T:ChainB:LEU11	-58.727800	-51.653309	General
5H0T:ChainB:TRP12	-61.737687	-45.953006	General
5H0T:ChainB:LYS13	-51.588534	-51.488455	General
5H0T:ChainB:ARG14	-69.664331	-35.958454	General
5H0T:ChainB:LEU15	-66.444852	-51.097024	General
5H0T:ChainB:VAL16	-60.962335	-40.253683	General
5H0T:ChainB:GLU17	-51.592338	-47.072316	General
5H0T:ChainB:CYS18	-61.582423	-49.988010	General
5H0T:ChainB:ILE19	-78.239080	-34.183445	General
5H0T:ChainB:ASN20	-60.471930	-25.585889	General
5H0T:ChainB:GLY21	-56.967745	-25.977954	Glycine
5H0T:ChainB:LEU22	-104.420910	-34.542420	General
5H0T:ChainB:VAL23	-149.103523	154.505444	General
5H0T:ChainB:ASN24	-96.901492	-16.489048	General
5H0T:ChainB:GLU25	-141.732688	154.414977	General
5H0T:ChainB:ALA26	-161.649422	151.274754	General
5H0T:ChainB:ASN27	-87.211403	132.200172	General
5H0T:ChainB:PHE28	-94.893488	98.277940	General
5H0T:ChainB:ASP29	-73.383694	111.403344	General
5H0T:ChainB:CYS30	-112.601665	122.062256	General
5H0T:ChainB:ASN31	-129.485967	179.049653	Pre-Pro
5H0T:ChainB:PRO32	-73.580319	-20.668029	Proline
5H0T:ChainB:GLY33	-59.758167	-31.211589	Glycine
5H0T:ChainB:GLY34	133.110880	-167.693897	Glycine
5H0T:ChainB:LEU35	-97.122659	137.466118	General
5H0T:ChainB:SER36	-134.015319	148.693869	General
5H0T:ChainB:VAL37	-130.542303	134.673747	General
5H0T:ChainB:GLN38	-140.213358	132.433269	General
5H0T:ChainB:ALA39	-162.132509	150.287999	General
5H0T:ChainB:MET40	-112.872683	152.587587	General
5H0T:ChainB:ASP41	-71.337284	157.918649	General
5H0T:ChainB:SER42	-61.331758	-24.625220	General
5H0T:ChainB:SER43	-80.106474	2.686010	General
5H0T:ChainB:HIS44	51.882775	40.099676	General
5H0T:ChainB:VAL45	-109.834919	-19.730141	General
5H0T:ChainB:ALA46	-148.389128	145.712465	General
5H0T:ChainB:LEU47	-133.171104	138.176463	General
5H0T:ChainB:VAL48	-111.580496	139.985851	General
5H0T:ChainB:HIS49	-132.923223	121.184451	General
5H0T:ChainB:MET50	-119.868027	139.776484	General
5H0T:ChainB:LEU51	-133.054971	126.998435	General
5H0T:ChainB:LEU52	-112.160840	99.515484	General
5H0T:ChainB:ARG53	-44.619511	148.101086	General
5H0T:ChainB:ASP54	-61.182438	-28.863030	General
5H0T:ChainB:ASP55	-66.510842	-19.466528	General
5H0T:ChainB:CYS56	-51.082220	-32.345059	General
5H0T:ChainB:PHE57	-103.395734	147.474818	General
5H0T:ChainB:VAL58	-75.568106	-14.901635	General
5H0T:ChainB:LYS59	-154.879658	124.444140	General
5H0T:ChainB:TYR60	-145.037027	133.530052	General
5H0T:ChainB:GLN61	-150.220642	108.197353	General
5H0T:ChainB:CYS62	-150.871077	81.410894	General
5H0T:ChainB:GLY63	-50.028230	-69.259903	Glycine
5H0T:ChainB:ARG64	-94.577619	166.022706	General
5H0T:ChainB:ASN65	-76.554607	104.664743	General
5H0T:ChainB:SER66	-95.677797	152.535037	General
5H0T:ChainB:ILE67	-118.605894	125.188582	General
5H0T:ChainB:LEU68	-118.648693	110.625437	General
5H0T:ChainB:GLY69	-77.493608	134.547823	Glycine
5H0T:ChainB:LEU70	-136.219181	148.375278	General
5H0T:ChainB:ASN71	-79.941982	110.936302	General
5H0T:ChainB:LEU72	-74.123968	-27.624343	General
5H0T:ChainB:ALA73	-58.727396	-53.975067	General
5H0T:ChainB:SER74	-60.343389	-44.610960	General
5H0T:ChainB:LEU75	-60.601350	-41.874396	General
5H0T:ChainB:SER76	-59.648854	-43.229775	General
5H0T:ChainB:LYS77	-61.711855	-38.682164	General
5H0T:ChainB:VAL78	-73.621558	-42.327752	General
5H0T:ChainB:LEU79	-67.349581	-33.637965	General
5H0T:ChainB:LYS80	-48.075053	-37.253917	General
5H0T:ChainB:ILE81	-90.377265	2.643440	General
5H0T:ChainB:VAL82	-93.703624	134.062685	General
5H0T:ChainB:ASP83	-65.189269	122.596929	General
5H0T:ChainB:SER84	-24.479627	-50.612385	General
5H0T:ChainB:ASN85	-98.463329	1.564763	General
5H0T:ChainB:ASP86	-77.768484	156.894346	General
5H0T:ChainB:SER87	-75.843693	161.425482	General
5H0T:ChainB:LEU88	-147.692105	115.407235	General
5H0T:ChainB:SER89	-106.231258	115.958645	General
5H0T:ChainB:LEU90	-88.314725	130.112677	General
5H0T:ChainB:ARG91	-141.982996	130.791652	General
5H0T:ChainB:HIS92	-128.119589	138.832099	General
5H0T:ChainB:ASP93	-103.860870	156.141201	General
5H0T:ChainB:ASP94	-52.402131	124.709087	General
5H0T:ChainB:ASP95	43.828527	61.105411	General
5H0T:ChainB:SER96	-124.816077	127.037273	General
5H0T:ChainB:ASP97	-74.251164	13.993941	General
5H0T:ChainB:VAL98	-145.321724	143.142790	General
5H0T:ChainB:VAL99	-102.286714	147.827352	General
5H0T:ChainB:THR100	-122.282656	138.109340	General
5H0T:ChainB:LEU101	-111.189819	129.754530	General
5H0T:ChainB:THR102	-130.510481	122.351549	General
5H0T:ChainB:SER103	-112.943943	145.303854	General
5H0T:ChainB:GLU104	-144.793770	141.161456	General
5H0T:ChainB:ASN105	-52.432818	149.264755	Pre-Pro
5H0T:ChainB:PRO106	-51.497272	-43.452561	Proline
5H0T:ChainB:GLU107	-76.312445	0.723966	General
5H0T:ChainB:LYS108	51.143568	28.294908	General
5H0T:ChainB:THR109	-96.875496	-8.585049	General
5H0T:ChainB:ARG110	-139.792824	135.303426	General
5H0T:ChainB:LYS111	-132.610280	130.038520	General
5H0T:ChainB:CYS112	-119.043664	142.170378	General
5H0T:ChainB:GLU113	-139.461319	127.306828	General
5H0T:ChainB:TYR114	-119.595665	149.444971	General
5H0T:ChainB:GLN115	-130.343005	125.706571	General
5H0T:ChainB:LEU116	-110.887034	143.046126	General
5H0T:ChainB:LYS117	-79.476228	141.967894	General
5H0T:ChainB:LEU118	-85.043440	164.401155	General
5H0T:ChainB:LEU119	-119.462808	151.461854	General
5H0T:ChainB:GLU120	-89.542024	105.564451	General
5H0T:ChainB:ILE121	-111.387114	125.878435	General
5H0T:ChainB:GLU122	-61.562380	135.714819	General
5H0T:ChainB:ALA123	-58.273090	133.490313	General
5H0T:ChainB:GLU124	-84.774345	163.223550	General
5H0T:ChainB:SER125	-63.145196	-62.779015	General
5H0T:ChainB:MET126	40.214675	44.938837	General
5H0T:ChainB:GLY127	-71.963630	126.070436	Glycine
5H0T:ChainB:ILE128	-55.044347	147.195356	Pre-Pro
5H0T:ChainB:PRO129	-72.917640	158.794694	Proline
5H0T:ChainB:GLU130	-86.259286	-29.024638	General
5H0T:ChainB:MET131	-89.121435	168.763734	General
5H0T:ChainB:ASP132	-92.974741	136.258354	General
5H0T:ChainB:TYR133	-96.739101	123.475961	General
5H0T:ChainB:ARG134	-76.745457	-29.061880	General
5H0T:ChainB:SER135	-126.147595	156.688933	General
5H0T:ChainB:THR136	-155.018555	131.647424	General
5H0T:ChainB:VAL137	-134.304586	139.345183	General
5H0T:ChainB:THR138	-127.149465	138.395391	General
5H0T:ChainB:LEU139	-155.665891	169.270803	General
5H0T:ChainB:ASN140	-64.895765	133.594382	General
5H0T:ChainB:SER141	-65.174139	-41.172871	General
5H0T:ChainB:ALA142	-69.646298	-28.016168	General
5H0T:ChainB:GLU143	-66.372922	-47.727276	General
5H0T:ChainB:PHE144	-53.887554	-46.068518	General
5H0T:ChainB:ALA145	-62.914695	-43.152742	General
5H0T:ChainB:LYS146	-63.254072	-52.693842	General
5H0T:ChainB:ILE147	-49.281639	-41.514504	General
5H0T:ChainB:VAL148	-73.520446	-42.845883	General
5H0T:ChainB:ARG149	-50.861055	-44.779759	General
5H0T:ChainB:ASP150	-64.247569	-55.108948	General
5H0T:ChainB:MET151	-56.197716	-27.718403	General
5H0T:ChainB:GLN152	-63.739378	-14.685643	General
5H0T:ChainB:VAL153	-70.630955	-26.127154	General
5H0T:ChainB:PHE154	-89.069604	-61.469917	General
5H0T:ChainB:GLY155	-136.708910	-174.217671	Glycine
5H0T:ChainB:ASP156	-102.085064	0.975064	General
5H0T:ChainB:THR157	-133.015857	135.692618	General
5H0T:ChainB:VAL158	-114.473881	136.822920	General
5H0T:ChainB:THR159	-107.204711	118.982527	General
5H0T:ChainB:ILE160	-101.870988	127.392212	General
5H0T:ChainB:ALA161	-126.297250	114.390676	General
5H0T:ChainB:ILE162	-100.369230	131.971218	General
5H0T:ChainB:SER163	-139.713341	168.194479	General
5H0T:ChainB:LYS164	-51.757082	-38.005895	General
5H0T:ChainB:GLU165	-83.529176	-14.719809	General
5H0T:ChainB:GLY166	152.135278	-168.200526	Glycine
5H0T:ChainB:VAL167	-118.276985	139.042983	General
5H0T:ChainB:LYS168	-118.554919	115.011497	General
5H0T:ChainB:PHE169	-93.776631	128.960103	General
5H0T:ChainB:SER170	-136.384925	145.147551	General
5H0T:ChainB:SER171	-150.358837	157.493546	General
5H0T:ChainB:SER172	-140.891200	160.952224	General
5H0T:ChainB:GLY173	169.818305	-165.464630	Glycine
5H0T:ChainB:ASP174	-62.444082	-52.650031	General
5H0T:ChainB:VAL175	-52.263686	-38.476286	General
5H0T:ChainB:GLY176	153.410462	-142.838579	Glycine
5H0T:ChainB:GLN177	-131.571259	139.194678	General
5H0T:ChainB:GLY178	-133.571213	154.570600	Glycine
5H0T:ChainB:TYR179	-146.234795	158.320969	General
5H0T:ChainB:THR180	-127.770194	125.570366	General
5H0T:ChainB:PHE181	-114.512821	126.255369	General
5H0T:ChainB:LEU182	-109.695599	133.262398	General
5H0T:ChainB:GLN183	-94.525920	145.018239	General
5H0T:ChainB:ALA184	-71.091162	149.335478	General
5H0T:ChainB:VAL228	-99.660310	109.163318	General
5H0T:ChainB:GLU229	-89.800329	88.439901	General
5H0T:ChainB:VAL230	-69.406724	149.475594	General
5H0T:ChainB:THR231	-163.081926	90.625296	General
5H0T:ChainB:MET232	-131.719356	152.705035	General
5H0T:ChainB:GLU233	-91.914768	-18.630235	General
5H0T:ChainB:GLU234	-160.635274	153.690988	Pre-Pro
5H0T:ChainB:PRO235	-64.394988	140.931214	Proline
5H0T:ChainB:ILE236	-154.891159	140.203174	General
5H0T:ChainB:THR237	-146.475342	108.722716	General
5H0T:ChainB:LEU238	-120.832439	163.042986	General
5H0T:ChainB:SER239	-120.042542	152.523529	General
5H0T:ChainB:PHE240	-147.865461	155.758738	General
5H0T:ChainB:ALA241	-73.466074	122.051299	General
5H0T:ChainB:LEU242	-63.716491	-31.316520	General
5H0T:ChainB:ARG243	-46.952156	-46.557090	General
5H0T:ChainB:PHE244	-83.565419	-40.779834	General
5H0T:ChainB:MET245	-53.715157	-38.450878	General
5H0T:ChainB:GLY246	-64.549143	-43.121235	Glycine
5H0T:ChainB:ILE247	-61.102997	-41.361721	General
5H0T:ChainB:PHE248	-65.287242	-39.224891	General
5H0T:ChainB:ALA249	-64.278838	-13.232468	General
5H0T:ChainB:LYS250	-60.079440	-19.857297	General
5H0T:ChainB:GLY251	-48.871229	-25.589335	Glycine
5H0T:ChainB:SER252	-55.170640	-23.374521	General
5H0T:ChainB:THR253	-68.364884	-15.595206	General
5H0T:ChainB:LEU254	-102.238295	-18.937950	General
5H0T:ChainB:SER255	-159.570848	125.300534	General
5H0T:ChainB:GLU256	-57.073372	-29.888511	General
5H0T:ChainB:ARG257	-120.217827	165.660131	General
5H0T:ChainB:VAL258	-146.581793	142.623228	General
5H0T:ChainB:THR259	-120.364757	134.156409	General
5H0T:ChainB:LEU260	-113.419959	138.075276	General
5H0T:ChainB:LYS261	-129.378987	133.188893	General
5H0T:ChainB:PHE262	-129.155117	163.456635	General
5H0T:ChainB:ALA263	-160.399911	129.779691	General
5H0T:ChainB:LYS264	-45.645833	137.851703	General
5H0T:ChainB:ASP265	43.876925	35.885498	General
5H0T:ChainB:SER266	-137.995157	152.660071	Pre-Pro
5H0T:ChainB:PRO267	-48.017193	127.545878	Proline
5H0T:ChainB:CYS268	-72.137412	165.217710	General
5H0T:ChainB:MET269	-126.298621	139.115022	General
5H0T:ChainB:VAL270	-125.382801	122.717118	General
5H0T:ChainB:GLU271	-120.948429	135.741605	General
5H0T:ChainB:TYR272	-123.640866	113.548646	General
5H0T:ChainB:GLY273	-71.226784	132.360337	Glycine
5H0T:ChainB:ILE274	-100.076452	77.058932	General
5H0T:ChainB:ASP275	64.483779	-129.802425	General
5H0T:ChainB:ASN276	-108.780899	4.382699	General
5H0T:ChainB:VAL277	-109.256415	11.977232	General
5H0T:ChainB:GLY278	170.210253	177.136214	Glycine
5H0T:ChainB:TYR279	-145.672055	167.292083	General
5H0T:ChainB:LEU280	-129.004039	128.241277	General
5H0T:ChainB:ARG281	-138.803237	134.177064	General
5H0T:ChainB:TYR282	-128.084449	146.384940	General
5H0T:ChainB:TYR283	-131.147580	141.482102	General
5H0T:ChainB:LEU284	-144.122830	130.473337	General
5H0T:ChainB:ALA285	-59.788466	137.225910	Pre-Pro
5H0T:ChainB:PRO286	-66.602207	159.403398	Proline
5H0T:ChainB:LYS287	-87.829311	125.983452	General
5H0T:ChainB:VAL288	-118.070375	140.821301	General
5H0T:ChainC:LEU2	-96.418888	139.020740	General
5H0T:ChainC:GLU3	-147.497662	126.683809	General
5H0T:ChainC:ALA4	-142.025461	107.088087	General
5H0T:ChainC:GLN5	-114.588373	125.805921	General
5H0T:ChainC:VAL6	-104.200971	154.621482	General
5H0T:ChainC:GLN7	-81.758404	-39.696194	General
5H0T:ChainC:PHE8	-118.790305	110.624328	General
5H0T:ChainC:ALA9	-57.306949	-19.196920	General
5H0T:ChainC:SER10	-39.960885	-45.761340	General
5H0T:ChainC:LEU11	-58.212886	-51.477275	General
5H0T:ChainC:TRP12	-62.707690	-45.126527	General
5H0T:ChainC:LYS13	-51.641281	-51.260389	General
5H0T:ChainC:ARG14	-70.228913	-35.673026	General
5H0T:ChainC:LEU15	-66.678134	-50.818200	General
5H0T:ChainC:VAL16	-60.630641	-40.570121	General
5H0T:ChainC:GLU17	-51.641274	-47.123389	General
5H0T:ChainC:CYS18	-61.777244	-50.415477	General
5H0T:ChainC:ILE19	-77.479443	-34.814137	General
5H0T:ChainC:ASN20	-59.866169	-25.682758	General
5H0T:ChainC:GLY21	-56.054757	-27.514749	Glycine
5H0T:ChainC:LEU22	-104.875122	-33.222481	General
5H0T:ChainC:VAL23	-149.307788	153.034988	General
5H0T:ChainC:ASN24	-95.692546	-15.672086	General
5H0T:ChainC:GLU25	-142.289861	154.203383	General
5H0T:ChainC:ALA26	-160.749334	149.712892	General
5H0T:ChainC:ASN27	-88.130269	132.391855	General
5H0T:ChainC:PHE28	-95.318717	99.231966	General
5H0T:ChainC:ASP29	-72.353128	111.386256	General
5H0T:ChainC:CYS30	-112.799827	122.264520	General
5H0T:ChainC:ASN31	-128.996613	177.746935	Pre-Pro
5H0T:ChainC:PRO32	-73.250235	-19.744990	Proline
5H0T:ChainC:GLY33	-54.400789	-34.347248	Glycine
5H0T:ChainC:GLY34	131.106499	-165.688319	Glycine
5H0T:ChainC:LEU35	-97.353246	137.748107	General
5H0T:ChainC:SER36	-134.110323	149.774638	General
5H0T:ChainC:VAL37	-130.192317	134.285821	General
5H0T:ChainC:GLN38	-141.285886	131.344747	General
5H0T:ChainC:ALA39	-164.969602	148.782702	General
5H0T:ChainC:MET40	-112.788935	154.784737	General
5H0T:ChainC:ASP41	-71.141356	158.024700	General
5H0T:ChainC:SER42	-60.130799	-25.283610	General
5H0T:ChainC:SER43	-79.557681	1.864804	General
5H0T:ChainC:HIS44	50.739316	41.283914	General
5H0T:ChainC:VAL45	-109.781254	-19.323861	General
5H0T:ChainC:ALA46	-147.822122	144.039337	General
5H0T:ChainC:LEU47	-132.502233	137.591988	General
5H0T:ChainC:VAL48	-112.145020	139.925845	General
5H0T:ChainC:HIS49	-132.346088	121.783790	General
5H0T:ChainC:MET50	-120.329325	138.784411	General
5H0T:ChainC:LEU51	-132.876955	125.782536	General
5H0T:ChainC:LEU52	-113.140836	99.117189	General
5H0T:ChainC:ARG53	-45.772591	148.125651	General
5H0T:ChainC:ASP54	-62.932922	-27.026462	General
5H0T:ChainC:ASP55	-64.790744	-20.589124	General
5H0T:ChainC:CYS56	-50.414868	-31.632166	General
5H0T:ChainC:PHE57	-103.146368	146.189070	General
5H0T:ChainC:VAL58	-75.614186	-16.075923	General
5H0T:ChainC:LYS59	-154.182147	124.447842	General
5H0T:ChainC:TYR60	-145.122647	132.697476	General
5H0T:ChainC:GLN61	-149.942964	108.677378	General
5H0T:ChainC:CYS62	-150.939374	82.447242	General
5H0T:ChainC:GLY63	-45.312537	-72.458223	Glycine
5H0T:ChainC:ARG64	-97.631958	168.795418	General
5H0T:ChainC:ASN65	-70.759726	103.674253	General
5H0T:ChainC:SER66	-95.858467	154.427920	General
5H0T:ChainC:ILE67	-118.102226	125.658728	General
5H0T:ChainC:LEU68	-118.215417	109.743835	General
5H0T:ChainC:GLY69	-77.909589	134.881765	Glycine
5H0T:ChainC:LEU70	-136.428555	149.484096	General
5H0T:ChainC:ASN71	-78.668683	110.947800	General
5H0T:ChainC:LEU72	-74.160103	-27.842024	General
5H0T:ChainC:ALA73	-58.964313	-53.191686	General
5H0T:ChainC:SER74	-60.538680	-44.569849	General
5H0T:ChainC:LEU75	-61.299215	-40.998607	General
5H0T:ChainC:SER76	-59.240858	-43.426377	General
5H0T:ChainC:LYS77	-61.848047	-38.738692	General
5H0T:ChainC:VAL78	-73.449944	-42.029437	General
5H0T:ChainC:LEU79	-66.460553	-34.131526	General
5H0T:ChainC:LYS80	-48.717023	-36.160501	General
5H0T:ChainC:ILE81	-91.237876	3.746406	General
5H0T:ChainC:VAL82	-93.280227	133.849281	General
5H0T:ChainC:ASP83	-65.160827	122.490161	General
5H0T:ChainC:SER84	-24.797330	-50.090376	General
5H0T:ChainC:ASN85	-97.976967	0.434317	General
5H0T:ChainC:ASP86	-77.729666	156.844027	General
5H0T:ChainC:SER87	-75.329979	161.059022	General
5H0T:ChainC:LEU88	-147.567040	115.410724	General
5H0T:ChainC:SER89	-103.761871	115.151933	General
5H0T:ChainC:LEU90	-87.700993	129.076782	General
5H0T:ChainC:ARG91	-142.942861	132.170201	General
5H0T:ChainC:HIS92	-132.391825	138.896940	General
5H0T:ChainC:ASP93	-110.062828	163.439628	General
5H0T:ChainC:ASP94	-56.114472	123.541663	General
5H0T:ChainC:ASP95	39.654880	46.523113	General
5H0T:ChainC:SER96	-80.724762	-18.119347	General
5H0T:ChainC:ASP97	63.336999	-3.383505	General
5H0T:ChainC:VAL98	-145.045535	143.943362	General
5H0T:ChainC:VAL99	-101.796225	146.796846	General
5H0T:ChainC:THR100	-119.794141	137.605311	General
5H0T:ChainC:LEU101	-109.011497	130.615865	General
5H0T:ChainC:THR102	-130.390602	122.264748	General
5H0T:ChainC:SER103	-112.764778	146.262758	General
5H0T:ChainC:GLU104	-145.439682	141.389898	General
5H0T:ChainC:ASN105	-51.493857	150.075957	Pre-Pro
5H0T:ChainC:PRO106	-50.149892	-44.205173	Proline
5H0T:ChainC:GLU107	-77.525708	1.567088	General
5H0T:ChainC:LYS108	51.601077	28.555616	General
5H0T:ChainC:THR109	-95.688934	-8.528707	General
5H0T:ChainC:ARG110	-143.040039	133.068050	General
5H0T:ChainC:LYS111	-132.666850	129.943700	General
5H0T:ChainC:CYS112	-119.884113	142.197352	General
5H0T:ChainC:GLU113	-139.765967	127.198491	General
5H0T:ChainC:TYR114	-120.144938	149.697947	General
5H0T:ChainC:GLN115	-131.863348	124.395643	General
5H0T:ChainC:LEU116	-112.054090	145.202024	General
5H0T:ChainC:LYS117	-76.646204	143.471508	General
5H0T:ChainC:LEU118	-85.909473	165.593712	General
5H0T:ChainC:LEU119	-116.726377	150.872220	General
5H0T:ChainC:GLU120	-86.774800	106.928204	General
5H0T:ChainC:ILE121	-112.563865	125.934855	General
5H0T:ChainC:GLU122	-57.952198	134.511663	General
5H0T:ChainC:ALA123	-59.518097	134.769857	General
5H0T:ChainC:GLU124	-73.007515	123.232199	General
5H0T:ChainC:SER125	-64.005384	-60.439221	General
5H0T:ChainC:MET126	-58.895508	114.758887	General
5H0T:ChainC:GLY127	-106.259173	66.425490	Glycine
5H0T:ChainC:ILE128	60.563867	-154.946603	Pre-Pro
5H0T:ChainC:PRO129	-130.219160	162.995902	Proline
5H0T:ChainC:GLU130	-67.902790	128.817395	General
5H0T:ChainC:MET131	-156.265932	151.527841	General
5H0T:ChainC:ASP132	-94.381134	-169.570704	General
5H0T:ChainC:TYR133	-159.081813	121.989170	General
5H0T:ChainC:ARG134	-71.373026	-34.697215	General
5H0T:ChainC:SER135	-125.700135	158.417768	General
5H0T:ChainC:THR136	-155.991400	131.819696	General
5H0T:ChainC:VAL137	-134.081173	139.095415	General
5H0T:ChainC:THR138	-126.662602	138.383940	General
5H0T:ChainC:LEU139	-155.114701	169.543870	General
5H0T:ChainC:ASN140	-65.351692	133.462356	General
5H0T:ChainC:SER141	-65.606475	-40.759853	General
5H0T:ChainC:ALA142	-69.558131	-28.074295	General
5H0T:ChainC:GLU143	-66.483523	-47.886815	General
5H0T:ChainC:PHE144	-53.455625	-46.295872	General
5H0T:ChainC:ALA145	-62.660597	-43.510070	General
5H0T:ChainC:LYS146	-63.407637	-52.187229	General
5H0T:ChainC:ILE147	-49.025651	-41.720603	General
5H0T:ChainC:VAL148	-73.585763	-42.473017	General
5H0T:ChainC:ARG149	-50.958569	-44.835475	General
5H0T:ChainC:ASP150	-64.357508	-54.852217	General
5H0T:ChainC:MET151	-55.662599	-27.852177	General
5H0T:ChainC:GLN152	-63.261776	-14.892878	General
5H0T:ChainC:VAL153	-70.635679	-25.528010	General
5H0T:ChainC:PHE154	-90.217920	-60.408688	General
5H0T:ChainC:GLY155	-138.129646	-172.720855	Glycine
5H0T:ChainC:ASP156	-102.473171	1.134284	General
5H0T:ChainC:THR157	-133.138134	135.062721	General
5H0T:ChainC:VAL158	-114.268241	136.392308	General
5H0T:ChainC:THR159	-107.221674	118.891932	General
5H0T:ChainC:ILE160	-101.442709	127.662107	General
5H0T:ChainC:ALA161	-127.566102	114.135358	General
5H0T:ChainC:ILE162	-101.245945	132.112790	General
5H0T:ChainC:SER163	-139.466673	167.641748	General
5H0T:ChainC:LYS164	-55.228709	-34.508373	General
5H0T:ChainC:GLU165	-84.027178	-13.575068	General
5H0T:ChainC:GLY166	152.106272	-165.980367	Glycine
5H0T:ChainC:VAL167	-120.213900	140.040284	General
5H0T:ChainC:LYS168	-120.364830	115.884947	General
5H0T:ChainC:PHE169	-94.139614	128.950865	General
5H0T:ChainC:SER170	-136.389603	145.431517	General
5H0T:ChainC:SER171	-150.356707	156.791790	General
5H0T:ChainC:SER172	-139.666497	161.324712	General
5H0T:ChainC:GLY173	170.839095	-165.647478	Glycine
5H0T:ChainC:ASP174	-65.035859	-51.390206	General
5H0T:ChainC:VAL175	-48.725675	-40.160213	General
5H0T:ChainC:GLY176	152.844434	-142.214521	Glycine
5H0T:ChainC:GLN177	-131.172157	138.291392	General
5H0T:ChainC:GLY178	-131.860575	156.306623	Glycine
5H0T:ChainC:TYR179	-146.030041	158.368919	General
5H0T:ChainC:THR180	-128.483633	125.851050	General
5H0T:ChainC:PHE181	-114.725095	127.489593	General
5H0T:ChainC:LEU182	-110.103719	133.704859	General
5H0T:ChainC:GLN183	-93.441356	145.820715	General
5H0T:ChainC:ALA184	-73.354797	151.056120	General
5H0T:ChainC:VAL228	-98.105259	107.306249	General
5H0T:ChainC:GLU229	-90.432439	86.611595	General
5H0T:ChainC:VAL230	-69.450685	149.846764	General
5H0T:ChainC:THR231	-164.800732	90.721462	General
5H0T:ChainC:MET232	-132.657513	158.887136	General
5H0T:ChainC:GLU233	-123.899700	73.328371	General
5H0T:ChainC:GLU234	121.500578	139.053832	Pre-Pro
5H0T:ChainC:PRO235	-79.309026	144.315676	Proline
5H0T:ChainC:ILE236	-150.763170	166.828835	General
5H0T:ChainC:THR237	-145.964874	110.812455	General
5H0T:ChainC:LEU238	-119.695298	162.066863	General
5H0T:ChainC:SER239	-120.224600	152.931143	General
5H0T:ChainC:PHE240	-148.577673	156.552738	General
5H0T:ChainC:ALA241	-73.712932	121.877964	General
5H0T:ChainC:LEU242	-63.688169	-31.314861	General
5H0T:ChainC:ARG243	-47.566710	-46.061627	General
5H0T:ChainC:PHE244	-83.129978	-42.029050	General
5H0T:ChainC:MET245	-52.839465	-38.893190	General
5H0T:ChainC:GLY246	-63.719622	-43.766332	Glycine
5H0T:ChainC:ILE247	-60.805838	-41.671123	General
5H0T:ChainC:PHE248	-65.604599	-38.745190	General
5H0T:ChainC:ALA249	-63.947338	-13.090181	General
5H0T:ChainC:LYS250	-60.431005	-20.284276	General
5H0T:ChainC:GLY251	-48.579470	-25.517279	Glycine
5H0T:ChainC:SER252	-54.251869	-23.650444	General
5H0T:ChainC:THR253	-67.615902	-16.977760	General
5H0T:ChainC:LEU254	-101.847551	-19.492656	General
5H0T:ChainC:SER255	-158.489486	124.299937	General
5H0T:ChainC:GLU256	-57.640102	-28.981297	General
5H0T:ChainC:ARG257	-119.555464	165.145326	General
5H0T:ChainC:VAL258	-145.793373	142.336458	General
5H0T:ChainC:THR259	-120.391590	133.457053	General
5H0T:ChainC:LEU260	-113.806016	138.378191	General
5H0T:ChainC:LYS261	-129.482032	133.678279	General
5H0T:ChainC:PHE262	-128.192358	161.388706	General
5H0T:ChainC:ALA263	-158.215730	129.408549	General
5H0T:ChainC:LYS264	-48.937926	138.134083	General
5H0T:ChainC:ASP265	48.539368	33.171874	General
5H0T:ChainC:SER266	-138.308955	151.670327	Pre-Pro
5H0T:ChainC:PRO267	-48.783522	127.018098	Proline
5H0T:ChainC:CYS268	-72.507552	166.253236	General
5H0T:ChainC:MET269	-126.826823	139.187853	General
5H0T:ChainC:VAL270	-124.037416	122.467245	General
5H0T:ChainC:GLU271	-120.597523	135.947251	General
5H0T:ChainC:TYR272	-123.351440	114.655907	General
5H0T:ChainC:GLY273	-74.426089	134.175498	Glycine
5H0T:ChainC:ILE274	-99.935485	75.143599	General
5H0T:ChainC:ASP275	45.598925	-119.617170	General
5H0T:ChainC:ASN276	-108.310810	3.859264	General
5H0T:ChainC:VAL277	-107.249908	7.430160	General
5H0T:ChainC:GLY278	168.272893	-174.955401	Glycine
5H0T:ChainC:TYR279	-144.491574	167.392126	General
5H0T:ChainC:LEU280	-129.097633	127.485616	General
5H0T:ChainC:ARG281	-138.351419	135.035029	General
5H0T:ChainC:TYR282	-127.388855	146.554575	General
5H0T:ChainC:TYR283	-130.984443	141.913782	General
5H0T:ChainC:LEU284	-144.866439	131.258859	General
5H0T:ChainC:ALA285	-57.486322	135.463073	Pre-Pro
5H0T:ChainC:PRO286	-67.757097	160.808007	Proline
5H0T:ChainC:LYS287	-86.633721	123.252229	General
5H0T:ChainC:VAL288	-118.066283	134.971328	General
5H0T:ChainF:LEU2	-100.496496	140.950695	General
5H0T:ChainF:GLU3	-147.769206	126.522574	General
5H0T:ChainF:ALA4	-142.583804	107.542443	General
5H0T:ChainF:GLN5	-115.523241	127.399687	General
5H0T:ChainF:VAL6	-105.179531	154.373968	General
5H0T:ChainF:GLN7	-81.548176	-39.175393	General
5H0T:ChainF:PHE8	-118.920580	110.256565	General
5H0T:ChainF:ALA9	-56.823166	-19.633323	General
5H0T:ChainF:SER10	-40.237062	-45.610916	General
5H0T:ChainF:LEU11	-58.715153	-51.503305	General
5H0T:ChainF:TRP12	-62.148989	-45.349173	General
5H0T:ChainF:LYS13	-52.142306	-50.917908	General
5H0T:ChainF:ARG14	-70.194817	-35.702374	General
5H0T:ChainF:LEU15	-66.061728	-51.692363	General
5H0T:ChainF:VAL16	-60.737482	-40.308363	General
5H0T:ChainF:GLU17	-51.691638	-47.274925	General
5H0T:ChainF:CYS18	-62.385452	-49.629650	General
5H0T:ChainF:ILE19	-77.968528	-34.361860	General
5H0T:ChainF:ASN20	-59.351920	-26.400684	General
5H0T:ChainF:GLY21	-55.391626	-27.219646	Glycine
5H0T:ChainF:LEU22	-104.853992	-34.378126	General
5H0T:ChainF:VAL23	-148.671204	153.008167	General
5H0T:ChainF:ASN24	-97.269861	-16.295813	General
5H0T:ChainF:GLU25	-141.064349	153.305848	General
5H0T:ChainF:ALA26	-161.077868	150.801116	General
5H0T:ChainF:ASN27	-88.807029	132.566293	General
5H0T:ChainF:PHE28	-94.530317	98.417094	General
5H0T:ChainF:ASP29	-73.333127	111.502276	General
5H0T:ChainF:CYS30	-113.946624	123.581923	General
5H0T:ChainF:ASN31	-128.962062	178.934125	Pre-Pro
5H0T:ChainF:PRO32	-73.582298	-20.265413	Proline
5H0T:ChainF:GLY33	-57.773047	-31.839686	Glycine
5H0T:ChainF:GLY34	132.029348	-166.498882	Glycine
5H0T:ChainF:LEU35	-98.046978	139.135682	General
5H0T:ChainF:SER36	-132.365225	151.006648	General
5H0T:ChainF:VAL37	-130.247936	135.196002	General
5H0T:ChainF:GLN38	-141.074998	132.403419	General
5H0T:ChainF:ALA39	-163.650427	150.770226	General
5H0T:ChainF:MET40	-113.069703	153.283576	General
5H0T:ChainF:ASP41	-71.018667	158.233578	General
5H0T:ChainF:SER42	-61.372644	-24.685291	General
5H0T:ChainF:SER43	-79.873827	2.019997	General
5H0T:ChainF:HIS44	51.975643	39.759164	General
5H0T:ChainF:VAL45	-109.852552	-19.299307	General
5H0T:ChainF:ALA46	-146.962183	146.843434	General
5H0T:ChainF:LEU47	-133.315964	138.934218	General
5H0T:ChainF:VAL48	-112.320143	139.855703	General
5H0T:ChainF:HIS49	-133.338155	121.701013	General
5H0T:ChainF:MET50	-120.162507	140.236762	General
5H0T:ChainF:LEU51	-133.516021	125.261228	General
5H0T:ChainF:LEU52	-113.330700	98.874491	General
5H0T:ChainF:ARG53	-47.029343	149.386797	General
5H0T:ChainF:ASP54	-60.744805	-27.628177	General
5H0T:ChainF:ASP55	-63.774619	-20.817304	General
5H0T:ChainF:CYS56	-52.523221	-31.777851	General
5H0T:ChainF:PHE57	-102.854061	147.438892	General
5H0T:ChainF:VAL58	-74.842552	-15.988829	General
5H0T:ChainF:LYS59	-155.654906	124.832853	General
5H0T:ChainF:TYR60	-144.604907	134.185305	General
5H0T:ChainF:GLN61	-151.108448	109.905605	General
5H0T:ChainF:CYS62	-149.627752	83.450857	General
5H0T:ChainF:GLY63	-45.990771	-72.429273	Glycine
5H0T:ChainF:ARG64	-95.520484	167.980576	General
5H0T:ChainF:ASN65	-74.473618	104.340706	General
5H0T:ChainF:SER66	-96.411106	153.959018	General
5H0T:ChainF:ILE67	-117.535872	125.816792	General
5H0T:ChainF:LEU68	-119.437124	108.453794	General
5H0T:ChainF:GLY69	-77.457908	133.907663	Glycine
5H0T:ChainF:LEU70	-136.094876	150.646466	General
5H0T:ChainF:ASN71	-77.153082	110.547940	General
5H0T:ChainF:LEU72	-74.443971	-27.302674	General
5H0T:ChainF:ALA73	-59.250758	-53.508022	General
5H0T:ChainF:SER74	-60.241747	-44.494386	General
5H0T:ChainF:LEU75	-60.887944	-41.461188	General
5H0T:ChainF:SER76	-59.295001	-43.775868	General
5H0T:ChainF:LYS77	-62.031217	-38.080332	General
5H0T:ChainF:VAL78	-73.089948	-42.509454	General
5H0T:ChainF:LEU79	-67.566658	-33.613384	General
5H0T:ChainF:LYS80	-48.215121	-36.718492	General
5H0T:ChainF:ILE81	-90.766145	3.023951	General
5H0T:ChainF:VAL82	-93.708681	134.372280	General
5H0T:ChainF:ASP83	-65.720070	123.291338	General
5H0T:ChainF:SER84	-23.810969	-50.870239	General
5H0T:ChainF:ASN85	-98.167567	0.898290	General
5H0T:ChainF:ASP86	-78.560164	157.111044	General
5H0T:ChainF:SER87	-75.949486	161.548868	General
5H0T:ChainF:LEU88	-149.459245	114.895649	General
5H0T:ChainF:SER89	-106.613256	116.002930	General
5H0T:ChainF:LEU90	-88.284919	128.911039	General
5H0T:ChainF:ARG91	-141.010406	132.312620	General
5H0T:ChainF:HIS92	-130.297119	138.665907	General
5H0T:ChainF:ASP93	-105.085692	158.694216	General
5H0T:ChainF:ASP94	-48.320128	118.256779	General
5H0T:ChainF:ASP95	27.548208	68.242833	General
5H0T:ChainF:SER96	-100.724295	-18.516185	General
5H0T:ChainF:ASP97	62.426255	-0.273863	General
5H0T:ChainF:VAL98	-139.488221	140.392255	General
5H0T:ChainF:VAL99	-106.301005	148.031856	General
5H0T:ChainF:THR100	-123.548858	138.820429	General
5H0T:ChainF:LEU101	-109.119134	131.684444	General
5H0T:ChainF:THR102	-131.274231	123.153160	General
5H0T:ChainF:SER103	-113.343988	146.877413	General
5H0T:ChainF:GLU104	-144.825073	140.973120	General
5H0T:ChainF:ASN105	-59.002115	155.687658	Pre-Pro
5H0T:ChainF:PRO106	-53.776021	-44.326404	Proline
5H0T:ChainF:GLU107	-74.968287	-2.014984	General
5H0T:ChainF:LYS108	53.972293	27.855303	General
5H0T:ChainF:THR109	-97.119305	-8.523018	General
5H0T:ChainF:ARG110	-139.666796	134.859219	General
5H0T:ChainF:LYS111	-133.705094	130.115798	General
5H0T:ChainF:CYS112	-120.742041	143.507506	General
5H0T:ChainF:GLU113	-141.990605	127.204459	General
5H0T:ChainF:TYR114	-121.418252	151.444912	General
5H0T:ChainF:GLN115	-133.638299	126.813902	General
5H0T:ChainF:LEU116	-116.188886	142.719451	General
5H0T:ChainF:LYS117	-75.760019	142.287525	General
5H0T:ChainF:LEU118	-84.894750	163.626136	General
5H0T:ChainF:LEU119	-119.457549	135.144090	General
5H0T:ChainF:GLU120	31.189235	54.476778	General
5H0T:ChainF:ILE121	-113.984953	125.252416	General
5H0T:ChainF:GLU122	-57.252930	133.726306	General
5H0T:ChainF:ALA123	-59.171402	134.355877	General
5H0T:ChainF:GLU124	-77.804277	156.509706	General
5H0T:ChainF:SER125	-70.369039	-62.039522	General
5H0T:ChainF:MET126	-62.461815	-34.320581	General
5H0T:ChainF:GLY127	59.048453	40.562830	Glycine
5H0T:ChainF:ILE128	49.065007	99.610619	Pre-Pro
5H0T:ChainF:PRO129	-78.685279	-24.294520	Proline
5H0T:ChainF:GLU130	28.570930	-175.554340	General
5H0T:ChainF:MET131	49.741701	-178.273776	General
5H0T:ChainF:ASP132	56.685179	66.267845	General
5H0T:ChainF:TYR133	-97.894370	109.955826	General
5H0T:ChainF:ARG134	-71.430573	-35.755722	General
5H0T:ChainF:SER135	-125.547989	156.800193	General
5H0T:ChainF:THR136	-154.974542	131.321007	General
5H0T:ChainF:VAL137	-133.748783	139.383933	General
5H0T:ChainF:THR138	-127.822892	138.382863	General
5H0T:ChainF:LEU139	-155.429857	169.917927	General
5H0T:ChainF:ASN140	-65.626462	133.909430	General
5H0T:ChainF:SER141	-65.191612	-41.063359	General
5H0T:ChainF:ALA142	-68.922924	-28.709778	General
5H0T:ChainF:GLU143	-66.911936	-47.162620	General
5H0T:ChainF:PHE144	-53.472184	-46.464408	General
5H0T:ChainF:ALA145	-63.237148	-42.753223	General
5H0T:ChainF:LYS146	-63.131441	-52.744271	General
5H0T:ChainF:ILE147	-49.908970	-41.377594	General
5H0T:ChainF:VAL148	-73.423486	-43.019315	General
5H0T:ChainF:ARG149	-50.425514	-45.326185	General
5H0T:ChainF:ASP150	-64.485203	-54.511963	General
5H0T:ChainF:MET151	-55.641590	-28.207208	General
5H0T:ChainF:GLN152	-63.645278	-14.611343	General
5H0T:ChainF:VAL153	-70.879853	-25.452664	General
5H0T:ChainF:PHE154	-90.287256	-60.995144	General
5H0T:ChainF:GLY155	-137.487538	-173.008531	Glycine
5H0T:ChainF:ASP156	-102.511800	0.741278	General
5H0T:ChainF:THR157	-132.470511	135.461769	General
5H0T:ChainF:VAL158	-114.343123	136.707834	General
5H0T:ChainF:THR159	-107.180976	118.505874	General
5H0T:ChainF:ILE160	-101.555696	127.670151	General
5H0T:ChainF:ALA161	-127.622845	115.749847	General
5H0T:ChainF:ILE162	-100.769418	133.290870	General
5H0T:ChainF:SER163	-138.574405	164.643431	General
5H0T:ChainF:LYS164	-70.558076	133.931905	General
5H0T:ChainF:GLU165	94.691509	-5.271509	General
5H0T:ChainF:GLY166	157.254083	-168.248189	Glycine
5H0T:ChainF:VAL167	-119.332363	140.138378	General
5H0T:ChainF:LYS168	-120.641794	115.881614	General
5H0T:ChainF:PHE169	-94.065154	129.465012	General
5H0T:ChainF:SER170	-136.462299	145.877379	General
5H0T:ChainF:SER171	-150.781420	157.949471	General
5H0T:ChainF:SER172	-140.228368	161.039010	General
5H0T:ChainF:GLY173	170.212291	-164.161487	Glycine
5H0T:ChainF:ASP174	-64.235634	-51.634976	General
5H0T:ChainF:VAL175	-49.274588	-39.795437	General
5H0T:ChainF:GLY176	152.908279	-141.340530	Glycine
5H0T:ChainF:GLN177	-131.063095	138.272012	General
5H0T:ChainF:GLY178	-133.913929	156.428344	Glycine
5H0T:ChainF:TYR179	-146.238422	158.084387	General
5H0T:ChainF:THR180	-128.026829	125.415946	General
5H0T:ChainF:PHE181	-113.955443	127.438086	General
5H0T:ChainF:LEU182	-109.408305	133.839538	General
5H0T:ChainF:GLN183	-92.727561	144.980494	General
5H0T:ChainF:ALA184	-71.270642	149.703584	General
5H0T:ChainF:VAL228	-98.146459	107.582085	General
5H0T:ChainF:GLU229	-90.181497	86.903024	General
5H0T:ChainF:VAL230	-69.131529	149.546098	General
5H0T:ChainF:THR231	-164.371350	92.063110	General
5H0T:ChainF:MET232	-132.754760	154.828722	General
5H0T:ChainF:GLU233	-91.139410	-19.086016	General
5H0T:ChainF:GLU234	-161.435044	155.182695	Pre-Pro
5H0T:ChainF:PRO235	-62.808082	140.607171	Proline
5H0T:ChainF:ILE236	-154.690016	140.285898	General
5H0T:ChainF:THR237	-144.829545	110.175213	General
5H0T:ChainF:LEU238	-120.842289	162.199504	General
5H0T:ChainF:SER239	-120.162439	152.455124	General
5H0T:ChainF:PHE240	-147.938026	156.780172	General
5H0T:ChainF:ALA241	-73.541598	122.014643	General
5H0T:ChainF:LEU242	-62.820370	-31.435186	General
5H0T:ChainF:ARG243	-47.279308	-46.738823	General
5H0T:ChainF:PHE244	-83.353873	-41.188883	General
5H0T:ChainF:MET245	-53.765190	-38.160052	General
5H0T:ChainF:GLY246	-64.378930	-43.078201	Glycine
5H0T:ChainF:ILE247	-60.896837	-41.306963	General
5H0T:ChainF:PHE248	-66.553663	-38.103223	General
5H0T:ChainF:ALA249	-64.017840	-13.101717	General
5H0T:ChainF:LYS250	-59.653332	-20.023815	General
5H0T:ChainF:GLY251	-48.707041	-25.838293	Glycine
5H0T:ChainF:SER252	-54.390269	-23.909115	General
5H0T:ChainF:THR253	-67.360644	-16.616025	General
5H0T:ChainF:LEU254	-102.529955	-19.349056	General
5H0T:ChainF:SER255	-158.074378	125.454513	General
5H0T:ChainF:GLU256	-56.180620	-29.675133	General
5H0T:ChainF:ARG257	-120.191776	165.218508	General
5H0T:ChainF:VAL258	-146.311747	142.177910	General
5H0T:ChainF:THR259	-120.278846	134.837616	General
5H0T:ChainF:LEU260	-113.824262	138.011162	General
5H0T:ChainF:LYS261	-129.703922	133.806020	General
5H0T:ChainF:PHE262	-128.697122	162.187486	General
5H0T:ChainF:ALA263	-159.607083	129.400243	General
5H0T:ChainF:LYS264	-45.606223	138.419493	General
5H0T:ChainF:ASP265	46.205632	34.901650	General
5H0T:ChainF:SER266	-139.050232	151.566524	Pre-Pro
5H0T:ChainF:PRO267	-48.187671	126.957270	Proline
5H0T:ChainF:CYS268	-72.710606	166.246845	General
5H0T:ChainF:MET269	-126.586089	139.304313	General
5H0T:ChainF:VAL270	-124.553692	122.872512	General
5H0T:ChainF:GLU271	-120.742537	136.156264	General
5H0T:ChainF:TYR272	-123.783349	113.839431	General
5H0T:ChainF:GLY273	-73.904190	135.311608	Glycine
5H0T:ChainF:ILE274	-100.345632	73.814709	General
5H0T:ChainF:ASP275	34.011209	54.439565	General
5H0T:ChainF:ASN276	76.959140	-19.148733	General
5H0T:ChainF:VAL277	-108.681744	12.089377	General
5H0T:ChainF:GLY278	163.305167	177.472919	Glycine
5H0T:ChainF:TYR279	-146.922239	167.417510	General
5H0T:ChainF:LEU280	-129.122568	128.485687	General
5H0T:ChainF:ARG281	-138.582316	135.345648	General
5H0T:ChainF:TYR282	-127.642443	146.572550	General
5H0T:ChainF:TYR283	-131.394531	141.255944	General
5H0T:ChainF:LEU284	-143.923238	131.272687	General
5H0T:ChainF:ALA285	-57.401725	135.896545	Pre-Pro
5H0T:ChainF:PRO286	-67.435200	159.163637	Proline
5H0T:ChainF:LYS287	-87.661200	125.345108	General
5H0T:ChainF:VAL288	-116.349784	135.382220	General
