5HAC:ChainA:VAL-5	47.186342	77.717164	Pre-Pro
5HAC:ChainA:PRO-4	-90.089180	-37.911197	Proline
5HAC:ChainA:ARG-3	-134.249864	161.168740	General
5HAC:ChainA:GLY-2	78.271958	164.937544	Glycine
5HAC:ChainA:SER-1	-145.755670	161.983724	General
5HAC:ChainA:HIS0	-171.085884	-34.017980	General
5HAC:ChainA:MET1	-61.127503	-43.810353	General
5HAC:ChainA:LEU2	64.298359	55.574419	General
5HAC:ChainA:GLU3	-85.887761	125.681129	General
5HAC:ChainA:ALA4	-136.387296	102.678175	General
5HAC:ChainA:GLN5	-110.006943	130.372804	General
5HAC:ChainA:VAL6	-109.026238	152.034870	General
5HAC:ChainA:GLN7	-74.545539	-50.226049	General
5HAC:ChainA:PHE8	-109.503488	114.510343	General
5HAC:ChainA:ALA9	-61.221395	-22.031560	General
5HAC:ChainA:SER10	-46.145064	-34.553469	General
5HAC:ChainA:LEU11	-60.566667	-52.281904	General
5HAC:ChainA:TRP12	-63.041379	-45.140834	General
5HAC:ChainA:LYS13	-49.571473	-58.861087	General
5HAC:ChainA:ARG14	-62.455113	-33.349406	General
5HAC:ChainA:LEU15	-70.521754	-55.722266	General
5HAC:ChainA:VAL16	-56.016933	-46.799412	General
5HAC:ChainA:GLU17	-42.187527	-56.219331	General
5HAC:ChainA:CYS18	-52.542283	-54.028080	General
5HAC:ChainA:ILE19	-78.992191	-33.036765	General
5HAC:ChainA:ASN20	-57.974142	-31.843416	General
5HAC:ChainA:GLY21	-51.479543	-27.739754	Glycine
5HAC:ChainA:LEU22	-102.708330	-38.438960	General
5HAC:ChainA:VAL23	-143.740004	156.364252	General
5HAC:ChainA:ASN24	-106.598692	-1.964530	General
5HAC:ChainA:GLU25	-148.117411	147.610906	General
5HAC:ChainA:ALA26	-161.004040	157.879234	General
5HAC:ChainA:ASN27	-92.229065	140.869504	General
5HAC:ChainA:PHE28	-113.227440	79.358564	General
5HAC:ChainA:ASP29	-51.740078	116.866897	General
5HAC:ChainA:CYS30	-112.978619	105.106940	General
5HAC:ChainA:ASN31	-93.203738	177.857954	Pre-Pro
5HAC:ChainA:PRO32	-73.294403	-18.174672	Proline
5HAC:ChainA:GLY33	-67.108512	-19.695581	Glycine
5HAC:ChainA:GLY34	131.306094	-178.908434	Glycine
5HAC:ChainA:LEU35	-89.664045	130.983127	General
5HAC:ChainA:SER36	-121.805912	152.998666	General
5HAC:ChainA:VAL37	-128.872750	128.874765	General
5HAC:ChainA:GLN38	-134.583816	128.037416	General
5HAC:ChainA:ALA39	-164.501217	156.194650	General
5HAC:ChainA:MET40	-129.531932	148.719781	General
5HAC:ChainA:ASP41	-72.764913	157.923526	General
5HAC:ChainA:SER42	-56.154620	-31.142534	General
5HAC:ChainA:SER43	-81.101090	6.431363	General
5HAC:ChainA:HIS44	49.368174	37.911101	General
5HAC:ChainA:VAL45	-104.807180	-26.032631	General
5HAC:ChainA:ALA46	-142.994134	148.333883	General
5HAC:ChainA:LEU47	-136.694785	135.954058	General
5HAC:ChainA:VAL48	-107.274503	137.018057	General
5HAC:ChainA:HIS49	-131.793118	119.694241	General
5HAC:ChainA:MET50	-120.831919	138.130352	General
5HAC:ChainA:LEU51	-133.645505	127.355826	General
5HAC:ChainA:LEU52	-113.665768	101.691893	General
5HAC:ChainA:ARG53	-52.335113	153.104257	General
5HAC:ChainA:ASP54	-62.633959	-29.967361	General
5HAC:ChainA:ASP55	-68.813493	-9.081900	General
5HAC:ChainA:CYS56	-65.557156	-25.298844	General
5HAC:ChainA:PHE57	-108.771467	141.288919	General
5HAC:ChainA:VAL58	-63.227388	-26.516033	General
5HAC:ChainA:LYS59	-150.863454	128.631614	General
5HAC:ChainA:TYR60	-141.671926	139.333533	General
5HAC:ChainA:GLN61	-152.967352	102.331005	General
5HAC:ChainA:CYS62	-130.706495	68.161573	General
5HAC:ChainA:GLY63	-38.197826	-73.640218	Glycine
5HAC:ChainA:ARG64	-92.875407	167.001298	General
5HAC:ChainA:ASN65	-91.169768	88.497149	General
5HAC:ChainA:SER66	-87.385247	152.373615	General
5HAC:ChainA:ILE67	-116.912627	133.129441	General
5HAC:ChainA:LEU68	-126.031759	115.041960	General
5HAC:ChainA:GLY69	-81.192310	140.871748	Glycine
5HAC:ChainA:LEU70	-142.433149	142.998735	General
5HAC:ChainA:ASN71	-80.232691	113.057097	General
5HAC:ChainA:LEU72	-72.376649	-32.254874	General
5HAC:ChainA:ALA73	-52.605104	-58.334551	General
5HAC:ChainA:SER74	-56.505453	-48.995232	General
5HAC:ChainA:LEU75	-55.829136	-42.921038	General
5HAC:ChainA:SER76	-60.762452	-46.087612	General
5HAC:ChainA:LYS77	-54.563267	-38.676436	General
5HAC:ChainA:VAL78	-75.276627	-44.839324	General
5HAC:ChainA:LEU79	-65.356632	-30.045193	General
5HAC:ChainA:LYS80	-54.267409	-34.566103	General
5HAC:ChainA:ILE81	-88.979628	-0.294669	General
5HAC:ChainA:VAL82	-95.541821	129.563656	General
5HAC:ChainA:ASP83	-60.383583	127.101025	General
5HAC:ChainA:SER84	-30.708997	-50.964060	General
5HAC:ChainA:ASN85	-95.221706	1.137555	General
5HAC:ChainA:ASP86	-77.922384	155.198979	General
5HAC:ChainA:SER87	-67.956747	161.865482	General
5HAC:ChainA:LEU88	-150.963767	100.675510	General
5HAC:ChainA:SER89	-92.499214	114.475481	General
5HAC:ChainA:LEU90	-89.448372	124.390521	General
5HAC:ChainA:ARG91	-136.182269	139.133860	General
5HAC:ChainA:HIS92	-140.087773	139.035756	General
5HAC:ChainA:ASP93	-110.802169	-176.192080	General
5HAC:ChainA:ASP94	-99.175081	142.891594	General
5HAC:ChainA:ASP95	-104.891154	107.296054	General
5HAC:ChainA:SER96	-111.909229	18.771865	General
5HAC:ChainA:ASP97	35.326931	10.729192	General
5HAC:ChainA:VAL98	-159.006928	132.595055	General
5HAC:ChainA:VAL99	-102.543047	148.625327	General
5HAC:ChainA:THR100	-125.394334	131.829657	General
5HAC:ChainA:LEU101	-102.949509	130.276851	General
5HAC:ChainA:THR102	-130.248510	125.242545	General
5HAC:ChainA:SER103	-118.142407	146.928547	General
5HAC:ChainA:GLU104	-151.430674	143.399333	General
5HAC:ChainA:ASN105	-86.732035	144.713541	Pre-Pro
5HAC:ChainA:PRO106	-33.600013	-48.309140	Proline
5HAC:ChainA:GLU107	-81.234099	9.603024	General
5HAC:ChainA:LYS108	57.270074	12.929891	General
5HAC:ChainA:THR109	-87.541346	-15.465962	General
5HAC:ChainA:ARG110	-129.807016	139.141241	General
5HAC:ChainA:LYS111	-139.518898	131.226414	General
5HAC:ChainA:CYS112	-119.338472	143.068186	General
5HAC:ChainA:GLU113	-144.642442	117.652702	General
5HAC:ChainA:TYR114	-114.366762	143.775618	General
5HAC:ChainA:GLN115	-127.689926	125.281853	General
5HAC:ChainA:LEU116	-111.827000	133.158252	General
5HAC:ChainA:LYS117	-64.742920	140.845965	General
5HAC:ChainA:LEU118	-108.667237	165.996011	General
5HAC:ChainA:LEU119	-114.855282	155.572613	General
5HAC:ChainA:GLU120	83.987780	15.138751	General
5HAC:ChainA:ILE121	-107.498280	129.032587	General
5HAC:ChainA:GLU122	-71.965777	145.385904	General
5HAC:ChainA:ALA123	-52.941424	150.774771	General
5HAC:ChainA:GLU124	-83.858773	118.817370	General
5HAC:ChainA:SER125	-58.176505	97.115260	General
5HAC:ChainA:MET126	161.613846	162.255624	General
5HAC:ChainA:GLY127	109.747708	-175.674856	Glycine
5HAC:ChainA:ILE128	155.450924	157.870735	Pre-Pro
5HAC:ChainA:PRO129	-112.463420	161.790954	Proline
5HAC:ChainA:GLU130	-140.483981	-177.888781	General
5HAC:ChainA:MET131	-133.653728	5.792654	General
5HAC:ChainA:ASP132	-79.513072	74.996987	General
5HAC:ChainA:TYR133	-96.207354	97.130960	General
5HAC:ChainA:ARG134	-82.493544	101.795176	General
5HAC:ChainA:SER135	76.311326	135.880398	General
5HAC:ChainA:THR136	-141.355419	-177.702570	General
5HAC:ChainA:VAL137	-151.333623	141.730620	General
5HAC:ChainA:THR138	-134.786960	135.456665	General
5HAC:ChainA:LEU139	-154.914561	172.666880	General
5HAC:ChainA:ASN140	-60.695877	129.068242	General
5HAC:ChainA:SER141	-59.102981	-40.440310	General
5HAC:ChainA:ALA142	-75.896753	-31.083412	General
5HAC:ChainA:GLU143	-65.183065	-44.095587	General
5HAC:ChainA:PHE144	-55.856233	-49.333353	General
5HAC:ChainA:ALA145	-57.180659	-48.578450	General
5HAC:ChainA:LYS146	-54.651714	-54.674774	General
5HAC:ChainA:ILE147	-52.179388	-44.764484	General
5HAC:ChainA:VAL148	-62.047886	-57.909415	General
5HAC:ChainA:ARG149	-45.850785	-45.762459	General
5HAC:ChainA:ASP150	-56.713076	-62.503856	General
5HAC:ChainA:MET151	-51.747924	-26.370407	General
5HAC:ChainA:GLN152	-71.179775	-15.955901	General
5HAC:ChainA:VAL153	-65.854366	-25.286169	General
5HAC:ChainA:PHE154	-90.856318	-64.346921	General
5HAC:ChainA:GLY155	-128.060913	-167.554798	Glycine
5HAC:ChainA:ASP156	-115.272164	9.904230	General
5HAC:ChainA:THR157	-136.134583	130.291188	General
5HAC:ChainA:VAL158	-111.370427	140.022401	General
5HAC:ChainA:THR159	-113.042713	119.055640	General
5HAC:ChainA:ILE160	-105.127122	120.733357	General
5HAC:ChainA:ALA161	-117.200863	122.488396	General
5HAC:ChainA:ILE162	-109.072273	133.359476	General
5HAC:ChainA:SER163	-139.224042	153.324828	General
5HAC:ChainA:LYS164	-65.087288	126.063250	General
5HAC:ChainA:GLU165	101.840488	-142.723334	General
5HAC:ChainA:GLY166	-89.236673	-175.535336	Glycine
5HAC:ChainA:VAL167	-115.774695	138.593980	General
5HAC:ChainA:LYS168	-123.283354	115.885615	General
5HAC:ChainA:PHE169	-94.558258	130.899188	General
5HAC:ChainA:SER170	-135.217013	147.341871	General
5HAC:ChainA:SER171	-152.330304	156.632638	General
5HAC:ChainA:SER172	-137.607208	157.502876	General
5HAC:ChainA:GLY173	170.105165	-164.641440	Glycine
5HAC:ChainA:ASP174	-59.386402	-53.778909	General
5HAC:ChainA:VAL175	-51.810823	-36.573127	General
5HAC:ChainA:GLY176	152.176649	-129.063662	Glycine
5HAC:ChainA:GLN177	-142.681613	133.724877	General
5HAC:ChainA:GLY178	-127.715051	153.794748	Glycine
5HAC:ChainA:TYR179	-146.996725	153.926594	General
5HAC:ChainA:THR180	-126.185187	127.448656	General
5HAC:ChainA:PHE181	-113.273179	131.422231	General
5HAC:ChainA:LEU182	-113.714676	126.693094	General
5HAC:ChainA:GLN183	-105.145450	147.236489	General
5HAC:ChainA:ALA184	174.360623	142.052266	General
5HAC:ChainA:ALA185	-101.710749	102.912355	General
5HAC:ChainA:GLY186	117.639067	-119.245530	Glycine
5HAC:ChainA:VAL187	-146.800208	100.767524	General
5HAC:ChainA:SER188	-164.858741	136.724957	General
5HAC:ChainA:ASP189	-82.434961	121.494127	General
5HAC:ChainA:ARG190	-159.663582	-85.984612	General
5HAC:ChainA:GLY227	143.586265	17.036590	Glycine
5HAC:ChainA:VAL228	-127.564886	112.366892	General
5HAC:ChainA:GLU229	-83.937718	83.841783	General
5HAC:ChainA:VAL230	-69.817160	145.919205	General
5HAC:ChainA:THR231	-157.849007	76.989153	General
5HAC:ChainA:MET232	-90.729582	176.286258	General
5HAC:ChainA:GLU233	-118.974691	-42.406003	General
5HAC:ChainA:GLU234	-134.979883	170.406302	Pre-Pro
5HAC:ChainA:PRO235	-62.092582	147.238371	Proline
5HAC:ChainA:ILE236	-159.138715	135.907413	General
5HAC:ChainA:THR237	-139.896356	110.030633	General
5HAC:ChainA:LEU238	-122.304586	161.733672	General
5HAC:ChainA:SER239	-122.227105	153.115960	General
5HAC:ChainA:PHE240	-146.997788	155.821295	General
5HAC:ChainA:ALA241	-72.920026	119.360773	General
5HAC:ChainA:LEU242	-64.837559	-33.442512	General
5HAC:ChainA:ARG243	-42.045510	-50.296571	General
5HAC:ChainA:PHE244	-79.159875	-41.992964	General
5HAC:ChainA:MET245	-52.737981	-38.891231	General
5HAC:ChainA:GLY246	-60.150656	-48.744633	Glycine
5HAC:ChainA:ILE247	-57.585042	-40.062340	General
5HAC:ChainA:PHE248	-68.251827	-44.297014	General
5HAC:ChainA:ALA249	-57.719718	-20.137435	General
5HAC:ChainA:LYS250	-51.320167	-22.511628	General
5HAC:ChainA:GLY251	-52.201632	-25.584862	Glycine
5HAC:ChainA:SER252	-56.504803	-23.674111	General
5HAC:ChainA:THR253	-61.529525	-15.268720	General
5HAC:ChainA:LEU254	-109.203203	-26.958094	General
5HAC:ChainA:SER255	-145.887323	132.198180	General
5HAC:ChainA:GLU256	-61.967731	-31.766198	General
5HAC:ChainA:ARG257	-116.311859	164.501007	General
5HAC:ChainA:VAL258	-145.049670	145.982001	General
5HAC:ChainA:THR259	-124.076786	133.531527	General
5HAC:ChainA:LEU260	-116.129735	132.923435	General
5HAC:ChainA:LYS261	-124.379410	140.117581	General
5HAC:ChainA:PHE262	-132.251682	159.339879	General
5HAC:ChainA:ALA263	-153.457966	139.767184	General
5HAC:ChainA:LYS264	-50.707338	140.731160	General
5HAC:ChainA:ASP265	38.908557	34.634221	General
5HAC:ChainA:SER266	-135.726444	138.782252	Pre-Pro
5HAC:ChainA:PRO267	-39.384366	119.216228	Proline
5HAC:ChainA:CYS268	-68.129484	173.152104	General
5HAC:ChainA:MET269	-142.026839	141.814909	General
5HAC:ChainA:VAL270	-123.417884	127.570393	General
5HAC:ChainA:GLU271	-120.426449	134.495200	General
5HAC:ChainA:TYR272	-123.314109	114.449944	General
5HAC:ChainA:GLY273	-77.100876	129.675237	Glycine
5HAC:ChainA:ILE274	-90.755505	73.043225	General
5HAC:ChainA:ASP275	55.095280	-134.166318	General
5HAC:ChainA:ASN276	-102.300218	0.385781	General
5HAC:ChainA:VAL277	-100.233284	4.504014	General
5HAC:ChainA:GLY278	172.746176	-173.316037	Glycine
5HAC:ChainA:TYR279	-150.383217	159.684757	General
5HAC:ChainA:LEU280	-119.828002	127.229980	General
5HAC:ChainA:ARG281	-133.737814	130.958653	General
5HAC:ChainA:TYR282	-117.809971	146.605484	General
5HAC:ChainA:TYR283	-131.542906	138.937954	General
5HAC:ChainA:LEU284	-140.157123	133.569155	General
5HAC:ChainA:ALA285	-60.909749	140.204700	Pre-Pro
5HAC:ChainA:PRO286	-74.583561	170.129348	Proline
5HAC:ChainA:LYS287	-104.082540	140.133384	General
5HAC:ChainA:VAL288	-86.674691	126.698984	General
5HAC:ChainB:LEU-6	45.802628	55.208633	General
5HAC:ChainB:VAL-5	-156.028479	113.199453	Pre-Pro
5HAC:ChainB:PRO-4	-100.104698	178.197473	Proline
5HAC:ChainB:ARG-3	-163.059658	121.140614	General
5HAC:ChainB:GLY-2	-102.051243	-23.727941	Glycine
5HAC:ChainB:SER-1	-86.968835	168.785076	General
5HAC:ChainB:HIS0	-119.881420	147.146953	General
5HAC:ChainB:MET1	-117.004558	-44.382129	General
5HAC:ChainB:LEU2	50.480389	46.506325	General
5HAC:ChainB:GLU3	-104.758924	120.187903	General
5HAC:ChainB:ALA4	-126.745730	129.413669	General
5HAC:ChainB:GLN5	-125.561134	132.037508	General
5HAC:ChainB:VAL6	-96.681600	153.413312	General
5HAC:ChainB:GLN7	-74.279127	-49.898591	General
5HAC:ChainB:PHE8	-110.033851	114.575001	General
5HAC:ChainB:ALA9	-61.389850	-22.717171	General
5HAC:ChainB:SER10	-47.233640	-34.543875	General
5HAC:ChainB:LEU11	-59.477697	-53.038037	General
5HAC:ChainB:TRP12	-61.930342	-44.514419	General
5HAC:ChainB:LYS13	-51.350120	-58.177638	General
5HAC:ChainB:ARG14	-63.342330	-32.893392	General
5HAC:ChainB:LEU15	-70.618354	-55.232016	General
5HAC:ChainB:VAL16	-56.124372	-48.181031	General
5HAC:ChainB:GLU17	-40.711862	-57.050026	General
5HAC:ChainB:CYS18	-51.072604	-55.408270	General
5HAC:ChainB:ILE19	-78.638082	-32.840935	General
5HAC:ChainB:ASN20	-58.681046	-31.700102	General
5HAC:ChainB:GLY21	-50.018319	-28.887727	Glycine
5HAC:ChainB:LEU22	-101.546655	-39.425199	General
5HAC:ChainB:VAL23	-144.786548	156.810637	General
5HAC:ChainB:ASN24	-108.798112	-1.651186	General
5HAC:ChainB:GLU25	-149.146544	148.299599	General
5HAC:ChainB:ALA26	-160.272941	157.779704	General
5HAC:ChainB:ASN27	-90.328500	140.993029	General
5HAC:ChainB:PHE28	-111.963511	80.594123	General
5HAC:ChainB:ASP29	-50.835388	116.927681	General
5HAC:ChainB:CYS30	-112.046165	103.399254	General
5HAC:ChainB:ASN31	-93.226349	-179.707326	Pre-Pro
5HAC:ChainB:PRO32	-79.694522	-18.478062	Proline
5HAC:ChainB:GLY33	-63.814759	-20.742295	Glycine
5HAC:ChainB:GLY34	130.829599	-179.273731	Glycine
5HAC:ChainB:LEU35	-89.882996	131.064314	General
5HAC:ChainB:SER36	-122.135264	153.094114	General
5HAC:ChainB:VAL37	-129.402760	128.419050	General
5HAC:ChainB:GLN38	-134.413743	126.653335	General
5HAC:ChainB:ALA39	-164.124094	154.004574	General
5HAC:ChainB:MET40	-128.989767	146.265450	General
5HAC:ChainB:ASP41	-73.059900	158.357985	General
5HAC:ChainB:SER42	-56.605991	-29.996178	General
5HAC:ChainB:SER43	-82.100036	6.067233	General
5HAC:ChainB:HIS44	48.644873	38.986602	General
5HAC:ChainB:VAL45	-106.732676	-25.259771	General
5HAC:ChainB:ALA46	-140.780266	148.547412	General
5HAC:ChainB:LEU47	-133.398768	138.302002	General
5HAC:ChainB:VAL48	-123.011211	119.918928	General
5HAC:ChainB:HIS49	-114.772683	116.706807	General
5HAC:ChainB:MET50	-119.570011	135.665152	General
5HAC:ChainB:LEU51	-133.153842	126.966831	General
5HAC:ChainB:LEU52	-114.032085	101.333212	General
5HAC:ChainB:ARG53	-51.550142	153.412692	General
5HAC:ChainB:ASP54	-62.535495	-29.646070	General
5HAC:ChainB:ASP55	-67.163438	-10.260550	General
5HAC:ChainB:CYS56	-65.915154	-24.855103	General
5HAC:ChainB:PHE57	-109.012848	141.642555	General
5HAC:ChainB:VAL58	-64.227039	-26.114223	General
5HAC:ChainB:LYS59	-151.696538	131.475944	General
5HAC:ChainB:TYR60	-142.482555	139.595830	General
5HAC:ChainB:GLN61	-154.788358	96.619092	General
5HAC:ChainB:CYS62	-131.433313	69.596446	General
5HAC:ChainB:GLY63	-39.503379	-76.111288	Glycine
5HAC:ChainB:ARG64	-91.087565	176.284252	General
5HAC:ChainB:ASN65	-96.854216	90.604306	General
5HAC:ChainB:SER66	-87.338389	151.788522	General
5HAC:ChainB:ILE67	-116.964065	133.050738	General
5HAC:ChainB:LEU68	-126.464024	115.929058	General
5HAC:ChainB:GLY69	-80.873390	139.984974	Glycine
5HAC:ChainB:LEU70	-141.160631	142.089106	General
5HAC:ChainB:ASN71	-78.930041	111.802314	General
5HAC:ChainB:LEU72	-70.292951	-32.804412	General
5HAC:ChainB:ALA73	-53.169833	-58.633980	General
5HAC:ChainB:SER74	-55.947022	-49.667077	General
5HAC:ChainB:LEU75	-55.484976	-43.691233	General
5HAC:ChainB:SER76	-59.005085	-46.964116	General
5HAC:ChainB:LYS77	-54.254076	-38.577959	General
5HAC:ChainB:VAL78	-75.255737	-47.265625	General
5HAC:ChainB:LEU79	-63.037231	-29.660579	General
5HAC:ChainB:LYS80	-56.424865	-34.174693	General
5HAC:ChainB:ILE81	-88.266328	0.907562	General
5HAC:ChainB:VAL82	-96.104594	130.307771	General
5HAC:ChainB:ASP83	-62.026311	126.728155	General
5HAC:ChainB:SER84	-31.219592	-49.884624	General
5HAC:ChainB:ASN85	-96.365259	1.407965	General
5HAC:ChainB:ASP86	-75.648745	156.025611	General
5HAC:ChainB:SER87	-67.971647	161.656755	General
5HAC:ChainB:LEU88	-150.383540	102.264443	General
5HAC:ChainB:SER89	-94.521049	116.228454	General
5HAC:ChainB:LEU90	-92.889524	123.741218	General
5HAC:ChainB:ARG91	-137.762212	139.874301	General
5HAC:ChainB:HIS92	-142.461858	138.086986	General
5HAC:ChainB:ASP93	-105.271878	172.774799	General
5HAC:ChainB:ASP94	-41.472919	-53.868496	General
5HAC:ChainB:ASP95	-153.078949	106.110812	General
5HAC:ChainB:SER96	-128.125615	19.418695	General
5HAC:ChainB:ASP97	34.650691	12.153903	General
5HAC:ChainB:VAL98	-158.544809	133.998858	General
5HAC:ChainB:VAL99	-102.475137	148.851031	General
5HAC:ChainB:THR100	-126.200867	133.144753	General
5HAC:ChainB:LEU101	-105.228609	130.769951	General
5HAC:ChainB:THR102	-130.401515	124.714773	General
5HAC:ChainB:SER103	-118.215591	146.490195	General
5HAC:ChainB:GLU104	-149.911603	141.576196	General
5HAC:ChainB:ASN105	-55.109242	156.314087	Pre-Pro
5HAC:ChainB:PRO106	-51.187993	-47.053705	Proline
5HAC:ChainB:GLU107	-82.640215	7.250370	General
5HAC:ChainB:LYS108	59.387662	13.847857	General
5HAC:ChainB:THR109	-87.500113	-15.635712	General
5HAC:ChainB:ARG110	-129.631448	139.501765	General
5HAC:ChainB:LYS111	-139.267233	130.879650	General
5HAC:ChainB:CYS112	-118.632954	142.245545	General
5HAC:ChainB:GLU113	-144.131456	116.710080	General
5HAC:ChainB:TYR114	-112.879443	143.580818	General
5HAC:ChainB:GLN115	-125.989919	124.752981	General
5HAC:ChainB:LEU116	-110.749517	132.066250	General
5HAC:ChainB:LYS117	-64.410597	140.171544	General
5HAC:ChainB:LEU118	-107.995929	166.494501	General
5HAC:ChainB:LEU119	-114.760754	155.390142	General
5HAC:ChainB:GLU120	85.407090	12.733954	General
5HAC:ChainB:ILE121	-108.179456	129.283295	General
5HAC:ChainB:GLU122	-71.670103	144.655179	General
5HAC:ChainB:ALA123	-47.905812	145.653624	General
5HAC:ChainB:GLU124	-56.334560	-10.752385	General
5HAC:ChainB:SER125	72.840901	-15.766696	General
5HAC:ChainB:MET126	58.111184	-167.500866	General
5HAC:ChainB:GLY127	-129.524981	162.167744	Glycine
5HAC:ChainB:ILE128	-64.521906	140.143969	Pre-Pro
5HAC:ChainB:PRO129	-84.106803	152.660494	Proline
5HAC:ChainB:GLU130	-75.982666	-45.412304	General
5HAC:ChainB:MET131	-145.248574	8.296418	General
5HAC:ChainB:ASP132	79.074339	124.761948	General
5HAC:ChainB:TYR133	-121.338845	103.153532	General
5HAC:ChainB:ARG134	-48.966194	-61.473391	General
5HAC:ChainB:SER135	-115.831229	146.295861	General
5HAC:ChainB:THR136	-147.787069	124.885508	General
5HAC:ChainB:VAL137	-127.782557	142.133150	General
5HAC:ChainB:THR138	-135.173738	135.944298	General
5HAC:ChainB:LEU139	-156.457906	172.064514	General
5HAC:ChainB:ASN140	-59.943838	128.293933	General
5HAC:ChainB:SER141	-56.680693	-42.584024	General
5HAC:ChainB:ALA142	-75.297158	-29.909099	General
5HAC:ChainB:GLU143	-66.772525	-44.473481	General
5HAC:ChainB:PHE144	-54.521957	-48.606833	General
5HAC:ChainB:ALA145	-58.757755	-47.033990	General
5HAC:ChainB:LYS146	-56.119395	-54.303994	General
5HAC:ChainB:ILE147	-51.329736	-44.644446	General
5HAC:ChainB:VAL148	-64.210201	-54.693222	General
5HAC:ChainB:ARG149	-47.700592	-45.734116	General
5HAC:ChainB:ASP150	-57.656102	-61.628206	General
5HAC:ChainB:MET151	-51.112203	-26.052490	General
5HAC:ChainB:GLN152	-72.413846	-15.967672	General
5HAC:ChainB:VAL153	-65.946611	-24.797340	General
5HAC:ChainB:PHE154	-91.074508	-63.643429	General
5HAC:ChainB:GLY155	-128.568652	-167.251556	Glycine
5HAC:ChainB:ASP156	-117.153593	10.855909	General
5HAC:ChainB:THR157	-135.599880	131.330958	General
5HAC:ChainB:VAL158	-110.825010	140.588928	General
5HAC:ChainB:THR159	-113.350247	119.458781	General
5HAC:ChainB:ILE160	-105.194053	121.640996	General
5HAC:ChainB:ALA161	-117.868759	123.317945	General
5HAC:ChainB:ILE162	-109.337043	133.427228	General
5HAC:ChainB:SER163	-135.829401	159.818940	General
5HAC:ChainB:LYS164	-60.502476	-39.933656	General
5HAC:ChainB:GLU165	-63.855142	-39.918810	General
5HAC:ChainB:GLY166	-171.607075	-169.569106	Glycine
5HAC:ChainB:VAL167	-131.403833	140.384254	General
5HAC:ChainB:LYS168	-125.014017	117.258885	General
5HAC:ChainB:PHE169	-95.595427	130.689216	General
5HAC:ChainB:SER170	-135.905092	144.298336	General
5HAC:ChainB:SER171	-151.163593	155.592782	General
5HAC:ChainB:SER172	-138.304802	157.413405	General
5HAC:ChainB:GLY173	170.254395	-164.499602	Glycine
5HAC:ChainB:ASP174	-60.436199	-52.531600	General
5HAC:ChainB:VAL175	-51.140680	-37.305488	General
5HAC:ChainB:GLY176	151.023800	-130.049353	Glycine
5HAC:ChainB:GLN177	-143.149136	134.921709	General
5HAC:ChainB:GLY178	-128.597542	154.155907	Glycine
5HAC:ChainB:TYR179	-145.699025	154.138321	General
5HAC:ChainB:THR180	-125.681618	128.045355	General
5HAC:ChainB:PHE181	-115.183153	130.725115	General
5HAC:ChainB:LEU182	-114.617063	125.786396	General
5HAC:ChainB:GLN183	-87.886654	148.335149	General
5HAC:ChainB:ALA184	-82.236427	-23.889198	General
5HAC:ChainB:ALA185	43.416524	75.636097	General
5HAC:ChainB:GLY186	-109.748073	170.996367	Glycine
5HAC:ChainB:VAL187	-98.481832	-8.311010	General
5HAC:ChainB:SER188	-158.208262	162.530309	General
5HAC:ChainB:ASP189	-122.434969	-21.379134	General
5HAC:ChainB:VAL228	-131.096515	106.631114	General
5HAC:ChainB:GLU229	-85.811481	84.043252	General
5HAC:ChainB:VAL230	-70.094268	146.739718	General
5HAC:ChainB:THR231	-157.995811	77.234761	General
5HAC:ChainB:MET232	-90.295108	177.440363	General
5HAC:ChainB:GLU233	-119.216213	-42.500466	General
5HAC:ChainB:GLU234	-133.318462	170.695279	Pre-Pro
5HAC:ChainB:PRO235	-62.094979	146.980283	Proline
5HAC:ChainB:ILE236	-157.937472	136.357151	General
5HAC:ChainB:THR237	-140.699224	110.012945	General
5HAC:ChainB:LEU238	-123.328044	161.692038	General
5HAC:ChainB:SER239	-122.646210	152.765126	General
5HAC:ChainB:PHE240	-148.177122	155.179869	General
5HAC:ChainB:ALA241	-73.703166	119.888978	General
5HAC:ChainB:LEU242	-64.351492	-34.547435	General
5HAC:ChainB:ARG243	-42.060580	-49.018527	General
5HAC:ChainB:PHE244	-80.512229	-43.420696	General
5HAC:ChainB:MET245	-50.905809	-39.420885	General
5HAC:ChainB:GLY246	-60.740356	-48.732480	Glycine
5HAC:ChainB:ILE247	-57.256056	-39.855468	General
5HAC:ChainB:PHE248	-67.227921	-45.176492	General
5HAC:ChainB:ALA249	-57.531189	-19.507406	General
5HAC:ChainB:LYS250	-51.325337	-23.041937	General
5HAC:ChainB:GLY251	-52.169733	-26.176819	Glycine
5HAC:ChainB:SER252	-55.451005	-24.556710	General
5HAC:ChainB:THR253	-61.677960	-14.407211	General
5HAC:ChainB:LEU254	-109.815032	-27.493583	General
5HAC:ChainB:SER255	-146.383979	131.227698	General
5HAC:ChainB:GLU256	-62.690014	-31.744469	General
5HAC:ChainB:ARG257	-116.287159	165.150601	General
5HAC:ChainB:VAL258	-147.190391	146.691403	General
5HAC:ChainB:THR259	-127.124205	133.991737	General
5HAC:ChainB:LEU260	-117.511782	133.567822	General
5HAC:ChainB:LYS261	-125.222662	138.931173	General
5HAC:ChainB:PHE262	-132.984022	158.671882	General
5HAC:ChainB:ALA263	-153.876557	139.442756	General
5HAC:ChainB:LYS264	-50.437470	141.764308	General
5HAC:ChainB:ASP265	38.232168	34.324599	General
5HAC:ChainB:SER266	-136.126985	139.793446	Pre-Pro
5HAC:ChainB:PRO267	-41.221798	121.744817	Proline
5HAC:ChainB:CYS268	-67.314815	172.171722	General
5HAC:ChainB:MET269	-141.279488	141.702721	General
5HAC:ChainB:VAL270	-123.892324	126.742777	General
5HAC:ChainB:GLU271	-118.970445	132.310075	General
5HAC:ChainB:TYR272	-120.079588	114.700576	General
5HAC:ChainB:GLY273	-76.491365	134.215926	Glycine
5HAC:ChainB:ILE274	-94.336323	97.744871	General
5HAC:ChainB:ASP275	43.980653	30.796297	General
5HAC:ChainB:ASN276	67.856607	-20.246684	General
5HAC:ChainB:VAL277	-86.786177	11.379699	General
5HAC:ChainB:GLY278	171.609654	-170.643754	Glycine
5HAC:ChainB:TYR279	-147.960163	159.109282	General
5HAC:ChainB:LEU280	-119.919195	125.542163	General
5HAC:ChainB:ARG281	-133.019705	129.237081	General
5HAC:ChainB:TYR282	-116.220925	146.633192	General
5HAC:ChainB:TYR283	-130.638556	139.547676	General
5HAC:ChainB:LEU284	-139.424163	134.094009	General
5HAC:ChainB:ALA285	-61.009898	140.759495	Pre-Pro
5HAC:ChainB:PRO286	-75.238339	167.155932	Proline
5HAC:ChainB:LYS287	-89.008358	137.653120	General
5HAC:ChainB:VAL288	-117.279047	136.939221	General
5HAC:ChainC:VAL-5	-118.785423	108.667875	Pre-Pro
5HAC:ChainC:PRO-4	-99.298542	177.280431	Proline
5HAC:ChainC:ARG-3	76.771253	165.205973	General
5HAC:ChainC:GLY-2	-82.328706	-19.612307	Glycine
5HAC:ChainC:SER-1	80.926512	174.422867	General
5HAC:ChainC:HIS0	-132.794837	-165.593447	General
5HAC:ChainC:MET1	-99.717196	26.038763	General
5HAC:ChainC:LEU2	-156.458574	130.514352	General
5HAC:ChainC:GLU3	-140.009544	123.158023	General
5HAC:ChainC:ALA4	-138.453918	104.523191	General
5HAC:ChainC:GLN5	-111.771954	130.803416	General
5HAC:ChainC:VAL6	-110.424942	152.539161	General
5HAC:ChainC:GLN7	-74.671907	-50.292236	General
5HAC:ChainC:PHE8	-109.738956	114.187417	General
5HAC:ChainC:ALA9	-63.424703	-20.348948	General
5HAC:ChainC:SER10	-46.498832	-34.394239	General
5HAC:ChainC:LEU11	-58.921650	-53.939107	General
5HAC:ChainC:TRP12	-62.469391	-43.762052	General
5HAC:ChainC:LYS13	-51.896601	-56.628070	General
5HAC:ChainC:ARG14	-64.702249	-32.877718	General
5HAC:ChainC:LEU15	-69.541663	-55.551943	General
5HAC:ChainC:VAL16	-56.085268	-47.528786	General
5HAC:ChainC:GLU17	-41.913842	-55.745060	General
5HAC:ChainC:CYS18	-52.020706	-55.713625	General
5HAC:ChainC:ILE19	-77.710399	-32.386585	General
5HAC:ChainC:ASN20	-57.868296	-31.417000	General
5HAC:ChainC:GLY21	-53.509654	-27.745914	Glycine
5HAC:ChainC:LEU22	-102.920661	-37.528866	General
5HAC:ChainC:VAL23	-144.894462	157.438830	General
5HAC:ChainC:ASN24	-107.993441	-1.146257	General
5HAC:ChainC:GLU25	-149.634217	147.650851	General
5HAC:ChainC:ALA26	-161.369973	157.404511	General
5HAC:ChainC:ASN27	-91.383779	141.113923	General
5HAC:ChainC:PHE28	-114.669514	80.474262	General
5HAC:ChainC:ASP29	-48.824604	117.452209	General
5HAC:ChainC:CYS30	-112.954452	106.138641	General
5HAC:ChainC:ASN31	-93.764601	178.982618	Pre-Pro
5HAC:ChainC:PRO32	-74.917565	-17.640523	Proline
5HAC:ChainC:GLY33	-67.541953	-18.250691	Glycine
5HAC:ChainC:GLY34	132.372558	-176.985982	Glycine
5HAC:ChainC:LEU35	-89.552206	129.350735	General
5HAC:ChainC:SER36	-123.125852	154.011675	General
5HAC:ChainC:VAL37	-132.105976	129.828702	General
5HAC:ChainC:GLN38	-138.347177	127.060133	General
5HAC:ChainC:ALA39	-166.939335	153.973763	General
5HAC:ChainC:MET40	-130.595231	149.226540	General
5HAC:ChainC:ASP41	-75.523221	158.372789	General
5HAC:ChainC:SER42	-56.652734	-30.616427	General
5HAC:ChainC:SER43	-81.314880	7.482999	General
5HAC:ChainC:HIS44	48.992939	37.614674	General
5HAC:ChainC:VAL45	-106.864991	-24.494251	General
5HAC:ChainC:ALA46	-140.084778	149.443773	General
5HAC:ChainC:LEU47	-136.450958	134.254885	General
5HAC:ChainC:VAL48	-107.787582	137.482895	General
5HAC:ChainC:HIS49	-131.973082	119.127913	General
5HAC:ChainC:MET50	-122.089068	136.896959	General
5HAC:ChainC:LEU51	-133.599797	126.991357	General
5HAC:ChainC:LEU52	-113.322675	101.560736	General
5HAC:ChainC:ARG53	-51.773483	154.092060	General
5HAC:ChainC:ASP54	-62.723983	-29.084533	General
5HAC:ChainC:ASP55	-68.144585	-10.581173	General
5HAC:ChainC:CYS56	-66.746588	-22.414823	General
5HAC:ChainC:PHE57	-109.065959	142.629507	General
5HAC:ChainC:VAL58	-61.823988	-28.336055	General
5HAC:ChainC:LYS59	-149.536577	127.201527	General
5HAC:ChainC:TYR60	-141.798900	140.193610	General
5HAC:ChainC:GLN61	-157.931165	96.269557	General
5HAC:ChainC:CYS62	-130.874599	72.416992	General
5HAC:ChainC:GLY63	-41.221559	-76.033347	Glycine
5HAC:ChainC:ARG64	-91.997745	174.643084	General
5HAC:ChainC:ASN65	-99.350893	90.597771	General
5HAC:ChainC:SER66	-87.618266	152.963648	General
5HAC:ChainC:ILE67	-114.348969	132.620061	General
5HAC:ChainC:LEU68	-124.766016	114.492214	General
5HAC:ChainC:GLY69	-80.376339	139.384701	Glycine
5HAC:ChainC:LEU70	-141.375497	142.324589	General
5HAC:ChainC:ASN71	-80.166655	112.968932	General
5HAC:ChainC:LEU72	-72.603032	-32.159421	General
5HAC:ChainC:ALA73	-52.356922	-59.917096	General
5HAC:ChainC:SER74	-55.511415	-49.748149	General
5HAC:ChainC:LEU75	-55.058622	-42.929180	General
5HAC:ChainC:SER76	-60.182043	-46.527054	General
5HAC:ChainC:LYS77	-54.090680	-38.523798	General
5HAC:ChainC:VAL78	-76.226283	-44.833672	General
5HAC:ChainC:LEU79	-64.605711	-30.994835	General
5HAC:ChainC:LYS80	-53.518034	-34.968228	General
5HAC:ChainC:ILE81	-88.744307	1.525275	General
5HAC:ChainC:VAL82	-97.820729	130.822231	General
5HAC:ChainC:ASP83	-62.190430	127.311912	General
5HAC:ChainC:SER84	-30.386048	-50.213822	General
5HAC:ChainC:ASN85	-96.965625	1.143663	General
5HAC:ChainC:ASP86	-76.315125	155.566364	General
5HAC:ChainC:SER87	-67.304480	161.206792	General
5HAC:ChainC:LEU88	-150.166460	101.725034	General
5HAC:ChainC:SER89	-93.175106	115.690852	General
5HAC:ChainC:LEU90	-92.534097	125.043862	General
5HAC:ChainC:ARG91	-138.049572	140.035206	General
5HAC:ChainC:HIS92	-141.550237	137.925079	General
5HAC:ChainC:ASP93	-106.807516	176.017450	General
5HAC:ChainC:ASP94	-77.273335	126.209418	General
5HAC:ChainC:ASP95	31.358568	71.743400	General
5HAC:ChainC:SER96	-114.781683	20.997644	General
5HAC:ChainC:ASP97	36.845202	11.222540	General
5HAC:ChainC:VAL98	-160.173296	134.902938	General
5HAC:ChainC:VAL99	-102.376197	148.985749	General
5HAC:ChainC:THR100	-124.425973	132.791781	General
5HAC:ChainC:LEU101	-104.275477	129.324031	General
5HAC:ChainC:THR102	-129.862354	123.778709	General
5HAC:ChainC:SER103	-119.210466	145.873711	General
5HAC:ChainC:GLU104	-151.150462	139.833105	General
5HAC:ChainC:ASN105	-54.904672	151.924439	Pre-Pro
5HAC:ChainC:PRO106	-61.949597	143.711832	Proline
5HAC:ChainC:GLU107	97.946069	-18.020465	General
5HAC:ChainC:LYS108	60.793999	14.659108	General
5HAC:ChainC:THR109	-87.063842	-16.561716	General
5HAC:ChainC:ARG110	-128.428416	138.215621	General
5HAC:ChainC:LYS111	-138.138753	129.865601	General
5HAC:ChainC:CYS112	-116.317627	142.115019	General
5HAC:ChainC:GLU113	-142.027747	117.426929	General
5HAC:ChainC:TYR114	-112.354462	143.719157	General
5HAC:ChainC:GLN115	-126.705015	123.448164	General
5HAC:ChainC:LEU116	-109.231977	131.127678	General
5HAC:ChainC:LYS117	-64.445769	142.147091	General
5HAC:ChainC:LEU118	-109.582818	164.468461	General
5HAC:ChainC:LEU119	-114.607174	155.940019	General
5HAC:ChainC:GLU120	-87.147612	101.101722	General
5HAC:ChainC:ILE121	-107.654942	126.618681	General
5HAC:ChainC:GLU122	-72.280093	114.548315	General
5HAC:ChainC:ALA123	85.207494	53.145509	General
5HAC:ChainC:GLU124	-106.210890	155.201462	General
5HAC:ChainC:SER125	-56.698255	-50.314114	General
5HAC:ChainC:MET126	-46.644066	124.241772	General
5HAC:ChainC:GLY127	-92.885698	133.380155	Glycine
5HAC:ChainC:ILE128	-62.498468	135.711699	Pre-Pro
5HAC:ChainC:PRO129	-98.137486	179.983173	Proline
5HAC:ChainC:GLU130	-140.436294	177.442521	General
5HAC:ChainC:MET131	-73.906496	-178.207361	General
5HAC:ChainC:ASP132	-70.882777	140.805867	General
5HAC:ChainC:TYR133	-98.493329	93.449051	General
5HAC:ChainC:ARG134	-49.668454	-60.355030	General
5HAC:ChainC:SER135	-115.739045	147.548722	General
5HAC:ChainC:THR136	-148.525341	125.169841	General
5HAC:ChainC:VAL137	-126.360383	143.127027	General
5HAC:ChainC:THR138	-134.346071	135.829648	General
5HAC:ChainC:LEU139	-155.604976	171.539931	General
5HAC:ChainC:ASN140	-60.714415	129.251718	General
5HAC:ChainC:SER141	-58.110376	-41.316428	General
5HAC:ChainC:ALA142	-75.460607	-29.944849	General
5HAC:ChainC:GLU143	-66.654136	-44.180821	General
5HAC:ChainC:PHE144	-55.269151	-48.087343	General
5HAC:ChainC:ALA145	-57.875601	-48.390314	General
5HAC:ChainC:LYS146	-56.241926	-53.206787	General
5HAC:ChainC:ILE147	-52.304442	-44.198804	General
5HAC:ChainC:VAL148	-64.320977	-54.601194	General
5HAC:ChainC:ARG149	-46.967287	-45.459826	General
5HAC:ChainC:ASP150	-59.224661	-61.614173	General
5HAC:ChainC:MET151	-51.574397	-25.074426	General
5HAC:ChainC:GLN152	-72.604758	-14.948481	General
5HAC:ChainC:VAL153	-66.760664	-25.041094	General
5HAC:ChainC:PHE154	-90.271481	-64.451462	General
5HAC:ChainC:GLY155	-126.101845	-166.799430	Glycine
5HAC:ChainC:ASP156	-115.175565	10.879728	General
5HAC:ChainC:THR157	-136.758078	131.029730	General
5HAC:ChainC:VAL158	-110.479452	141.032977	General
5HAC:ChainC:THR159	-112.223058	121.166573	General
5HAC:ChainC:ILE160	-105.842693	121.466250	General
5HAC:ChainC:ALA161	-116.508685	124.405887	General
5HAC:ChainC:ILE162	-109.070501	132.663378	General
5HAC:ChainC:SER163	-138.657059	154.129198	General
5HAC:ChainC:LYS164	-53.517699	130.297760	General
5HAC:ChainC:GLU165	72.174835	5.879923	General
5HAC:ChainC:GLY166	173.550601	179.828809	Glycine
5HAC:ChainC:VAL167	-131.949714	138.963566	General
5HAC:ChainC:LYS168	-124.809646	116.137432	General
5HAC:ChainC:PHE169	-95.196770	130.021856	General
5HAC:ChainC:SER170	-135.290054	146.409864	General
5HAC:ChainC:SER171	-152.695567	156.226308	General
5HAC:ChainC:SER172	-139.107449	158.161819	General
5HAC:ChainC:GLY173	169.967060	-164.983060	Glycine
5HAC:ChainC:ASP174	-59.471591	-53.352683	General
5HAC:ChainC:VAL175	-49.967938	-38.450411	General
5HAC:ChainC:GLY176	151.876784	-129.081673	Glycine
5HAC:ChainC:GLN177	-143.871601	134.232968	General
5HAC:ChainC:GLY178	-127.911156	154.321152	Glycine
5HAC:ChainC:TYR179	-147.159919	155.176471	General
5HAC:ChainC:THR180	-126.316141	127.723214	General
5HAC:ChainC:PHE181	-113.479568	131.838976	General
5HAC:ChainC:LEU182	-114.264971	126.375411	General
5HAC:ChainC:GLN183	-87.445292	149.712203	General
5HAC:ChainC:ALA184	-92.851624	-39.701910	General
5HAC:ChainC:ALA185	-105.250704	95.923556	General
5HAC:ChainC:GLY186	150.283310	-147.900617	Glycine
5HAC:ChainC:VAL187	-59.530833	130.717055	General
5HAC:ChainC:SER188	-106.922319	12.623336	General
5HAC:ChainC:ASP189	-99.619146	123.203497	General
5HAC:ChainC:VAL228	-132.433491	105.412141	General
5HAC:ChainC:GLU229	-84.423612	83.764748	General
5HAC:ChainC:VAL230	-69.659839	146.696165	General
5HAC:ChainC:THR231	-158.020568	76.022919	General
5HAC:ChainC:MET232	-90.113592	177.014652	General
5HAC:ChainC:GLU233	-119.081164	-41.845031	General
5HAC:ChainC:GLU234	-135.390864	171.035694	Pre-Pro
5HAC:ChainC:PRO235	-62.825192	146.929740	Proline
5HAC:ChainC:ILE236	-158.366995	135.994329	General
5HAC:ChainC:THR237	-141.165808	110.850144	General
5HAC:ChainC:LEU238	-122.567910	162.091308	General
5HAC:ChainC:SER239	-122.499965	153.829924	General
5HAC:ChainC:PHE240	-149.529811	154.554247	General
5HAC:ChainC:ALA241	-74.403558	119.475591	General
5HAC:ChainC:LEU242	-64.926304	-34.126981	General
5HAC:ChainC:ARG243	-41.309144	-49.496688	General
5HAC:ChainC:PHE244	-79.279559	-42.888211	General
5HAC:ChainC:MET245	-53.179647	-37.741930	General
5HAC:ChainC:GLY246	-62.098265	-48.214108	Glycine
5HAC:ChainC:ILE247	-57.092928	-39.990649	General
5HAC:ChainC:PHE248	-67.995946	-43.950165	General
5HAC:ChainC:ALA249	-58.219252	-20.957576	General
5HAC:ChainC:LYS250	-48.850608	-23.996801	General
5HAC:ChainC:GLY251	-53.325951	-26.217839	Glycine
5HAC:ChainC:SER252	-52.342208	-25.610714	General
5HAC:ChainC:THR253	-64.265095	-12.134617	General
5HAC:ChainC:LEU254	-111.338910	-26.499612	General
5HAC:ChainC:SER255	-144.208023	133.625752	General
5HAC:ChainC:GLU256	-62.236937	-32.815175	General
5HAC:ChainC:ARG257	-114.781116	163.699528	General
5HAC:ChainC:VAL258	-144.938405	144.981788	General
5HAC:ChainC:THR259	-122.721424	133.244090	General
5HAC:ChainC:LEU260	-114.681802	133.323694	General
5HAC:ChainC:LYS261	-124.105915	139.559055	General
5HAC:ChainC:PHE262	-132.224765	158.570168	General
5HAC:ChainC:ALA263	-153.640776	140.054465	General
5HAC:ChainC:LYS264	-51.776009	141.623496	General
5HAC:ChainC:ASP265	38.942678	34.499409	General
5HAC:ChainC:SER266	-136.557097	140.715670	Pre-Pro
5HAC:ChainC:PRO267	-44.764528	122.194943	Proline
5HAC:ChainC:CYS268	-68.962190	172.567311	General
5HAC:ChainC:MET269	-141.319883	140.994835	General
5HAC:ChainC:VAL270	-123.626526	126.576573	General
5HAC:ChainC:GLU271	-121.049321	133.202841	General
5HAC:ChainC:TYR272	-123.466076	114.598190	General
5HAC:ChainC:GLY273	-77.801770	134.877046	Glycine
5HAC:ChainC:ILE274	-94.551929	95.649189	General
5HAC:ChainC:ASP275	43.892656	29.984474	General
5HAC:ChainC:ASN276	67.118449	-18.670624	General
5HAC:ChainC:VAL277	-84.634844	10.880005	General
5HAC:ChainC:GLY278	168.196930	-172.763449	Glycine
5HAC:ChainC:TYR279	-149.819144	159.118636	General
5HAC:ChainC:LEU280	-120.359448	125.177799	General
5HAC:ChainC:ARG281	-133.635970	127.944284	General
5HAC:ChainC:TYR282	-114.736459	147.713386	General
5HAC:ChainC:TYR283	-131.495654	139.645357	General
5HAC:ChainC:LEU284	-141.783329	134.603031	General
5HAC:ChainC:ALA285	-63.035012	142.499869	Pre-Pro
5HAC:ChainC:PRO286	-75.496382	164.989124	Proline
5HAC:ChainC:LYS287	-95.168929	151.152345	General
5HAC:ChainC:VAL288	-115.439899	134.612796	General
5HAC:ChainD:LEU-6	57.554936	41.432728	General
5HAC:ChainD:VAL-5	-118.516790	121.633742	Pre-Pro
5HAC:ChainD:PRO-4	-93.268694	168.980618	Proline
5HAC:ChainD:ARG-3	-131.412180	116.478161	General
5HAC:ChainD:GLY-2	-109.195986	168.140374	Glycine
5HAC:ChainD:SER-1	-125.620084	88.440418	General
5HAC:ChainD:HIS0	-169.125339	-158.171731	General
5HAC:ChainD:MET1	-155.512978	172.465822	General
5HAC:ChainD:LEU2	-158.052639	126.077683	General
5HAC:ChainD:GLU3	-136.362995	123.530977	General
5HAC:ChainD:ALA4	-138.384027	103.930420	General
5HAC:ChainD:GLN5	-110.871630	130.830374	General
5HAC:ChainD:VAL6	-109.419482	153.071959	General
5HAC:ChainD:GLN7	-74.853066	-50.412691	General
5HAC:ChainD:PHE8	-109.124444	113.429639	General
5HAC:ChainD:ALA9	-60.724842	-21.204653	General
5HAC:ChainD:SER10	-48.224283	-33.514242	General
5HAC:ChainD:LEU11	-60.262140	-53.550873	General
5HAC:ChainD:TRP12	-61.406493	-44.961817	General
5HAC:ChainD:LYS13	-51.363381	-57.399199	General
5HAC:ChainD:ARG14	-63.274059	-32.086482	General
5HAC:ChainD:LEU15	-70.873757	-56.314944	General
5HAC:ChainD:VAL16	-54.837905	-47.777953	General
5HAC:ChainD:GLU17	-41.508374	-56.222869	General
5HAC:ChainD:CYS18	-52.975115	-53.620981	General
5HAC:ChainD:ILE19	-74.220121	-38.302339	General
5HAC:ChainD:ASN20	-57.190401	-30.411584	General
5HAC:ChainD:GLY21	-51.864880	-28.502049	Glycine
5HAC:ChainD:LEU22	-103.101614	-38.726030	General
5HAC:ChainD:VAL23	-144.210193	156.628450	General
5HAC:ChainD:ASN24	-106.910108	-2.279235	General
5HAC:ChainD:GLU25	-149.122122	147.441425	General
5HAC:ChainD:ALA26	-160.496774	158.643480	General
5HAC:ChainD:ASN27	-92.281254	141.594022	General
5HAC:ChainD:PHE28	-114.636204	80.130007	General
5HAC:ChainD:ASP29	-50.563649	118.184019	General
5HAC:ChainD:CYS30	-112.447476	107.681413	General
5HAC:ChainD:ASN31	-96.626280	178.913438	Pre-Pro
5HAC:ChainD:PRO32	-77.514308	-17.600215	Proline
5HAC:ChainD:GLY33	-65.820975	-19.776137	Glycine
5HAC:ChainD:GLY34	131.115273	-177.963185	Glycine
5HAC:ChainD:LEU35	-90.025076	130.434698	General
5HAC:ChainD:SER36	-124.157687	153.090528	General
5HAC:ChainD:VAL37	-130.876076	128.930022	General
5HAC:ChainD:GLN38	-134.802082	128.796239	General
5HAC:ChainD:ALA39	-166.273154	156.133302	General
5HAC:ChainD:MET40	-131.616710	147.806887	General
5HAC:ChainD:ASP41	-73.529135	158.603174	General
5HAC:ChainD:SER42	-56.244290	-31.584955	General
5HAC:ChainD:SER43	-81.486485	6.920991	General
5HAC:ChainD:HIS44	49.860472	37.151669	General
5HAC:ChainD:VAL45	-105.612685	-26.214411	General
5HAC:ChainD:ALA46	-140.986176	149.499767	General
5HAC:ChainD:LEU47	-136.189493	135.752845	General
5HAC:ChainD:VAL48	-107.088481	137.729174	General
5HAC:ChainD:HIS49	-130.895493	120.868712	General
5HAC:ChainD:MET50	-121.647999	137.897331	General
5HAC:ChainD:LEU51	-134.779241	127.185070	General
5HAC:ChainD:LEU52	-114.285266	102.875808	General
5HAC:ChainD:ARG53	-53.293470	152.731830	General
5HAC:ChainD:ASP54	-63.567111	-28.599978	General
5HAC:ChainD:ASP55	-67.442642	-11.219552	General
5HAC:ChainD:CYS56	-65.754604	-23.503546	General
5HAC:ChainD:PHE57	-110.123225	143.178346	General
5HAC:ChainD:VAL58	-64.575212	-26.795294	General
5HAC:ChainD:LYS59	-149.093426	128.509273	General
5HAC:ChainD:TYR60	-141.855605	138.370500	General
5HAC:ChainD:GLN61	-154.880462	97.970161	General
5HAC:ChainD:CYS62	-130.921832	69.271987	General
5HAC:ChainD:GLY63	-39.672895	-75.612737	Glycine
5HAC:ChainD:ARG64	-90.127648	175.692778	General
5HAC:ChainD:ASN65	-100.882530	88.781262	General
5HAC:ChainD:SER66	-89.028163	152.509141	General
5HAC:ChainD:ILE67	-117.314616	132.766124	General
5HAC:ChainD:LEU68	-125.514672	115.684213	General
5HAC:ChainD:GLY69	-82.020935	140.740793	Glycine
5HAC:ChainD:LEU70	-142.087507	142.443284	General
5HAC:ChainD:ASN71	-79.448227	112.071928	General
5HAC:ChainD:LEU72	-72.733809	-32.055281	General
5HAC:ChainD:ALA73	-52.426265	-59.460397	General
5HAC:ChainD:SER74	-55.334079	-49.575195	General
5HAC:ChainD:LEU75	-56.530731	-43.075466	General
5HAC:ChainD:SER76	-59.761083	-46.446358	General
5HAC:ChainD:LYS77	-53.863912	-39.139561	General
5HAC:ChainD:VAL78	-75.382800	-46.016608	General
5HAC:ChainD:LEU79	-64.001614	-30.421180	General
5HAC:ChainD:LYS80	-54.050665	-35.304693	General
5HAC:ChainD:ILE81	-88.618974	0.040594	General
5HAC:ChainD:VAL82	-96.471952	129.212173	General
5HAC:ChainD:ASP83	-60.632866	126.972662	General
5HAC:ChainD:SER84	-34.891084	-44.968670	General
5HAC:ChainD:ASN85	-96.867329	1.099864	General
5HAC:ChainD:ASP86	-76.714228	155.616175	General
5HAC:ChainD:SER87	-68.514926	161.024272	General
5HAC:ChainD:LEU88	-149.448688	101.733692	General
5HAC:ChainD:SER89	-93.306467	113.457198	General
5HAC:ChainD:LEU90	-92.944377	125.840182	General
5HAC:ChainD:ARG91	-149.188510	152.224440	General
5HAC:ChainD:HIS92	-145.523762	127.992418	General
5HAC:ChainD:ASP93	-70.399444	-44.258246	General
5HAC:ChainD:ASP94	157.310050	-145.542659	General
5HAC:ChainD:ASP95	-54.278005	9.620225	General
5HAC:ChainD:SER96	-58.890291	-36.902581	General
5HAC:ChainD:ASP97	95.932106	-6.667153	General
5HAC:ChainD:VAL98	-113.919064	135.080368	General
5HAC:ChainD:VAL99	-101.811110	148.777481	General
5HAC:ChainD:THR100	-124.415910	132.999107	General
5HAC:ChainD:LEU101	-103.250219	130.090967	General
5HAC:ChainD:THR102	-129.425873	123.852030	General
5HAC:ChainD:SER103	-118.664976	145.051015	General
5HAC:ChainD:GLU104	-150.213329	138.285815	General
5HAC:ChainD:ASN105	-62.583412	157.720246	Pre-Pro
5HAC:ChainD:PRO106	-49.876088	-46.813943	Proline
5HAC:ChainD:GLU107	-82.065884	8.349521	General
5HAC:ChainD:LYS108	56.791248	13.692174	General
5HAC:ChainD:THR109	-86.472884	-16.567452	General
5HAC:ChainD:ARG110	-130.167639	137.674151	General
5HAC:ChainD:LYS111	-138.973905	130.752941	General
5HAC:ChainD:CYS112	-117.698645	142.394752	General
5HAC:ChainD:GLU113	-143.106406	117.266476	General
5HAC:ChainD:TYR114	-113.381226	143.804615	General
5HAC:ChainD:GLN115	-127.490351	124.619983	General
5HAC:ChainD:LEU116	-110.950701	132.620516	General
5HAC:ChainD:LYS117	-64.755367	140.153914	General
5HAC:ChainD:LEU118	-101.063192	153.993875	General
5HAC:ChainD:LEU119	-111.844733	156.623001	General
5HAC:ChainD:GLU120	-88.528211	101.503029	General
5HAC:ChainD:ILE121	-105.892990	131.152368	General
5HAC:ChainD:GLU122	-71.319849	144.966239	General
5HAC:ChainD:ALA123	-50.826443	148.940738	General
5HAC:ChainD:GLU124	-75.508126	109.138687	General
5HAC:ChainD:SER125	-60.800545	-33.262936	General
5HAC:ChainD:MET126	-91.595555	130.199000	General
5HAC:ChainD:GLY127	-81.827994	142.016812	Glycine
5HAC:ChainD:ILE128	-59.785788	143.559527	Pre-Pro
5HAC:ChainD:PRO129	-91.811653	173.794466	Proline
5HAC:ChainD:GLU130	-124.663461	-53.959495	General
5HAC:ChainD:MET131	-86.830493	33.404709	General
5HAC:ChainD:ASP132	-56.683076	110.582793	General
5HAC:ChainD:TYR133	-127.073380	142.225646	General
5HAC:ChainD:ARG134	-46.006891	149.042790	General
5HAC:ChainD:SER135	-81.596633	156.007399	General
5HAC:ChainD:THR136	-147.812906	124.695563	General
5HAC:ChainD:VAL137	-125.656022	142.571209	General
5HAC:ChainD:THR138	-133.452404	136.606911	General
5HAC:ChainD:LEU139	-156.507502	172.707760	General
5HAC:ChainD:ASN140	-60.833450	129.023985	General
5HAC:ChainD:SER141	-57.310377	-41.442058	General
5HAC:ChainD:ALA142	-76.144592	-29.299227	General
5HAC:ChainD:GLU143	-68.486461	-44.074299	General
5HAC:ChainD:PHE144	-54.767526	-50.389313	General
5HAC:ChainD:ALA145	-56.780804	-48.885002	General
5HAC:ChainD:LYS146	-54.076836	-55.270904	General
5HAC:ChainD:ILE147	-52.297053	-42.612666	General
5HAC:ChainD:VAL148	-64.855806	-55.301337	General
5HAC:ChainD:ARG149	-45.984267	-46.365344	General
5HAC:ChainD:ASP150	-57.672398	-61.957330	General
5HAC:ChainD:MET151	-51.489864	-27.467734	General
5HAC:ChainD:GLN152	-69.975799	-16.694812	General
5HAC:ChainD:VAL153	-66.287442	-24.211764	General
5HAC:ChainD:PHE154	-90.809476	-64.392864	General
5HAC:ChainD:GLY155	-127.041183	-166.929282	Glycine
5HAC:ChainD:ASP156	-115.770529	10.629517	General
5HAC:ChainD:THR157	-135.908362	131.517779	General
5HAC:ChainD:VAL158	-112.027853	140.176041	General
5HAC:ChainD:THR159	-112.999302	119.535844	General
5HAC:ChainD:ILE160	-106.178860	121.558452	General
5HAC:ChainD:ALA161	-117.756744	123.605725	General
5HAC:ChainD:ILE162	-108.601454	132.166510	General
5HAC:ChainD:SER163	-138.856593	154.587463	General
5HAC:ChainD:LYS164	-45.339297	-43.710262	General
5HAC:ChainD:GLU165	-50.407047	-34.766015	General
5HAC:ChainD:GLY166	156.896566	-171.894921	Glycine
5HAC:ChainD:VAL167	-131.257898	139.163584	General
5HAC:ChainD:LYS168	-123.821923	115.378234	General
5HAC:ChainD:PHE169	-94.695007	130.431980	General
5HAC:ChainD:SER170	-135.063658	146.505393	General
5HAC:ChainD:SER171	-151.986586	156.098601	General
5HAC:ChainD:SER172	-137.775143	157.355993	General
5HAC:ChainD:GLY173	170.114474	-164.759900	Glycine
5HAC:ChainD:ASP174	-58.558868	-53.725553	General
5HAC:ChainD:VAL175	-52.585366	-36.576785	General
5HAC:ChainD:GLY176	152.309410	-129.273533	Glycine
5HAC:ChainD:GLN177	-141.958786	133.532869	General
5HAC:ChainD:GLY178	-126.944503	153.792016	Glycine
5HAC:ChainD:TYR179	-145.469300	155.287989	General
5HAC:ChainD:THR180	-125.619176	127.701488	General
5HAC:ChainD:PHE181	-112.928986	130.688384	General
5HAC:ChainD:LEU182	-114.123620	127.773174	General
5HAC:ChainD:GLN183	-91.830539	149.831706	General
5HAC:ChainD:ALA184	-75.437155	0.000733	General
5HAC:ChainD:ALA185	48.813244	-169.645879	General
5HAC:ChainD:GLY186	-160.527925	-115.998014	Glycine
5HAC:ChainD:VAL187	-122.222975	-50.126593	General
5HAC:ChainD:SER188	-160.152899	130.127782	General
5HAC:ChainD:ASP189	-75.206069	125.302464	General
5HAC:ChainD:ARG190	-66.143134	107.915274	General
5HAC:ChainD:GLY227	-78.813815	63.623898	Glycine
5HAC:ChainD:VAL228	-131.744044	105.746441	General
5HAC:ChainD:GLU229	-84.340114	83.426860	General
5HAC:ChainD:VAL230	-70.429881	146.262759	General
5HAC:ChainD:THR231	-157.376892	75.980797	General
5HAC:ChainD:MET232	-90.548785	176.967612	General
5HAC:ChainD:GLU233	-119.157084	-42.702687	General
5HAC:ChainD:GLU234	-134.898437	171.022017	Pre-Pro
5HAC:ChainD:PRO235	-61.888690	146.855369	Proline
5HAC:ChainD:ILE236	-159.191331	135.824926	General
5HAC:ChainD:THR237	-141.438092	109.509357	General
5HAC:ChainD:LEU238	-122.960320	162.570810	General
5HAC:ChainD:SER239	-122.908642	154.196343	General
5HAC:ChainD:PHE240	-148.398555	155.096753	General
5HAC:ChainD:ALA241	-72.312178	119.166318	General
5HAC:ChainD:LEU242	-64.566610	-34.129573	General
5HAC:ChainD:ARG243	-40.694396	-49.991580	General
5HAC:ChainD:PHE244	-80.032535	-42.799660	General
5HAC:ChainD:MET245	-53.012958	-39.262692	General
5HAC:ChainD:GLY246	-59.467775	-49.550547	Glycine
5HAC:ChainD:ILE247	-57.027685	-38.959969	General
5HAC:ChainD:PHE248	-68.986641	-44.354431	General
5HAC:ChainD:ALA249	-57.772146	-20.240558	General
5HAC:ChainD:LYS250	-49.639404	-23.537374	General
5HAC:ChainD:GLY251	-53.248736	-25.564098	Glycine
5HAC:ChainD:SER252	-54.911771	-24.210505	General
5HAC:ChainD:THR253	-62.353296	-14.141502	General
5HAC:ChainD:LEU254	-110.324420	-25.836975	General
5HAC:ChainD:SER255	-147.113880	132.885816	General
5HAC:ChainD:GLU256	-63.391381	-32.062292	General
5HAC:ChainD:ARG257	-115.075659	164.804420	General
5HAC:ChainD:VAL258	-144.816686	145.969766	General
5HAC:ChainD:THR259	-123.377639	133.789709	General
5HAC:ChainD:LEU260	-116.102901	132.199760	General
5HAC:ChainD:LYS261	-123.567937	139.916506	General
5HAC:ChainD:PHE262	-132.840918	159.048461	General
5HAC:ChainD:ALA263	-154.040018	138.844177	General
5HAC:ChainD:LYS264	-49.840861	142.424855	General
5HAC:ChainD:ASP265	38.773084	33.613787	General
5HAC:ChainD:SER266	-135.127108	139.273712	Pre-Pro
5HAC:ChainD:PRO267	-40.601641	120.181512	Proline
5HAC:ChainD:CYS268	-68.690809	172.601133	General
5HAC:ChainD:MET269	-141.661929	141.330107	General
5HAC:ChainD:VAL270	-124.288852	126.773410	General
5HAC:ChainD:GLU271	-121.197116	133.303814	General
5HAC:ChainD:TYR272	-122.811933	114.131634	General
5HAC:ChainD:GLY273	-77.290468	134.531919	Glycine
5HAC:ChainD:ILE274	-95.149227	86.692118	General
5HAC:ChainD:ASP275	-64.628332	-42.120078	General
5HAC:ChainD:ASN276	-117.529930	-16.033978	General
5HAC:ChainD:VAL277	-84.088730	11.912560	General
5HAC:ChainD:GLY278	169.133579	-171.544140	Glycine
5HAC:ChainD:TYR279	-151.510991	158.025841	General
5HAC:ChainD:LEU280	-120.129174	125.406975	General
5HAC:ChainD:ARG281	-134.480913	129.121276	General
5HAC:ChainD:TYR282	-117.693447	146.899972	General
5HAC:ChainD:TYR283	-130.893339	139.181654	General
5HAC:ChainD:LEU284	-140.362001	134.655777	General
5HAC:ChainD:ALA285	-62.472105	140.783552	Pre-Pro
5HAC:ChainD:PRO286	-74.099678	166.804185	Proline
5HAC:ChainD:LYS287	-91.248703	138.807663	General
5HAC:ChainD:VAL288	-118.864884	146.969815	General
5HAC:ChainE:PRO-4	-101.161968	23.056715	Proline
5HAC:ChainE:ARG-3	74.127778	-173.187862	General
5HAC:ChainE:GLY-2	-113.810133	-79.572981	Glycine
5HAC:ChainE:SER-1	-88.849604	-176.139945	General
5HAC:ChainE:HIS0	83.485949	144.456258	General
5HAC:ChainE:MET1	53.311385	-172.886502	General
5HAC:ChainE:LEU2	-156.061832	127.144085	General
5HAC:ChainE:GLU3	-138.408881	123.385689	General
5HAC:ChainE:ALA4	-137.869242	103.454241	General
5HAC:ChainE:GLN5	-110.137898	131.179918	General
5HAC:ChainE:VAL6	-110.199969	153.026367	General
5HAC:ChainE:GLN7	-76.261759	-49.751322	General
5HAC:ChainE:PHE8	-109.789518	114.554160	General
5HAC:ChainE:ALA9	-62.288819	-21.490835	General
5HAC:ChainE:SER10	-47.474076	-33.639603	General
5HAC:ChainE:LEU11	-59.812414	-53.465026	General
5HAC:ChainE:TRP12	-61.092243	-44.530939	General
5HAC:ChainE:LYS13	-52.332241	-56.976041	General
5HAC:ChainE:ARG14	-63.890195	-32.865246	General
5HAC:ChainE:LEU15	-70.581442	-54.708498	General
5HAC:ChainE:VAL16	-56.363743	-48.219305	General
5HAC:ChainE:GLU17	-40.298269	-57.959739	General
5HAC:ChainE:CYS18	-52.609130	-53.446488	General
5HAC:ChainE:ILE19	-78.714250	-32.779492	General
5HAC:ChainE:ASN20	-58.271548	-31.121107	General
5HAC:ChainE:GLY21	-51.822403	-28.981666	Glycine
5HAC:ChainE:LEU22	-101.067447	-38.438445	General
5HAC:ChainE:VAL23	-144.549586	155.965984	General
5HAC:ChainE:ASN24	-106.921696	-1.929599	General
5HAC:ChainE:GLU25	-148.075156	147.397971	General
5HAC:ChainE:ALA26	-160.890628	158.987753	General
5HAC:ChainE:ASN27	-92.360851	141.811212	General
5HAC:ChainE:PHE28	-114.314764	80.121530	General
5HAC:ChainE:ASP29	-51.987600	118.101410	General
5HAC:ChainE:CYS30	-111.862143	105.930077	General
5HAC:ChainE:ASN31	-94.207546	177.022902	Pre-Pro
5HAC:ChainE:PRO32	-72.873684	-17.410528	Proline
5HAC:ChainE:GLY33	-68.606504	-18.418216	Glycine
5HAC:ChainE:GLY34	131.200216	-177.495663	Glycine
5HAC:ChainE:LEU35	-91.009390	131.271236	General
5HAC:ChainE:SER36	-123.916920	153.589300	General
5HAC:ChainE:VAL37	-130.176324	129.457687	General
5HAC:ChainE:GLN38	-134.059883	128.771375	General
5HAC:ChainE:ALA39	-164.925077	156.199011	General
5HAC:ChainE:MET40	-131.409243	148.756740	General
5HAC:ChainE:ASP41	-72.378499	158.457393	General
5HAC:ChainE:SER42	-55.301818	-31.946156	General
5HAC:ChainE:SER43	-81.354402	7.184611	General
5HAC:ChainE:HIS44	47.965957	37.639807	General
5HAC:ChainE:VAL45	-104.375076	-26.168120	General
5HAC:ChainE:ALA46	-141.806688	148.188477	General
5HAC:ChainE:LEU47	-134.921342	139.689734	General
5HAC:ChainE:VAL48	-123.304086	129.612227	General
5HAC:ChainE:HIS49	-123.261224	120.415910	General
5HAC:ChainE:MET50	-121.298692	139.112622	General
5HAC:ChainE:LEU51	-133.824696	128.722076	General
5HAC:ChainE:LEU52	-113.719914	101.704355	General
5HAC:ChainE:ARG53	-49.630198	150.644330	General
5HAC:ChainE:ASP54	-62.247008	-28.862931	General
5HAC:ChainE:ASP55	-68.470821	-10.236744	General
5HAC:ChainE:CYS56	-66.591093	-22.720193	General
5HAC:ChainE:PHE57	-110.425637	141.031690	General
5HAC:ChainE:VAL58	-64.076758	-25.438918	General
5HAC:ChainE:LYS59	-150.724678	127.586978	General
5HAC:ChainE:TYR60	-141.014550	141.043842	General
5HAC:ChainE:GLN61	-157.657637	96.674293	General
5HAC:ChainE:CYS62	-133.797711	70.885748	General
5HAC:ChainE:GLY63	-75.751513	127.571879	Glycine
5HAC:ChainE:ARG64	83.227162	-163.393573	General
5HAC:ChainE:ASN65	-129.646911	156.272780	General
5HAC:ChainE:SER66	-166.360224	144.670611	General
5HAC:ChainE:ILE67	-117.344813	132.951884	General
5HAC:ChainE:LEU68	-124.983999	115.310016	General
5HAC:ChainE:GLY69	-81.302297	141.843341	Glycine
5HAC:ChainE:LEU70	-143.423170	142.836038	General
5HAC:ChainE:ASN71	-81.200893	113.088438	General
5HAC:ChainE:LEU72	-73.344096	-32.046752	General
5HAC:ChainE:ALA73	-52.575195	-59.357643	General
5HAC:ChainE:SER74	-54.901984	-49.997863	General
5HAC:ChainE:LEU75	-55.220948	-43.656402	General
5HAC:ChainE:SER76	-60.379265	-45.025233	General
5HAC:ChainE:LYS77	-55.060233	-38.920074	General
5HAC:ChainE:VAL78	-75.010516	-45.680978	General
5HAC:ChainE:LEU79	-65.922216	-29.694926	General
5HAC:ChainE:LYS80	-53.394598	-35.501254	General
5HAC:ChainE:ILE81	-88.410153	1.057231	General
5HAC:ChainE:VAL82	-97.196597	130.463943	General
5HAC:ChainE:ASP83	-60.845791	125.842700	General
5HAC:ChainE:SER84	-30.464762	-49.803955	General
5HAC:ChainE:ASN85	-97.592394	1.637605	General
5HAC:ChainE:ASP86	-75.667631	154.643772	General
5HAC:ChainE:SER87	-68.235983	161.387070	General
5HAC:ChainE:LEU88	-151.553037	100.364104	General
5HAC:ChainE:SER89	-92.371955	114.114106	General
5HAC:ChainE:LEU90	-91.977864	125.601879	General
5HAC:ChainE:ARG91	-139.691873	140.208594	General
5HAC:ChainE:HIS92	-143.326055	137.305151	General
5HAC:ChainE:ASP93	-107.132401	175.727109	General
5HAC:ChainE:ASP94	-77.045624	128.217943	General
5HAC:ChainE:ASP95	33.855015	78.606268	General
5HAC:ChainE:SER96	-124.902668	16.177216	General
5HAC:ChainE:ASP97	34.156517	13.142001	General
5HAC:ChainE:VAL98	-158.643689	134.211689	General
5HAC:ChainE:VAL99	-102.701901	148.228986	General
5HAC:ChainE:THR100	-124.431904	131.966862	General
5HAC:ChainE:LEU101	-103.011309	130.571550	General
5HAC:ChainE:THR102	-130.395758	124.907405	General
5HAC:ChainE:SER103	-119.215193	146.472817	General
5HAC:ChainE:GLU104	-150.306185	139.432190	General
5HAC:ChainE:ASN105	-63.755354	158.298691	Pre-Pro
5HAC:ChainE:PRO106	-50.284402	-46.576820	Proline
5HAC:ChainE:GLU107	-82.055940	8.004983	General
5HAC:ChainE:LYS108	57.356519	13.896434	General
5HAC:ChainE:THR109	-87.932029	-14.418883	General
5HAC:ChainE:ARG110	-130.831363	137.383141	General
5HAC:ChainE:LYS111	-138.471694	131.185243	General
5HAC:ChainE:CYS112	-118.643343	143.059942	General
5HAC:ChainE:GLU113	-143.018062	117.814926	General
5HAC:ChainE:TYR114	-112.333504	144.409079	General
5HAC:ChainE:GLN115	-127.407893	123.444909	General
5HAC:ChainE:LEU116	-110.199163	132.693679	General
5HAC:ChainE:LYS117	-66.090774	141.304194	General
5HAC:ChainE:LEU118	-108.399482	151.430212	General
5HAC:ChainE:LEU119	-105.068055	155.321202	General
5HAC:ChainE:GLU120	82.579659	15.485842	General
5HAC:ChainE:ILE121	-107.623339	129.281064	General
5HAC:ChainE:GLU122	-72.229084	144.649026	General
5HAC:ChainE:ALA123	-48.119354	146.836796	General
5HAC:ChainE:GLU124	-64.674349	-30.891821	General
5HAC:ChainE:SER125	78.431032	-104.017916	General
5HAC:ChainE:MET126	-43.329338	129.783265	General
5HAC:ChainE:GLY127	-103.458768	160.284857	Glycine
5HAC:ChainE:ILE128	-64.747417	139.737987	Pre-Pro
5HAC:ChainE:PRO129	-89.723538	163.558038	Proline
5HAC:ChainE:GLU130	-138.198443	-174.428325	General
5HAC:ChainE:MET131	-114.996158	119.445572	General
5HAC:ChainE:ASP132	-58.940501	-59.169327	General
5HAC:ChainE:TYR133	81.096398	-40.507969	General
5HAC:ChainE:ARG134	-88.177435	-56.642639	General
5HAC:ChainE:SER135	-118.985134	146.134917	General
5HAC:ChainE:THR136	-147.577861	124.558340	General
5HAC:ChainE:VAL137	-125.439282	142.343286	General
5HAC:ChainE:THR138	-133.936569	135.766225	General
5HAC:ChainE:LEU139	-156.200583	172.160417	General
5HAC:ChainE:ASN140	-61.533934	128.800274	General
5HAC:ChainE:SER141	-57.012243	-42.045304	General
5HAC:ChainE:ALA142	-75.219993	-29.609722	General
5HAC:ChainE:GLU143	-67.792883	-44.013866	General
5HAC:ChainE:PHE144	-55.022495	-49.252733	General
5HAC:ChainE:ALA145	-57.458988	-48.498996	General
5HAC:ChainE:LYS146	-54.711442	-54.715067	General
5HAC:ChainE:ILE147	-51.483854	-44.432119	General
5HAC:ChainE:VAL148	-63.648771	-56.206862	General
5HAC:ChainE:ARG149	-46.062160	-45.677498	General
5HAC:ChainE:ASP150	-57.810061	-62.437425	General
5HAC:ChainE:MET151	-51.370541	-26.437239	General
5HAC:ChainE:GLN152	-70.407483	-16.358379	General
5HAC:ChainE:VAL153	-66.112704	-25.128594	General
5HAC:ChainE:PHE154	-90.080323	-65.147226	General
5HAC:ChainE:GLY155	-127.566230	-167.423232	Glycine
5HAC:ChainE:ASP156	-116.530609	10.537469	General
5HAC:ChainE:THR157	-135.424541	130.442726	General
5HAC:ChainE:VAL158	-110.428768	140.023866	General
5HAC:ChainE:THR159	-111.811563	119.876743	General
5HAC:ChainE:ILE160	-105.088464	121.425444	General
5HAC:ChainE:ALA161	-116.818400	123.779976	General
5HAC:ChainE:ILE162	-109.834762	133.348589	General
5HAC:ChainE:SER163	-139.642501	155.967678	General
5HAC:ChainE:LYS164	-46.315414	-44.099078	General
5HAC:ChainE:GLU165	-49.844798	-34.219502	General
5HAC:ChainE:GLY166	156.560409	-172.182026	Glycine
5HAC:ChainE:VAL167	-132.066340	139.599901	General
5HAC:ChainE:LYS168	-124.148339	117.153634	General
5HAC:ChainE:PHE169	-96.231982	130.373604	General
5HAC:ChainE:SER170	-135.510564	146.357845	General
5HAC:ChainE:SER171	-152.208725	155.743017	General
5HAC:ChainE:SER172	-138.344035	157.182381	General
5HAC:ChainE:GLY173	171.052774	-164.591486	Glycine
5HAC:ChainE:ASP174	-58.759919	-54.422392	General
5HAC:ChainE:VAL175	-50.113759	-38.109569	General
5HAC:ChainE:GLY176	151.348693	-129.444315	Glycine
5HAC:ChainE:GLN177	-142.547031	134.524298	General
5HAC:ChainE:GLY178	-126.640326	155.492101	Glycine
5HAC:ChainE:TYR179	-145.682300	153.960318	General
5HAC:ChainE:THR180	-125.384165	128.411289	General
5HAC:ChainE:PHE181	-113.923301	131.159381	General
5HAC:ChainE:LEU182	-114.627793	126.665564	General
5HAC:ChainE:GLN183	-89.960589	149.205862	General
5HAC:ChainE:ALA184	-73.854897	0.112073	General
5HAC:ChainE:ALA185	37.193308	-124.949436	General
5HAC:ChainE:GLY186	105.914170	-167.102340	Glycine
5HAC:ChainE:VAL187	-66.351516	-43.926253	General
5HAC:ChainE:SER188	-160.697314	140.197463	General
5HAC:ChainE:ASP189	-144.991769	156.625635	General
5HAC:ChainE:ARG190	-51.031135	154.779194	General
5HAC:ChainE:GLY227	112.245930	63.797222	Glycine
5HAC:ChainE:VAL228	-131.293863	105.452715	General
5HAC:ChainE:GLU229	-84.682253	83.731241	General
5HAC:ChainE:VAL230	-70.432222	146.400752	General
5HAC:ChainE:THR231	-158.443042	76.158146	General
5HAC:ChainE:MET232	-90.130452	177.195151	General
5HAC:ChainE:GLU233	-119.024640	-42.477234	General
5HAC:ChainE:GLU234	-135.118769	171.120900	Pre-Pro
5HAC:ChainE:PRO235	-60.560300	146.587089	Proline
5HAC:ChainE:ILE236	-158.721193	136.437308	General
5HAC:ChainE:THR237	-140.934565	110.204407	General
5HAC:ChainE:LEU238	-122.396617	162.584678	General
5HAC:ChainE:SER239	-122.263657	154.362785	General
5HAC:ChainE:PHE240	-148.588017	156.580666	General
5HAC:ChainE:ALA241	-74.441231	119.893555	General
5HAC:ChainE:LEU242	-65.729983	-33.915187	General
5HAC:ChainE:ARG243	-41.768064	-49.189763	General
5HAC:ChainE:PHE244	-79.689113	-42.642963	General
5HAC:ChainE:MET245	-52.781276	-38.617416	General
5HAC:ChainE:GLY246	-60.291849	-48.389318	Glycine
5HAC:ChainE:ILE247	-57.558813	-39.962674	General
5HAC:ChainE:PHE248	-68.685486	-44.429491	General
5HAC:ChainE:ALA249	-56.852325	-21.875175	General
5HAC:ChainE:LYS250	-48.372411	-24.138546	General
5HAC:ChainE:GLY251	-52.967563	-25.492906	Glycine
5HAC:ChainE:SER252	-54.320524	-23.707697	General
5HAC:ChainE:THR253	-62.403654	-14.358785	General
5HAC:ChainE:LEU254	-109.667480	-26.563919	General
5HAC:ChainE:SER255	-145.728160	131.551629	General
5HAC:ChainE:GLU256	-62.086609	-31.959561	General
5HAC:ChainE:ARG257	-114.504114	165.376794	General
5HAC:ChainE:VAL258	-145.266444	146.689149	General
5HAC:ChainE:THR259	-124.618419	133.206742	General
5HAC:ChainE:LEU260	-116.660576	132.176763	General
5HAC:ChainE:LYS261	-123.665606	139.392538	General
5HAC:ChainE:PHE262	-132.770478	159.052944	General
5HAC:ChainE:ALA263	-155.103881	139.547630	General
5HAC:ChainE:LYS264	-52.387236	141.069499	General
5HAC:ChainE:ASP265	38.731935	34.528842	General
5HAC:ChainE:SER266	-135.516557	139.804369	Pre-Pro
5HAC:ChainE:PRO267	-43.278196	120.066686	Proline
5HAC:ChainE:CYS268	-66.949984	172.799219	General
5HAC:ChainE:MET269	-141.596051	141.215015	General
5HAC:ChainE:VAL270	-123.638245	126.089617	General
5HAC:ChainE:GLU271	-120.945753	133.372104	General
5HAC:ChainE:TYR272	-123.212012	113.314096	General
5HAC:ChainE:GLY273	-104.984281	119.452728	Glycine
5HAC:ChainE:ILE274	-65.024595	-36.195411	General
5HAC:ChainE:ASP275	20.764509	133.080696	General
5HAC:ChainE:ASN276	-85.824682	1.645338	General
5HAC:ChainE:VAL277	-61.506139	-40.451747	General
5HAC:ChainE:GLY278	-168.102698	-170.937537	Glycine
5HAC:ChainE:TYR279	-149.217196	159.342680	General
5HAC:ChainE:LEU280	-119.503146	127.271357	General
5HAC:ChainE:ARG281	-134.156263	129.485338	General
5HAC:ChainE:TYR282	-115.168552	147.027170	General
5HAC:ChainE:TYR283	-130.349401	139.288035	General
5HAC:ChainE:LEU284	-140.738092	133.571471	General
5HAC:ChainE:ALA285	-60.242590	138.159093	Pre-Pro
5HAC:ChainE:PRO286	-68.390264	166.164427	Proline
5HAC:ChainE:LYS287	-90.668623	136.251077	General
5HAC:ChainE:VAL288	-112.060696	122.756935	General
5HAC:ChainF:LEU-6	63.366059	-165.007547	General
5HAC:ChainF:VAL-5	-138.714411	140.923347	Pre-Pro
5HAC:ChainF:PRO-4	-87.526278	-69.541742	Proline
5HAC:ChainF:ARG-3	-123.317201	159.537245	General
5HAC:ChainF:GLY-2	-122.373861	-109.173274	Glycine
5HAC:ChainF:SER-1	-100.898387	-62.498718	General
5HAC:ChainF:HIS0	119.167335	144.155741	General
5HAC:ChainF:MET1	-132.726623	-36.317770	General
5HAC:ChainF:LEU2	-153.734225	130.635116	General
5HAC:ChainF:GLU3	-136.851185	122.577863	General
5HAC:ChainF:ALA4	-138.455871	103.850706	General
5HAC:ChainF:GLN5	-112.595129	130.930098	General
5HAC:ChainF:VAL6	-110.186101	153.330336	General
5HAC:ChainF:GLN7	-74.358011	-50.661141	General
5HAC:ChainF:PHE8	-110.348243	113.990662	General
5HAC:ChainF:ALA9	-63.052639	-20.506575	General
5HAC:ChainF:SER10	-47.720730	-34.963284	General
5HAC:ChainF:LEU11	-57.412187	-55.042032	General
5HAC:ChainF:TRP12	-61.318166	-43.918073	General
5HAC:ChainF:LYS13	-51.848951	-56.937718	General
5HAC:ChainF:ARG14	-63.957292	-33.259332	General
5HAC:ChainF:LEU15	-68.913831	-55.704920	General
5HAC:ChainF:VAL16	-56.315964	-47.650743	General
5HAC:ChainF:GLU17	-41.845197	-56.721855	General
5HAC:ChainF:CYS18	-49.373348	-57.138331	General
5HAC:ChainF:ILE19	-77.489459	-32.468071	General
5HAC:ChainF:ASN20	-59.660800	-30.652455	General
5HAC:ChainF:GLY21	-51.470064	-30.257703	Glycine
5HAC:ChainF:LEU22	-98.835352	-38.540598	General
5HAC:ChainF:VAL23	-144.709078	155.616041	General
5HAC:ChainF:ASN24	-106.447804	-2.090236	General
5HAC:ChainF:GLU25	-150.282188	145.813775	General
5HAC:ChainF:ALA26	-160.054001	157.463703	General
5HAC:ChainF:ASN27	-91.872909	140.064505	General
5HAC:ChainF:PHE28	-114.836646	81.744748	General
5HAC:ChainF:ASP29	-47.182478	116.132660	General
5HAC:ChainF:CYS30	-111.683161	107.825398	General
5HAC:ChainF:ASN31	-97.053531	176.560423	Pre-Pro
5HAC:ChainF:PRO32	-73.613048	-17.985137	Proline
5HAC:ChainF:GLY33	-68.622898	-17.890971	Glycine
5HAC:ChainF:GLY34	133.088842	-177.726157	Glycine
5HAC:ChainF:LEU35	-89.275804	131.037791	General
5HAC:ChainF:SER36	-123.851477	153.637519	General
5HAC:ChainF:VAL37	-130.554019	129.109666	General
5HAC:ChainF:GLN38	-134.994365	126.508618	General
5HAC:ChainF:ALA39	-163.910960	153.928874	General
5HAC:ChainF:MET40	-130.431589	147.199780	General
5HAC:ChainF:ASP41	-72.949731	157.833766	General
5HAC:ChainF:SER42	-55.740259	-27.695094	General
5HAC:ChainF:SER43	-87.613895	8.732568	General
5HAC:ChainF:HIS44	49.338607	39.187724	General
5HAC:ChainF:VAL45	-106.385827	-26.639894	General
5HAC:ChainF:ALA46	-142.000154	146.367828	General
5HAC:ChainF:LEU47	-135.460404	132.177972	General
5HAC:ChainF:VAL48	-105.207148	136.616322	General
5HAC:ChainF:HIS49	-131.075279	117.084494	General
5HAC:ChainF:MET50	-120.110925	136.703393	General
5HAC:ChainF:LEU51	-132.499484	126.053462	General
5HAC:ChainF:LEU52	-111.061175	102.370248	General
5HAC:ChainF:ARG53	-52.188406	154.613354	General
5HAC:ChainF:ASP54	-61.759903	-29.528018	General
5HAC:ChainF:ASP55	-67.993703	-9.470173	General
5HAC:ChainF:CYS56	-68.106586	-22.827477	General
5HAC:ChainF:PHE57	-107.966272	142.493184	General
5HAC:ChainF:VAL58	-61.753355	-27.999236	General
5HAC:ChainF:LYS59	-152.942017	129.676857	General
5HAC:ChainF:TYR60	-143.889779	138.929584	General
5HAC:ChainF:GLN61	-157.517923	95.937650	General
5HAC:ChainF:CYS62	-130.982313	72.116032	General
5HAC:ChainF:GLY63	-40.494625	-73.728023	Glycine
5HAC:ChainF:ARG64	-93.690271	175.867072	General
5HAC:ChainF:ASN65	-98.126340	89.304247	General
5HAC:ChainF:SER66	-86.388200	152.989768	General
5HAC:ChainF:ILE67	-115.661955	132.195510	General
5HAC:ChainF:LEU68	-126.144155	115.939865	General
5HAC:ChainF:GLY69	-81.131140	138.921486	Glycine
5HAC:ChainF:LEU70	-140.798766	142.215559	General
5HAC:ChainF:ASN71	-79.958477	111.388011	General
5HAC:ChainF:LEU72	-70.774443	-32.341624	General
5HAC:ChainF:ALA73	-53.189504	-59.258112	General
5HAC:ChainF:SER74	-57.432691	-48.712195	General
5HAC:ChainF:LEU75	-54.198643	-44.136347	General
5HAC:ChainF:SER76	-59.987466	-45.912702	General
5HAC:ChainF:LYS77	-56.264480	-36.980814	General
5HAC:ChainF:VAL78	-75.030322	-47.510562	General
5HAC:ChainF:LEU79	-63.247175	-29.121589	General
5HAC:ChainF:LYS80	-56.870424	-33.143292	General
5HAC:ChainF:ILE81	-90.138350	1.484673	General
5HAC:ChainF:VAL82	-96.231774	128.843808	General
5HAC:ChainF:ASP83	-61.820845	127.164355	General
5HAC:ChainF:SER84	-30.039439	-51.270111	General
5HAC:ChainF:ASN85	-96.601236	1.246015	General
5HAC:ChainF:ASP86	-77.364694	155.678107	General
5HAC:ChainF:SER87	-69.631361	161.499324	General
5HAC:ChainF:LEU88	-151.367821	101.877281	General
5HAC:ChainF:SER89	-95.304616	115.892943	General
5HAC:ChainF:LEU90	-94.086381	123.769111	General
5HAC:ChainF:ARG91	-136.230606	140.292283	General
5HAC:ChainF:HIS92	-141.346924	140.899042	General
5HAC:ChainF:ASP93	-107.733560	176.464339	General
5HAC:ChainF:ASP94	-65.246087	-65.544558	General
5HAC:ChainF:ASP95	-67.632917	165.142421	General
5HAC:ChainF:SER96	166.341170	178.774825	General
5HAC:ChainF:ASP97	-147.622955	23.530984	General
5HAC:ChainF:VAL98	-159.210766	135.170725	General
5HAC:ChainF:VAL99	-105.876872	149.280624	General
5HAC:ChainF:THR100	-127.207909	132.740722	General
5HAC:ChainF:LEU101	-105.193478	130.622361	General
5HAC:ChainF:THR102	-130.735259	125.011706	General
5HAC:ChainF:SER103	-120.097745	145.449192	General
5HAC:ChainF:GLU104	-150.128624	138.622694	General
5HAC:ChainF:ASN105	-63.658518	159.032486	Pre-Pro
5HAC:ChainF:PRO106	-52.723252	-46.108786	Proline
5HAC:ChainF:GLU107	-82.446884	9.007572	General
5HAC:ChainF:LYS108	57.076330	12.894709	General
5HAC:ChainF:THR109	-86.235370	-15.513861	General
5HAC:ChainF:ARG110	-129.823059	137.817309	General
5HAC:ChainF:LYS111	-138.656793	130.707781	General
5HAC:ChainF:CYS112	-117.754171	141.447160	General
5HAC:ChainF:GLU113	-143.016613	117.762369	General
5HAC:ChainF:TYR114	-112.846147	144.995408	General
5HAC:ChainF:GLN115	-127.325328	124.983186	General
5HAC:ChainF:LEU116	-110.877413	131.549707	General
5HAC:ChainF:LYS117	-65.071555	142.030604	General
5HAC:ChainF:LEU118	-107.757225	163.858678	General
5HAC:ChainF:LEU119	-116.778322	157.188593	General
5HAC:ChainF:GLU120	-91.267862	101.909852	General
5HAC:ChainF:ILE121	-106.848833	131.958834	General
5HAC:ChainF:GLU122	-79.344881	-178.035286	General
5HAC:ChainF:ALA123	-71.765432	164.797575	General
5HAC:ChainF:GLU124	-130.637371	172.697957	General
5HAC:ChainF:SER125	80.303837	27.511103	General
5HAC:ChainF:MET126	-62.767547	-46.604636	General
5HAC:ChainF:GLY127	-126.518796	-4.350219	Glycine
5HAC:ChainF:ILE128	-176.501183	140.408578	Pre-Pro
5HAC:ChainF:PRO129	-93.843153	165.189735	Proline
5HAC:ChainF:GLU130	-137.699603	-166.358398	General
5HAC:ChainF:MET131	-128.224132	-39.643582	General
5HAC:ChainF:ASP132	-68.584055	90.078249	General
5HAC:ChainF:TYR133	-90.735719	95.228744	General
5HAC:ChainF:ARG134	-49.140877	-61.560551	General
5HAC:ChainF:SER135	-116.087056	146.877812	General
5HAC:ChainF:THR136	-147.791845	123.942174	General
5HAC:ChainF:VAL137	-125.203250	142.279757	General
5HAC:ChainF:THR138	-134.178561	135.616786	General
5HAC:ChainF:LEU139	-157.214826	171.630378	General
5HAC:ChainF:ASN140	-60.694897	129.658219	General
5HAC:ChainF:SER141	-57.317623	-42.727711	General
5HAC:ChainF:ALA142	-75.712601	-30.093132	General
5HAC:ChainF:GLU143	-66.121858	-44.888352	General
5HAC:ChainF:PHE144	-54.917556	-48.102683	General
5HAC:ChainF:ALA145	-58.361353	-48.235442	General
5HAC:ChainF:LYS146	-54.571190	-54.693416	General
5HAC:ChainF:ILE147	-50.992947	-45.711318	General
5HAC:ChainF:VAL148	-63.315020	-53.992951	General
5HAC:ChainF:ARG149	-47.940193	-45.429406	General
5HAC:ChainF:ASP150	-57.567191	-62.711359	General
5HAC:ChainF:MET151	-50.213336	-27.072742	General
5HAC:ChainF:GLN152	-72.015501	-15.233268	General
5HAC:ChainF:VAL153	-66.719506	-25.048897	General
5HAC:ChainF:PHE154	-90.245693	-65.233070	General
5HAC:ChainF:GLY155	-127.279668	-167.078858	Glycine
5HAC:ChainF:ASP156	-115.334502	10.675155	General
5HAC:ChainF:THR157	-135.745357	130.406256	General
5HAC:ChainF:VAL158	-110.609232	140.880386	General
5HAC:ChainF:THR159	-114.243095	120.325566	General
5HAC:ChainF:ILE160	-106.873150	121.905670	General
5HAC:ChainF:ALA161	-117.378863	123.442525	General
5HAC:ChainF:ILE162	-109.700761	132.749069	General
5HAC:ChainF:SER163	-137.972093	159.316590	General
5HAC:ChainF:LYS164	-60.267736	135.453542	General
5HAC:ChainF:GLU165	92.950527	-18.548761	General
5HAC:ChainF:GLY166	165.870642	-174.262174	Glycine
5HAC:ChainF:VAL167	-131.708997	139.157497	General
5HAC:ChainF:LYS168	-125.076044	116.141188	General
5HAC:ChainF:PHE169	-96.665466	130.330715	General
5HAC:ChainF:SER170	-136.221550	146.027552	General
5HAC:ChainF:SER171	-152.682693	156.797592	General
5HAC:ChainF:SER172	-137.837280	157.804161	General
5HAC:ChainF:GLY173	169.874007	-164.266757	Glycine
5HAC:ChainF:ASP174	-59.666369	-53.691705	General
5HAC:ChainF:VAL175	-50.284777	-37.576990	General
5HAC:ChainF:GLY176	151.416117	-128.827720	Glycine
5HAC:ChainF:GLN177	-142.300987	132.881150	General
5HAC:ChainF:GLY178	-126.253501	155.268439	Glycine
5HAC:ChainF:TYR179	-146.039893	154.010783	General
5HAC:ChainF:THR180	-125.441899	127.832699	General
5HAC:ChainF:PHE181	-113.391741	130.904061	General
5HAC:ChainF:LEU182	-113.645078	125.552340	General
5HAC:ChainF:GLN183	-93.614959	152.754574	General
5HAC:ChainF:ALA184	91.267101	141.763687	General
5HAC:ChainF:ALA185	-134.341430	157.447632	General
5HAC:ChainF:GLY186	-132.352168	158.464283	Glycine
5HAC:ChainF:VAL187	54.864134	39.274606	General
5HAC:ChainF:SER188	-64.742934	141.739215	General
5HAC:ChainF:ASP189	-116.067623	130.103272	General
5HAC:ChainF:VAL228	-128.538986	105.948267	General
5HAC:ChainF:GLU229	-83.154156	83.402793	General
5HAC:ChainF:VAL230	-72.904544	146.269010	General
5HAC:ChainF:THR231	-159.064047	73.865393	General
5HAC:ChainF:MET232	-91.044417	176.882383	General
5HAC:ChainF:GLU233	-119.501122	-42.106500	General
5HAC:ChainF:GLU234	-135.423085	171.283361	Pre-Pro
5HAC:ChainF:PRO235	-63.043132	146.667296	Proline
5HAC:ChainF:ILE236	-158.514704	135.435459	General
5HAC:ChainF:THR237	-140.753318	111.358304	General
5HAC:ChainF:LEU238	-122.363580	162.346906	General
5HAC:ChainF:SER239	-121.205531	155.269213	General
5HAC:ChainF:PHE240	-148.183816	154.620706	General
5HAC:ChainF:ALA241	-72.998701	120.709762	General
5HAC:ChainF:LEU242	-67.496724	-33.064893	General
5HAC:ChainF:ARG243	-41.034732	-49.535152	General
5HAC:ChainF:PHE244	-79.663938	-44.044402	General
5HAC:ChainF:MET245	-51.552802	-37.536129	General
5HAC:ChainF:GLY246	-62.741827	-47.729881	Glycine
5HAC:ChainF:ILE247	-57.650142	-39.561567	General
5HAC:ChainF:PHE248	-68.656783	-43.417646	General
5HAC:ChainF:ALA249	-61.601104	-19.689281	General
5HAC:ChainF:LYS250	-46.681489	-24.362716	General
5HAC:ChainF:GLY251	-52.771737	-25.668270	Glycine
5HAC:ChainF:SER252	-56.533880	-23.245624	General
5HAC:ChainF:THR253	-62.490169	-14.627685	General
5HAC:ChainF:LEU254	-110.046692	-26.016056	General
5HAC:ChainF:SER255	-145.789973	133.790455	General
5HAC:ChainF:GLU256	-63.050259	-33.001833	General
5HAC:ChainF:ARG257	-114.310543	164.614111	General
5HAC:ChainF:VAL258	-144.759175	145.793674	General
5HAC:ChainF:THR259	-123.378071	133.557593	General
5HAC:ChainF:LEU260	-114.027548	133.786095	General
5HAC:ChainF:LYS261	-123.364942	140.456966	General
5HAC:ChainF:PHE262	-133.926406	159.169807	General
5HAC:ChainF:ALA263	-154.776633	140.318373	General
5HAC:ChainF:LYS264	-53.233620	141.046806	General
5HAC:ChainF:ASP265	40.761557	34.052310	General
5HAC:ChainF:SER266	-136.458106	137.972619	Pre-Pro
5HAC:ChainF:PRO267	-40.059733	120.383935	Proline
5HAC:ChainF:CYS268	-68.927152	172.372776	General
5HAC:ChainF:MET269	-140.478884	141.544686	General
5HAC:ChainF:VAL270	-124.405217	126.323163	General
5HAC:ChainF:GLU271	-121.142496	133.421062	General
5HAC:ChainF:TYR272	-122.243577	115.008438	General
5HAC:ChainF:GLY273	-75.852460	136.316724	Glycine
5HAC:ChainF:ILE274	-94.089033	94.801312	General
5HAC:ChainF:ASP275	44.530447	30.469510	General
5HAC:ChainF:ASN276	65.963354	-18.225629	General
5HAC:ChainF:VAL277	-84.634674	10.380320	General
5HAC:ChainF:GLY278	169.509597	-173.026253	Glycine
5HAC:ChainF:TYR279	-148.654297	159.156686	General
5HAC:ChainF:LEU280	-119.329362	124.252860	General
5HAC:ChainF:ARG281	-132.264300	127.902922	General
5HAC:ChainF:TYR282	-115.256632	147.142736	General
5HAC:ChainF:TYR283	-131.467655	140.289498	General
5HAC:ChainF:LEU284	-140.479908	132.355095	General
5HAC:ChainF:ALA285	-62.480696	141.376032	Pre-Pro
5HAC:ChainF:PRO286	-72.756472	161.376421	Proline
5HAC:ChainF:LYS287	-102.294073	160.177999	General
5HAC:ChainF:VAL288	-103.134044	61.072956	General
