5HEK:ChainA:ILE2	-127.461331	125.996661	General
5HEK:ChainA:GLN3	-136.606575	120.650811	General
5HEK:ChainA:ILE4	-122.491131	151.686803	General
5HEK:ChainA:TYR5	-126.891055	144.689778	General
5HEK:ChainA:HIS6	-101.631297	106.327178	General
5HEK:ChainA:ALA7	-168.320046	176.805977	General
5HEK:ChainA:ASP8	-95.571492	124.256564	General
5HEK:ChainA:ALA9	-59.012050	-24.652462	General
5HEK:ChainA:PHE10	-89.365407	6.473849	General
5HEK:ChainA:GLU11	-121.801608	-57.024657	General
5HEK:ChainA:ILE12	-54.582749	-22.414178	General
5HEK:ChainA:ILE13	-58.596147	-33.873019	General
5HEK:ChainA:LYS14	-66.936734	-37.313164	General
5HEK:ChainA:ASP15	-65.243793	-34.331462	General
5HEK:ChainA:PHE16	-67.836219	-29.107021	General
5HEK:ChainA:TYR17	-69.148225	-39.054488	General
5HEK:ChainA:GLN18	-70.235043	-32.038333	General
5HEK:ChainA:GLN19	-84.256047	-5.547177	General
5HEK:ChainA:ASN20	42.984619	61.605249	General
5HEK:ChainA:LEU21	-77.134420	143.319104	General
5HEK:ChainA:LYS22	-127.764949	128.555618	General
5HEK:ChainA:VAL23	-121.588986	151.123141	General
5HEK:ChainA:ASP24	-82.439907	-40.717148	General
5HEK:ChainA:ALA25	-146.197022	139.800945	General
5HEK:ChainA:ILE26	-104.568509	112.888381	General
5HEK:ChainA:ILE27	-120.492233	108.895405	General
5HEK:ChainA:THR28	-151.510627	166.022873	General
5HEK:ChainA:ASP29	-127.706608	91.256693	Pre-Pro
5HEK:ChainA:PRO30	-58.827436	159.471838	Proline
5HEK:ChainA:PRO31	-75.307408	174.000210	Proline
5HEK:ChainA:TYR32	51.979569	-111.891708	General
5HEK:ChainA:ASN59	-100.959045	102.169600	General
5HEK:ChainA:PHE60	-134.195303	-60.785717	General
5HEK:ChainA:LYS61	51.298093	70.080885	General
5HEK:ChainA:LEU62	-114.519636	91.449672	General
5HEK:ChainA:LEU63	-101.275537	-5.268001	General
5HEK:ChainA:GLU64	-75.401365	-28.845142	General
5HEK:ChainA:TRP65	-59.227437	-32.988707	General
5HEK:ChainA:ILE66	-60.181032	-52.413149	General
5HEK:ChainA:ALA67	-62.513712	-31.641629	General
5HEK:ChainA:ARG68	-80.986394	-38.440997	General
5HEK:ChainA:TYR69	-92.941648	-11.387969	General
5HEK:ChainA:ALA70	-57.722770	-37.689951	Pre-Pro
5HEK:ChainA:PRO71	-61.735217	-18.295292	Proline
5HEK:ChainA:LEU72	-72.867233	-17.319598	General
5HEK:ChainA:VAL73	-81.223808	132.248224	General
5HEK:ChainA:ASN74	-59.918856	155.897478	Pre-Pro
5HEK:ChainA:PRO75	-51.554783	-31.226144	Proline
5HEK:ChainA:ASN76	-98.270899	3.479126	General
5HEK:ChainA:GLY77	-76.520640	171.993716	Glycine
5HEK:ChainA:CYS78	-133.220681	176.978687	General
5HEK:ChainA:MET79	-132.113397	145.552528	General
5HEK:ChainA:VAL80	-130.364212	113.094345	General
5HEK:ChainA:ILE81	-120.227042	114.204997	General
5HEK:ChainA:PHE82	-67.021198	136.882311	General
5HEK:ChainA:CYS83	-160.506821	-177.497065	General
5HEK:ChainA:SER84	-103.860309	149.275898	General
5HEK:ChainA:TYR85	-64.062960	-12.239665	General
5HEK:ChainA:ARG86	-84.145530	-1.998765	General
5HEK:ChainA:PHE87	-128.393902	-44.839150	General
5HEK:ChainA:ILE88	-38.297665	-36.251797	General
5HEK:ChainA:SER89	-63.941172	-40.166416	General
5HEK:ChainA:TYR90	-66.389548	-48.335432	General
5HEK:ChainA:ILE91	-59.849414	-46.289273	General
5HEK:ChainA:ALA92	-62.190720	-48.549101	General
5HEK:ChainA:ASP93	-60.501328	-40.127217	General
5HEK:ChainA:PHE94	-64.723964	-42.222700	General
5HEK:ChainA:LEU95	-56.806637	-45.641532	General
5HEK:ChainA:GLU96	-74.414475	-9.533128	General
5HEK:ChainA:GLU97	-87.080820	-22.949537	General
5HEK:ChainA:ASN98	-99.758320	8.663528	General
5HEK:ChainA:GLY99	102.491650	17.637414	Glycine
5HEK:ChainA:PHE100	-114.262503	156.893299	General
5HEK:ChainA:VAL101	-112.766119	121.053342	General
5HEK:ChainA:VAL102	-78.572555	115.984501	General
5HEK:ChainA:LYS103	-85.062967	-50.315851	General
5HEK:ChainA:ASP104	-164.960282	-175.768772	General
5HEK:ChainA:PHE105	-122.254628	148.243113	General
5HEK:ChainA:ILE106	-122.667268	160.190712	General
5HEK:ChainA:GLN107	-144.105670	160.874281	General
5HEK:ChainA:TRP108	-145.016894	144.473627	General
5HEK:ChainA:VAL109	-114.476911	143.434880	General
5HEK:ChainA:LYS110	-98.390611	137.867842	General
5HEK:ChainA:ASN111	-82.782779	-21.397538	General
5HEK:ChainA:ASN112	-123.572542	94.999222	Pre-Pro
5HEK:ChainA:PRO113	-75.206274	-179.836564	Proline
5HEK:ChainA:MET114	-63.735429	-36.243633	Pre-Pro
5HEK:ChainA:PRO115	-69.544060	-45.991621	Proline
5HEK:ChainA:ARG116	-93.540936	-74.495251	General
5HEK:ChainA:ASN117	-89.533950	104.798405	General
5HEK:ChainA:ILE118	-94.352697	-15.321201	General
5HEK:ChainA:HIS119	-86.180774	-23.192922	General
5HEK:ChainA:ARG120	-106.282196	-5.561735	General
5HEK:ChainA:ARG121	-159.769275	161.675589	General
5HEK:ChainA:TYR122	-71.016822	153.472567	General
5HEK:ChainA:VAL123	-83.249626	142.552835	General
5HEK:ChainA:GLN124	-92.323542	101.754696	General
5HEK:ChainA:ASP125	-98.329220	-10.699967	General
5HEK:ChainA:THR126	-114.798380	134.017674	General
5HEK:ChainA:GLU127	-120.276403	150.200462	General
5HEK:ChainA:PHE128	-115.571571	157.700548	General
5HEK:ChainA:ALA129	-141.348590	146.433786	General
5HEK:ChainA:LEU130	-97.665939	139.172160	General
5HEK:ChainA:TRP131	-118.536557	116.490399	General
5HEK:ChainA:ALA132	-130.810032	152.981779	General
5HEK:ChainA:VAL133	-124.825460	163.763388	General
5HEK:ChainA:LYS134	-63.430645	155.857573	General
5HEK:ChainA:LYS135	-58.895591	-62.585421	General
5HEK:ChainA:LYS136	-92.821752	10.122334	General
5HEK:ChainA:ALA137	-51.159980	143.670742	General
5HEK:ChainA:LYS138	-97.922365	104.403170	General
5HEK:ChainA:TRP139	-91.497562	179.386146	General
5HEK:ChainA:VAL140	-88.789325	-63.514429	General
5HEK:ChainA:PHE141	56.454748	-100.899681	General
5HEK:ChainA:ASN142	83.521340	-0.065032	General
5HEK:ChainA:LYS143	40.296556	90.287098	Pre-Pro
5HEK:ChainA:PRO144	-49.919623	-56.985482	Proline
5HEK:ChainA:LYS145	-138.613992	-65.918937	General
5HEK:ChainA:ASN146	-108.138259	-17.167996	General
5HEK:ChainA:GLU147	-106.015816	149.689077	General
5HEK:ChainA:LYS148	-109.072076	152.534314	General
5HEK:ChainA:TYR149	-91.041727	-170.035141	General
5HEK:ChainA:LEU150	-92.287555	-6.336104	General
5HEK:ChainA:ARG151	-130.022871	92.794003	Pre-Pro
5HEK:ChainA:PRO152	-50.314068	-38.725054	Proline
5HEK:ChainA:LEU153	-135.757327	149.286274	General
5HEK:ChainA:ILE154	-94.846743	-17.057905	General
5HEK:ChainA:LEU155	46.256507	-161.474658	General
5HEK:ChainA:LYS156	-137.643860	-64.020382	General
5HEK:ChainA:SER157	-51.046791	121.600481	Pre-Pro
5HEK:ChainA:PRO158	-91.136096	179.048854	Proline
5HEK:ChainA:LYS172	-117.413397	156.036876	General
5HEK:ChainA:SER173	-73.447390	136.506681	General
5HEK:ChainA:LEU174	-62.622556	-38.468051	General
5HEK:ChainA:ALA175	-61.510301	-39.020816	General
5HEK:ChainA:LEU176	-60.004786	-54.343351	General
5HEK:ChainA:MET177	-62.078500	-37.025840	General
5HEK:ChainA:GLU178	-61.498447	-38.005087	General
5HEK:ChainA:LYS179	-76.549984	-37.469748	General
5HEK:ChainA:ILE180	-59.851624	-50.297138	General
5HEK:ChainA:ILE181	-68.739192	-32.852628	General
5HEK:ChainA:SER182	-62.115557	-36.814289	General
5HEK:ChainA:ILE183	-75.174876	-72.195039	General
5HEK:ChainA:HIS184	-80.178461	1.476114	General
5HEK:ChainA:THR185	-131.698425	161.269406	General
5HEK:ChainA:ASN186	-111.084733	160.867959	Pre-Pro
5HEK:ChainA:PRO187	-45.851694	-45.185494	Proline
5HEK:ChainA:ASN188	-100.099115	5.783069	General
5HEK:ChainA:ASP189	-61.054285	152.291665	General
5HEK:ChainA:ILE190	-97.967321	118.160628	General
5HEK:ChainA:VAL191	-103.200425	134.876241	General
5HEK:ChainA:LEU192	-120.911444	129.347530	General
5HEK:ChainA:ASP193	-127.753679	89.150868	Pre-Pro
5HEK:ChainA:PRO194	-59.167040	-29.605040	Proline
5HEK:ChainA:PHE195	-119.592196	97.964378	General
5HEK:ChainA:MET196	-96.247481	-12.016488	General
5HEK:ChainA:GLY197	54.052674	-124.014548	Glycine
5HEK:ChainA:SER198	-65.355765	-2.262936	General
5HEK:ChainA:GLY199	89.367185	-138.244066	Glycine
5HEK:ChainA:THR200	78.559629	-22.552298	General
5HEK:ChainA:THR201	-83.897612	-43.005174	General
5HEK:ChainA:GLY202	-67.818599	-39.650729	Glycine
5HEK:ChainA:LEU203	-65.906825	-41.328163	General
5HEK:ChainA:ALA204	-60.902205	-44.845178	General
5HEK:ChainA:CYS205	-59.903350	-36.445876	General
5HEK:ChainA:LYS206	-68.373963	-47.012557	General
5HEK:ChainA:ASN207	-63.848645	-30.572353	General
5HEK:ChainA:LEU208	-95.344024	2.914957	General
5HEK:ChainA:GLU209	61.335270	41.612146	General
5HEK:ChainA:ARG210	-101.994800	12.098798	General
5HEK:ChainA:ASN211	62.512404	75.321880	General
5HEK:ChainA:PHE212	-86.381089	145.248300	General
5HEK:ChainA:ILE213	-128.441352	140.605374	General
5HEK:ChainA:GLY214	-150.277163	158.640255	Glycine
5HEK:ChainA:ILE215	-130.971158	139.162883	General
5HEK:ChainA:GLU216	-141.860526	134.584420	General
5HEK:ChainA:SER217	-79.907020	-47.001316	General
5HEK:ChainA:GLU218	-86.763224	139.607123	General
5HEK:ChainA:LYS219	-68.486368	-37.575117	General
5HEK:ChainA:GLU220	-62.998764	-45.897131	General
5HEK:ChainA:TYR221	-66.878197	-35.873203	General
5HEK:ChainA:PHE222	-61.340247	-46.872266	General
5HEK:ChainA:GLN223	-66.791796	-33.529991	General
5HEK:ChainA:THR224	-64.783507	-43.331453	General
5HEK:ChainA:ALA225	-67.002053	-38.224785	General
5HEK:ChainA:LYS226	-69.516960	-35.034847	General
5HEK:ChainA:LYS227	-76.394849	-37.171195	General
5HEK:ChainA:ARG228	-63.021514	-32.181742	General
5HEK:ChainA:LEU229	-94.422623	10.101452	General
5HEK:ChainA:ASN230	63.643369	-111.076406	General
5HEK:ChainA:LEU231	65.336990	-124.120927	General
5HEK:ChainB:ILE2	-128.246901	127.340001	General
5HEK:ChainB:GLN3	-135.954963	122.989327	General
5HEK:ChainB:ILE4	-122.348901	150.901297	General
5HEK:ChainB:TYR5	-128.653849	146.288591	General
5HEK:ChainB:HIS6	-102.228930	103.624086	General
5HEK:ChainB:ALA7	-170.909660	177.367072	General
5HEK:ChainB:ASP8	-94.155404	126.300835	General
5HEK:ChainB:ALA9	-59.203436	-23.621661	General
5HEK:ChainB:PHE10	-88.749005	3.887147	General
5HEK:ChainB:GLU11	-122.428117	-55.950767	General
5HEK:ChainB:ILE12	-53.009693	-20.188094	General
5HEK:ChainB:ILE13	-57.488526	-34.026915	General
5HEK:ChainB:LYS14	-67.849671	-35.763346	General
5HEK:ChainB:ASP15	-63.100097	-31.684396	General
5HEK:ChainB:PHE16	-70.328156	-30.601326	General
5HEK:ChainB:TYR17	-71.578644	-34.832290	General
5HEK:ChainB:GLN18	-70.118817	-35.544890	General
5HEK:ChainB:GLN19	-83.181834	-3.781193	General
5HEK:ChainB:ASN20	45.626509	63.262647	General
5HEK:ChainB:LEU21	-79.623861	142.036291	General
5HEK:ChainB:LYS22	-131.313933	129.878634	General
5HEK:ChainB:VAL23	-120.939769	150.307883	General
5HEK:ChainB:ASP24	-83.143503	-41.833391	General
5HEK:ChainB:ALA25	-144.961194	136.522652	General
5HEK:ChainB:ILE26	-106.753450	115.426341	General
5HEK:ChainB:ILE27	-120.962857	112.611335	General
5HEK:ChainB:THR28	-151.659199	160.404224	General
5HEK:ChainB:ASP29	-130.841705	87.656687	Pre-Pro
5HEK:ChainB:PRO30	-61.133525	152.104016	Proline
5HEK:ChainB:PHE60	57.225870	-95.641279	General
5HEK:ChainB:LYS61	-51.613965	-14.856061	General
5HEK:ChainB:LEU62	-67.330139	-24.363600	General
5HEK:ChainB:LEU63	-90.662921	-24.154622	General
5HEK:ChainB:GLU64	-80.141861	-32.650379	General
5HEK:ChainB:TRP65	-62.473649	-31.987473	General
5HEK:ChainB:ILE66	-58.168191	-53.405746	General
5HEK:ChainB:ALA67	-60.915591	-33.209873	General
5HEK:ChainB:ARG68	-83.153076	-33.765087	General
5HEK:ChainB:TYR69	-91.855045	-12.413117	General
5HEK:ChainB:ALA70	-61.016098	-40.328393	Pre-Pro
5HEK:ChainB:PRO71	-62.649534	-18.915423	Proline
5HEK:ChainB:LEU72	-70.991030	-15.493945	General
5HEK:ChainB:VAL73	-81.857360	131.935647	General
5HEK:ChainB:ASN74	-60.911659	156.385768	Pre-Pro
5HEK:ChainB:PRO75	-50.005140	-33.329783	Proline
5HEK:ChainB:ASN76	-96.819503	4.167585	General
5HEK:ChainB:GLY77	-79.079575	168.457650	Glycine
5HEK:ChainB:CYS78	-133.094676	178.656008	General
5HEK:ChainB:MET79	-134.250099	145.005794	General
5HEK:ChainB:VAL80	-126.890438	113.463285	General
5HEK:ChainB:ILE81	-119.510806	114.484413	General
5HEK:ChainB:PHE82	-67.095264	136.231883	General
5HEK:ChainB:CYS83	-157.534776	-177.108490	General
5HEK:ChainB:SER84	-105.119675	151.027441	General
5HEK:ChainB:TYR85	-64.413687	-13.448880	General
5HEK:ChainB:ARG86	-85.724355	-2.754945	General
5HEK:ChainB:PHE87	-128.350292	-46.845385	General
5HEK:ChainB:ILE88	-40.517764	-37.329386	General
5HEK:ChainB:SER89	-62.842063	-37.649128	General
5HEK:ChainB:TYR90	-67.867567	-50.977989	General
5HEK:ChainB:ILE91	-60.307092	-44.256367	General
5HEK:ChainB:ALA92	-62.089668	-51.145329	General
5HEK:ChainB:ASP93	-61.063805	-38.123572	General
5HEK:ChainB:PHE94	-64.409821	-40.855673	General
5HEK:ChainB:LEU95	-57.579267	-42.483221	General
5HEK:ChainB:GLU96	-74.299622	-13.522925	General
5HEK:ChainB:GLU97	-88.848829	-17.992678	General
5HEK:ChainB:ASN98	-97.070524	9.181379	General
5HEK:ChainB:GLY99	100.800050	15.827603	Glycine
5HEK:ChainB:PHE100	-114.327817	155.856959	General
5HEK:ChainB:VAL101	-114.226068	123.561750	General
5HEK:ChainB:VAL102	-77.571686	117.587979	General
5HEK:ChainB:LYS103	-90.251545	-56.228331	General
5HEK:ChainB:ASP104	-161.393167	-176.748157	General
5HEK:ChainB:PHE105	-124.716431	147.631988	General
5HEK:ChainB:ILE106	-122.895483	158.869017	General
5HEK:ChainB:GLN107	-145.501610	160.879208	General
5HEK:ChainB:TRP108	-145.530671	152.925392	General
5HEK:ChainB:VAL109	-109.692620	142.485893	General
5HEK:ChainB:LYS110	-98.617860	136.797417	General
5HEK:ChainB:ASN111	-83.579287	-23.023935	General
5HEK:ChainB:ASN112	-126.632898	85.640095	Pre-Pro
5HEK:ChainB:PRO113	-81.082304	-177.312740	Proline
5HEK:ChainB:MET114	-177.578351	135.201464	Pre-Pro
5HEK:ChainB:ILE118	-97.489862	-14.399495	General
5HEK:ChainB:HIS119	-62.935045	-26.522870	General
5HEK:ChainB:ARG120	-104.852971	-2.570285	General
5HEK:ChainB:ARG121	-156.027751	161.533881	General
5HEK:ChainB:TYR122	-68.530116	151.418514	General
5HEK:ChainB:VAL123	-78.709489	139.029337	General
5HEK:ChainB:GLN124	-93.306615	98.814419	General
5HEK:ChainB:ASP125	-99.165872	-12.316882	General
5HEK:ChainB:THR126	-112.562422	132.844443	General
5HEK:ChainB:GLU127	-118.282709	150.750195	General
5HEK:ChainB:PHE128	-115.681974	158.013120	General
5HEK:ChainB:ALA129	-141.672275	145.011597	General
5HEK:ChainB:LEU130	-98.000328	139.351660	General
5HEK:ChainB:TRP131	-120.155260	114.489265	General
5HEK:ChainB:ALA132	-129.064776	153.903088	General
5HEK:ChainB:VAL133	-124.056789	161.613922	General
5HEK:ChainB:LYS134	-67.487290	153.845074	General
5HEK:ChainB:LYS135	-61.030683	-58.380041	General
5HEK:ChainB:LYS136	-91.061388	8.122561	General
5HEK:ChainB:ALA137	-54.863371	146.708761	General
5HEK:ChainB:LYS138	-100.182572	106.613867	General
5HEK:ChainB:TRP139	-87.709055	-179.470389	General
5HEK:ChainB:VAL140	-84.913835	-63.862847	General
5HEK:ChainB:PHE141	55.482416	-101.819430	General
5HEK:ChainB:ASN142	71.988669	73.500337	General
5HEK:ChainB:LYS143	-79.767223	139.170992	Pre-Pro
5HEK:ChainB:PRO144	-56.888458	-173.412990	Proline
5HEK:ChainB:LYS145	-52.563267	-32.474662	General
5HEK:ChainB:ASN146	-88.569305	-86.573407	General
5HEK:ChainB:GLU147	178.628181	153.980326	General
5HEK:ChainB:LYS148	51.514498	-161.657577	General
5HEK:ChainB:TYR149	-178.778819	-163.535316	General
5HEK:ChainB:LEU150	91.360477	-14.525064	General
5HEK:ChainB:ARG151	-136.071024	88.905986	Pre-Pro
5HEK:ChainB:PRO152	-50.738514	-38.774770	Proline
5HEK:ChainB:LEU174	-60.729936	-40.248105	General
5HEK:ChainB:ALA175	-63.657032	-40.031641	General
5HEK:ChainB:LEU176	-61.001814	-54.094144	General
5HEK:ChainB:MET177	-61.801476	-35.443485	General
5HEK:ChainB:GLU178	-62.209462	-38.137906	General
5HEK:ChainB:LYS179	-78.234783	-37.774657	General
5HEK:ChainB:ILE180	-60.413446	-49.717078	General
5HEK:ChainB:ILE181	-68.336006	-34.427996	General
5HEK:ChainB:SER182	-61.848487	-36.392908	General
5HEK:ChainB:ILE183	-74.673391	-71.285397	General
5HEK:ChainB:HIS184	-81.070995	2.033313	General
5HEK:ChainB:THR185	-129.326629	163.623676	General
5HEK:ChainB:ASN186	-109.412337	160.689563	Pre-Pro
5HEK:ChainB:PRO187	-46.615063	-45.322421	Proline
5HEK:ChainB:ASN188	-99.596131	4.826976	General
5HEK:ChainB:ASP189	-63.060441	156.539033	General
5HEK:ChainB:ILE190	-100.905314	117.524962	General
5HEK:ChainB:VAL191	-103.450387	132.523441	General
5HEK:ChainB:LEU192	-117.600310	130.557340	General
5HEK:ChainB:ASP193	-127.743189	92.268203	Pre-Pro
5HEK:ChainB:PRO194	-60.073451	-30.939874	Proline
5HEK:ChainB:PHE195	-118.840133	98.386457	General
5HEK:ChainB:MET196	-96.091379	-13.762257	General
5HEK:ChainB:GLY197	54.140249	-122.904326	Glycine
5HEK:ChainB:SER198	-64.075673	-3.528700	General
5HEK:ChainB:GLY199	87.735524	-139.953551	Glycine
5HEK:ChainB:THR200	77.438954	-21.617172	General
5HEK:ChainB:THR201	-83.398387	-41.708377	General
5HEK:ChainB:GLY202	-68.869552	-40.230089	Glycine
5HEK:ChainB:LEU203	-63.772778	-39.929711	General
5HEK:ChainB:ALA204	-60.816324	-44.492540	General
5HEK:ChainB:CYS205	-60.905947	-36.575395	General
5HEK:ChainB:LYS206	-70.306829	-45.767032	General
5HEK:ChainB:ASN207	-63.255704	-31.479507	General
5HEK:ChainB:LEU208	-97.002703	3.328355	General
5HEK:ChainB:GLU209	61.610068	40.841305	General
5HEK:ChainB:ARG210	-102.828723	12.643460	General
5HEK:ChainB:ASN211	61.339297	76.686164	General
5HEK:ChainB:PHE212	-87.360441	146.316666	General
5HEK:ChainB:ILE213	-127.133027	140.300173	General
5HEK:ChainB:GLY214	-150.627105	157.105692	Glycine
5HEK:ChainB:ILE215	-130.116855	140.784920	General
5HEK:ChainB:GLU216	-141.368768	131.624468	General
5HEK:ChainB:SER217	-80.515570	-41.681445	General
5HEK:ChainB:GLU218	-81.190697	133.521999	General
5HEK:ChainB:LYS219	-73.470886	-34.966159	General
5HEK:ChainB:GLU220	-62.481260	-47.455446	General
5HEK:ChainB:TYR221	-68.602811	-36.321441	General
5HEK:ChainB:PHE222	-61.036882	-49.002313	General
5HEK:ChainB:GLN223	-67.464627	-25.699578	General
5HEK:ChainB:THR224	-64.375731	-48.821601	General
5HEK:ChainB:ALA225	-67.746476	-35.120491	General
5HEK:ChainB:LYS226	-68.339510	-35.791148	General
5HEK:ChainB:LYS227	-78.614755	-37.262926	General
5HEK:ChainB:ARG228	-62.793825	-28.515134	General
5HEK:ChainB:LEU229	-91.284665	-78.572401	General
5HEK:ChainB:ASN230	170.473774	161.595680	General
5HEK:ChainC:ILE2	-128.740709	129.481940	General
5HEK:ChainC:GLN3	-137.197348	121.762676	General
5HEK:ChainC:ILE4	-122.190514	154.595508	General
5HEK:ChainC:TYR5	-127.711789	144.025911	General
5HEK:ChainC:HIS6	-102.785820	103.594553	General
5HEK:ChainC:ALA7	-172.370266	177.602572	General
5HEK:ChainC:ASP8	-92.700679	125.073444	General
5HEK:ChainC:ALA9	-59.496869	-24.232294	General
5HEK:ChainC:PHE10	-87.216676	4.158951	General
5HEK:ChainC:GLU11	-123.278568	-57.316444	General
5HEK:ChainC:ILE12	-54.356012	-22.379191	General
5HEK:ChainC:ILE13	-58.231495	-33.810861	General
5HEK:ChainC:LYS14	-69.693974	-36.355802	General
5HEK:ChainC:ASP15	-62.636270	-31.139271	General
5HEK:ChainC:PHE16	-68.337475	-30.523386	General
5HEK:ChainC:TYR17	-69.283662	-37.039310	General
5HEK:ChainC:GLN18	-69.863872	-33.091138	General
5HEK:ChainC:GLN19	-82.264556	-4.642850	General
5HEK:ChainC:ASN20	44.768344	61.145681	General
5HEK:ChainC:LEU21	-83.342828	144.503119	General
5HEK:ChainC:LYS22	-132.216980	132.914556	General
5HEK:ChainC:VAL23	-121.435615	150.659066	General
5HEK:ChainC:ASP24	-80.969617	-42.208915	General
5HEK:ChainC:ALA25	-146.645898	139.445287	General
5HEK:ChainC:ILE26	-107.269756	113.820969	General
5HEK:ChainC:ILE27	-121.213886	112.628326	General
5HEK:ChainC:THR28	-151.876164	163.592424	General
5HEK:ChainC:ASP29	-130.229781	88.428525	Pre-Pro
5HEK:ChainC:PRO30	-60.930289	153.687815	Proline
5HEK:ChainC:LEU63	-89.117751	-30.686022	General
5HEK:ChainC:GLU64	-82.014227	-24.943918	General
5HEK:ChainC:TRP65	-59.517119	-32.983834	General
5HEK:ChainC:ILE66	-58.089118	-49.948922	General
5HEK:ChainC:ALA67	-60.915868	-35.222312	General
5HEK:ChainC:ARG68	-82.303957	-31.850138	General
5HEK:ChainC:TYR69	-91.514444	-9.812802	General
5HEK:ChainC:ALA70	-62.459408	-38.729353	Pre-Pro
5HEK:ChainC:PRO71	-62.223686	-18.746848	Proline
5HEK:ChainC:LEU72	-72.871837	-15.793463	General
5HEK:ChainC:VAL73	-82.270546	132.341489	General
5HEK:ChainC:ASN74	-62.023496	156.256831	Pre-Pro
5HEK:ChainC:PRO75	-52.851519	-34.415716	Proline
5HEK:ChainC:ASN76	-99.226011	4.545638	General
5HEK:ChainC:GLY77	-76.441090	167.003733	Glycine
5HEK:ChainC:CYS78	-135.571567	179.076938	General
5HEK:ChainC:MET79	-134.967331	145.201382	General
5HEK:ChainC:VAL80	-127.640857	113.161944	General
5HEK:ChainC:ILE81	-119.908638	115.585449	General
5HEK:ChainC:PHE82	-65.651465	138.216253	General
5HEK:ChainC:CYS83	-157.581295	178.876806	General
5HEK:ChainC:SER84	-105.110473	150.529380	General
5HEK:ChainC:TYR85	-62.614890	-11.941273	General
5HEK:ChainC:ARG86	-85.546402	-0.613719	General
5HEK:ChainC:PHE87	-129.049226	-44.977002	General
5HEK:ChainC:ILE88	-39.864332	-37.750830	General
5HEK:ChainC:SER89	-66.787783	-38.712069	General
5HEK:ChainC:TYR90	-67.730505	-51.649459	General
5HEK:ChainC:ILE91	-56.349407	-40.412995	General
5HEK:ChainC:ALA92	-61.689439	-50.313539	General
5HEK:ChainC:ASP93	-61.944041	-41.582609	General
5HEK:ChainC:PHE94	-63.061727	-40.823814	General
5HEK:ChainC:LEU95	-58.375687	-44.206899	General
5HEK:ChainC:GLU96	-72.883662	-12.596473	General
5HEK:ChainC:GLU97	-82.651042	-24.704801	General
5HEK:ChainC:ASN98	-99.558281	7.557390	General
5HEK:ChainC:GLY99	101.463198	17.257691	Glycine
5HEK:ChainC:PHE100	-113.280936	154.690466	General
5HEK:ChainC:VAL101	-112.453729	122.560476	General
5HEK:ChainC:VAL102	-77.528398	114.575664	General
5HEK:ChainC:LYS103	-85.329680	-49.360577	General
5HEK:ChainC:ASP104	-163.391158	-176.368724	General
5HEK:ChainC:PHE105	-124.396619	148.494660	General
5HEK:ChainC:ILE106	-122.556779	160.780690	General
5HEK:ChainC:GLN107	-145.205894	158.031853	General
5HEK:ChainC:TRP108	-147.115867	147.987513	General
5HEK:ChainC:VAL109	-110.562919	144.184729	General
5HEK:ChainC:LYS110	-100.119521	136.865580	General
5HEK:ChainC:ASN111	-83.930223	-21.180940	General
5HEK:ChainC:ASN112	-119.335319	104.398626	Pre-Pro
5HEK:ChainC:ARG116	-89.079640	-166.354789	General
5HEK:ChainC:ASN117	-63.014212	116.939007	General
5HEK:ChainC:ILE118	-95.347282	-13.596317	General
5HEK:ChainC:HIS119	-85.137367	-24.345092	General
5HEK:ChainC:ARG120	-104.986658	-4.773162	General
5HEK:ChainC:ARG121	-159.224719	160.576795	General
5HEK:ChainC:TYR122	-71.509863	151.970214	General
5HEK:ChainC:VAL123	-82.111488	141.944293	General
5HEK:ChainC:GLN124	-92.284406	101.948247	General
5HEK:ChainC:ASP125	-97.574838	-11.866566	General
5HEK:ChainC:THR126	-112.162550	130.888200	General
5HEK:ChainC:GLU127	-118.810505	150.083632	General
5HEK:ChainC:PHE128	-117.534619	156.368270	General
5HEK:ChainC:ALA129	-144.441324	145.252583	General
5HEK:ChainC:LEU130	-97.399171	138.721282	General
5HEK:ChainC:TRP131	-115.459583	115.216617	General
5HEK:ChainC:ALA132	-129.391359	151.843818	General
5HEK:ChainC:VAL133	-123.608476	162.289258	General
5HEK:ChainC:LYS134	-66.626542	154.165670	General
5HEK:ChainC:LYS135	-59.726846	-59.471380	General
5HEK:ChainC:LYS136	-91.289251	9.400429	General
5HEK:ChainC:ALA137	-53.085301	142.987340	General
5HEK:ChainC:LYS138	-98.946240	104.899494	General
5HEK:ChainC:TRP139	-89.282775	179.605754	General
5HEK:ChainC:VAL140	-86.910989	-62.455052	General
5HEK:ChainC:PHE141	55.878605	-99.871872	General
5HEK:ChainC:ASN142	74.119078	70.221791	General
5HEK:ChainC:LYS143	-79.304966	138.263209	Pre-Pro
5HEK:ChainC:PRO144	-57.721586	-163.824501	Proline
5HEK:ChainC:LYS145	-72.017800	-26.993148	General
5HEK:ChainC:ASN146	-61.203083	-175.266104	General
5HEK:ChainC:GLU147	-138.197034	137.211606	General
5HEK:ChainC:LYS148	44.965476	-123.491601	General
5HEK:ChainC:TYR149	44.899534	-166.981324	General
5HEK:ChainC:LEU150	-118.458173	-7.740515	General
5HEK:ChainC:ARG151	-132.012776	91.911074	Pre-Pro
5HEK:ChainC:PRO152	-55.676075	-46.840068	Proline
5HEK:ChainC:LEU153	-144.597344	153.458386	General
5HEK:ChainC:ILE154	-99.253961	-176.943515	General
5HEK:ChainC:LEU155	-125.252105	-168.955236	General
5HEK:ChainC:SER173	-73.841457	138.300518	General
5HEK:ChainC:LEU174	-60.056477	-37.848519	General
5HEK:ChainC:ALA175	-62.843653	-39.499280	General
5HEK:ChainC:LEU176	-60.123676	-54.468787	General
5HEK:ChainC:MET177	-59.394922	-36.110738	General
5HEK:ChainC:GLU178	-61.634880	-37.255183	General
5HEK:ChainC:LYS179	-78.756536	-36.010991	General
5HEK:ChainC:ILE180	-60.561241	-50.526862	General
5HEK:ChainC:ILE181	-67.776472	-33.729440	General
5HEK:ChainC:SER182	-63.407059	-37.477777	General
5HEK:ChainC:ILE183	-76.094782	-70.379663	General
5HEK:ChainC:HIS184	-79.630090	-0.135409	General
5HEK:ChainC:THR185	-131.664690	157.059498	General
5HEK:ChainC:ASN186	-99.535792	160.812591	Pre-Pro
5HEK:ChainC:PRO187	-46.818939	-46.027979	Proline
5HEK:ChainC:ASN188	-100.246776	5.941680	General
5HEK:ChainC:ASP189	-61.324867	156.799137	General
5HEK:ChainC:ILE190	-97.138157	117.601527	General
5HEK:ChainC:VAL191	-101.944033	133.268711	General
5HEK:ChainC:LEU192	-119.577463	132.450746	General
5HEK:ChainC:ASP193	-126.945638	91.102252	Pre-Pro
5HEK:ChainC:PRO194	-60.244858	-32.633116	Proline
5HEK:ChainC:PHE195	-118.428640	98.463363	General
5HEK:ChainC:MET196	-96.758391	-13.170441	General
5HEK:ChainC:GLY197	54.190488	-122.089008	Glycine
5HEK:ChainC:SER198	-65.384212	-5.261837	General
5HEK:ChainC:GLY199	87.636634	-138.633734	Glycine
5HEK:ChainC:THR200	77.928586	-21.136326	General
5HEK:ChainC:THR201	-83.005533	-41.371736	General
5HEK:ChainC:GLY202	-68.717969	-41.723257	Glycine
5HEK:ChainC:LEU203	-66.326428	-41.103181	General
5HEK:ChainC:ALA204	-61.002321	-43.219272	General
5HEK:ChainC:CYS205	-61.591085	-35.461240	General
5HEK:ChainC:LYS206	-70.553963	-44.831031	General
5HEK:ChainC:ASN207	-63.912203	-31.301694	General
5HEK:ChainC:LEU208	-95.447282	3.587388	General
5HEK:ChainC:GLU209	60.643632	40.866536	General
5HEK:ChainC:ARG210	-104.425298	11.104020	General
5HEK:ChainC:ASN211	61.105996	75.927649	General
5HEK:ChainC:PHE212	-86.687650	143.938282	General
5HEK:ChainC:ILE213	-127.019858	140.604506	General
5HEK:ChainC:GLY214	-150.874334	158.777231	Glycine
5HEK:ChainC:ILE215	-130.176879	141.502731	General
5HEK:ChainC:GLU216	-141.547495	131.712644	General
5HEK:ChainC:SER217	-82.304551	-42.211508	General
5HEK:ChainC:GLU218	-84.620176	135.337172	General
5HEK:ChainC:LYS219	-71.358858	-36.451977	General
5HEK:ChainC:GLU220	-62.362683	-48.805442	General
5HEK:ChainC:TYR221	-69.913065	-36.287473	General
5HEK:ChainC:PHE222	-61.241808	-52.119194	General
5HEK:ChainC:GLN223	-70.457811	-23.481781	General
5HEK:ChainC:THR224	-64.624896	-44.610609	General
5HEK:ChainC:ALA225	-65.757533	-34.967674	General
5HEK:ChainC:LYS226	-67.423875	-32.895532	General
5HEK:ChainC:LYS227	-74.598126	-40.472111	General
5HEK:ChainC:ARG228	-63.280323	-31.753626	General
5HEK:ChainC:LEU229	-91.552636	-76.809328	General
5HEK:ChainC:ASN230	170.325675	164.048967	General
5HEK:ChainD:ILE2	-127.341442	130.424806	General
5HEK:ChainD:GLN3	-135.309190	120.737675	General
5HEK:ChainD:ILE4	-124.477406	153.420630	General
5HEK:ChainD:TYR5	-129.639074	144.841239	General
5HEK:ChainD:HIS6	-103.310981	103.901961	General
5HEK:ChainD:ALA7	-170.025296	177.990414	General
5HEK:ChainD:ASP8	-93.966524	123.817959	General
5HEK:ChainD:ALA9	-60.065191	-19.999387	General
5HEK:ChainD:PHE10	-86.683135	-1.076265	General
5HEK:ChainD:GLU11	-128.003830	-51.677333	General
5HEK:ChainD:ILE12	-50.270476	-21.947310	General
5HEK:ChainD:ILE13	-58.779200	-33.918883	General
5HEK:ChainD:LYS14	-67.181445	-35.889314	General
5HEK:ChainD:ASP15	-64.313600	-33.313663	General
5HEK:ChainD:PHE16	-69.519549	-28.209725	General
5HEK:ChainD:TYR17	-71.104151	-36.684696	General
5HEK:ChainD:GLN18	-68.821534	-35.078378	General
5HEK:ChainD:GLN19	-82.944970	-2.554412	General
5HEK:ChainD:ASN20	45.154122	62.346336	General
5HEK:ChainD:LEU21	-82.004897	145.670185	General
5HEK:ChainD:LYS22	-130.459634	128.292489	General
5HEK:ChainD:VAL23	-121.312455	146.766131	General
5HEK:ChainD:ASP24	-81.890858	-40.571434	General
5HEK:ChainD:ALA25	-143.740558	137.516369	General
5HEK:ChainD:ILE26	-105.079606	115.371751	General
5HEK:ChainD:ILE27	-120.816237	111.180835	General
5HEK:ChainD:THR28	-150.966995	163.076540	General
5HEK:ChainD:ASP29	-130.773632	87.773881	Pre-Pro
5HEK:ChainD:PRO30	-60.071981	153.604115	Proline
5HEK:ChainD:LEU62	-91.153874	5.678715	General
5HEK:ChainD:LEU63	-87.842034	-32.625154	General
5HEK:ChainD:GLU64	-82.612839	-22.248457	General
5HEK:ChainD:TRP65	-56.490206	-31.753082	General
5HEK:ChainD:ILE66	-59.986899	-50.297232	General
5HEK:ChainD:ALA67	-61.288941	-34.417936	General
5HEK:ChainD:ARG68	-82.407028	-32.029641	General
5HEK:ChainD:TYR69	-91.767154	-10.008326	General
5HEK:ChainD:ALA70	-60.998018	-40.228250	Pre-Pro
5HEK:ChainD:PRO71	-61.495548	-17.895508	Proline
5HEK:ChainD:LEU72	-72.680074	-16.654256	General
5HEK:ChainD:VAL73	-84.994974	127.635951	General
5HEK:ChainD:ASN74	-63.302711	156.333584	Pre-Pro
5HEK:ChainD:PRO75	-51.282588	-34.529933	Proline
5HEK:ChainD:ASN76	-95.766997	3.112044	General
5HEK:ChainD:GLY77	-76.452633	168.855921	Glycine
5HEK:ChainD:CYS78	-135.605603	179.156667	General
5HEK:ChainD:MET79	-134.158928	143.907692	General
5HEK:ChainD:VAL80	-128.463142	113.174164	General
5HEK:ChainD:ILE81	-120.357921	113.979768	General
5HEK:ChainD:PHE82	-65.262426	135.903723	General
5HEK:ChainD:CYS83	-156.437407	-178.814760	General
5HEK:ChainD:SER84	-106.509981	149.378062	General
5HEK:ChainD:TYR85	-64.588172	-11.859178	General
5HEK:ChainD:ARG86	-84.487494	-3.620807	General
5HEK:ChainD:PHE87	-128.374616	-44.237223	General
5HEK:ChainD:ILE88	-40.067893	-39.091036	General
5HEK:ChainD:SER89	-66.596600	-38.951033	General
5HEK:ChainD:TYR90	-66.612785	-47.996921	General
5HEK:ChainD:ILE91	-59.686507	-42.359486	General
5HEK:ChainD:ALA92	-61.371761	-50.436396	General
5HEK:ChainD:ASP93	-59.556297	-42.413423	General
5HEK:ChainD:PHE94	-63.828916	-39.514765	General
5HEK:ChainD:LEU95	-57.632378	-44.437720	General
5HEK:ChainD:GLU96	-73.325904	-11.130434	General
5HEK:ChainD:GLU97	-85.168585	-21.211867	General
5HEK:ChainD:ASN98	-99.905013	6.485290	General
5HEK:ChainD:GLY99	100.846932	17.022185	Glycine
5HEK:ChainD:PHE100	-113.355827	155.633462	General
5HEK:ChainD:VAL101	-112.178509	126.085809	General
5HEK:ChainD:VAL102	-77.715848	118.507835	General
5HEK:ChainD:LYS103	-89.257452	-59.172507	General
5HEK:ChainD:ASP104	-164.614853	-175.016836	General
5HEK:ChainD:PHE105	-122.024156	148.843070	General
5HEK:ChainD:ILE106	-122.073286	156.351890	General
5HEK:ChainD:GLN107	-145.171134	157.551223	General
5HEK:ChainD:TRP108	-150.104298	150.268642	General
5HEK:ChainD:VAL109	-111.094784	141.025547	General
5HEK:ChainD:HIS119	77.312162	-22.121179	General
5HEK:ChainD:ARG120	-103.152920	-1.317526	General
5HEK:ChainD:ARG121	-157.271479	166.902681	General
5HEK:ChainD:TYR122	-66.535750	153.141576	General
5HEK:ChainD:VAL123	-79.356048	141.260292	General
5HEK:ChainD:GLN124	-93.777863	103.702404	General
5HEK:ChainD:ASP125	-96.798992	-12.377191	General
5HEK:ChainD:THR126	-112.935139	131.783167	General
5HEK:ChainD:GLU127	-118.533051	148.079351	General
5HEK:ChainD:PHE128	-115.622898	158.811828	General
5HEK:ChainD:ALA129	-142.048322	142.950482	General
5HEK:ChainD:LEU130	-98.138460	136.223751	General
5HEK:ChainD:TRP131	-117.784730	118.626769	General
5HEK:ChainD:ALA132	-130.894840	155.304467	General
5HEK:ChainD:VAL133	-123.662295	162.466934	General
5HEK:ChainD:LYS134	-68.078241	156.080751	General
5HEK:ChainD:LYS135	-57.443634	-62.845450	General
5HEK:ChainD:LYS136	-92.199192	10.719987	General
5HEK:ChainD:ALA137	-51.696794	144.761983	General
5HEK:ChainD:LYS138	-98.915237	102.867682	General
5HEK:ChainD:TRP139	-90.378837	-178.764005	General
5HEK:ChainD:VAL140	-85.625696	-62.331348	General
5HEK:ChainD:PHE141	57.434829	-97.561435	General
5HEK:ChainD:ASN142	74.853226	65.652215	General
5HEK:ChainD:LYS143	-80.284832	145.666846	Pre-Pro
5HEK:ChainD:PRO144	-55.246762	-167.473358	Proline
5HEK:ChainD:LYS145	-50.693839	-21.947808	General
5HEK:ChainD:ARG151	-131.596755	90.901256	Pre-Pro
5HEK:ChainD:PRO152	-52.924474	-41.552294	Proline
5HEK:ChainD:LEU153	-136.837224	152.727581	General
5HEK:ChainD:ILE154	-94.937455	-16.206934	General
5HEK:ChainD:SER173	-72.653348	137.399511	General
5HEK:ChainD:LEU174	-61.674376	-37.380641	General
5HEK:ChainD:ALA175	-62.436180	-39.017368	General
5HEK:ChainD:LEU176	-60.154849	-57.137363	General
5HEK:ChainD:MET177	-62.224705	-38.328238	General
5HEK:ChainD:GLU178	-62.785316	-36.177946	General
5HEK:ChainD:LYS179	-79.485089	-34.095961	General
5HEK:ChainD:ILE180	-60.285930	-51.037932	General
5HEK:ChainD:ILE181	-67.371084	-33.641305	General
5HEK:ChainD:SER182	-60.731083	-36.964332	General
5HEK:ChainD:ILE183	-76.368386	-72.307098	General
5HEK:ChainD:HIS184	-79.892212	1.349043	General
5HEK:ChainD:THR185	-130.746040	162.864181	General
5HEK:ChainD:ASN186	-103.747165	169.706775	Pre-Pro
5HEK:ChainD:PRO187	-50.736165	-47.950564	Proline
5HEK:ChainD:ASN188	-100.699901	5.279307	General
5HEK:ChainD:ASP189	-61.202347	157.110017	General
5HEK:ChainD:ILE190	-98.484691	118.299035	General
5HEK:ChainD:VAL191	-101.572646	132.569309	General
5HEK:ChainD:LEU192	-120.304136	130.848110	General
5HEK:ChainD:ASP193	-127.261391	90.097220	Pre-Pro
5HEK:ChainD:PRO194	-60.494744	-33.254898	Proline
5HEK:ChainD:PHE195	-118.813297	98.324310	General
5HEK:ChainD:MET196	-95.035517	-13.178824	General
5HEK:ChainD:GLY197	53.595656	-124.063954	Glycine
5HEK:ChainD:SER198	-64.212805	-3.527532	General
5HEK:ChainD:GLY199	87.427502	-140.032290	Glycine
5HEK:ChainD:THR200	77.043988	-20.438477	General
5HEK:ChainD:THR201	-83.442351	-42.166099	General
5HEK:ChainD:GLY202	-67.047533	-39.284701	Glycine
5HEK:ChainD:LEU203	-65.873303	-40.702800	General
5HEK:ChainD:ALA204	-62.526957	-45.676853	General
5HEK:ChainD:CYS205	-60.514642	-34.736631	General
5HEK:ChainD:LYS206	-69.191533	-46.375842	General
5HEK:ChainD:ASN207	-65.103512	-32.447487	General
5HEK:ChainD:LEU208	-96.399337	2.064049	General
5HEK:ChainD:GLU209	61.598035	43.880931	General
5HEK:ChainD:ARG210	-100.246070	9.092378	General
5HEK:ChainD:ASN211	59.831331	76.447000	General
5HEK:ChainD:PHE212	-86.695502	145.057529	General
5HEK:ChainD:ILE213	-125.169237	138.984393	General
5HEK:ChainD:GLY214	-151.840857	155.506644	Glycine
5HEK:ChainD:ILE215	-131.789212	139.917943	General
5HEK:ChainD:GLU216	-143.920856	134.629738	General
5HEK:ChainD:SER217	-79.896952	-42.966555	General
5HEK:ChainD:GLU218	-87.278567	135.690864	General
5HEK:ChainD:LYS219	-71.205121	-31.415899	General
5HEK:ChainD:GLU220	-58.987200	-50.014180	General
5HEK:ChainD:TYR221	-68.720966	-35.692084	General
5HEK:ChainD:PHE222	-60.416181	-51.656007	General
5HEK:ChainD:GLN223	-67.470798	-27.461495	General
5HEK:ChainD:THR224	-67.139070	-43.787891	General
5HEK:ChainD:ALA225	-67.044702	-36.255813	General
5HEK:ChainD:LYS226	-68.635252	-33.339307	General
5HEK:ChainD:LYS227	-75.359274	-40.180278	General
5HEK:ChainD:ARG228	-64.983698	-28.981460	General
5HEK:ChainD:LEU229	-92.733819	-9.667760	General
5HEK:ChainD:ASN230	58.000128	50.702439	General
