5HS9:ChainA:PRO7	-53.735805	-48.955723	Proline
5HS9:ChainA:LYS8	-72.563066	-32.220861	General
5HS9:ChainA:MET9	-67.079002	-41.246280	General
5HS9:ChainA:GLU10	-56.482111	-50.014853	General
5HS9:ChainA:SER11	-66.069587	-35.659348	General
5HS9:ChainA:ALA12	-65.413555	-47.742840	General
5HS9:ChainA:PHE13	-64.831612	-33.341036	General
5HS9:ChainA:SER14	-62.982285	-49.597055	General
5HS9:ChainA:LEU15	-60.810981	-48.451768	General
5HS9:ChainA:LEU16	-69.693142	-17.386079	General
5HS9:ChainA:GLY17	-69.043931	-28.987366	Glycine
5HS9:ChainA:LYS18	-69.388824	141.401990	General
5HS9:ChainA:ARG19	-59.364184	135.600883	General
5HS9:ChainA:TRP20	89.461791	-9.555450	General
5HS9:ChainA:ASN21	-88.759189	-44.397172	General
5HS9:ChainA:GLY22	-53.613883	-42.472979	Glycine
5HS9:ChainA:LEU23	-72.638634	-40.337846	General
5HS9:ChainA:ILE24	-56.045559	-51.016486	General
5HS9:ChainA:ILE25	-56.479134	-46.356826	General
5HS9:ChainA:HIS26	-55.234622	-43.441313	General
5HS9:ChainA:VAL27	-67.220458	-40.354406	General
5HS9:ChainA:LEU28	-69.337470	-19.209861	General
5HS9:ChainA:MET29	-53.271595	-43.803727	General
5HS9:ChainA:ASP30	-74.295654	2.111558	General
5HS9:ChainA:GLY31	133.167658	-171.899064	Glycine
5HS9:ChainA:PRO32	-67.717415	131.330175	Proline
5HS9:ChainA:LYS33	-127.535693	145.946146	General
5HS9:ChainA:ARG34	-72.280544	161.316085	General
5HS9:ChainA:PHE35	-53.371250	-49.067988	General
5HS9:ChainA:LYS36	-62.463245	-40.057866	General
5HS9:ChainA:GLU37	-62.073103	-37.147291	General
5HS9:ChainA:ILE38	-64.028127	-44.594696	General
5HS9:ChainA:THR39	-68.412050	-32.547658	General
5HS9:ChainA:GLU40	-66.362679	-38.586385	General
5HS9:ChainA:THR41	-74.652058	-29.043370	General
5HS9:ChainA:ILE42	-123.018609	83.747382	Pre-Pro
5HS9:ChainA:PRO43	-70.997781	-18.364005	Proline
5HS9:ChainA:MET44	-99.249517	10.953911	General
5HS9:ChainA:ILE45	-93.348845	139.201691	General
5HS9:ChainA:SER46	-71.647580	144.425460	General
5HS9:ChainA:GLN47	-54.546459	-35.373209	General
5HS9:ChainA:LYS48	-67.088420	-49.808590	General
5HS9:ChainA:MET49	-58.464484	-47.521714	General
5HS9:ChainA:LEU50	-59.331507	-46.066956	General
5HS9:ChainA:ALA51	-57.448285	-45.009083	General
5HS9:ChainA:GLU52	-65.680622	-34.514129	General
5HS9:ChainA:ARG53	-67.835913	-49.137903	General
5HS9:ChainA:LEU54	-60.485426	-33.538825	General
5HS9:ChainA:LYS55	-67.758720	-43.637111	General
5HS9:ChainA:GLU56	-63.449575	-39.385971	General
5HS9:ChainA:LEU57	-68.734216	-38.393893	General
5HS9:ChainA:GLU58	-57.187104	-53.785917	General
5HS9:ChainA:GLN59	-51.689855	-31.306657	General
5HS9:ChainA:ASN60	-86.713440	4.341746	General
5HS9:ChainA:GLU61	58.138771	31.633938	General
5HS9:ChainA:ILE62	-91.004162	-33.041613	General
5HS9:ChainA:VAL63	-124.899321	148.442711	General
5HS9:ChainA:GLU64	-128.298452	137.314248	General
5HS9:ChainA:ARG65	-95.397901	131.231244	General
5HS9:ChainA:GLN66	-133.857693	151.304890	General
5HS9:ChainA:ILE76	-135.428413	162.103695	General
5HS9:ChainA:TYR77	-119.748751	134.760907	General
5HS9:ChainA:THR78	-144.446353	152.054684	General
5HS9:ChainA:LEU79	-71.123275	142.139436	General
5HS9:ChainA:THR80	-78.169396	172.931385	General
5HS9:ChainA:GLU81	-53.829306	-39.779017	General
5HS9:ChainA:LYS82	-60.914665	-44.451821	General
5HS9:ChainA:GLY83	-64.958816	-41.713453	Glycine
5HS9:ChainA:THR84	-68.278349	-39.059596	General
5HS9:ChainA:ALA85	-55.832002	-16.519149	General
5HS9:ChainA:LEU86	-66.036054	-17.769566	General
5HS9:ChainA:GLN87	-41.420903	-47.487795	General
5HS9:ChainA:ALA88	-57.214160	-43.671037	General
5HS9:ChainA:VAL89	-68.818350	-50.004822	General
5HS9:ChainA:PHE90	-58.133779	-43.048432	General
5HS9:ChainA:GLN91	-54.121876	-49.737165	General
5HS9:ChainA:GLU92	-60.668056	-39.756357	General
5HS9:ChainA:MET93	-66.146718	-39.521865	General
5HS9:ChainA:GLN94	-66.812559	-43.769641	General
5HS9:ChainA:ALA95	-63.967901	-40.932647	General
5HS9:ChainA:TRP96	-65.340424	-41.825180	General
5HS9:ChainA:ALA97	-69.312724	-42.262403	General
5HS9:ChainA:ASP98	-59.613033	-43.620407	General
5HS9:ChainA:GLN99	-66.140266	-34.181102	General
5HS9:ChainB:CYS6	-138.076893	-175.832016	Pre-Pro
5HS9:ChainB:PRO7	-41.920740	-42.528348	Proline
5HS9:ChainB:LYS8	-64.133104	-46.508848	General
5HS9:ChainB:MET9	-69.783526	-37.346206	General
5HS9:ChainB:GLU10	-59.481357	-42.626470	General
5HS9:ChainB:SER11	-58.917140	-49.813794	General
5HS9:ChainB:ALA12	-60.370906	-45.075190	General
5HS9:ChainB:PHE13	-67.549693	-36.682707	General
5HS9:ChainB:SER14	-57.708434	-43.765857	General
5HS9:ChainB:LEU15	-69.899518	-50.833499	General
5HS9:ChainB:LEU16	-63.840867	-18.660434	General
5HS9:ChainB:GLY17	-81.404185	-7.652721	Glycine
5HS9:ChainB:LYS18	-74.602052	134.778473	General
5HS9:ChainB:ARG19	-65.200408	130.136446	General
5HS9:ChainB:TRP20	73.508597	4.528712	General
5HS9:ChainB:ASN21	-64.763097	-42.159337	General
5HS9:ChainB:GLY22	-43.770217	-50.993429	Glycine
5HS9:ChainB:LEU23	-65.514903	-42.023464	General
5HS9:ChainB:ILE24	-55.797151	-51.170565	General
5HS9:ChainB:ILE25	-63.167542	-42.549693	General
5HS9:ChainB:HIS26	-57.913640	-47.586695	General
5HS9:ChainB:VAL27	-59.449306	-36.421021	General
5HS9:ChainB:LEU28	-73.955228	-11.409862	General
5HS9:ChainB:MET29	-57.677932	-39.269401	General
5HS9:ChainB:ASP30	-84.236848	56.778359	General
5HS9:ChainB:GLY31	76.519606	-178.138710	Glycine
5HS9:ChainB:PRO32	-59.693419	146.346642	Proline
5HS9:ChainB:LYS33	-135.830831	134.452394	General
5HS9:ChainB:ARG34	-60.093658	149.473445	General
5HS9:ChainB:PHE35	-53.002032	-46.736237	General
5HS9:ChainB:LYS36	-49.538292	-47.461793	General
5HS9:ChainB:GLU37	-71.509748	-29.421241	General
5HS9:ChainB:ILE38	-71.007724	-43.381588	General
5HS9:ChainB:THR39	-60.379974	-43.755585	General
5HS9:ChainB:GLU40	-79.820505	-22.389517	General
5HS9:ChainB:THR41	-77.613766	-22.932406	General
5HS9:ChainB:ILE42	-128.371503	66.879740	Pre-Pro
5HS9:ChainB:PRO43	-69.205112	-19.500474	Proline
5HS9:ChainB:MET44	-55.643441	-32.265402	General
5HS9:ChainB:ILE45	-114.919708	154.196723	General
5HS9:ChainB:SER46	-74.731854	161.262937	General
5HS9:ChainB:GLN47	-61.791759	-40.868462	General
5HS9:ChainB:LYS48	-64.296006	-39.660655	General
5HS9:ChainB:MET49	-68.215600	-43.271318	General
5HS9:ChainB:LEU50	-58.355715	-41.405869	General
5HS9:ChainB:ALA51	-60.497088	-40.979946	General
5HS9:ChainB:GLU52	-59.630359	-46.318279	General
5HS9:ChainB:ARG53	-60.257142	-43.113054	General
5HS9:ChainB:LEU54	-67.005440	-38.070502	General
5HS9:ChainB:LYS55	-58.105627	-48.446839	General
5HS9:ChainB:GLU56	-62.628502	-38.070478	General
5HS9:ChainB:LEU57	-67.005849	-36.492281	General
5HS9:ChainB:GLU58	-62.379320	-49.678418	General
5HS9:ChainB:GLN59	-53.800772	-39.179603	General
5HS9:ChainB:ASN60	-79.150727	5.168136	General
5HS9:ChainB:GLU61	50.725572	36.114672	General
5HS9:ChainB:ILE62	-88.799867	-36.427894	General
5HS9:ChainB:VAL63	-123.076859	146.911129	General
5HS9:ChainB:GLU64	-117.529672	144.352403	General
5HS9:ChainB:ARG65	-127.692940	127.205747	General
5HS9:ChainB:GLN66	-131.860437	147.364557	General
5HS9:ChainB:VAL67	-93.659801	120.524618	General
5HS9:ChainB:ILE76	-128.370953	155.142973	General
5HS9:ChainB:TYR77	-127.800389	133.638957	General
5HS9:ChainB:THR78	-130.958938	142.547150	General
5HS9:ChainB:LEU79	-69.363204	136.335070	General
5HS9:ChainB:THR80	-72.392605	178.790369	General
5HS9:ChainB:GLU81	-57.593493	-50.122907	General
5HS9:ChainB:LYS82	-52.251930	-42.787232	General
5HS9:ChainB:GLY83	-66.120708	-50.288270	Glycine
5HS9:ChainB:THR84	-65.606940	-28.265424	General
5HS9:ChainB:ALA85	-62.855840	-17.519451	General
5HS9:ChainB:LEU86	-66.530184	-15.093147	General
5HS9:ChainB:GLN87	-49.207341	-46.952199	General
5HS9:ChainB:ALA88	-54.429997	-46.224964	General
5HS9:ChainB:VAL89	-64.922107	-46.501950	General
5HS9:ChainB:PHE90	-63.481800	-40.044251	General
5HS9:ChainB:GLN91	-66.490178	-41.369890	General
5HS9:ChainB:GLU92	-61.417807	-42.751377	General
5HS9:ChainB:MET93	-60.491350	-37.529748	General
5HS9:ChainB:GLN94	-68.757332	-51.125469	General
5HS9:ChainB:ALA95	-47.296871	-51.104936	General
5HS9:ChainB:TRP96	-59.872183	-49.070406	General
5HS9:ChainB:ALA97	-58.929026	-48.851805	General
5HS9:ChainB:ASP98	-68.475229	-32.986569	General
5HS9:ChainB:GLN99	-72.216926	-25.988787	General
