5I44:ChainB:SER3	-71.638958	-13.203964	General
5I44:ChainB:HIS4	-132.827257	152.369513	General
5I44:ChainB:MET5	-126.022724	139.976012	General
5I44:ChainB:ASN6	-80.048921	163.142438	General
5I44:ChainB:THR7	-48.293177	-35.363213	General
5I44:ChainB:ASN8	-72.322903	-29.060019	General
5I44:ChainB:MET9	-71.146581	-50.010051	General
5I44:ChainB:VAL10	-57.283802	-35.621123	General
5I44:ChainB:ALA11	-71.258854	-41.956067	General
5I44:ChainB:SER12	-67.065051	-24.422803	General
5I44:ChainB:GLU13	-84.225489	-27.438390	General
5I44:ChainB:LEU14	-94.498309	1.248922	General
5I44:ChainB:GLY15	59.501680	41.384222	Glycine
5I44:ChainB:VAL16	-143.105744	168.171286	General
5I44:ChainB:SER17	-78.218546	167.361821	General
5I44:ChainB:ALA18	-64.177441	-38.925144	General
5I44:ChainB:LYS19	-48.630249	-52.110899	General
5I44:ChainB:THR20	-60.434306	-40.652139	General
5I44:ChainB:VAL21	-65.244021	-51.253665	General
5I44:ChainB:GLN22	-58.654520	-34.859148	General
5I44:ChainB:ARG23	-64.011189	-48.681174	General
5I44:ChainB:TRP24	-59.669528	-45.883053	General
5I44:ChainB:VAL25	-50.223833	-57.809232	General
5I44:ChainB:LYS26	-61.927164	-48.016160	General
5I44:ChainB:GLN27	-54.463877	-25.623464	General
5I44:ChainB:LEU28	-118.621654	-5.000549	General
5I44:ChainB:ASN29	54.374805	76.587643	General
5I44:ChainB:LEU30	-91.471492	108.707510	Pre-Pro
5I44:ChainB:PRO31	-66.708018	99.021885	Proline
5I44:ChainB:ALA32	-98.692136	127.062060	General
5I44:ChainB:GLU33	-71.791669	161.965168	General
5I44:ChainB:ARG34	-137.206075	112.549036	General
5I44:ChainB:ASN35	-56.927715	172.727736	General
5I44:ChainB:GLU36	-58.271499	-13.958342	General
5I44:ChainB:LEU37	-97.024376	2.636204	General
5I44:ChainB:GLY38	89.565185	-15.301022	Glycine
5I44:ChainB:HIS39	-65.446797	157.699956	General
5I44:ChainB:TYR40	-85.022370	137.382698	General
5I44:ChainB:SER41	-118.220407	107.954225	General
5I44:ChainB:PHE42	-96.116799	146.555614	General
5I44:ChainB:THR43	-103.092347	150.721573	General
5I44:ChainB:ALA44	-51.744747	-18.815862	General
5I44:ChainB:GLU45	-78.068125	-43.770404	General
5I44:ChainB:ASP46	-62.107793	-37.861949	General
5I44:ChainB:VAL47	-62.039106	-34.631696	General
5I44:ChainB:LYS48	-59.626714	-47.204834	General
5I44:ChainB:VAL49	-63.296452	-46.527479	General
5I44:ChainB:LEU50	-58.642816	-41.449655	General
5I44:ChainB:LYS51	-63.912547	-37.879712	General
5I44:ChainB:SER52	-59.089579	-59.807970	General
5I44:ChainB:VAL53	-42.548754	-55.440517	General
5I44:ChainB:LYS54	-50.822288	-41.028212	General
5I44:ChainB:LYS55	-61.102159	-62.545844	General
5I44:ChainB:GLN56	-50.390787	-44.008981	General
5I44:ChainB:ILE57	-55.601725	-54.837985	General
5I44:ChainB:SER58	-62.195582	-13.123162	General
5I44:ChainB:GLU59	-95.326198	16.612611	General
5I44:ChainB:GLY60	85.079430	-16.798123	Glycine
5I44:ChainB:THR61	-50.233723	127.372601	General
5I44:ChainB:ALA62	-72.051615	144.033847	General
5I44:ChainB:ILE63	-42.343869	-56.523776	General
5I44:ChainB:GLN64	-57.677880	-22.879003	General
5I44:ChainB:ASP65	-93.496562	-23.267980	General
5I44:ChainB:ILE66	-43.108525	132.837949	General
5I44:ChainB:HIS67	-96.685241	138.984481	General
5I44:ChainB:LEU68	-145.517508	152.929082	Pre-Pro
5I44:ChainA:SER3	-114.948867	30.557964	General
5I44:ChainA:HIS4	-161.774516	112.593001	General
5I44:ChainA:MET5	-91.719020	149.129076	General
5I44:ChainA:ASN6	-107.282236	152.638825	General
5I44:ChainA:THR7	-40.998646	-51.623958	General
5I44:ChainA:ASN8	-55.830911	-31.913142	General
5I44:ChainA:MET9	-79.803722	-54.723081	General
5I44:ChainA:VAL10	-52.250021	-39.246457	General
5I44:ChainA:ALA11	-67.505388	-47.033675	General
5I44:ChainA:SER12	-57.039303	-35.220323	General
5I44:ChainA:GLU13	-71.312564	-53.453393	General
5I44:ChainA:LEU14	-66.928161	-2.737928	General
5I44:ChainA:GLY15	61.956992	44.787263	Glycine
5I44:ChainA:VAL16	-139.876009	176.527650	General
5I44:ChainA:SER17	-87.650641	156.893714	General
5I44:ChainA:ALA18	-57.506855	-39.678075	General
5I44:ChainA:LYS19	-60.121979	-40.909795	General
5I44:ChainA:THR20	-57.700643	-50.592938	General
5I44:ChainA:VAL21	-58.305308	-49.037927	General
5I44:ChainA:GLN22	-59.538325	-36.942626	General
5I44:ChainA:ARG23	-68.108487	-32.529675	General
5I44:ChainA:TRP24	-75.369686	-37.103529	General
5I44:ChainA:VAL25	-70.442256	-44.252338	General
5I44:ChainA:LYS26	-65.798619	-48.667191	General
5I44:ChainA:GLN27	-71.100424	-46.521728	General
5I44:ChainA:LEU28	-88.418885	0.989001	General
5I44:ChainA:ASN29	46.698217	74.908493	General
5I44:ChainA:LEU30	-100.178333	111.776996	Pre-Pro
5I44:ChainA:PRO31	-63.983155	106.912749	Proline
5I44:ChainA:ALA32	-120.776436	139.008305	General
5I44:ChainA:GLU33	-49.176504	124.596143	General
5I44:ChainA:ARG34	-98.000651	133.707913	General
5I44:ChainA:ASN35	-72.376111	155.561474	General
5I44:ChainA:GLU36	-61.666582	-14.215735	General
5I44:ChainA:LEU37	-101.561648	-8.697243	General
5I44:ChainA:GLY38	102.083679	4.375851	Glycine
5I44:ChainA:HIS39	-80.681337	140.076903	General
5I44:ChainA:TYR40	-72.073696	140.519340	General
5I44:ChainA:SER41	-135.796296	109.817254	General
5I44:ChainA:PHE42	-98.316618	157.818220	General
5I44:ChainA:THR43	-95.388316	158.685831	General
5I44:ChainA:ALA44	-48.761197	-34.206976	General
5I44:ChainA:GLU45	-88.666616	-24.331252	General
5I44:ChainA:ASP46	-66.444388	-16.532523	General
5I44:ChainA:VAL47	-76.707179	-35.505899	General
5I44:ChainA:LYS48	-59.868102	-60.448217	General
5I44:ChainA:VAL49	-46.881067	-30.026813	General
5I44:ChainA:LEU50	-82.798186	-41.999999	General
5I44:ChainA:LYS51	-65.852665	-20.972139	General
5I44:ChainA:SER52	-70.449644	-54.441849	General
5I44:ChainA:VAL53	-55.136117	-37.211647	General
5I44:ChainA:LYS54	-57.862530	-53.074822	General
5I44:ChainA:LYS55	-64.033022	-38.409415	General
5I44:ChainA:GLN56	-62.317152	-52.825661	General
5I44:ChainA:ILE57	-53.491232	-42.878641	General
5I44:ChainA:SER58	-65.993340	-2.769838	General
5I44:ChainA:GLU59	-112.697105	23.540884	General
5I44:ChainA:GLY60	78.098568	14.735377	Glycine
5I44:ChainA:THR61	-84.111043	120.793608	General
5I44:ChainA:ALA62	-69.744821	135.854042	General
5I44:ChainA:ILE63	-50.582740	-56.714597	General
5I44:ChainA:GLN64	-56.810530	-9.455679	General
5I44:ChainA:ASP65	-107.032102	-13.465217	General
5I44:ChainA:ILE66	-65.914263	145.508961	General
5I44:ChainA:HIS67	-114.213390	147.752938	General
5I44:ChainD:SER3	-48.829304	-68.486763	General
5I44:ChainD:HIS4	-123.824592	170.239433	General
5I44:ChainD:MET5	-120.294312	168.367372	General
5I44:ChainD:ASN6	-102.598220	164.881884	General
5I44:ChainD:THR7	-43.694586	-45.314015	General
5I44:ChainD:ASN8	-58.025298	-52.886624	General
5I44:ChainD:MET9	-56.420578	-46.728687	General
5I44:ChainD:VAL10	-63.331895	-34.174157	General
5I44:ChainD:ALA11	-74.802050	-40.017965	General
5I44:ChainD:SER12	-64.839010	-31.642713	General
5I44:ChainD:GLU13	-79.495907	-31.384087	General
5I44:ChainD:LEU14	-86.888831	-8.990237	General
5I44:ChainD:GLY15	71.212032	10.898521	Glycine
5I44:ChainD:VAL16	-102.392525	-173.563205	General
5I44:ChainD:SER17	-100.581767	154.485201	General
5I44:ChainD:ALA18	-54.930425	-38.021228	General
5I44:ChainD:LYS19	-58.657141	-48.376890	General
5I44:ChainD:THR20	-55.672879	-44.879867	General
5I44:ChainD:VAL21	-58.194825	-45.960124	General
5I44:ChainD:GLN22	-57.853082	-46.379932	General
5I44:ChainD:ARG23	-62.572837	-43.530248	General
5I44:ChainD:TRP24	-59.250628	-52.683791	General
5I44:ChainD:VAL25	-60.301547	-46.524268	General
5I44:ChainD:LYS26	-63.617367	-60.775353	General
5I44:ChainD:GLN27	-61.240496	-43.023189	General
5I44:ChainD:LEU28	-83.744130	3.154366	General
5I44:ChainD:ASN29	56.966126	17.734081	General
5I44:ChainD:LEU30	-50.591383	142.680692	Pre-Pro
5I44:ChainD:PRO31	-88.393223	120.080542	Proline
5I44:ChainD:ALA32	-143.008187	160.066235	General
5I44:ChainD:GLU33	-82.045485	143.450005	General
5I44:ChainD:ARG34	-104.225186	128.085629	General
5I44:ChainD:ASN35	-72.252005	155.060765	General
5I44:ChainD:GLU36	-49.870479	-25.576699	General
5I44:ChainD:LEU37	-101.916853	3.216854	General
5I44:ChainD:GLY38	96.132299	2.562518	Glycine
5I44:ChainD:HIS39	-75.463508	138.407751	General
5I44:ChainD:TYR40	-70.320916	138.944300	General
5I44:ChainD:SER41	-127.872291	106.728045	General
5I44:ChainD:PHE42	-107.159955	130.607593	General
5I44:ChainD:THR43	-85.387332	171.532736	General
5I44:ChainD:ALA44	-56.315085	-28.081652	General
5I44:ChainD:GLU45	-77.734064	-41.558028	General
5I44:ChainD:ASP46	-58.337171	-43.116541	General
5I44:ChainD:VAL47	-51.966146	-45.464750	General
5I44:ChainD:LYS48	-50.840419	-39.405264	General
5I44:ChainD:VAL49	-65.478860	-53.931012	General
5I44:ChainD:LEU50	-61.696106	-30.181285	General
5I44:ChainD:LYS51	-64.347931	-37.434471	General
5I44:ChainD:SER52	-67.144213	-43.965315	General
5I44:ChainD:VAL53	-55.891043	-37.458419	General
5I44:ChainD:LYS54	-64.903375	-56.404054	General
5I44:ChainD:LYS55	-55.133532	-50.164731	General
5I44:ChainD:GLN56	-55.233772	-41.445662	General
5I44:ChainD:ILE57	-65.033154	-35.179758	General
5I44:ChainD:SER58	-77.933152	29.852860	General
5I44:ChainD:GLU59	-141.291371	18.626925	General
5I44:ChainD:GLY60	85.562236	-10.033622	Glycine
5I44:ChainD:THR61	-64.919171	124.683923	General
5I44:ChainD:ALA62	-75.990163	143.586141	General
5I44:ChainD:ILE63	-49.046644	-37.310962	General
5I44:ChainD:GLN64	-67.351251	-41.010869	General
5I44:ChainD:ASP65	-87.048201	46.640419	General
5I44:ChainD:ILE66	-108.481538	136.571678	General
5I44:ChainD:HIS67	-102.244957	135.119399	General
5I44:ChainE:SER3	-116.379248	69.982035	General
5I44:ChainE:HIS4	-121.783112	101.268807	General
5I44:ChainE:MET5	-92.320385	152.525203	General
5I44:ChainE:ASN6	-97.232216	172.986446	General
5I44:ChainE:THR7	-48.582911	-40.159816	General
5I44:ChainE:ASN8	-62.863614	-41.886775	General
5I44:ChainE:MET9	-70.648068	-35.832571	General
5I44:ChainE:VAL10	-70.959098	-37.166587	General
5I44:ChainE:ALA11	-65.525813	-35.878467	General
5I44:ChainE:SER12	-66.866339	-45.065118	General
5I44:ChainE:GLU13	-62.204024	-36.089199	General
5I44:ChainE:LEU14	-86.831012	-14.313909	General
5I44:ChainE:GLY15	72.839560	35.711213	Glycine
5I44:ChainE:VAL16	-136.299115	163.784038	General
5I44:ChainE:SER17	-70.405867	159.986160	General
5I44:ChainE:ALA18	-63.427070	-25.803084	General
5I44:ChainE:LYS19	-71.165997	-43.080948	General
5I44:ChainE:THR20	-58.756381	-38.819718	General
5I44:ChainE:VAL21	-65.585130	-50.867424	General
5I44:ChainE:GLN22	-55.718334	-31.269361	General
5I44:ChainE:ARG23	-70.694367	-56.213574	General
5I44:ChainE:TRP24	-47.635997	-30.877026	General
5I44:ChainE:VAL25	-76.003486	-48.653144	General
5I44:ChainE:LYS26	-67.938844	-41.316944	General
5I44:ChainE:GLN27	-61.449870	-35.154728	General
5I44:ChainE:LEU28	-118.984505	21.267653	General
5I44:ChainE:ASN29	43.186761	34.270808	General
5I44:ChainE:LEU30	-61.239995	146.023995	Pre-Pro
5I44:ChainE:PRO31	-78.671173	110.415682	Proline
5I44:ChainE:ALA32	-135.526477	127.387786	General
5I44:ChainE:GLU33	-68.567114	149.301323	General
5I44:ChainE:ARG34	-126.007377	128.831558	General
5I44:ChainE:ASN35	-61.914647	-176.035823	General
5I44:ChainE:GLU36	-75.257929	-27.891206	General
5I44:ChainE:LEU37	-85.818150	-12.520063	General
5I44:ChainE:GLY38	92.275239	5.472762	Glycine
5I44:ChainE:HIS39	-77.858348	140.391055	General
5I44:ChainE:TYR40	-74.195300	156.777197	General
5I44:ChainE:SER41	-145.481282	98.054307	General
5I44:ChainE:PHE42	-85.611993	138.754476	General
5I44:ChainE:THR43	-85.843103	-159.370957	General
5I44:ChainE:ALA44	-76.645775	-43.573254	General
5I44:ChainE:GLU45	-66.729125	-48.844657	General
5I44:ChainE:ASP46	-46.261687	-52.471638	General
5I44:ChainE:VAL47	-59.068370	-30.120992	General
5I44:ChainE:LYS48	-75.432291	-50.762874	General
5I44:ChainE:VAL49	-51.554307	-51.949314	General
5I44:ChainE:LEU50	-58.030256	-41.936418	General
5I44:ChainE:LYS51	-64.383153	-29.709310	General
5I44:ChainE:SER52	-75.999352	-40.293458	General
5I44:ChainE:VAL53	-58.745784	-44.168340	General
5I44:ChainE:LYS54	-53.322947	-36.231592	General
5I44:ChainE:LYS55	-65.707402	-66.431572	General
5I44:ChainE:GLN56	-46.655147	-43.164903	General
5I44:ChainE:ILE57	-55.445802	-39.444488	General
5I44:ChainE:SER58	-74.426663	-32.193916	General
5I44:ChainE:GLU59	-78.351230	14.308185	General
5I44:ChainE:GLY60	78.052094	-3.936504	Glycine
5I44:ChainE:THR61	-60.433143	129.535150	General
5I44:ChainE:ALA62	-64.150956	151.561697	General
5I44:ChainE:ILE63	-55.694024	-58.784419	General
5I44:ChainE:GLN64	-57.845080	-10.667180	General
5I44:ChainE:ASP65	-118.405748	38.230154	General
5I44:ChainE:ILE66	-92.689278	102.072577	General
5I44:ChainE:HIS67	-46.066068	141.153275	General
5I44:ChainE:LEU68	-124.713764	59.020834	Pre-Pro
5I44:ChainG:HIS2	-139.708865	156.267567	General
5I44:ChainG:MET3	-142.085598	132.970620	General
5I44:ChainG:ASN4	-82.755460	168.677565	General
5I44:ChainG:THR5	-50.385614	-44.514370	General
5I44:ChainG:ASN6	-58.223417	-42.738580	General
5I44:ChainG:MET7	-64.839357	-56.637272	General
5I44:ChainG:VAL8	-53.678253	-41.107379	General
5I44:ChainG:ALA9	-59.726628	-49.926704	General
5I44:ChainG:SER10	-64.065333	-30.523632	General
5I44:ChainG:GLU11	-73.640650	-33.784598	General
5I44:ChainG:LEU12	-95.023580	2.290604	General
5I44:ChainG:GLY13	63.691423	31.864879	Glycine
5I44:ChainG:VAL14	-130.908286	175.267584	General
5I44:ChainG:SER15	-86.116020	167.796006	General
5I44:ChainG:ALA16	-72.399814	-22.664185	General
5I44:ChainG:LYS17	-69.928805	-37.865954	General
5I44:ChainG:THR18	-66.586120	-51.345813	General
5I44:ChainG:VAL19	-57.596284	-51.254294	General
5I44:ChainG:GLN20	-48.647279	-48.186799	General
5I44:ChainG:ARG21	-64.394989	-48.812836	General
5I44:ChainG:TRP22	-52.717577	-45.748321	General
5I44:ChainG:VAL23	-61.005941	-37.057136	General
5I44:ChainG:LYS24	-70.967765	-64.898182	General
5I44:ChainG:GLN25	-61.959722	-17.984311	General
5I44:ChainG:LEU26	-106.715626	3.644872	General
5I44:ChainG:ASN27	55.180669	21.385251	General
5I44:ChainG:LEU28	-53.031267	123.087716	Pre-Pro
5I44:ChainG:PRO29	-92.706372	76.043083	Proline
5I44:ChainG:ALA30	-79.980574	-163.976059	General
5I44:ChainG:GLU31	-96.290565	137.401731	General
5I44:ChainG:ARG32	-112.095871	127.101550	General
5I44:ChainG:ASN33	-77.432976	154.200013	General
5I44:ChainG:GLU34	-46.322222	-33.684218	General
5I44:ChainG:LEU35	-86.582359	-6.403644	General
5I44:ChainG:GLY36	98.513494	5.808478	Glycine
5I44:ChainG:HIS37	-74.762608	127.101416	General
5I44:ChainG:TYR38	-68.001155	142.193583	General
5I44:ChainG:SER39	-137.211044	106.825957	General
5I44:ChainG:PHE40	-99.722561	154.305905	General
5I44:ChainG:THR41	-112.134248	173.947506	General
5I44:ChainG:ALA42	-47.616275	-53.936081	General
5I44:ChainG:GLU43	-60.319992	-37.439799	General
5I44:ChainG:ASP44	-62.328375	-43.495267	General
5I44:ChainG:VAL45	-68.046558	-36.073791	General
5I44:ChainG:LYS46	-61.542162	-44.361818	General
5I44:ChainG:VAL47	-61.831749	-48.058248	General
5I44:ChainG:LEU48	-59.912093	-43.380231	General
5I44:ChainG:LYS49	-59.481589	-31.661495	General
5I44:ChainG:SER50	-71.032444	-54.006236	General
5I44:ChainG:VAL51	-50.011371	-40.866719	General
5I44:ChainG:LYS52	-60.710410	-47.469008	General
5I44:ChainG:LYS53	-55.999418	-46.306328	General
5I44:ChainG:GLN54	-64.648382	-40.593284	General
5I44:ChainG:ILE55	-64.992686	-35.920937	General
5I44:ChainG:SER56	-74.628281	-13.862277	General
5I44:ChainG:GLU57	-99.624443	29.537732	General
5I44:ChainG:GLY58	77.664850	-18.375428	Glycine
5I44:ChainG:THR59	-56.294268	143.582638	General
5I44:ChainG:ALA60	-97.544228	166.926668	General
5I44:ChainG:ILE61	-51.734994	-42.194628	General
5I44:ChainG:GLN62	-57.837990	-37.524123	General
5I44:ChainG:ASP63	-104.662956	25.945460	General
5I44:ChainG:ILE64	-73.209227	118.283339	General
5I44:ChainG:HIS65	-72.883862	144.814067	General
5I44:ChainG:LEU66	-136.022010	145.210796	Pre-Pro
5I44:ChainG:PRO67	-75.437123	152.457633	Proline
5I44:ChainF:SER3	-107.635920	1.653997	General
5I44:ChainF:HIS4	-121.793591	163.160274	General
5I44:ChainF:MET5	-139.619772	142.816653	General
5I44:ChainF:ASN6	-92.425234	175.439842	General
5I44:ChainF:THR7	-52.207855	-51.712642	General
5I44:ChainF:ASN8	-52.627013	-42.998540	General
5I44:ChainF:MET9	-66.078394	-49.665179	General
5I44:ChainF:VAL10	-58.824885	-46.983000	General
5I44:ChainF:ALA11	-58.468927	-47.398048	General
5I44:ChainF:SER12	-63.147492	-40.005925	General
5I44:ChainF:GLU13	-72.023630	-18.022915	General
5I44:ChainF:LEU14	-105.931470	3.623225	General
5I44:ChainF:GLY15	56.045205	50.680188	Glycine
5I44:ChainF:VAL16	-141.156632	155.679583	General
5I44:ChainF:SER17	-71.664512	162.854146	General
5I44:ChainF:ALA18	-69.817977	-31.681347	General
5I44:ChainF:LYS19	-63.309267	-38.216490	General
5I44:ChainF:THR20	-64.613137	-42.849326	General
5I44:ChainF:VAL21	-58.521182	-47.847415	General
5I44:ChainF:GLN22	-66.307187	-34.038319	General
5I44:ChainF:ARG23	-62.046709	-44.527473	General
5I44:ChainF:TRP24	-68.018275	-45.816018	General
5I44:ChainF:VAL25	-58.712078	-39.497274	General
5I44:ChainF:LYS26	-73.258703	-53.537515	General
5I44:ChainF:GLN27	-61.207086	-60.143209	General
5I44:ChainF:LEU28	-71.146585	-3.801862	General
5I44:ChainF:ASN29	42.398777	69.113999	General
5I44:ChainF:LEU30	-91.968947	128.759074	Pre-Pro
5I44:ChainF:PRO31	-65.996265	98.282750	Proline
5I44:ChainF:ALA32	-106.689060	125.992694	General
5I44:ChainF:GLU33	-73.845245	130.007637	General
5I44:ChainF:ARG34	-117.919996	145.399859	General
5I44:ChainF:ASN35	-87.294613	-170.912933	General
5I44:ChainF:GLU36	-72.482323	-8.442820	General
5I44:ChainF:LEU37	-98.724740	9.588798	General
5I44:ChainF:GLY38	54.763937	33.450927	Glycine
5I44:ChainF:HIS39	-91.820350	134.015022	General
5I44:ChainF:TYR40	-66.560795	144.041661	General
5I44:ChainF:SER41	-136.872985	104.397897	General
5I44:ChainF:PHE42	-98.622628	149.425240	General
5I44:ChainF:THR43	-100.990279	-178.699032	General
5I44:ChainF:ALA44	-69.366507	-29.734152	General
5I44:ChainF:GLU45	-74.082493	-48.783059	General
5I44:ChainF:ASP46	-55.708653	-46.719267	General
5I44:ChainF:VAL47	-56.741278	-34.785681	General
5I44:ChainF:LYS48	-60.337585	-54.498871	General
5I44:ChainF:VAL49	-50.038910	-43.483090	General
5I44:ChainF:LEU50	-62.919083	-43.970228	General
5I44:ChainF:LYS51	-55.297683	-42.195996	General
5I44:ChainF:SER52	-61.573438	-49.374517	General
5I44:ChainF:VAL53	-51.743025	-47.150623	General
5I44:ChainF:LYS54	-61.723306	-45.219373	General
5I44:ChainF:LYS55	-58.771127	-43.505963	General
5I44:ChainF:GLN56	-69.385313	-47.044731	General
5I44:ChainF:ILE57	-53.043413	-38.830021	General
5I44:ChainF:SER58	-65.059526	-43.867004	General
5I44:ChainF:GLU59	-71.185165	3.392855	General
5I44:ChainF:GLY60	105.318370	-10.564837	Glycine
5I44:ChainF:THR61	-68.581714	127.609762	General
5I44:ChainF:ALA62	-76.585555	168.333738	General
5I44:ChainF:ILE63	-66.402924	-34.079751	General
5I44:ChainF:GLN64	-67.348389	-25.143183	General
5I44:ChainF:ASP65	-97.552287	-0.116777	General
5I44:ChainF:ILE66	-64.718505	123.646584	General
5I44:ChainF:HIS67	-107.835921	129.781491	General
5I44:ChainF:LEU68	-151.013080	141.938879	Pre-Pro
5I44:ChainH:ASN2	-88.521336	-171.741904	General
5I44:ChainH:THR3	-98.870156	-49.768991	General
5I44:ChainH:ASN4	-58.470500	-49.209196	General
5I44:ChainH:MET5	-64.739777	-40.489510	General
5I44:ChainH:VAL6	-69.430045	-28.003539	General
5I44:ChainH:ALA7	-72.951045	-36.341446	General
5I44:ChainH:SER8	-66.844494	-36.932525	General
5I44:ChainH:GLU9	-68.162219	-38.250817	General
5I44:ChainH:LEU10	-85.202625	9.026843	General
5I44:ChainH:GLY11	53.447105	26.661124	Glycine
5I44:ChainH:VAL12	-124.267157	162.318308	General
5I44:ChainH:SER13	-73.748780	170.423307	General
5I44:ChainH:ALA14	-63.709244	-48.009313	General
5I44:ChainH:LYS15	-44.659908	-48.306149	General
5I44:ChainH:THR16	-54.331590	-42.490996	General
5I44:ChainH:VAL17	-69.958066	-43.068151	General
5I44:ChainH:GLN18	-63.818544	-48.476371	General
5I44:ChainH:ARG19	-55.654733	-55.838278	General
5I44:ChainH:TRP20	-54.723981	-49.203309	General
5I44:ChainH:VAL21	-56.542439	-39.722201	General
5I44:ChainH:LYS22	-74.740265	-55.246603	General
5I44:ChainH:GLN23	-52.466417	-47.183754	General
5I44:ChainH:LEU24	-92.649683	7.417027	General
5I44:ChainH:ASN25	42.892511	31.415466	General
5I44:ChainH:LEU26	-73.285481	117.989812	Pre-Pro
5I44:ChainH:PRO27	-71.768182	81.025149	Proline
5I44:ChainH:ALA28	-87.366247	132.967528	General
5I44:ChainH:GLU29	-31.416584	118.173500	General
5I44:ChainH:ARG30	-103.186629	134.735634	General
5I44:ChainH:ASN31	-83.285389	161.858203	General
5I44:ChainH:GLU32	-63.773155	-8.218319	General
5I44:ChainH:LEU33	-95.005547	-32.782810	General
5I44:ChainH:GLY34	128.999755	-1.005920	Glycine
5I44:ChainH:HIS35	-67.628338	138.769543	General
5I44:ChainH:TYR36	-78.907682	118.680752	General
5I44:ChainH:SER37	-113.786117	151.408937	General
5I44:ChainH:PHE38	-134.209446	161.099012	General
5I44:ChainH:THR39	-125.468663	-170.555653	General
5I44:ChainH:ALA40	-60.674461	-51.703361	General
5I44:ChainH:GLU41	-57.248157	-34.825836	General
5I44:ChainH:ASP42	-61.336141	-49.980147	General
5I44:ChainH:VAL43	-52.965204	-39.352499	General
5I44:ChainH:LYS44	-58.073254	-61.706696	General
5I44:ChainH:VAL45	-51.961903	-43.701787	General
5I44:ChainH:LEU46	-57.005872	-39.962973	General
5I44:ChainH:LYS47	-75.983769	-29.061559	General
5I44:ChainH:SER48	-65.040033	-53.330054	General
5I44:ChainH:VAL49	-57.722960	-25.898027	General
5I44:ChainH:LYS50	-75.740504	-46.395629	General
5I44:ChainH:LYS51	-60.812495	-14.202052	General
5I44:ChainH:GLN52	-88.174404	-61.874510	General
5I44:ChainH:ILE53	-56.157877	-19.422247	General
5I44:ChainH:SER54	-71.310540	-52.481323	General
5I44:ChainH:GLU55	-63.428576	-40.342387	General
5I44:ChainH:GLY56	144.558622	8.510690	Glycine
5I44:ChainH:THR57	-65.606994	155.504754	General
5I44:ChainH:ALA58	-89.150801	143.273220	General
5I44:ChainH:ILE59	-43.948169	-56.356067	General
5I44:ChainH:GLN60	-65.174551	8.943879	General
5I44:ChainH:ASP61	-115.687176	1.325815	General
5I44:ChainH:ILE62	-75.187961	179.225804	General
5I44:ChainH:HIS63	-144.475512	155.327824	General
5I44:ChainI:ASN2	-110.582219	164.300755	General
5I44:ChainI:THR3	-61.430151	-23.172131	General
5I44:ChainI:ASN4	-77.503244	-39.529698	General
5I44:ChainI:MET5	-67.475846	-54.301028	General
5I44:ChainI:VAL6	-60.805381	-31.698095	General
5I44:ChainI:ALA7	-68.468605	-23.672850	General
5I44:ChainI:SER8	-92.053147	-22.193297	General
5I44:ChainI:GLU9	-72.964984	-28.816401	General
5I44:ChainI:LEU10	-96.327086	-24.813526	General
5I44:ChainI:GLY11	87.813411	42.428544	Glycine
5I44:ChainI:VAL12	-136.958708	159.142479	General
5I44:ChainI:SER13	-65.227417	142.296489	General
5I44:ChainI:ALA14	-51.627616	-39.427812	General
5I44:ChainI:LYS15	-55.310644	-45.032394	General
5I44:ChainI:THR16	-57.913605	-50.066186	General
5I44:ChainI:VAL17	-54.998536	-33.652556	General
5I44:ChainI:GLN18	-76.157110	-36.173616	General
5I44:ChainI:ARG19	-61.419331	-51.972213	General
5I44:ChainI:TRP20	-58.194704	-57.319395	General
5I44:ChainI:VAL21	-45.995457	-42.942889	General
5I44:ChainI:LYS22	-69.746101	-55.736627	General
5I44:ChainI:GLN23	-79.705641	15.077734	General
5I44:ChainI:LEU24	-133.006642	-1.573129	General
5I44:ChainI:ASN25	52.767781	26.088609	General
5I44:ChainI:LEU26	-48.248203	148.519172	Pre-Pro
5I44:ChainI:PRO27	-62.321954	86.883047	Proline
5I44:ChainI:ALA28	-140.016132	123.482880	General
5I44:ChainI:GLU29	-80.691174	139.100587	General
5I44:ChainI:ARG30	-97.179040	128.232048	General
5I44:ChainI:ASN31	-59.000097	155.452905	General
5I44:ChainI:GLU32	-55.936086	-29.244625	General
5I44:ChainI:LEU33	-91.043356	-29.409758	General
5I44:ChainI:GLY34	132.469314	-17.779700	Glycine
5I44:ChainI:HIS35	-58.569758	161.782639	General
5I44:ChainI:TYR36	-95.932840	140.355035	General
5I44:ChainI:SER37	-114.074862	114.101133	General
5I44:ChainI:PHE38	-116.295034	127.130617	General
5I44:ChainI:THR39	-86.098620	167.403744	General
5I44:ChainI:ALA40	-58.884476	-18.979896	General
5I44:ChainI:GLU41	-88.746800	-35.007303	General
5I44:ChainI:ASP42	-60.905944	-38.160098	General
5I44:ChainI:VAL43	-62.209374	-32.923551	General
5I44:ChainI:LYS44	-60.888075	-58.164927	General
5I44:ChainI:VAL45	-57.435156	-40.528050	General
5I44:ChainI:LEU46	-67.041129	-47.941953	General
5I44:ChainI:LYS47	-57.175416	-30.765067	General
5I44:ChainI:SER48	-67.285716	-48.047350	General
5I44:ChainI:VAL49	-54.619144	-47.543000	General
5I44:ChainI:LYS50	-52.946940	-46.276898	General
5I44:ChainI:LYS51	-60.819678	-44.740596	General
5I44:ChainI:GLN52	-62.121150	-28.538789	General
5I44:ChainI:ILE53	-70.922481	-38.250626	General
5I44:ChainI:SER54	-72.369394	-32.383671	General
5I44:ChainI:GLU55	-90.370307	18.891475	General
5I44:ChainI:GLY56	89.658545	49.534107	Glycine
5I44:ChainI:THR57	-123.535667	140.318233	General
5I44:ChainI:ALA58	-86.274026	-169.509974	General
5I44:ChainI:ILE59	-73.672504	-54.709960	General
5I44:ChainI:GLN60	-61.097482	-23.020645	General
5I44:ChainI:ASP61	-89.662414	-28.655897	General
5I44:ChainI:ILE62	-43.311675	130.745994	General
5I44:ChainI:HIS63	-96.290360	128.954401	General
5I44:ChainI:LEU64	-110.173411	132.009927	Pre-Pro
5I44:ChainJ:SER3	-87.469005	-48.096938	General
5I44:ChainJ:HIS4	-97.907417	158.472323	General
5I44:ChainJ:MET5	-127.266428	141.396306	General
5I44:ChainJ:ASN6	-73.145914	172.011194	General
5I44:ChainJ:THR7	-54.543862	-39.274698	General
5I44:ChainJ:ASN8	-61.835405	-40.141701	General
5I44:ChainJ:MET9	-64.434950	-44.233663	General
5I44:ChainJ:VAL10	-70.711278	-44.609924	General
5I44:ChainJ:ALA11	-60.960909	-30.473238	General
5I44:ChainJ:SER12	-73.342425	-51.753661	General
5I44:ChainJ:GLU13	-51.746059	-61.357438	General
5I44:ChainJ:LEU14	-63.425870	-18.690397	General
5I44:ChainJ:GLY15	70.956026	39.180227	Glycine
5I44:ChainJ:VAL16	-126.250572	165.042496	General
5I44:ChainJ:SER17	-62.077313	138.920195	General
5I44:ChainJ:ALA18	-53.999703	-18.410921	General
5I44:ChainJ:LYS19	-94.178164	-26.634105	General
5I44:ChainJ:THR20	-68.896762	-26.862163	General
5I44:ChainJ:VAL21	-73.481167	-51.856063	General
5I44:ChainJ:GLN22	-57.109095	-47.022182	General
5I44:ChainJ:ARG23	-55.718644	-49.809214	General
5I44:ChainJ:TRP24	-56.751807	-39.555992	General
5I44:ChainJ:VAL25	-56.698806	-63.386157	General
5I44:ChainJ:LYS26	-58.678163	-44.331252	General
5I44:ChainJ:GLN27	-53.684057	-27.161219	General
5I44:ChainJ:LEU28	-128.507659	23.383008	General
5I44:ChainJ:ASN29	39.689604	73.627499	General
5I44:ChainJ:LEU30	-101.645242	152.198331	Pre-Pro
5I44:ChainJ:PRO31	-78.012811	85.971353	Proline
5I44:ChainJ:ALA32	-114.716308	114.444728	General
5I44:ChainJ:GLU33	-68.483174	152.760954	General
5I44:ChainJ:ARG34	-110.091410	125.471349	General
5I44:ChainJ:ASN35	-64.035969	163.430210	General
5I44:ChainJ:GLU36	-55.433810	-34.452812	General
5I44:ChainJ:LEU37	-77.420872	-6.867516	General
5I44:ChainJ:GLY38	92.295513	11.366677	Glycine
5I44:ChainJ:HIS39	-83.225582	155.510876	General
5I44:ChainJ:TYR40	-78.122944	141.453287	General
5I44:ChainJ:SER41	-136.380634	120.781626	General
5I44:ChainJ:PHE42	-112.394613	147.246841	General
5I44:ChainJ:THR43	-97.514253	177.158864	General
5I44:ChainJ:ALA44	-62.709141	-29.385701	General
5I44:ChainJ:GLU45	-69.382368	-50.672072	General
5I44:ChainJ:ASP46	-51.290625	-42.463494	General
5I44:ChainJ:VAL47	-61.180665	-41.278640	General
5I44:ChainJ:LYS48	-56.303675	-60.290240	General
5I44:ChainJ:VAL49	-48.924411	-46.524951	General
5I44:ChainJ:LEU50	-61.199055	-40.123062	General
5I44:ChainJ:LYS51	-62.046414	-39.037351	General
5I44:ChainJ:SER52	-68.282390	-29.923327	General
5I44:ChainJ:VAL53	-66.744566	-39.982818	General
5I44:ChainJ:LYS54	-65.280188	-50.932601	General
5I44:ChainJ:LYS55	-49.217950	-67.540990	General
5I44:ChainJ:GLN56	-49.908043	-43.948955	General
5I44:ChainJ:ILE57	-59.836105	-38.464926	General
5I44:ChainJ:SER58	-77.054194	-21.724479	General
5I44:ChainJ:GLU59	-80.302589	23.036002	General
5I44:ChainJ:GLY60	74.158696	-14.199575	Glycine
5I44:ChainJ:THR61	-63.541754	142.351911	General
5I44:ChainJ:ALA62	-96.949400	151.529048	General
5I44:ChainJ:ILE63	-39.568795	-35.129551	General
5I44:ChainJ:GLN64	-65.536054	8.687599	General
5I44:ChainJ:ASP65	-146.853536	19.464724	General
5I44:ChainJ:ILE66	-78.637036	126.073010	General
5I44:ChainJ:HIS67	-86.258258	-173.852425	General
5I44:ChainK:HIS2	-58.183775	157.606545	General
5I44:ChainK:MET3	-114.953707	149.972752	General
5I44:ChainK:ASN4	-80.439401	144.520983	General
5I44:ChainK:THR5	-51.129009	-26.298742	General
5I44:ChainK:ASN6	-79.098805	-51.439400	General
5I44:ChainK:MET7	-53.958792	-36.862960	General
5I44:ChainK:VAL8	-71.472931	-33.973793	General
5I44:ChainK:ALA9	-63.189551	-45.894203	General
5I44:ChainK:SER10	-74.031417	-30.143297	General
5I44:ChainK:GLU11	-61.797227	-48.048967	General
5I44:ChainK:LEU12	-79.698051	-21.347168	General
5I44:ChainK:GLY13	84.834613	34.141233	Glycine
5I44:ChainK:VAL14	-132.403388	174.100871	General
5I44:ChainK:SER15	-81.410847	165.124350	General
5I44:ChainK:ALA16	-64.084120	-39.110170	General
5I44:ChainK:LYS17	-51.890121	-61.656421	General
5I44:ChainK:THR18	-43.678953	-56.221513	General
5I44:ChainK:VAL19	-53.490972	-44.511463	General
5I44:ChainK:GLN20	-64.326319	-52.473769	General
5I44:ChainK:ARG21	-52.137086	-43.508248	General
5I44:ChainK:TRP22	-62.178788	-47.396278	General
5I44:ChainK:VAL23	-57.270946	-45.584226	General
5I44:ChainK:LYS24	-78.905664	-30.419587	General
5I44:ChainK:GLN25	-75.284889	-49.375666	General
5I44:ChainK:LEU26	-86.391181	0.624195	General
5I44:ChainK:ASN27	52.431511	68.037670	General
5I44:ChainK:LEU28	-95.632824	103.294013	Pre-Pro
5I44:ChainK:PRO29	-55.566204	103.482779	Proline
5I44:ChainK:ALA30	-111.079412	152.939264	General
5I44:ChainK:GLU31	-63.738609	151.094555	General
5I44:ChainK:ARG32	-119.831627	179.584158	General
5I44:ChainK:ASN33	-122.546146	155.512250	General
5I44:ChainK:GLU34	-52.249052	-32.367586	General
5I44:ChainK:LEU35	-91.827146	5.499722	General
5I44:ChainK:GLY36	86.295677	12.473702	Glycine
5I44:ChainK:HIS37	-82.163815	154.817142	General
5I44:ChainK:TYR38	-86.368285	145.988037	General
5I44:ChainK:SER39	-127.978007	97.180073	General
5I44:ChainK:PHE40	-91.492631	141.442792	General
5I44:ChainK:THR41	-104.034744	178.223242	General
5I44:ChainK:ALA42	-58.477033	-44.816573	General
5I44:ChainK:GLU43	-65.449559	-38.598421	General
5I44:ChainK:ASP44	-61.880935	-48.545064	General
5I44:ChainK:VAL45	-55.528540	-28.333333	General
5I44:ChainK:LYS46	-71.785237	-49.412126	General
5I44:ChainK:VAL47	-51.385029	-47.726808	General
5I44:ChainK:LEU48	-61.728236	-34.279425	General
5I44:ChainK:LYS49	-69.530874	-35.216067	General
5I44:ChainK:SER50	-65.339018	-41.083688	General
5I44:ChainK:VAL51	-60.756720	-46.628694	General
5I44:ChainK:LYS52	-49.284923	-44.309327	General
5I44:ChainK:LYS53	-77.436150	-46.187383	General
5I44:ChainK:GLN54	-56.567505	-31.228459	General
5I44:ChainK:ILE55	-76.048700	-34.992710	General
5I44:ChainK:SER56	-72.987297	-0.525023	General
5I44:ChainK:GLU57	-111.673702	21.677343	General
5I44:ChainK:GLY58	80.868065	-17.225115	Glycine
5I44:ChainK:THR59	-59.231935	124.268061	General
5I44:ChainK:ALA60	-71.188027	142.763716	General
5I44:ChainK:ILE61	-52.985457	-36.283270	General
5I44:ChainK:GLN62	-64.249887	-17.649108	General
5I44:ChainK:ASP63	-117.261596	11.388384	General
5I44:ChainK:ILE64	-77.205546	153.382129	General
5I44:ChainK:HIS65	-131.157316	129.393283	General
