5ILU:ChainA:LEU341	-61.389470	125.083629	General
5ILU:ChainA:GLN342	-75.312796	148.474206	General
5ILU:ChainA:LEU343	-51.542030	-43.593569	General
5ILU:ChainA:TRP344	-62.148383	-36.551285	General
5ILU:ChainA:GLN345	-67.940336	-43.141178	General
5ILU:ChainA:PHE346	-57.389112	-45.002029	General
5ILU:ChainA:LEU347	-61.305793	-43.202034	General
5ILU:ChainA:VAL348	-61.393615	-40.481420	General
5ILU:ChainA:ALA349	-59.753802	-42.878446	General
5ILU:ChainA:LEU350	-65.337481	-42.951930	General
5ILU:ChainA:LEU351	-66.598011	-29.714414	General
5ILU:ChainA:ASP352	-67.949634	-25.568796	General
5ILU:ChainA:ASP353	-98.328941	109.831656	Pre-Pro
5ILU:ChainA:PRO354	-69.792954	-12.276024	Proline
5ILU:ChainA:THR355	-70.644892	-5.984165	General
5ILU:ChainA:ASN356	-95.462383	5.239225	General
5ILU:ChainA:ALA357	-67.194271	-12.238735	General
5ILU:ChainA:HIS358	-79.807356	-9.476576	General
5ILU:ChainA:PHE359	-125.290209	-20.998571	General
5ILU:ChainA:ILE360	-156.406274	136.208083	General
5ILU:ChainA:ALA361	-154.249404	143.891489	General
5ILU:ChainA:TRP362	-63.587146	131.735826	General
5ILU:ChainA:THR363	-79.116322	-17.562324	General
5ILU:ChainA:GLY364	98.839439	-11.798964	Glycine
5ILU:ChainA:ARG365	-96.652526	92.730150	General
5ILU:ChainA:GLY366	59.104573	-126.490765	Glycine
5ILU:ChainA:MET367	-100.211056	23.612156	General
5ILU:ChainA:GLU368	-82.165665	142.502989	General
5ILU:ChainA:PHE369	-138.111195	157.413664	General
5ILU:ChainA:LYS370	-127.343804	133.548607	General
5ILU:ChainA:LEU371	-85.587800	97.319215	General
5ILU:ChainA:ILE372	-72.088712	-37.583662	General
5ILU:ChainA:GLU373	-126.521891	82.076023	Pre-Pro
5ILU:ChainA:PRO374	-53.458337	-42.139320	Proline
5ILU:ChainA:GLU375	-70.850573	-27.341574	General
5ILU:ChainA:GLU376	-69.967851	-42.366836	General
5ILU:ChainA:VAL377	-57.032395	-44.425982	General
5ILU:ChainA:ALA378	-64.998707	-38.937100	General
5ILU:ChainA:ARG379	-60.185955	-44.363381	General
5ILU:ChainA:LEU380	-66.409860	-37.377989	General
5ILU:ChainA:TRP381	-62.737885	-40.270336	General
5ILU:ChainA:GLY382	-60.500697	-39.051306	Glycine
5ILU:ChainA:ILE383	-63.329016	-46.814218	General
5ILU:ChainA:GLN384	-56.057548	-40.706188	General
5ILU:ChainA:LYS385	-97.954524	1.998659	General
5ILU:ChainA:ASN386	52.445839	50.404217	General
5ILU:ChainA:ARG387	-127.862034	82.056093	Pre-Pro
5ILU:ChainA:PRO388	-66.463205	-15.310898	Proline
5ILU:ChainA:ALA389	-88.816952	10.425871	General
5ILU:ChainA:MET390	-60.480187	147.105244	General
5ILU:ChainA:ASN391	-151.585792	175.950455	General
5ILU:ChainA:TYR392	-70.257784	-32.516026	General
5ILU:ChainA:ASP393	-52.695569	-46.196208	General
5ILU:ChainA:LYS394	-69.182816	-47.881412	General
5ILU:ChainA:LEU395	-59.171868	-40.577646	General
5ILU:ChainA:SER396	-67.113398	-19.650050	General
5ILU:ChainA:ARG397	-60.224551	-42.270401	General
5ILU:ChainA:SER398	-69.085527	-38.367517	General
5ILU:ChainA:LEU399	-57.189306	-42.200198	General
5ILU:ChainA:ARG400	-65.457809	-41.491544	General
5ILU:ChainA:TYR401	-57.754599	-41.570485	General
5ILU:ChainA:TYR402	-64.784094	-43.282391	General
5ILU:ChainA:TYR403	-75.710550	-31.548041	General
5ILU:ChainA:GLU404	-63.353100	-30.517561	General
5ILU:ChainA:LYS405	-86.329192	-1.548298	General
5ILU:ChainA:GLY406	74.910746	20.595412	Glycine
5ILU:ChainA:ILE407	-91.193028	-30.389373	General
5ILU:ChainA:MET408	-124.061235	169.422114	General
5ILU:ChainA:GLN409	-130.189998	143.968173	General
5ILU:ChainA:LYS410	-88.364055	131.212037	General
5ILU:ChainA:VAL411	-80.371210	127.033566	General
5ILU:ChainA:ALA412	-67.715257	151.840663	General
5ILU:ChainA:GLY413	69.654575	8.692880	Glycine
5ILU:ChainA:GLU414	-127.862025	155.553061	General
5ILU:ChainA:ARG415	-95.597646	-36.601656	General
5ILU:ChainA:TYR416	-129.781864	29.992265	General
5ILU:ChainA:VAL417	-116.289673	126.909858	General
5ILU:ChainA:TYR418	-133.148766	167.431015	General
5ILU:ChainA:LYS419	-141.261449	148.435121	General
5ILU:ChainA:PHE420	-76.026054	143.052465	General
5ILU:ChainA:VAL421	-86.805867	128.588330	General
5ILU:ChainA:CYS422	-103.014521	79.780785	General
5ILU:ChainA:GLU423	-141.221461	148.504647	Pre-Pro
5ILU:ChainA:PRO424	-46.054295	-46.844310	Proline
5ILU:ChainA:GLU425	-69.582277	-41.288951	General
5ILU:ChainA:ALA426	-61.938964	-37.824549	General
5ILU:ChainA:LEU427	-60.852201	-38.206645	General
5ILU:ChainA:PHE428	-57.908745	-44.508120	General
5ILU:ChainA:SER429	-63.468355	-39.553969	General
5ILU:ChainA:LEU430	-67.562843	-32.525520	General
5ILU:ChainA:ALA431	-72.593386	-25.665960	General
5ILU:ChainA:PHE432	-136.037602	64.692343	Pre-Pro
5ILU:ChainA:PRO433	-68.929980	-24.034465	Proline
5ILU:ChainA:ASP434	-114.054111	-15.902222	General
5ILU:ChainA:ASN435	-154.722333	136.826402	General
