5ILV:ChainA:SER367	-87.091668	135.923555	General
5ILV:ChainA:LEU368	-72.133077	126.648344	General
5ILV:ChainA:GLN369	-97.071051	150.225207	General
5ILV:ChainA:LEU370	-60.886486	-41.284736	General
5ILV:ChainA:TRP371	-62.528671	-35.119570	General
5ILV:ChainA:GLN372	-68.592804	-44.316428	General
5ILV:ChainA:PHE373	-58.735132	-43.853179	General
5ILV:ChainA:LEU374	-62.939927	-41.364397	General
5ILV:ChainA:VAL375	-58.889608	-44.304028	General
5ILV:ChainA:THR376	-61.762645	-43.285858	General
5ILV:ChainA:LEU377	-57.796238	-43.940204	General
5ILV:ChainA:LEU378	-72.091324	-24.646196	General
5ILV:ChainA:ASP379	-95.331674	6.254020	General
5ILV:ChainA:ASP380	-113.673922	113.391906	Pre-Pro
5ILV:ChainA:PRO381	-66.722449	-12.290786	Proline
5ILV:ChainA:ALA382	-62.661738	-18.366956	General
5ILV:ChainA:ASN383	-100.661809	2.747765	General
5ILV:ChainA:ALA384	-64.550711	-23.991302	General
5ILV:ChainA:HIS385	-71.525441	-15.901695	General
5ILV:ChainA:PHE386	-124.266667	-11.229617	General
5ILV:ChainA:ILE387	-156.783513	130.759687	General
5ILV:ChainA:ALA388	-155.828542	146.242574	General
5ILV:ChainA:TRP389	-56.636547	139.077126	General
5ILV:ChainA:THR390	-85.334690	-15.772668	General
5ILV:ChainA:GLY391	93.937183	3.704033	Glycine
5ILV:ChainA:ARG392	-116.170897	113.210039	General
5ILV:ChainA:GLY393	51.700309	-133.013067	Glycine
5ILV:ChainA:MET394	-105.228448	32.205544	General
5ILV:ChainA:GLU395	-82.721837	145.325155	General
5ILV:ChainA:PHE396	-144.086390	156.103958	General
5ILV:ChainA:LYS397	-117.763070	135.139151	General
5ILV:ChainA:LEU398	-86.080833	94.807738	General
5ILV:ChainA:ILE399	-67.199232	-39.749921	General
5ILV:ChainA:GLU400	-119.791558	88.837138	Pre-Pro
5ILV:ChainA:PRO401	-53.864290	-37.541349	Proline
5ILV:ChainA:GLU402	-73.886953	-31.211128	General
5ILV:ChainA:GLU403	-69.621572	-39.136241	General
5ILV:ChainA:VAL404	-59.687320	-48.445054	General
5ILV:ChainA:ALA405	-57.267730	-45.176970	General
5ILV:ChainA:ARG406	-60.810407	-40.048190	General
5ILV:ChainA:ARG407	-70.834351	-38.794807	General
5ILV:ChainA:TRP408	-59.025850	-38.443839	General
5ILV:ChainA:GLY409	-64.862127	-42.502435	Glycine
5ILV:ChainA:ILE410	-62.024439	-46.267551	General
5ILV:ChainA:GLN411	-66.808857	-47.902347	General
5ILV:ChainA:LYS412	-85.870645	-2.321163	General
5ILV:ChainA:ASN413	59.774788	66.355063	General
5ILV:ChainA:ARG414	-159.270930	70.510195	Pre-Pro
5ILV:ChainA:PRO415	-70.492856	161.436644	Proline
5ILV:ChainA:ALA416	-94.579926	81.376455	General
5ILV:ChainA:MET417	-63.370945	132.681754	General
5ILV:ChainA:ASN418	-138.820323	179.148484	General
5ILV:ChainA:TYR419	-65.760497	-37.106837	General
5ILV:ChainA:ASP420	-51.626326	-50.326196	General
5ILV:ChainA:LYS421	-65.977152	-46.368147	General
5ILV:ChainA:LEU422	-54.718790	-39.577333	General
5ILV:ChainA:SER423	-62.333265	-29.140642	General
5ILV:ChainA:ARG424	-64.858545	-37.301221	General
5ILV:ChainA:SER425	-71.155452	-36.168367	General
5ILV:ChainA:LEU426	-65.865934	-37.955460	General
5ILV:ChainA:ARG427	-65.422157	-36.970554	General
5ILV:ChainA:TYR428	-54.607710	-50.746179	General
5ILV:ChainA:TYR429	-61.331485	-33.016540	General
5ILV:ChainA:TYR430	-63.621077	-48.517195	General
5ILV:ChainA:GLU431	-64.799176	-26.962391	General
5ILV:ChainA:LYS432	-95.493527	8.058262	General
5ILV:ChainA:GLY433	76.263314	10.272948	Glycine
5ILV:ChainA:ILE434	-90.481213	-32.446725	General
5ILV:ChainA:MET435	-142.371545	152.741431	General
5ILV:ChainA:GLN436	-127.196921	148.356840	General
5ILV:ChainA:LYS437	-89.589786	126.121714	General
5ILV:ChainA:VAL438	-75.280603	121.465277	General
5ILV:ChainA:ALA439	-73.175163	153.883750	General
5ILV:ChainA:GLY440	78.926554	-19.968660	Glycine
5ILV:ChainA:GLU441	-101.527453	171.671430	General
5ILV:ChainA:ARG442	-108.312424	-48.347610	General
5ILV:ChainA:TYR443	-127.230143	35.638800	General
5ILV:ChainA:VAL444	-110.993350	128.567759	General
5ILV:ChainA:TYR445	-127.953874	176.056513	General
5ILV:ChainA:LYS446	-153.019746	143.549361	General
5ILV:ChainA:PHE447	-71.361873	140.848003	General
5ILV:ChainA:VAL448	-90.703907	-56.588065	General
5ILV:ChainA:CYS449	-88.516255	126.586526	General
5ILV:ChainA:ASP450	-57.833164	110.964056	Pre-Pro
5ILV:ChainA:PRO451	-57.693084	-34.421428	Proline
5ILV:ChainA:ASP452	-69.337221	-36.625764	General
5ILV:ChainA:ALA453	-70.421856	-22.081148	General
5ILV:ChainA:LEU454	-63.808840	-21.735813	General
5ILV:ChainA:PHE455	-133.058557	24.315656	General
5ILV:ChainA:SER456	-76.064351	-20.513176	General
