5IY4:ChainA:PHE2	-129.619107	128.724894	General
5IY4:ChainA:GLU3	-139.522412	123.132282	General
5IY4:ChainA:ALA4	-130.892021	131.140318	General
5IY4:ChainA:ARG5	-125.343757	137.510253	General
5IY4:ChainA:LEU6	-137.202492	115.053761	General
5IY4:ChainA:VAL7	-74.910022	-29.239333	General
5IY4:ChainA:GLN8	-99.048095	90.395662	General
5IY4:ChainA:GLY9	-69.724490	-21.220856	Glycine
5IY4:ChainA:SER10	-55.780560	-30.092638	General
5IY4:ChainA:ILE11	-49.886622	-44.994165	General
5IY4:ChainA:LEU12	-78.437349	-33.934528	General
5IY4:ChainA:LYS13	-62.201085	-44.186370	General
5IY4:ChainA:LYS14	-68.425078	-33.263147	General
5IY4:ChainA:VAL15	-63.650135	-50.267313	General
5IY4:ChainA:LEU16	-61.365616	-39.292129	General
5IY4:ChainA:GLU17	-65.228084	-28.556180	General
5IY4:ChainA:ALA18	-84.027619	-10.588048	General
5IY4:ChainA:LEU19	-112.935103	-39.522125	General
5IY4:ChainA:LYS20	-63.487648	-23.558473	General
5IY4:ChainA:ASP21	-86.119305	-19.239432	General
5IY4:ChainA:LEU22	-91.225882	-39.372672	General
5IY4:ChainA:ILE23	-136.385974	143.875468	General
5IY4:ChainA:ASN24	-95.666758	-35.649520	General
5IY4:ChainA:GLU25	-130.500504	157.952724	General
5IY4:ChainA:ALA26	-172.233377	164.249523	General
5IY4:ChainA:CYS27	-115.333227	131.221988	General
5IY4:ChainA:TRP28	-97.302602	117.496038	General
5IY4:ChainA:ASP29	-87.629065	109.908838	General
5IY4:ChainA:ILE30	-96.826514	124.789936	General
5IY4:ChainA:SER31	-143.880895	160.929339	General
5IY4:ChainA:SER32	-69.909445	-1.874691	General
5IY4:ChainA:SER33	-105.312958	-3.889458	General
5IY4:ChainA:GLY34	132.458223	-155.672539	Glycine
5IY4:ChainA:VAL35	-119.507530	132.902128	General
5IY4:ChainA:ASN36	-116.981095	143.437926	General
5IY4:ChainA:LEU37	-138.736481	138.364092	General
5IY4:ChainA:GLN38	-148.993525	140.752817	General
5IY4:ChainA:SER39	-164.737736	153.818160	General
5IY4:ChainA:MET40	-96.449625	165.887705	General
5IY4:ChainA:ASP41	-88.314289	169.308911	General
5IY4:ChainA:SER42	-53.632198	-35.078221	General
5IY4:ChainA:SER43	-79.820792	-13.442032	General
5IY4:ChainA:HIS44	67.054390	23.954353	General
5IY4:ChainA:VAL45	-93.124755	-31.699888	General
5IY4:ChainA:SER46	-121.421084	164.204192	General
5IY4:ChainA:LEU47	-143.338199	153.172585	General
5IY4:ChainA:VAL48	-134.315695	135.327403	General
5IY4:ChainA:GLN49	-126.303203	125.424307	General
5IY4:ChainA:LEU50	-116.781697	129.965016	General
5IY4:ChainA:THR51	-123.326054	131.205840	General
5IY4:ChainA:LEU52	-135.996868	107.883639	General
5IY4:ChainA:ARG53	-74.743428	144.969702	General
5IY4:ChainA:SER54	-40.700488	-44.419041	General
5IY4:ChainA:GLU55	-85.035291	4.337756	General
5IY4:ChainA:GLY56	-93.380098	-7.323612	Glycine
5IY4:ChainA:PHE57	-93.934096	161.402289	General
5IY4:ChainA:ASP58	-93.155374	-19.407571	General
5IY4:ChainA:THR59	-155.745527	105.610577	General
5IY4:ChainA:TYR60	-118.292561	132.419666	General
5IY4:ChainA:ARG61	-150.564034	120.163412	General
5IY4:ChainA:CYS62	-142.362673	104.824417	General
5IY4:ChainA:ASP63	-82.460580	-41.061644	General
5IY4:ChainA:ARG64	-120.376217	144.255096	General
5IY4:ChainA:ASN65	-70.273599	146.477836	General
5IY4:ChainA:LEU66	-141.985651	147.439110	General
5IY4:ChainA:ALA67	-129.144807	111.948065	General
5IY4:ChainA:MET68	-111.737940	109.840393	General
5IY4:ChainA:GLY69	-65.957734	120.281565	Glycine
5IY4:ChainA:VAL70	-130.968768	130.808224	General
5IY4:ChainA:ASN71	-79.075675	116.460067	General
5IY4:ChainA:LEU72	-80.779306	-21.098478	General
5IY4:ChainA:THR73	-70.341970	-45.116463	General
5IY4:ChainA:SER74	-52.026906	-48.293736	General
5IY4:ChainA:MET75	-65.777085	-33.484326	General
5IY4:ChainA:SER76	-68.377062	-44.825076	General
5IY4:ChainA:LYS77	-52.339629	-41.123617	General
5IY4:ChainA:ILE78	-65.195566	-48.687776	General
5IY4:ChainA:LEU79	-69.196580	-20.444227	General
5IY4:ChainA:LYS80	-59.525676	-28.329323	General
5IY4:ChainA:CYS81	-82.115616	4.390154	General
5IY4:ChainA:ALA82	-98.751606	143.939290	General
5IY4:ChainA:GLY83	-82.015988	162.695211	Glycine
5IY4:ChainA:ASN84	-65.997136	-19.276506	General
5IY4:ChainA:GLU85	-111.036585	-2.913623	General
5IY4:ChainA:ASP86	-62.120397	143.816591	General
5IY4:ChainA:ILE87	-81.760522	116.061703	General
5IY4:ChainA:ILE88	-99.352375	138.979191	General
5IY4:ChainA:THR89	-126.335658	129.550951	General
5IY4:ChainA:LEU90	-106.331708	135.775124	General
5IY4:ChainA:ARG91	-142.746643	140.371378	General
5IY4:ChainA:ALA92	-141.761486	144.603132	General
5IY4:ChainA:GLU93	-102.579631	-174.145094	General
5IY4:ChainA:ASP94	-38.165351	-51.857020	General
5IY4:ChainA:ASN95	-77.072491	-35.875700	General
5IY4:ChainA:ALA96	61.367098	32.988807	General
5IY4:ChainA:ASP97	-79.052305	-40.654936	General
5IY4:ChainA:THR98	-130.938086	160.506051	General
5IY4:ChainA:LEU99	-110.079918	131.189747	General
5IY4:ChainA:ALA100	-103.663326	137.192348	General
5IY4:ChainA:LEU101	-122.988633	127.174349	General
5IY4:ChainA:VAL102	-119.821828	125.128129	General
5IY4:ChainA:PHE103	-111.897056	113.745284	General
5IY4:ChainA:GLU104	-102.748268	127.398576	General
5IY4:ChainA:ALA105	-79.906839	147.711027	Pre-Pro
5IY4:ChainA:PRO106	-64.522725	-20.044815	Proline
5IY4:ChainA:ASN107	-59.698456	-39.273338	General
5IY4:ChainA:GLN108	52.267327	10.418898	General
5IY4:ChainA:GLU109	-99.101537	6.746760	General
5IY4:ChainA:LYS110	-132.037928	131.512055	General
5IY4:ChainA:VAL111	-132.866316	120.787232	General
5IY4:ChainA:SER112	-100.711765	147.853720	General
5IY4:ChainA:ASP113	-140.042721	116.431866	General
5IY4:ChainA:TYR114	-123.865429	147.441524	General
5IY4:ChainA:GLU115	-137.885989	115.096091	General
5IY4:ChainA:MET116	-108.848989	147.132160	General
5IY4:ChainA:LYS117	-77.012867	144.314849	General
5IY4:ChainA:LEU118	-96.554009	108.273770	General
5IY4:ChainA:MET119	-74.602861	171.369692	General
5IY4:ChainA:ASP120	-105.463569	125.892732	General
5IY4:ChainA:LEU121	-118.092759	134.480172	General
5IY4:ChainA:ASP122	-87.581415	105.937344	General
5IY4:ChainA:VAL123	-103.809459	103.794771	General
5IY4:ChainA:GLU124	-79.722255	91.584094	General
5IY4:ChainA:GLN125	-90.241693	158.594384	General
5IY4:ChainA:LEU126	-131.426912	160.511170	General
5IY4:ChainA:GLY127	-109.462328	122.157906	Glycine
5IY4:ChainA:ILE128	-99.452686	104.406123	Pre-Pro
5IY4:ChainA:PRO129	-69.690279	153.969888	Proline
5IY4:ChainA:GLU130	-88.821866	119.867408	General
5IY4:ChainA:GLN131	-114.228829	167.080048	General
5IY4:ChainA:GLU132	-115.282044	160.378571	General
5IY4:ChainA:TYR133	-124.289627	132.725295	General
5IY4:ChainA:SER134	-48.102250	-48.053719	General
5IY4:ChainA:CYS135	-137.369170	138.297352	General
5IY4:ChainA:VAL136	-136.708202	117.573562	General
5IY4:ChainA:VAL137	-115.825343	125.789585	General
5IY4:ChainA:LYS138	-111.767665	132.786501	General
5IY4:ChainA:MET139	-155.857444	163.015239	Pre-Pro
5IY4:ChainA:PRO140	-61.489839	132.312807	Proline
5IY4:ChainA:SER141	-66.403810	-29.333237	General
5IY4:ChainA:GLY142	-74.916859	-36.052159	Glycine
5IY4:ChainA:GLU143	-60.430132	-48.605479	General
5IY4:ChainA:PHE144	-59.735698	-43.715845	General
5IY4:ChainA:ALA145	-59.577827	-34.405125	General
5IY4:ChainA:ARG146	-78.272658	-38.362241	General
5IY4:ChainA:ILE147	-47.844998	-50.246575	General
5IY4:ChainA:CYS148	-68.012267	-29.093431	General
5IY4:ChainA:ARG149	-84.470349	-41.493200	General
5IY4:ChainA:ASP150	-58.129287	-54.638137	General
5IY4:ChainA:LEU151	-65.969218	-15.412911	General
5IY4:ChainA:SER152	-72.555907	-13.226459	General
5IY4:ChainA:HIS153	-74.010127	-26.682190	General
5IY4:ChainA:ILE154	-94.980450	-50.520910	General
5IY4:ChainA:GLY155	-154.262088	-179.206633	Glycine
5IY4:ChainA:ASP156	-104.428699	-9.643855	General
5IY4:ChainA:ALA157	-130.383662	139.542209	General
5IY4:ChainA:VAL158	-107.759029	143.713984	General
5IY4:ChainA:VAL159	-108.845622	115.503316	General
5IY4:ChainA:ILE160	-95.137168	122.066520	General
5IY4:ChainA:SER161	-119.258473	109.656493	General
5IY4:ChainA:CYS162	-112.171082	120.438871	General
5IY4:ChainA:ALA163	-124.977968	-171.192746	General
5IY4:ChainA:LYS164	-69.374075	-30.029957	General
5IY4:ChainA:ASP165	-54.856770	-38.900570	General
5IY4:ChainA:GLY166	149.992327	173.541154	Glycine
5IY4:ChainA:VAL167	-103.231305	147.997516	General
5IY4:ChainA:LYS168	-124.993884	128.441960	General
5IY4:ChainA:PHE169	-106.394124	128.329199	General
5IY4:ChainA:SER170	-134.434463	144.355943	General
5IY4:ChainA:ALA171	-149.612230	154.871116	General
5IY4:ChainA:SER172	-139.432354	152.516905	General
5IY4:ChainA:GLY173	-165.150066	-154.759532	Glycine
5IY4:ChainA:GLU174	-69.158456	-41.405826	General
5IY4:ChainA:LEU175	-55.923019	-45.971553	General
5IY4:ChainA:GLY176	158.286583	-144.353278	Glycine
5IY4:ChainA:ASN177	-133.642949	151.956325	General
5IY4:ChainA:GLY178	-127.798372	146.995872	Glycine
5IY4:ChainA:ASN179	-137.383535	129.178439	General
5IY4:ChainA:ILE180	-120.976245	126.555274	General
5IY4:ChainA:LYS181	-114.475364	122.997690	General
5IY4:ChainA:LEU182	-110.609295	137.852988	General
5IY4:ChainA:SER183	-116.362820	170.599571	General
5IY4:ChainA:GLN184	-81.754430	146.250693	General
5IY4:ChainA:THR185	-91.097704	162.678599	General
5IY4:ChainA:GLU193	-123.641977	8.101870	General
5IY4:ChainA:ALA194	-73.526985	156.690849	General
5IY4:ChainA:VAL195	-114.026688	116.738147	General
5IY4:ChainA:THR196	-122.040826	140.293837	General
5IY4:ChainA:ILE197	-130.488638	118.518167	General
5IY4:ChainA:GLU198	-109.149946	111.529811	General
5IY4:ChainA:MET199	-123.583035	123.737010	General
5IY4:ChainA:ASN200	-102.382261	-25.562380	General
5IY4:ChainA:GLU201	-164.752028	131.709877	Pre-Pro
5IY4:ChainA:PRO202	-53.358845	138.315170	Proline
5IY4:ChainA:VAL203	-123.540609	147.693230	General
5IY4:ChainA:GLN204	-138.576844	107.737396	General
5IY4:ChainA:LEU205	-128.509427	169.203966	General
5IY4:ChainA:THR206	-135.919111	128.897087	General
5IY4:ChainA:PHE207	-136.755528	154.209045	General
5IY4:ChainA:ALA208	-71.758237	125.806274	General
5IY4:ChainA:LEU209	-73.471203	-25.898969	General
5IY4:ChainA:ARG210	-52.696315	-43.989205	General
5IY4:ChainA:TYR211	-74.268315	-38.260586	General
5IY4:ChainA:LEU212	-62.755619	-33.737516	General
5IY4:ChainA:ASN213	-72.315892	-22.800790	General
5IY4:ChainA:PHE214	-72.648368	-38.490623	General
5IY4:ChainA:PHE215	-65.475552	-34.459297	General
5IY4:ChainA:THR216	-73.570474	-2.448206	General
5IY4:ChainA:LYS217	-65.744281	-15.664458	General
5IY4:ChainA:ALA218	-87.724721	3.977600	General
5IY4:ChainA:THR219	-52.276406	-40.792260	Pre-Pro
5IY4:ChainA:PRO220	-69.123566	-3.805383	Proline
5IY4:ChainA:LEU221	-85.439955	-19.604318	General
5IY4:ChainA:SER222	-156.335204	134.529877	General
5IY4:ChainA:SER223	-72.275640	-24.467487	General
5IY4:ChainA:THR224	-120.999497	145.782267	General
5IY4:ChainA:VAL225	-129.703107	144.178462	General
5IY4:ChainA:THR226	-118.534857	133.649480	General
5IY4:ChainA:LEU227	-115.256230	133.679666	General
5IY4:ChainA:SER228	-121.580511	127.149292	General
5IY4:ChainA:MET229	-135.381546	146.641203	General
5IY4:ChainA:SER230	-144.959380	160.588198	General
5IY4:ChainA:ALA231	-68.810039	135.836133	General
5IY4:ChainA:ASP232	60.565770	34.737788	General
5IY4:ChainA:VAL233	-137.665751	155.951791	Pre-Pro
5IY4:ChainA:PRO234	-62.074477	148.921190	Proline
5IY4:ChainA:LEU235	-69.936266	142.441338	General
5IY4:ChainA:VAL236	-114.059413	121.370000	General
5IY4:ChainA:VAL237	-105.163185	116.140370	General
5IY4:ChainA:GLU238	-118.948719	123.015754	General
5IY4:ChainA:TYR239	-111.352463	134.927812	General
5IY4:ChainA:LYS240	-102.936020	123.295018	General
5IY4:ChainA:ILE241	-83.488780	112.259607	General
5IY4:ChainA:ALA242	-64.183825	121.217581	General
5IY4:ChainA:ASP243	81.447169	-3.491722	General
5IY4:ChainA:MET244	-123.514201	-25.349332	General
5IY4:ChainA:GLY245	152.693051	-156.196564	Glycine
5IY4:ChainA:HIS246	-152.441646	166.916538	General
5IY4:ChainA:LEU247	-127.368432	111.240931	General
5IY4:ChainA:LYS248	-110.580595	129.472295	General
5IY4:ChainA:TYR249	-110.273419	138.080227	General
5IY4:ChainA:TYR250	-117.459939	135.942444	General
5IY4:ChainA:LEU251	-137.331188	131.746906	General
5IY4:ChainA:ALA252	-81.572504	131.757003	Pre-Pro
5IY4:ChainA:PRO253	-63.508643	167.825018	Proline
5IY4:ChainA:LYS254	-100.785715	160.280122	General
5IY4:ChainB:HIS324	-152.428039	136.396946	General
5IY4:ChainB:GLN325	-107.169338	123.230294	General
5IY4:ChainB:ASN326	-84.684147	148.490448	General
5IY4:ChainB:VAL327	-102.132331	160.082112	General
5IY4:ChainB:LEU328	-67.895576	-11.080208	General
5IY4:ChainB:SER329	-60.384223	-33.851763	General
5IY4:ChainB:ASN330	-66.750961	-18.039865	General
5IY4:ChainB:TYR331	-118.797846	-32.410682	General
5IY4:ChainB:PHE332	-116.169134	139.669386	Pre-Pro
5IY4:ChainB:PRO333	-73.039701	149.887624	Proline
5IY4:ChainB:ARG334	-82.269834	91.931871	General
5IY4:ChainB:VAL335	-90.133640	102.548778	General
5IY4:ChainC:PHE2	-135.352739	130.287300	General
5IY4:ChainC:GLU3	-141.866634	124.630100	General
5IY4:ChainC:ALA4	-130.554094	135.489262	General
5IY4:ChainC:ARG5	-129.409579	134.381766	General
5IY4:ChainC:LEU6	-136.991791	116.390678	General
5IY4:ChainC:VAL7	-77.069565	-30.007044	General
5IY4:ChainC:GLN8	-98.894335	89.467860	General
5IY4:ChainC:GLY9	-66.275642	-22.719343	Glycine
5IY4:ChainC:SER10	-54.231507	-29.682623	General
5IY4:ChainC:ILE11	-49.736429	-47.753796	General
5IY4:ChainC:LEU12	-76.424595	-31.164097	General
5IY4:ChainC:LYS13	-63.310918	-46.240923	General
5IY4:ChainC:LYS14	-70.747162	-33.525615	General
5IY4:ChainC:VAL15	-61.320913	-46.690503	General
5IY4:ChainC:LEU16	-62.919237	-39.921931	General
5IY4:ChainC:GLU17	-65.486306	-28.683302	General
5IY4:ChainC:ALA18	-80.746534	-11.633992	General
5IY4:ChainC:LEU19	-109.804620	-42.114012	General
5IY4:ChainC:LYS20	-65.616147	-22.191894	General
5IY4:ChainC:ASP21	-85.795371	-18.880620	General
5IY4:ChainC:LEU22	-95.137508	-39.852686	General
5IY4:ChainC:ILE23	-136.818817	140.088406	General
5IY4:ChainC:ASN24	-99.395574	-31.222394	General
5IY4:ChainC:GLU25	-134.782302	155.265317	General
5IY4:ChainC:ALA26	-171.158824	166.090418	General
5IY4:ChainC:CYS27	-114.695311	131.138426	General
5IY4:ChainC:TRP28	-99.891609	113.604690	General
5IY4:ChainC:ASP29	-88.376324	107.172208	General
5IY4:ChainC:ILE30	-98.845926	129.269439	General
5IY4:ChainC:SER31	-138.639871	-172.248127	General
5IY4:ChainC:SER32	-87.433032	2.479209	General
5IY4:ChainC:SER33	-104.807649	-6.580651	General
5IY4:ChainC:GLY34	130.847870	-155.045202	Glycine
5IY4:ChainC:VAL35	-116.547187	131.251149	General
5IY4:ChainC:ASN36	-115.067990	143.388470	General
5IY4:ChainC:LEU37	-138.819590	140.107467	General
5IY4:ChainC:GLN38	-151.861187	141.301197	General
5IY4:ChainC:SER39	-167.258270	155.879052	General
5IY4:ChainC:MET40	-94.770964	164.464724	General
5IY4:ChainC:ASP41	-86.237221	168.375378	General
5IY4:ChainC:SER42	-52.280985	-37.321138	General
5IY4:ChainC:SER43	-77.176552	-11.855201	General
5IY4:ChainC:HIS44	64.455195	23.236788	General
5IY4:ChainC:VAL45	-94.974463	-32.867751	General
5IY4:ChainC:SER46	-121.816900	161.216758	General
5IY4:ChainC:LEU47	-142.348900	154.469449	General
5IY4:ChainC:VAL48	-132.284182	133.852530	General
5IY4:ChainC:GLN49	-127.443302	122.076513	General
5IY4:ChainC:LEU50	-117.885976	130.110440	General
5IY4:ChainC:THR51	-123.287520	131.735156	General
5IY4:ChainC:LEU52	-135.811870	102.837992	General
5IY4:ChainC:ARG53	-73.579841	148.199365	General
5IY4:ChainC:SER54	-39.773312	-45.078403	General
5IY4:ChainC:GLU55	-83.529703	0.898576	General
5IY4:ChainC:GLY56	-93.149322	-9.138158	Glycine
5IY4:ChainC:PHE57	-93.993782	158.028269	General
5IY4:ChainC:ASP58	-90.302779	-14.888875	General
5IY4:ChainC:THR59	-152.934106	108.381482	General
5IY4:ChainC:TYR60	-117.679827	138.208193	General
5IY4:ChainC:ARG61	-148.433550	118.213228	General
5IY4:ChainC:CYS62	-137.068295	93.141312	General
5IY4:ChainC:ASP63	-66.941388	-42.728533	General
5IY4:ChainC:ARG64	-133.324245	149.309810	General
5IY4:ChainC:ASN65	-77.321864	148.878565	General
5IY4:ChainC:LEU66	-137.779313	147.167204	General
5IY4:ChainC:ALA67	-128.639575	114.280247	General
5IY4:ChainC:MET68	-114.176648	107.974406	General
5IY4:ChainC:GLY69	-65.208230	120.094846	Glycine
5IY4:ChainC:VAL70	-133.008183	128.640935	General
5IY4:ChainC:ASN71	-76.774911	116.991357	General
5IY4:ChainC:LEU72	-77.321007	-21.100448	General
5IY4:ChainC:THR73	-75.933688	-44.557143	General
5IY4:ChainC:SER74	-53.583152	-46.525562	General
5IY4:ChainC:MET75	-66.615080	-30.071679	General
5IY4:ChainC:SER76	-68.955341	-45.553348	General
5IY4:ChainC:LYS77	-56.620885	-42.460259	General
5IY4:ChainC:ILE78	-64.202265	-45.450153	General
5IY4:ChainC:LEU79	-69.175815	-20.870392	General
5IY4:ChainC:LYS80	-60.152286	-27.588351	General
5IY4:ChainC:CYS81	-80.617833	4.218341	General
5IY4:ChainC:ALA82	-99.269539	145.523839	General
5IY4:ChainC:GLY83	-83.024390	161.374983	Glycine
5IY4:ChainC:ASN84	-71.191869	-15.202825	General
5IY4:ChainC:GLU85	-111.018111	2.871173	General
5IY4:ChainC:ASP86	-59.478647	143.846298	General
5IY4:ChainC:ILE87	-84.673673	116.130551	General
5IY4:ChainC:ILE88	-102.673905	129.658833	General
5IY4:ChainC:THR89	-122.954895	131.517339	General
5IY4:ChainC:LEU90	-105.397693	138.165327	General
5IY4:ChainC:ARG91	-143.132287	141.362695	General
5IY4:ChainC:ALA92	-137.415825	141.518974	General
5IY4:ChainC:GLU93	-104.928654	-167.337009	General
5IY4:ChainC:ASP94	-32.581538	-60.014490	General
5IY4:ChainC:ASN95	-91.206780	-15.975258	General
5IY4:ChainC:ALA96	66.694868	35.961697	General
5IY4:ChainC:ASP97	-78.744236	-39.618503	General
5IY4:ChainC:THR98	-128.553877	156.335293	General
5IY4:ChainC:LEU99	-112.363355	128.997190	General
5IY4:ChainC:ALA100	-103.670684	138.333527	General
5IY4:ChainC:LEU101	-124.173329	125.106806	General
5IY4:ChainC:VAL102	-120.266025	127.688782	General
5IY4:ChainC:PHE103	-115.029082	110.949465	General
5IY4:ChainC:GLU104	-101.471263	119.041921	General
5IY4:ChainC:ALA105	-79.924733	142.389521	Pre-Pro
5IY4:ChainC:PRO106	-69.660913	-18.330313	Proline
5IY4:ChainC:ASN107	-59.677393	-33.136221	General
5IY4:ChainC:GLN108	85.963006	-6.341649	General
5IY4:ChainC:GLU109	-90.955890	-0.655227	General
5IY4:ChainC:LYS110	-134.838546	131.414957	General
5IY4:ChainC:VAL111	-134.419479	118.963461	General
5IY4:ChainC:SER112	-102.101493	148.545357	General
5IY4:ChainC:ASP113	-138.701993	116.606855	General
5IY4:ChainC:TYR114	-127.592305	145.834389	General
5IY4:ChainC:GLU115	-139.058126	115.888855	General
5IY4:ChainC:MET116	-110.279990	150.674708	General
5IY4:ChainC:LYS117	-77.056392	141.912400	General
5IY4:ChainC:LEU118	-98.840337	110.499228	General
5IY4:ChainC:MET119	-71.353162	172.657346	General
5IY4:ChainC:ASP120	-108.694980	122.897100	General
5IY4:ChainC:LEU121	-121.330416	138.921750	General
5IY4:ChainC:ASP122	-84.993498	144.571723	General
5IY4:ChainC:VAL123	-104.758192	86.438735	General
5IY4:ChainC:GLU124	-95.214642	89.159325	General
5IY4:ChainC:GLN125	-89.756182	162.071990	General
5IY4:ChainC:LEU126	-130.894810	156.447405	General
5IY4:ChainC:GLY127	-109.912340	115.443052	Glycine
5IY4:ChainC:ILE128	-99.315665	102.449311	Pre-Pro
5IY4:ChainC:PRO129	-66.623186	148.038327	Proline
5IY4:ChainC:GLU130	-74.718346	122.461249	General
5IY4:ChainC:GLN131	-127.468629	170.251879	General
5IY4:ChainC:GLU132	-110.766821	162.282564	General
5IY4:ChainC:TYR133	-125.165244	141.252328	General
5IY4:ChainC:SER134	-44.338354	-51.738864	General
5IY4:ChainC:CYS135	-136.860366	139.373501	General
5IY4:ChainC:VAL136	-137.877615	119.969258	General
5IY4:ChainC:VAL137	-115.724931	125.028641	General
5IY4:ChainC:LYS138	-111.075460	130.840030	General
5IY4:ChainC:MET139	-158.277811	162.846364	Pre-Pro
5IY4:ChainC:PRO140	-59.107397	131.649673	Proline
5IY4:ChainC:SER141	-66.245268	-23.948404	General
5IY4:ChainC:GLY142	-75.904537	-39.510161	Glycine
5IY4:ChainC:GLU143	-57.781345	-50.583941	General
5IY4:ChainC:PHE144	-61.086858	-43.902960	General
5IY4:ChainC:ALA145	-58.871821	-36.960556	General
5IY4:ChainC:ARG146	-73.631017	-43.464001	General
5IY4:ChainC:ILE147	-49.431946	-46.310421	General
5IY4:ChainC:CYS148	-69.501291	-32.537545	General
5IY4:ChainC:ARG149	-76.831568	-45.545152	General
5IY4:ChainC:ASP150	-60.851347	-55.104032	General
5IY4:ChainC:LEU151	-63.879373	-15.967003	General
5IY4:ChainC:SER152	-70.715687	-15.247944	General
5IY4:ChainC:HIS153	-75.454926	-24.923391	General
5IY4:ChainC:ILE154	-94.308516	-47.919571	General
5IY4:ChainC:GLY155	-152.706038	-178.591786	Glycine
5IY4:ChainC:ASP156	-104.990190	-10.505068	General
5IY4:ChainC:ALA157	-134.913539	141.391360	General
5IY4:ChainC:VAL158	-107.636530	140.807359	General
5IY4:ChainC:VAL159	-107.050033	114.388507	General
5IY4:ChainC:ILE160	-95.252825	123.410591	General
5IY4:ChainC:SER161	-118.739965	114.686482	General
5IY4:ChainC:CYS162	-111.724977	123.375740	General
5IY4:ChainC:ALA163	-121.301748	-166.629281	General
5IY4:ChainC:LYS164	-65.734714	-32.258674	General
5IY4:ChainC:ASP165	-146.628771	60.932668	General
5IY4:ChainC:GLY166	147.998652	141.164185	Glycine
5IY4:ChainC:VAL167	-113.657355	145.006562	General
5IY4:ChainC:LYS168	-126.188137	128.883440	General
5IY4:ChainC:PHE169	-107.201458	130.383529	General
5IY4:ChainC:SER170	-131.817017	144.924841	General
5IY4:ChainC:ALA171	-151.859403	154.738520	General
5IY4:ChainC:SER172	-143.659228	155.690115	General
5IY4:ChainC:GLY173	-165.202655	-154.455933	Glycine
5IY4:ChainC:GLU174	-73.545669	-42.465695	General
5IY4:ChainC:LEU175	-53.622054	-44.768192	General
5IY4:ChainC:GLY176	158.395428	-145.070857	Glycine
5IY4:ChainC:ASN177	-138.860969	157.000958	General
5IY4:ChainC:GLY178	-133.924766	152.567643	Glycine
5IY4:ChainC:ASN179	-140.075271	130.479912	General
5IY4:ChainC:ILE180	-116.001659	127.212304	General
5IY4:ChainC:LYS181	-116.423022	122.709927	General
5IY4:ChainC:LEU182	-108.602226	143.040467	General
5IY4:ChainC:SER183	-118.784742	170.077656	General
5IY4:ChainC:GLN184	-81.606581	145.120732	General
5IY4:ChainC:THR185	-94.614847	168.644952	General
5IY4:ChainC:GLU192	-84.538322	-25.477296	General
5IY4:ChainC:GLU193	-112.187118	2.798579	General
5IY4:ChainC:ALA194	-73.941017	156.323670	General
5IY4:ChainC:VAL195	-114.793275	115.818082	General
5IY4:ChainC:THR196	-123.224882	146.354502	General
5IY4:ChainC:ILE197	-132.453489	121.637209	General
5IY4:ChainC:GLU198	-107.662350	109.920156	General
5IY4:ChainC:MET199	-125.277414	122.333584	General
5IY4:ChainC:ASN200	-97.982328	-21.646306	General
5IY4:ChainC:GLU201	-161.578301	126.541719	Pre-Pro
5IY4:ChainC:PRO202	-56.385471	136.758443	Proline
5IY4:ChainC:VAL203	-127.911373	144.061343	General
5IY4:ChainC:GLN204	-134.728024	106.905785	General
5IY4:ChainC:LEU205	-130.308846	173.601284	General
5IY4:ChainC:THR206	-133.691208	130.497124	General
5IY4:ChainC:PHE207	-139.784829	155.436193	General
5IY4:ChainC:ALA208	-72.305756	124.918161	General
5IY4:ChainC:LEU209	-73.032059	-24.192233	General
5IY4:ChainC:ARG210	-56.848030	-44.513968	General
5IY4:ChainC:TYR211	-74.415517	-39.784584	General
5IY4:ChainC:LEU212	-60.182683	-32.447401	General
5IY4:ChainC:ASN213	-73.685698	-23.421936	General
5IY4:ChainC:PHE214	-71.796903	-36.405566	General
5IY4:ChainC:PHE215	-64.533547	-36.388859	General
5IY4:ChainC:THR216	-74.678908	-6.809639	General
5IY4:ChainC:LYS217	-64.555191	-13.547419	General
5IY4:ChainC:ALA218	-87.300855	1.760980	General
5IY4:ChainC:THR219	-53.068643	-41.392828	Pre-Pro
5IY4:ChainC:PRO220	-68.654464	1.806099	Proline
5IY4:ChainC:LEU221	-84.893462	-24.258695	General
5IY4:ChainC:SER222	-158.453593	137.448717	General
5IY4:ChainC:SER223	-69.534545	-27.126399	General
5IY4:ChainC:THR224	-122.062042	147.575778	General
5IY4:ChainC:VAL225	-132.304008	146.404428	General
5IY4:ChainC:THR226	-119.392219	138.216272	General
5IY4:ChainC:LEU227	-113.425483	135.531632	General
5IY4:ChainC:SER228	-122.541641	130.175476	General
5IY4:ChainC:MET229	-133.999631	147.684293	General
5IY4:ChainC:SER230	-144.217163	156.783583	General
5IY4:ChainC:ALA231	-67.944524	139.452390	General
5IY4:ChainC:ASP232	60.952408	29.713406	General
5IY4:ChainC:VAL233	-139.904971	154.962864	Pre-Pro
5IY4:ChainC:PRO234	-62.624402	147.582139	Proline
5IY4:ChainC:LEU235	-69.946061	144.230723	General
5IY4:ChainC:VAL236	-116.924931	120.521169	General
5IY4:ChainC:VAL237	-106.127130	117.933957	General
5IY4:ChainC:GLU238	-121.946189	123.519041	General
5IY4:ChainC:TYR239	-112.147003	135.717410	General
5IY4:ChainC:LYS240	-103.395494	121.340581	General
5IY4:ChainC:ILE241	-81.159043	89.343947	General
5IY4:ChainC:ALA242	-63.399759	133.310196	General
5IY4:ChainC:ASP243	83.653697	-6.381674	General
5IY4:ChainC:MET244	-124.117358	-25.844224	General
5IY4:ChainC:GLY245	154.466697	-157.389272	Glycine
5IY4:ChainC:HIS246	-153.811554	169.736625	General
5IY4:ChainC:LEU247	-125.828804	112.940178	General
5IY4:ChainC:LYS248	-110.212124	131.265407	General
5IY4:ChainC:TYR249	-109.662482	138.138354	General
5IY4:ChainC:TYR250	-115.925671	138.276617	General
5IY4:ChainC:LEU251	-139.037426	131.475503	General
5IY4:ChainC:ALA252	-80.120024	132.335034	Pre-Pro
5IY4:ChainC:PRO253	-65.847376	168.755089	Proline
5IY4:ChainC:LYS254	-102.623191	159.836596	General
5IY4:ChainD:HIS324	-141.263031	143.924670	General
5IY4:ChainD:GLN325	-94.362630	120.746215	General
5IY4:ChainD:ASN326	-91.784674	155.421457	General
5IY4:ChainD:VAL327	-100.790904	157.120983	General
5IY4:ChainD:LEU328	-70.868137	-13.929687	General
5IY4:ChainD:SER329	-60.374344	-35.959539	General
5IY4:ChainD:ASN330	-69.750068	-0.740007	General
5IY4:ChainD:TYR331	-135.810450	-28.640985	General
5IY4:ChainD:PHE332	-125.317161	138.228615	Pre-Pro
5IY4:ChainD:PRO333	-74.073475	151.631744	Proline
5IY4:ChainD:ARG334	-78.538729	94.355462	General
5IY4:ChainD:VAL335	-87.415619	114.491913	General
5IY4:ChainE:PHE2	-135.787551	126.651474	General
5IY4:ChainE:GLU3	-143.094577	120.046865	General
5IY4:ChainE:ALA4	-132.654686	136.531995	General
5IY4:ChainE:ARG5	-127.049079	131.054626	General
5IY4:ChainE:LEU6	-136.636565	113.601145	General
5IY4:ChainE:VAL7	-75.553214	-28.933172	General
5IY4:ChainE:GLN8	-94.561496	82.913551	General
5IY4:ChainE:GLY9	-69.669999	-24.417487	Glycine
5IY4:ChainE:SER10	-55.377838	-27.136356	General
5IY4:ChainE:ILE11	-49.840532	-48.435845	General
5IY4:ChainE:LEU12	-75.145375	-31.778741	General
5IY4:ChainE:LYS13	-62.523957	-44.477561	General
5IY4:ChainE:LYS14	-69.482042	-35.398619	General
5IY4:ChainE:VAL15	-61.208328	-48.649656	General
5IY4:ChainE:LEU16	-75.062366	-16.792842	General
5IY4:ChainE:GLU17	-73.469006	-28.149173	General
5IY4:ChainE:ALA18	-81.460957	-10.676391	General
5IY4:ChainE:LEU19	-110.665972	-38.734247	General
5IY4:ChainE:LYS20	-65.273226	-22.033839	General
5IY4:ChainE:ASP21	-85.039363	-18.337238	General
5IY4:ChainE:LEU22	-92.697022	-42.897955	General
5IY4:ChainE:ILE23	-136.208801	143.791693	General
5IY4:ChainE:ASN24	-96.657374	-31.756525	General
5IY4:ChainE:GLU25	-132.871949	155.773000	General
5IY4:ChainE:ALA26	-170.475772	159.346156	General
5IY4:ChainE:CYS27	-115.632410	131.495301	General
5IY4:ChainE:TRP28	-97.706563	116.262333	General
5IY4:ChainE:ASP29	-91.108155	106.667597	General
5IY4:ChainE:ILE30	-97.266460	133.572433	General
5IY4:ChainE:SER31	-138.973193	-171.323174	General
5IY4:ChainE:SER32	-84.743174	-0.371717	General
5IY4:ChainE:SER33	-104.796756	-6.892217	General
5IY4:ChainE:GLY34	130.787215	-153.716936	Glycine
5IY4:ChainE:VAL35	-115.892810	131.036031	General
5IY4:ChainE:ASN36	-118.957261	143.340697	General
5IY4:ChainE:LEU37	-138.682359	139.241395	General
5IY4:ChainE:GLN38	-147.504556	138.933138	General
5IY4:ChainE:SER39	-169.319268	153.500191	General
5IY4:ChainE:MET40	-96.579134	165.912529	General
5IY4:ChainE:ASP41	-91.128175	172.918598	General
5IY4:ChainE:SER42	-48.421492	-36.731866	General
5IY4:ChainE:SER43	-79.855540	-13.747180	General
5IY4:ChainE:HIS44	64.764401	23.457218	General
5IY4:ChainE:VAL45	-90.719810	-35.363751	General
5IY4:ChainE:SER46	-122.536174	159.535614	General
5IY4:ChainE:LEU47	-142.678777	150.909430	General
5IY4:ChainE:VAL48	-134.155989	136.308780	General
5IY4:ChainE:GLN49	-125.483054	122.832956	General
5IY4:ChainE:LEU50	-118.725108	130.262402	General
5IY4:ChainE:THR51	-124.356750	132.865863	General
5IY4:ChainE:LEU52	-135.428746	105.333711	General
5IY4:ChainE:ARG53	-75.406094	140.304335	General
5IY4:ChainE:SER54	-41.768880	-46.254977	General
5IY4:ChainE:GLU55	-81.795908	5.600389	General
5IY4:ChainE:GLY56	-92.913159	-10.455369	Glycine
5IY4:ChainE:PHE57	-92.130637	161.314367	General
5IY4:ChainE:ASP58	-95.655458	-17.444340	General
5IY4:ChainE:THR59	-153.699830	104.369738	General
5IY4:ChainE:TYR60	-121.733548	136.262710	General
5IY4:ChainE:ARG61	-156.926594	123.346098	General
5IY4:ChainE:CYS62	-132.709639	112.922861	General
5IY4:ChainE:ASP63	-73.773019	-38.154171	General
5IY4:ChainE:ARG64	-168.365686	159.910873	General
5IY4:ChainE:ASN65	-60.925985	146.271441	General
5IY4:ChainE:LEU66	-135.158550	151.798886	General
5IY4:ChainE:ALA67	-130.010436	111.148830	General
5IY4:ChainE:MET68	-110.862394	109.750634	General
5IY4:ChainE:GLY69	-66.430195	120.028291	Glycine
5IY4:ChainE:VAL70	-132.678710	127.385096	General
5IY4:ChainE:ASN71	-79.773286	117.986178	General
5IY4:ChainE:LEU72	-76.881436	-20.129810	General
5IY4:ChainE:THR73	-70.100588	-45.415924	General
5IY4:ChainE:SER74	-55.160228	-49.542434	General
5IY4:ChainE:MET75	-65.541790	-28.182518	General
5IY4:ChainE:SER76	-70.719293	-45.882524	General
5IY4:ChainE:LYS77	-53.002807	-41.706327	General
5IY4:ChainE:ILE78	-67.485667	-46.023128	General
5IY4:ChainE:LEU79	-68.757384	-24.463225	General
5IY4:ChainE:LYS80	-58.185011	-31.623203	General
5IY4:ChainE:CYS81	-79.945378	3.742040	General
5IY4:ChainE:ALA82	-92.997504	144.908227	General
5IY4:ChainE:GLY83	-76.220355	162.458011	Glycine
5IY4:ChainE:ASN84	-66.921355	-22.398473	General
5IY4:ChainE:GLU85	-117.568681	1.681180	General
5IY4:ChainE:ASP86	-61.832643	144.381846	General
5IY4:ChainE:ILE87	-84.086875	115.287969	General
5IY4:ChainE:ILE88	-102.425999	138.377149	General
5IY4:ChainE:THR89	-127.507726	133.206505	General
5IY4:ChainE:LEU90	-108.186764	140.534180	General
5IY4:ChainE:ARG91	-141.902356	139.855608	General
5IY4:ChainE:ALA92	-142.464993	142.366915	General
5IY4:ChainE:GLU93	-110.947068	-165.381689	General
5IY4:ChainE:ASP94	-34.788120	-52.944621	General
5IY4:ChainE:ASN95	-70.209296	-39.581432	General
5IY4:ChainE:ALA96	56.132806	27.735629	General
5IY4:ChainE:ASP97	-82.476107	-42.815096	General
5IY4:ChainE:THR98	-132.218303	160.284939	General
5IY4:ChainE:LEU99	-112.117638	133.380206	General
5IY4:ChainE:ALA100	-101.439681	139.584201	General
5IY4:ChainE:LEU101	-127.149832	129.938692	General
5IY4:ChainE:VAL102	-119.471714	124.019252	General
5IY4:ChainE:PHE103	-113.344148	108.451075	General
5IY4:ChainE:GLU104	-102.629609	127.458205	General
5IY4:ChainE:ALA105	-74.838377	145.165819	Pre-Pro
5IY4:ChainE:PRO106	-68.879004	-23.931274	Proline
5IY4:ChainE:ASN107	-63.266205	-28.497710	General
5IY4:ChainE:GLN108	86.588166	4.597628	General
5IY4:ChainE:GLU109	-104.116204	3.687044	General
5IY4:ChainE:LYS110	-135.383294	130.013766	General
5IY4:ChainE:VAL111	-135.029215	118.737803	General
5IY4:ChainE:SER112	-102.975974	147.683283	General
5IY4:ChainE:ASP113	-139.542539	115.836487	General
5IY4:ChainE:TYR114	-125.567072	146.863100	General
5IY4:ChainE:GLU115	-137.560656	111.261691	General
5IY4:ChainE:MET116	-110.710458	150.050021	General
5IY4:ChainE:LYS117	-74.761541	140.511811	General
5IY4:ChainE:LEU118	-99.717368	111.192408	General
5IY4:ChainE:MET119	-73.610837	173.040776	General
5IY4:ChainE:ASP120	-108.039856	125.852990	General
5IY4:ChainE:LEU121	-118.687044	138.393649	General
5IY4:ChainE:ASP122	-80.752145	134.766694	General
5IY4:ChainE:VAL123	-106.880669	93.218277	General
5IY4:ChainE:GLU124	-86.621226	92.312800	General
5IY4:ChainE:GLN125	-90.160998	150.419659	General
5IY4:ChainE:LEU126	-136.859396	160.403909	General
5IY4:ChainE:GLY127	-113.115941	119.001312	Glycine
5IY4:ChainE:ILE128	-95.260496	99.536991	Pre-Pro
5IY4:ChainE:PRO129	-84.508253	140.724278	Proline
5IY4:ChainE:GLU130	-71.411355	128.855468	General
5IY4:ChainE:GLN131	-115.771672	176.278735	General
5IY4:ChainE:GLU132	-78.413764	154.649277	General
5IY4:ChainE:TYR133	-136.059537	128.684046	General
5IY4:ChainE:SER134	-46.904105	-48.739147	General
5IY4:ChainE:CYS135	-139.302713	143.814705	General
5IY4:ChainE:VAL136	-134.007674	120.291383	General
5IY4:ChainE:VAL137	-113.210112	125.591870	General
5IY4:ChainE:LYS138	-113.038508	132.805638	General
5IY4:ChainE:MET139	-159.755288	161.742998	Pre-Pro
5IY4:ChainE:PRO140	-60.969658	132.304519	Proline
5IY4:ChainE:SER141	-65.273077	-28.211795	General
5IY4:ChainE:GLY142	-72.334848	-35.405611	Glycine
5IY4:ChainE:GLU143	-60.050529	-49.486904	General
5IY4:ChainE:PHE144	-60.329297	-46.003959	General
5IY4:ChainE:ALA145	-58.489536	-36.510272	General
5IY4:ChainE:ARG146	-75.290765	-36.951159	General
5IY4:ChainE:ILE147	-50.163437	-50.471995	General
5IY4:ChainE:CYS148	-68.509154	-28.121438	General
5IY4:ChainE:ARG149	-83.240185	-40.752560	General
5IY4:ChainE:ASP150	-59.432518	-57.204715	General
5IY4:ChainE:LEU151	-65.683736	-12.395710	General
5IY4:ChainE:SER152	-71.763959	-13.657405	General
5IY4:ChainE:HIS153	-76.711391	-24.646236	General
5IY4:ChainE:ILE154	-93.763993	-47.920019	General
5IY4:ChainE:GLY155	-156.639258	-176.060669	Glycine
5IY4:ChainE:ASP156	-105.441030	-12.015811	General
5IY4:ChainE:ALA157	-134.648830	140.207619	General
5IY4:ChainE:VAL158	-107.197658	141.917865	General
5IY4:ChainE:VAL159	-108.627958	117.675259	General
5IY4:ChainE:ILE160	-96.008897	121.339863	General
5IY4:ChainE:SER161	-120.439695	107.540079	General
5IY4:ChainE:CYS162	-115.772743	121.084117	General
5IY4:ChainE:ALA163	-124.370142	-177.740218	General
5IY4:ChainE:LYS164	-73.861710	-18.323426	General
5IY4:ChainE:ASP165	-51.209412	-30.181017	General
5IY4:ChainE:GLY166	142.264570	169.558620	Glycine
5IY4:ChainE:VAL167	-105.755528	143.035409	General
5IY4:ChainE:LYS168	-127.441264	133.646786	General
5IY4:ChainE:PHE169	-110.226262	127.102172	General
5IY4:ChainE:SER170	-131.491504	144.378105	General
5IY4:ChainE:ALA171	-148.925484	152.275997	General
5IY4:ChainE:SER172	-140.151231	155.541823	General
5IY4:ChainE:GLY173	-164.182438	-148.990050	Glycine
5IY4:ChainE:GLU174	-72.581607	-49.763504	General
5IY4:ChainE:LEU175	-56.202219	-42.360632	General
5IY4:ChainE:GLY176	150.130347	-151.880193	Glycine
5IY4:ChainE:ASN177	-131.891881	158.614393	General
5IY4:ChainE:GLY178	-133.221769	147.752511	Glycine
5IY4:ChainE:ASN179	-141.128871	127.442045	General
5IY4:ChainE:ILE180	-115.097031	124.858707	General
5IY4:ChainE:LYS181	-114.440345	126.005719	General
5IY4:ChainE:LEU182	-107.493565	141.679616	General
5IY4:ChainE:SER183	-118.899291	166.472536	General
5IY4:ChainE:GLN184	-82.015117	142.951440	General
5IY4:ChainE:THR185	-93.827415	176.832579	General
5IY4:ChainE:GLU193	-117.229829	9.766009	General
5IY4:ChainE:ALA194	-68.094963	155.555309	General
5IY4:ChainE:VAL195	-112.489630	112.661279	General
5IY4:ChainE:THR196	-120.828677	143.490569	General
5IY4:ChainE:ILE197	-128.610829	119.969091	General
5IY4:ChainE:GLU198	-106.199574	111.527728	General
5IY4:ChainE:MET199	-124.615160	124.294134	General
5IY4:ChainE:ASN200	-104.482073	-23.035136	General
5IY4:ChainE:GLU201	-165.004587	129.697420	Pre-Pro
5IY4:ChainE:PRO202	-57.414132	133.701593	Proline
5IY4:ChainE:VAL203	-127.499356	145.845143	General
5IY4:ChainE:GLN204	-135.664768	107.801601	General
5IY4:ChainE:LEU205	-130.178868	171.012524	General
5IY4:ChainE:THR206	-133.246061	132.950742	General
5IY4:ChainE:PHE207	-137.638422	153.771409	General
5IY4:ChainE:ALA208	-71.951410	126.567553	General
5IY4:ChainE:LEU209	-71.220217	-24.181154	General
5IY4:ChainE:ARG210	-56.120380	-42.696910	General
5IY4:ChainE:TYR211	-75.990700	-38.968796	General
5IY4:ChainE:LEU212	-62.072122	-32.972154	General
5IY4:ChainE:ASN213	-70.734612	-24.712420	General
5IY4:ChainE:PHE214	-71.797761	-38.835050	General
5IY4:ChainE:PHE215	-64.942054	-36.063233	General
5IY4:ChainE:THR216	-73.279763	-2.731108	General
5IY4:ChainE:LYS217	-69.045780	-12.690542	General
5IY4:ChainE:ALA218	-86.565447	0.585731	General
5IY4:ChainE:THR219	-51.516680	-40.869064	Pre-Pro
5IY4:ChainE:PRO220	-69.799947	-2.157651	Proline
5IY4:ChainE:LEU221	-84.187273	-23.492129	General
5IY4:ChainE:SER222	-156.112624	139.645713	General
5IY4:ChainE:SER223	-71.211750	-25.842566	General
5IY4:ChainE:THR224	-121.578533	145.113588	General
5IY4:ChainE:VAL225	-131.805427	145.997416	General
5IY4:ChainE:THR226	-119.644542	137.535367	General
5IY4:ChainE:LEU227	-113.358315	132.386952	General
5IY4:ChainE:SER228	-121.957599	126.583544	General
5IY4:ChainE:MET229	-134.382487	147.431026	General
5IY4:ChainE:SER230	-145.399358	155.983363	General
5IY4:ChainE:ALA231	-67.246572	136.567517	General
5IY4:ChainE:ASP232	65.643406	30.532822	General
5IY4:ChainE:VAL233	-141.755864	155.698362	Pre-Pro
5IY4:ChainE:PRO234	-65.067815	148.408460	Proline
5IY4:ChainE:LEU235	-69.353044	142.990162	General
5IY4:ChainE:VAL236	-111.878483	117.098053	General
5IY4:ChainE:VAL237	-102.916190	115.368121	General
5IY4:ChainE:GLU238	-120.792898	125.267420	General
5IY4:ChainE:TYR239	-108.783957	135.785360	General
5IY4:ChainE:LYS240	-104.400341	119.765262	General
5IY4:ChainE:ILE241	-83.643587	127.390741	General
5IY4:ChainE:ALA242	-68.548646	123.124521	General
5IY4:ChainE:ASP243	76.998259	-1.463274	General
5IY4:ChainE:MET244	-120.618085	-44.302939	General
5IY4:ChainE:GLY245	174.118983	-155.878891	Glycine
5IY4:ChainE:HIS246	-153.709138	166.707916	General
5IY4:ChainE:LEU247	-125.944127	115.816205	General
5IY4:ChainE:LYS248	-110.025316	130.724063	General
5IY4:ChainE:TYR249	-110.263445	138.204524	General
5IY4:ChainE:TYR250	-117.588150	136.433084	General
5IY4:ChainE:LEU251	-138.095570	132.673771	General
5IY4:ChainE:ALA252	-80.800807	131.515556	Pre-Pro
5IY4:ChainE:PRO253	-62.636934	168.825916	Proline
5IY4:ChainE:LYS254	-98.478773	166.891075	General
5IY4:ChainF:HIS324	179.294639	178.606658	General
5IY4:ChainF:GLN325	177.703886	153.932124	General
5IY4:ChainF:ASN326	-122.760813	-150.709659	General
5IY4:ChainF:VAL327	-125.540404	177.409460	General
5IY4:ChainF:LEU328	-93.332797	2.107493	General
5IY4:ChainF:SER329	-73.425349	-38.359540	General
5IY4:ChainF:ASN330	-73.156479	14.980519	General
5IY4:ChainF:TYR331	-129.313622	-33.315252	General
5IY4:ChainF:PHE332	-114.986309	141.972536	Pre-Pro
