5JRG:ChainA:HIS39	-77.200643	146.315047	General
5JRG:ChainA:ARG40	-150.260312	130.220183	General
5JRG:ChainA:TYR41	-82.931735	150.783083	General
5JRG:ChainA:ARG42	-77.643524	142.444705	Pre-Pro
5JRG:ChainA:PRO43	-54.525861	121.560201	Proline
5JRG:ChainA:GLY44	117.108295	-23.270926	Glycine
5JRG:ChainA:THR45	-72.977813	-48.096420	General
5JRG:ChainA:VAL46	-67.355861	-28.893582	General
5JRG:ChainA:ALA47	-64.514532	-47.795138	General
5JRG:ChainA:LEU48	-65.430879	-38.037157	General
5JRG:ChainA:ARG49	-61.237768	-40.093731	General
5JRG:ChainA:GLU50	-65.267485	-41.962695	General
5JRG:ChainA:ILE51	-56.576640	-49.087522	General
5JRG:ChainA:ARG52	-60.467131	-40.246434	General
5JRG:ChainA:ARG53	-65.445678	-44.607252	General
5JRG:ChainA:TYR54	-84.282119	-21.788816	General
5JRG:ChainA:GLN55	-78.372361	-14.905364	General
5JRG:ChainA:LYS56	-89.410467	-17.529756	General
5JRG:ChainA:SER57	-111.340175	172.536840	General
5JRG:ChainA:THR58	-129.011426	2.131466	General
5JRG:ChainA:GLU59	-71.299106	149.014201	General
5JRG:ChainA:LEU60	-64.013989	142.656053	General
5JRG:ChainA:LEU61	-106.527269	-13.674114	General
5JRG:ChainA:ILE62	-94.102522	141.579785	General
5JRG:ChainA:ARG63	-67.087315	141.017703	General
5JRG:ChainA:LYS64	-60.142228	-52.139754	General
5JRG:ChainA:LEU65	-64.367711	-47.992089	Pre-Pro
5JRG:ChainA:PRO66	-55.509359	-41.516824	Proline
5JRG:ChainA:PHE67	-62.020581	-47.977888	General
5JRG:ChainA:GLN68	-59.395207	-41.141466	General
5JRG:ChainA:ARG69	-64.831297	-36.525752	General
5JRG:ChainA:LEU70	-64.967223	-46.939149	General
5JRG:ChainA:VAL71	-55.930817	-45.155310	General
5JRG:ChainA:ARG72	-68.360586	-37.443600	General
5JRG:ChainA:GLU73	-60.211219	-52.212580	General
5JRG:ChainA:ILE74	-56.132293	-51.985924	General
5JRG:ChainA:ALA75	-56.720606	-41.886358	General
5JRG:ChainA:GLN76	-67.360906	-21.932881	General
5JRG:ChainA:ASP77	-68.754178	-16.980406	General
5JRG:ChainA:PHE78	-101.027260	-41.439849	General
5JRG:ChainA:LYS79	-152.557602	137.410016	General
5JRG:ChainA:THR80	-100.321073	163.170422	General
5JRG:ChainA:ASP81	49.875344	44.937137	General
5JRG:ChainA:LEU82	-87.475910	150.792488	General
5JRG:ChainA:ARG83	-119.854668	164.923094	General
5JRG:ChainA:PHE84	-133.036694	132.037232	General
5JRG:ChainA:GLN85	-64.905124	152.729279	General
5JRG:ChainA:SER86	-67.493960	-39.610897	General
5JRG:ChainA:SER87	-59.970010	-34.153236	General
5JRG:ChainA:ALA88	-63.311020	-44.267602	General
5JRG:ChainA:VAL89	-68.283650	-41.418568	General
5JRG:ChainA:MET90	-59.503848	-39.455228	General
5JRG:ChainA:ALA91	-67.391556	-43.413178	General
5JRG:ChainA:LEU92	-60.261209	-38.528901	General
5JRG:ChainA:GLN93	-71.716314	-38.163419	General
5JRG:ChainA:GLU94	-57.794240	-46.449105	General
5JRG:ChainA:ALA95	-61.087602	-48.279636	General
5JRG:ChainA:CYS96	-60.614751	-45.254770	General
5JRG:ChainA:GLU97	-69.357496	-43.340651	General
5JRG:ChainA:ALA98	-59.612047	-40.896551	General
5JRG:ChainA:TYR99	-61.600398	-46.355891	General
5JRG:ChainA:LEU100	-68.368525	-40.390272	General
5JRG:ChainA:VAL101	-59.044876	-49.387729	General
5JRG:ChainA:GLY102	-60.967834	-39.802003	Glycine
5JRG:ChainA:LEU103	-65.336875	-34.950695	General
5JRG:ChainA:PHE104	-69.663636	-37.487832	General
5JRG:ChainA:GLU105	-58.720954	-47.472966	General
5JRG:ChainA:ASP106	-64.422706	-45.669496	General
5JRG:ChainA:THR107	-52.606571	-47.025733	General
5JRG:ChainA:ASN108	-62.391558	-40.414559	General
5JRG:ChainA:LEU109	-59.572374	-35.614750	General
5JRG:ChainA:CYS110	-70.309304	-36.667820	General
5JRG:ChainA:ALA111	-64.344794	-49.504317	General
5JRG:ChainA:ILE112	-56.736744	-37.352434	General
5JRG:ChainA:HIS113	-60.087786	-40.816645	General
5JRG:ChainA:ALA114	-85.715081	22.377127	General
5JRG:ChainA:LYS115	61.788397	22.107499	General
5JRG:ChainA:ARG116	-105.571491	167.719037	General
5JRG:ChainA:VAL117	-119.850609	9.790951	General
5JRG:ChainA:THR118	-113.130745	121.254405	General
5JRG:ChainA:ILE119	-78.394604	145.768536	General
5JRG:ChainA:MET120	-134.634775	163.876914	Pre-Pro
5JRG:ChainA:PRO121	-49.460241	-42.039694	Proline
5JRG:ChainA:LYS122	-59.349018	-29.309069	General
5JRG:ChainA:ASP123	-69.579614	-48.255421	General
5JRG:ChainA:ILE124	-56.805706	-39.878339	General
5JRG:ChainA:GLN125	-70.762447	-40.141980	General
5JRG:ChainA:LEU126	-61.377364	-47.247553	General
5JRG:ChainA:ALA127	-56.487203	-47.276526	General
5JRG:ChainA:ARG128	-65.170421	-36.556579	General
5JRG:ChainA:ARG129	-72.526935	-38.959397	General
5JRG:ChainA:ILE130	-65.990629	-42.356424	General
5JRG:ChainA:ARG131	-60.841782	-9.320292	General
5JRG:ChainA:GLY132	69.710225	34.472632	Glycine
5JRG:ChainA:GLU133	-97.801845	-26.306934	General
5JRG:ChainB:ILE26	-62.014137	-26.906765	General
5JRG:ChainB:GLN27	-69.624346	-10.976882	General
5JRG:ChainB:GLY28	-72.924880	-15.419933	Glycine
5JRG:ChainB:ILE29	-87.103990	96.011159	General
5JRG:ChainB:THR30	-80.151901	164.943983	General
5JRG:ChainB:LYS31	-54.314674	-50.672990	Pre-Pro
5JRG:ChainB:PRO32	-59.185224	-36.551880	Proline
5JRG:ChainB:ALA33	-60.814233	-52.797347	General
5JRG:ChainB:ILE34	-58.185875	-35.030583	General
5JRG:ChainB:ARG35	-66.594677	-41.637328	General
5JRG:ChainB:ARG36	-64.943845	-41.685522	General
5JRG:ChainB:LEU37	-58.333038	-45.139287	General
5JRG:ChainB:ALA38	-63.966869	-31.031837	General
5JRG:ChainB:ARG39	-72.218113	-43.215722	General
5JRG:ChainB:ARG40	-59.715775	-34.588519	General
5JRG:ChainB:GLY41	-71.322018	1.972049	Glycine
5JRG:ChainB:GLY42	79.653966	14.446077	Glycine
5JRG:ChainB:VAL43	-85.303253	128.485902	General
5JRG:ChainB:LYS44	-95.008091	-43.155917	General
5JRG:ChainB:ARG45	-126.965114	144.100911	General
5JRG:ChainB:ILE46	-134.938393	117.901741	General
5JRG:ChainB:SER47	-58.921539	148.501967	General
5JRG:ChainB:GLY48	-70.006588	-18.026438	Glycine
5JRG:ChainB:LEU49	-83.283027	-5.659044	General
5JRG:ChainB:ILE50	-64.246848	-39.566074	General
5JRG:ChainB:TYR51	-61.121052	-38.865466	General
5JRG:ChainB:GLU52	-73.168024	-39.861609	General
5JRG:ChainB:GLU53	-57.429244	-49.536573	General
5JRG:ChainB:THR54	-59.746481	-41.394734	General
5JRG:ChainB:ARG55	-63.367400	-42.731760	General
5JRG:ChainB:GLY56	-59.182550	-46.758750	Glycine
5JRG:ChainB:VAL57	-65.671050	-42.950909	General
5JRG:ChainB:LEU58	-60.589330	-42.569828	General
5JRG:ChainB:LYS59	-62.285287	-40.985639	General
5JRG:ChainB:VAL60	-62.243876	-47.888136	General
5JRG:ChainB:PHE61	-54.660929	-47.716748	General
5JRG:ChainB:LEU62	-67.672768	-40.637507	General
5JRG:ChainB:GLU63	-58.939744	-41.242722	General
5JRG:ChainB:ASN64	-68.454465	-43.456746	General
5JRG:ChainB:VAL65	-72.324642	-46.980648	General
5JRG:ChainB:ILE66	-64.361251	-35.980126	General
5JRG:ChainB:ARG67	-60.525701	-41.276979	General
5JRG:ChainB:ASP68	-73.263271	-42.493970	General
5JRG:ChainB:ALA69	-57.846620	-39.854217	General
5JRG:ChainB:VAL70	-72.318159	-40.089885	General
5JRG:ChainB:THR71	-52.912200	-45.892466	General
5JRG:ChainB:TYR72	-61.833736	-41.040840	General
5JRG:ChainB:THR73	-60.873222	-48.956528	General
5JRG:ChainB:GLU74	-65.691053	-30.235343	General
5JRG:ChainB:HIS75	-66.545307	-38.117022	General
5JRG:ChainB:ALA76	-79.929378	5.903377	General
5JRG:ChainB:LYS77	56.488061	35.181192	General
5JRG:ChainB:ARG78	-101.167794	167.330260	General
5JRG:ChainB:LYS79	-114.824355	-2.656715	General
5JRG:ChainB:THR80	-110.603971	120.138810	General
5JRG:ChainB:VAL81	-69.391775	119.997570	General
5JRG:ChainB:THR82	-96.860183	166.249448	General
5JRG:ChainB:ALA83	-62.318418	-40.026430	General
5JRG:ChainB:MET84	-59.498212	-40.087164	General
5JRG:ChainB:ASP85	-54.917396	-46.437396	General
5JRG:ChainB:VAL86	-64.724091	-47.638687	General
5JRG:ChainB:VAL87	-58.014125	-40.998507	General
5JRG:ChainB:TYR88	-70.776504	-38.888891	General
5JRG:ChainB:ALA89	-63.965747	-43.317319	General
5JRG:ChainB:LEU90	-61.531999	-41.966339	General
5JRG:ChainB:LYS91	-63.441341	-38.232161	General
5JRG:ChainB:ARG92	-62.829624	-36.851139	General
5JRG:ChainB:GLN93	-79.059592	6.996910	General
5JRG:ChainB:GLY94	66.497147	31.084226	Glycine
5JRG:ChainB:ARG95	-124.796962	44.964909	General
5JRG:ChainB:THR96	-47.282867	135.537220	General
5JRG:ChainB:LEU97	-120.715857	125.472296	General
5JRG:ChainB:TYR98	-95.178279	140.173369	General
5JRG:ChainB:GLY99	111.399865	5.543907	Glycine
5JRG:ChainB:PHE100	-128.240532	26.030152	General
5JRG:ChainB:GLY101	113.124328	3.236402	Glycine
5JRG:ChainC:LYS13	-67.298086	124.983523	General
5JRG:ChainC:ALA14	-58.831248	127.897422	General
5JRG:ChainC:LYS15	-116.253425	118.683729	General
5JRG:ChainC:THR16	-60.939612	150.337803	General
5JRG:ChainC:ARG17	-64.587224	-35.079289	General
5JRG:ChainC:SER18	-58.592581	-39.258632	General
5JRG:ChainC:SER19	-70.034336	-43.607774	General
5JRG:ChainC:ARG20	-56.861478	-33.471911	General
5JRG:ChainC:ALA21	-94.472781	-9.157328	General
5JRG:ChainC:GLY22	74.554254	36.574904	Glycine
5JRG:ChainC:LEU23	-113.391692	154.705733	General
5JRG:ChainC:GLN24	-91.048391	-23.226766	General
5JRG:ChainC:PHE25	-82.119457	152.465043	Pre-Pro
5JRG:ChainC:PRO26	-81.364164	105.654559	Proline
5JRG:ChainC:VAL27	-65.215818	-37.146126	General
5JRG:ChainC:GLY28	-65.554371	-48.529798	Glycine
5JRG:ChainC:ARG29	-55.759037	-44.857827	General
5JRG:ChainC:VAL30	-65.973601	-35.279601	General
5JRG:ChainC:HIS31	-62.894203	-49.875593	General
5JRG:ChainC:ARG32	-54.876833	-48.191413	General
5JRG:ChainC:LEU33	-63.756844	-37.613669	General
5JRG:ChainC:LEU34	-63.608569	-39.626909	General
5JRG:ChainC:ARG35	-71.185957	-34.746837	General
5JRG:ChainC:LYS36	-98.244066	3.799147	General
5JRG:ChainC:GLY37	-98.102333	2.409594	Glycine
5JRG:ChainC:ASN38	57.095214	51.437351	General
5JRG:ChainC:TYR39	-92.852829	-28.359356	General
5JRG:ChainC:SER40	-165.609975	169.239123	General
5JRG:ChainC:GLU41	-62.852284	-41.807609	General
5JRG:ChainC:ARG42	-130.073598	149.533348	General
5JRG:ChainC:VAL43	-123.081375	124.460303	General
5JRG:ChainC:GLY44	-63.398155	156.793248	Glycine
5JRG:ChainC:ALA45	-67.188555	-25.718712	General
5JRG:ChainC:GLY46	-85.142464	-22.482893	Glycine
5JRG:ChainC:ALA47	-58.846710	-45.734267	Pre-Pro
5JRG:ChainC:PRO48	-71.034210	-19.940341	Proline
5JRG:ChainC:VAL49	-74.232666	-49.701286	General
5JRG:ChainC:TYR50	-58.962664	-49.482987	General
5JRG:ChainC:LEU51	-64.991045	-40.229932	General
5JRG:ChainC:ALA52	-60.991750	-43.196030	General
5JRG:ChainC:ALA53	-62.690275	-44.873587	General
5JRG:ChainC:VAL54	-60.315098	-41.560896	General
5JRG:ChainC:LEU55	-63.219058	-43.533834	General
5JRG:ChainC:GLU56	-59.659894	-40.902975	General
5JRG:ChainC:TYR57	-65.338323	-48.388296	General
5JRG:ChainC:LEU58	-65.969253	-39.742631	General
5JRG:ChainC:THR59	-55.850857	-41.383641	General
5JRG:ChainC:ALA60	-67.465794	-43.267839	General
5JRG:ChainC:GLU61	-58.941037	-48.124784	General
5JRG:ChainC:ILE62	-69.214595	-38.302476	General
5JRG:ChainC:LEU63	-72.453323	-30.347465	General
5JRG:ChainC:GLU64	-57.619665	-59.678748	General
5JRG:ChainC:LEU65	-62.675110	-37.870567	General
5JRG:ChainC:ALA66	-74.217582	-33.506751	General
5JRG:ChainC:GLY67	-60.997578	-41.774497	Glycine
5JRG:ChainC:ASN68	-58.385454	-48.258391	General
5JRG:ChainC:ALA69	-58.778407	-38.574620	General
5JRG:ChainC:ALA70	-66.852045	-35.380798	General
5JRG:ChainC:ARG71	-85.427993	-20.719069	General
5JRG:ChainC:ASP72	-68.529427	-23.168369	General
5JRG:ChainC:ASN73	-103.459671	9.837508	General
5JRG:ChainC:LYS74	53.875297	51.587610	General
5JRG:ChainC:LYS75	-124.007078	147.057619	General
5JRG:ChainC:THR76	-95.439376	-9.308214	General
5JRG:ChainC:ARG77	-117.510167	127.501885	General
5JRG:ChainC:ILE78	-66.978919	130.210007	General
5JRG:ChainC:ILE79	-119.687598	167.022830	Pre-Pro
5JRG:ChainC:PRO80	-58.123977	-31.970509	Proline
5JRG:ChainC:ARG81	-53.002916	-38.046645	General
5JRG:ChainC:HIS82	-74.320253	-34.617425	General
5JRG:ChainC:LEU83	-61.872085	-47.109885	General
5JRG:ChainC:GLN84	-56.560367	-54.086729	General
5JRG:ChainC:LEU85	-55.178991	-41.090482	General
5JRG:ChainC:ALA86	-68.341391	-44.871045	General
5JRG:ChainC:ILE87	-62.030489	-51.581970	General
5JRG:ChainC:ARG88	-74.332888	-23.582910	General
5JRG:ChainC:ASN89	-86.673444	4.081288	General
5JRG:ChainC:ASP90	-121.872900	110.819553	General
5JRG:ChainC:GLU91	-49.921782	-43.839388	General
5JRG:ChainC:GLU92	-79.753481	-39.310105	General
5JRG:ChainC:LEU93	-66.373278	-38.424504	General
5JRG:ChainC:ASN94	-59.533028	-38.728493	General
5JRG:ChainC:LYS95	-69.786336	-43.423775	General
5JRG:ChainC:LEU96	-65.571188	-34.914368	General
5JRG:ChainC:LEU97	-109.961852	35.213446	General
5JRG:ChainC:GLY98	-69.228975	-20.254118	Glycine
5JRG:ChainC:ARG99	-118.073028	30.419193	General
5JRG:ChainC:VAL100	-127.635649	141.813466	General
5JRG:ChainC:THR101	-108.186504	127.002425	General
5JRG:ChainC:ILE102	-90.486209	114.728891	General
5JRG:ChainC:ALA103	-65.909387	139.498042	General
5JRG:ChainC:GLN104	55.898081	36.834314	General
5JRG:ChainC:GLY105	-103.522192	-22.885876	Glycine
5JRG:ChainC:GLY106	68.341939	-163.076511	Glycine
5JRG:ChainC:VAL107	-126.228376	166.906426	General
5JRG:ChainC:LEU108	-76.541243	136.867565	Pre-Pro
5JRG:ChainC:PRO109	-53.743626	120.622016	Proline
5JRG:ChainC:ASN110	-161.678153	114.872685	General
5JRG:ChainC:ILE111	-121.456571	120.145449	General
5JRG:ChainC:GLN112	-52.947827	128.494928	General
5JRG:ChainC:ALA113	-47.866116	-47.119076	General
5JRG:ChainC:VAL114	-54.514192	-15.440872	General
5JRG:ChainC:LEU115	-90.578573	-10.917394	General
5JRG:ChainC:LEU116	-77.196544	153.020029	Pre-Pro
5JRG:ChainC:PRO117	-63.186554	156.956016	Proline
5JRG:ChainD:LYS28	-76.323261	152.927901	General
5JRG:ChainD:ARG29	-115.202057	159.324198	General
5JRG:ChainD:LYS30	-134.875945	135.668466	General
5JRG:ChainD:ARG31	-160.462826	169.993252	General
5JRG:ChainD:SER32	-142.905883	173.339685	General
5JRG:ChainD:ARG33	-123.773810	119.002037	General
5JRG:ChainD:LYS34	-110.903575	133.226658	General
5JRG:ChainD:GLU35	-95.595687	151.936848	General
5JRG:ChainD:SER36	-157.743920	175.196299	General
5JRG:ChainD:TYR37	-93.602837	4.246702	General
5JRG:ChainD:SER38	-45.669373	-48.466661	General
5JRG:ChainD:ILE39	-62.776808	-35.620239	General
5JRG:ChainD:TYR40	-80.362198	-40.855631	General
5JRG:ChainD:VAL41	-58.056317	-40.957912	General
5JRG:ChainD:TYR42	-66.412093	-45.921258	General
5JRG:ChainD:LYS43	-54.791133	-46.187661	General
5JRG:ChainD:VAL44	-63.277580	-40.615477	General
5JRG:ChainD:LEU45	-57.724646	-41.550474	General
5JRG:ChainD:LYS46	-66.622351	-35.640776	General
5JRG:ChainD:GLN47	-62.620265	-49.964871	General
5JRG:ChainD:VAL48	-83.935305	-26.400759	General
5JRG:ChainD:HIS49	-142.179243	83.117283	Pre-Pro
5JRG:ChainD:PRO50	-57.765428	-30.045643	Proline
5JRG:ChainD:ASP51	-81.388259	-18.559531	General
5JRG:ChainD:THR52	-98.026277	142.475765	General
5JRG:ChainD:GLY53	-110.758717	-161.431722	Glycine
5JRG:ChainD:ILE54	-160.546674	136.344724	General
5JRG:ChainD:SER55	-76.061387	154.536947	General
5JRG:ChainD:SER56	-60.489337	-31.158769	General
5JRG:ChainD:LYS57	-70.271321	-41.508526	General
5JRG:ChainD:ALA58	-60.088683	-40.063106	General
5JRG:ChainD:MET59	-65.587318	-35.304164	General
5JRG:ChainD:GLY60	-63.003201	-42.627838	Glycine
5JRG:ChainD:ILE61	-55.006959	-45.511034	General
5JRG:ChainD:MET62	-69.397247	-37.858308	General
5JRG:ChainD:ASN63	-60.550354	-44.029943	General
5JRG:ChainD:SER64	-58.167685	-42.509800	General
5JRG:ChainD:PHE65	-59.620012	-52.337468	General
5JRG:ChainD:VAL66	-60.016322	-45.695215	General
5JRG:ChainD:ASN67	-61.615075	-37.498641	General
5JRG:ChainD:ASP68	-65.711302	-54.320688	General
5JRG:ChainD:ILE69	-62.532648	-37.776739	General
5JRG:ChainD:PHE70	-52.961177	-55.549735	General
5JRG:ChainD:GLU71	-67.387750	-35.170968	General
5JRG:ChainD:ARG72	-64.345914	-44.785782	General
5JRG:ChainD:ILE73	-66.475477	-47.032697	General
5JRG:ChainD:ALA74	-62.739447	-38.879344	General
5JRG:ChainD:GLY75	-65.660932	-45.117415	Glycine
5JRG:ChainD:GLU76	-59.435732	-38.782707	General
5JRG:ChainD:ALA77	-68.527386	-34.179164	General
5JRG:ChainD:SER78	-66.413266	-50.923571	General
5JRG:ChainD:ARG79	-59.292700	-47.383454	General
5JRG:ChainD:LEU80	-51.022489	-50.048008	General
5JRG:ChainD:ALA81	-64.609123	-37.786493	General
5JRG:ChainD:HIS82	-66.933806	-44.100733	General
5JRG:ChainD:TYR83	-57.658815	-36.682697	General
5JRG:ChainD:ASN84	-96.570624	16.150863	General
5JRG:ChainD:LYS85	54.406298	49.930721	General
5JRG:ChainD:ARG86	-126.616332	140.737898	General
5JRG:ChainD:SER87	-106.522348	-2.660555	General
5JRG:ChainD:THR88	-117.687442	136.198165	General
5JRG:ChainD:ILE89	-94.865637	114.039213	General
5JRG:ChainD:THR90	-108.210427	-175.906588	General
5JRG:ChainD:SER91	-68.403340	-22.617701	General
5JRG:ChainD:ARG92	-66.204478	-46.082839	General
5JRG:ChainD:GLU93	-61.697328	-39.827282	General
5JRG:ChainD:ILE94	-62.499544	-41.950225	General
5JRG:ChainD:GLN95	-64.036664	-45.090045	General
5JRG:ChainD:THR96	-62.842102	-42.514829	General
5JRG:ChainD:ALA97	-59.000806	-41.695505	General
5JRG:ChainD:VAL98	-61.920032	-40.212405	General
5JRG:ChainD:ARG99	-65.331103	-37.003327	General
5JRG:ChainD:LEU100	-67.092177	-38.275594	General
5JRG:ChainD:LEU101	-91.449463	-30.251689	General
5JRG:ChainD:LEU102	-97.540329	143.814502	Pre-Pro
5JRG:ChainD:PRO103	-73.165197	128.738059	Proline
5JRG:ChainD:GLY104	47.559999	-113.637260	Glycine
5JRG:ChainD:GLU105	-63.810746	-33.841453	General
5JRG:ChainD:LEU106	-64.119843	-39.231233	General
5JRG:ChainD:ALA107	-64.831352	-46.635208	General
5JRG:ChainD:LYS108	-54.207510	-52.919061	General
5JRG:ChainD:HIS109	-71.308339	-29.921901	General
5JRG:ChainD:ALA110	-71.501092	-43.650187	General
5JRG:ChainD:VAL111	-59.886008	-35.867877	General
5JRG:ChainD:SER112	-63.083455	-52.041261	General
5JRG:ChainD:GLU113	-62.996890	-37.712086	General
5JRG:ChainD:GLY114	-70.800560	-48.744502	Glycine
5JRG:ChainD:THR115	-59.642339	-42.046179	General
5JRG:ChainD:LYS116	-61.010784	-49.239931	General
5JRG:ChainD:ALA117	-58.142589	-42.843702	General
5JRG:ChainD:VAL118	-69.445931	-45.029009	General
5JRG:ChainD:THR119	-63.799899	-42.954311	General
5JRG:ChainD:LYS120	-57.781800	-44.107951	General
5JRG:ChainD:TYR121	-63.009627	-48.021325	General
5JRG:ChainD:THR122	-54.532044	-51.276106	General
5JRG:ChainE:PRO38	-89.890633	156.838314	Proline
5JRG:ChainE:HIS39	-71.875155	144.872452	General
5JRG:ChainE:ARG40	-152.922250	127.489464	General
5JRG:ChainE:TYR41	-83.146438	153.271529	General
5JRG:ChainE:ARG42	-77.171415	146.368461	Pre-Pro
5JRG:ChainE:PRO43	-56.225119	120.151443	Proline
5JRG:ChainE:GLY44	119.331166	-24.271614	Glycine
5JRG:ChainE:THR45	-73.438056	-46.702380	General
5JRG:ChainE:VAL46	-69.746189	-30.167951	General
5JRG:ChainE:ALA47	-62.146320	-47.125563	General
5JRG:ChainE:LEU48	-66.417345	-37.084092	General
5JRG:ChainE:ARG49	-61.574934	-41.039314	General
5JRG:ChainE:GLU50	-65.996877	-40.428153	General
5JRG:ChainE:ILE51	-57.454842	-48.304126	General
5JRG:ChainE:ARG52	-60.470065	-43.339282	General
5JRG:ChainE:ARG53	-67.136059	-41.362055	General
5JRG:ChainE:TYR54	-83.353698	-22.310280	General
5JRG:ChainE:GLN55	-77.737900	-13.759100	General
5JRG:ChainE:LYS56	-89.313826	-17.858906	General
5JRG:ChainE:SER57	-113.289095	172.567274	General
5JRG:ChainE:THR58	-127.453609	3.288179	General
5JRG:ChainE:GLU59	-69.489414	148.760496	General
5JRG:ChainE:LEU60	-62.360865	140.612511	General
5JRG:ChainE:LEU61	-104.770371	-13.437977	General
5JRG:ChainE:ILE62	-94.316419	141.451850	General
5JRG:ChainE:ARG63	-66.470699	143.803930	General
5JRG:ChainE:LYS64	-59.995346	-51.433929	General
5JRG:ChainE:LEU65	-63.559993	-50.048720	Pre-Pro
5JRG:ChainE:PRO66	-54.042157	-41.840596	Proline
5JRG:ChainE:PHE67	-64.568073	-43.963040	General
5JRG:ChainE:GLN68	-55.144968	-44.179117	General
5JRG:ChainE:ARG69	-64.659435	-37.520118	General
5JRG:ChainE:LEU70	-65.333033	-45.526787	General
5JRG:ChainE:VAL71	-57.846584	-44.952850	General
5JRG:ChainE:ARG72	-69.296380	-36.686913	General
5JRG:ChainE:GLU73	-61.011154	-51.982456	General
5JRG:ChainE:ILE74	-59.179185	-52.099566	General
5JRG:ChainE:ALA75	-55.615729	-41.855390	General
5JRG:ChainE:GLN76	-67.640752	-27.855872	General
5JRG:ChainE:ASP77	-71.557199	-17.732326	General
5JRG:ChainE:PHE78	-91.871242	-40.151746	General
5JRG:ChainE:LYS79	-153.882667	138.465718	General
5JRG:ChainE:THR80	-91.314733	163.869445	General
5JRG:ChainE:ASP81	52.718187	38.895117	General
5JRG:ChainE:LEU82	-87.649401	149.984311	General
5JRG:ChainE:ARG83	-116.322024	168.490766	General
5JRG:ChainE:PHE84	-133.502492	134.144443	General
5JRG:ChainE:GLN85	-66.158879	148.369769	General
5JRG:ChainE:SER86	-68.785583	-32.975180	General
5JRG:ChainE:SER87	-53.038709	-34.225645	General
5JRG:ChainE:ALA88	-67.890486	-41.420467	General
5JRG:ChainE:VAL89	-70.118656	-43.500351	General
5JRG:ChainE:MET90	-60.799792	-40.437496	General
5JRG:ChainE:ALA91	-65.126053	-40.686840	General
5JRG:ChainE:LEU92	-62.439659	-38.872205	General
5JRG:ChainE:GLN93	-71.553698	-38.929542	General
5JRG:ChainE:GLU94	-60.351016	-44.513228	General
5JRG:ChainE:ALA95	-63.859409	-45.932674	General
5JRG:ChainE:CYS96	-64.009838	-48.624978	General
5JRG:ChainE:GLU97	-66.293486	-39.189313	General
5JRG:ChainE:ALA98	-62.399807	-41.057427	General
5JRG:ChainE:TYR99	-60.606015	-46.283087	General
5JRG:ChainE:LEU100	-69.386655	-39.506960	General
5JRG:ChainE:VAL101	-60.251632	-49.189935	General
5JRG:ChainE:GLY102	-60.349665	-40.342382	Glycine
5JRG:ChainE:LEU103	-64.285111	-35.357540	General
5JRG:ChainE:PHE104	-68.022939	-38.707468	General
5JRG:ChainE:GLU105	-58.250047	-47.912528	General
5JRG:ChainE:ASP106	-62.455883	-44.989636	General
5JRG:ChainE:THR107	-54.391949	-45.358122	General
5JRG:ChainE:ASN108	-60.788609	-43.497124	General
5JRG:ChainE:LEU109	-57.843748	-35.067522	General
5JRG:ChainE:CYS110	-72.377120	-35.976083	General
5JRG:ChainE:ALA111	-63.900494	-50.727630	General
5JRG:ChainE:ILE112	-57.978145	-33.491724	General
5JRG:ChainE:HIS113	-60.846659	-42.281707	General
5JRG:ChainE:ALA114	-86.064077	23.285449	General
5JRG:ChainE:LYS115	61.710595	21.950798	General
5JRG:ChainE:ARG116	-105.836067	169.211075	General
5JRG:ChainE:VAL117	-121.996926	8.093082	General
5JRG:ChainE:THR118	-111.801739	121.807360	General
5JRG:ChainE:ILE119	-79.410354	143.308467	General
5JRG:ChainE:MET120	-135.016499	161.695629	Pre-Pro
5JRG:ChainE:PRO121	-51.296090	-39.399803	Proline
5JRG:ChainE:LYS122	-56.916275	-31.174753	General
5JRG:ChainE:ASP123	-70.437609	-47.502419	General
5JRG:ChainE:ILE124	-56.612126	-39.346424	General
5JRG:ChainE:GLN125	-70.650092	-41.792816	General
5JRG:ChainE:LEU126	-60.428468	-46.715793	General
5JRG:ChainE:ALA127	-55.125860	-49.587402	General
5JRG:ChainE:ARG128	-66.943786	-33.424735	General
5JRG:ChainE:ARG129	-68.031524	-42.375926	General
5JRG:ChainE:ILE130	-68.380528	-39.286208	General
5JRG:ChainE:ARG131	-61.124286	-10.572844	General
5JRG:ChainE:GLY132	66.606412	36.421862	Glycine
5JRG:ChainE:GLU133	-94.991373	-29.104389	General
5JRG:ChainE:ARG134	-132.564062	168.839401	General
5JRG:ChainF:HIS18	-156.642939	158.862898	General
5JRG:ChainF:ARG19	-79.419409	171.433795	General
5JRG:ChainF:LYS20	-74.301666	145.302926	General
5JRG:ChainF:VAL21	-50.316464	120.895218	General
5JRG:ChainF:LEU22	-84.667402	118.728272	General
5JRG:ChainF:ARG23	-134.394996	147.397914	General
5JRG:ChainF:ASP24	58.239318	28.043755	General
5JRG:ChainF:ASN25	-71.210604	-14.579520	General
5JRG:ChainF:ILE26	-59.685423	-24.843402	General
5JRG:ChainF:GLN27	-74.958023	-11.679762	General
5JRG:ChainF:GLY28	-75.632744	-9.625440	Glycine
5JRG:ChainF:ILE29	-86.371001	94.797256	General
5JRG:ChainF:THR30	-77.969169	162.153891	General
5JRG:ChainF:LYS31	-54.588003	-49.643439	Pre-Pro
5JRG:ChainF:PRO32	-58.503057	-38.039727	Proline
5JRG:ChainF:ALA33	-61.001309	-48.331131	General
5JRG:ChainF:ILE34	-59.763023	-35.300422	General
5JRG:ChainF:ARG35	-65.910447	-43.034941	General
5JRG:ChainF:ARG36	-64.820584	-39.982612	General
5JRG:ChainF:LEU37	-60.370081	-44.554186	General
5JRG:ChainF:ALA38	-63.769741	-30.593270	General
5JRG:ChainF:ARG39	-72.520531	-41.156284	General
5JRG:ChainF:ARG40	-61.372130	-33.988023	General
5JRG:ChainF:GLY41	-72.001482	1.012423	Glycine
5JRG:ChainF:GLY42	81.291878	17.972450	Glycine
5JRG:ChainF:VAL43	-89.008146	127.771385	General
5JRG:ChainF:LYS44	-95.547920	-42.986418	General
5JRG:ChainF:ARG45	-126.166114	142.035691	General
5JRG:ChainF:ILE46	-134.074381	116.094284	General
5JRG:ChainF:SER47	-58.398410	148.454045	General
5JRG:ChainF:GLY48	-68.750188	-20.987915	Glycine
5JRG:ChainF:LEU49	-81.311166	-5.463376	General
5JRG:ChainF:ILE50	-63.782647	-41.976534	General
5JRG:ChainF:TYR51	-59.578731	-39.264714	General
5JRG:ChainF:GLU52	-71.921813	-41.323972	General
5JRG:ChainF:GLU53	-57.240906	-49.378835	General
5JRG:ChainF:THR54	-58.406649	-42.385422	General
5JRG:ChainF:ARG55	-61.751063	-44.091189	General
5JRG:ChainF:GLY56	-57.754404	-47.830711	Glycine
5JRG:ChainF:VAL57	-66.226952	-40.704564	General
5JRG:ChainF:LEU58	-60.127054	-43.798426	General
5JRG:ChainF:LYS59	-65.459383	-40.192683	General
5JRG:ChainF:VAL60	-59.748399	-47.013575	General
5JRG:ChainF:PHE61	-56.934061	-46.742986	General
5JRG:ChainF:LEU62	-68.597912	-41.199500	General
5JRG:ChainF:GLU63	-58.412899	-39.705164	General
5JRG:ChainF:ASN64	-71.238741	-41.055818	General
5JRG:ChainF:VAL65	-73.364155	-45.479094	General
5JRG:ChainF:ILE66	-64.478873	-36.399225	General
5JRG:ChainF:ARG67	-56.428666	-47.523236	General
5JRG:ChainF:ASP68	-70.145886	-41.606743	General
5JRG:ChainF:ALA69	-56.858512	-38.716054	General
5JRG:ChainF:VAL70	-74.909224	-37.084942	General
5JRG:ChainF:THR71	-53.748977	-45.671931	General
5JRG:ChainF:TYR72	-62.722324	-41.569727	General
5JRG:ChainF:THR73	-60.333929	-45.530064	General
5JRG:ChainF:GLU74	-66.254304	-33.047067	General
5JRG:ChainF:HIS75	-68.380964	-36.815095	General
5JRG:ChainF:ALA76	-77.567954	5.564276	General
5JRG:ChainF:LYS77	53.819085	34.447853	General
5JRG:ChainF:ARG78	-100.948983	166.914399	General
5JRG:ChainF:LYS79	-107.875466	-7.619156	General
5JRG:ChainF:THR80	-109.440826	123.836045	General
5JRG:ChainF:VAL81	-71.652301	120.447712	General
5JRG:ChainF:THR82	-97.603753	165.169781	General
5JRG:ChainF:ALA83	-60.374395	-39.303907	General
5JRG:ChainF:MET84	-59.472956	-39.897301	General
5JRG:ChainF:ASP85	-55.316669	-45.614862	General
5JRG:ChainF:VAL86	-65.059032	-45.459080	General
5JRG:ChainF:VAL87	-59.860899	-39.642989	General
5JRG:ChainF:TYR88	-69.453934	-37.929812	General
5JRG:ChainF:ALA89	-62.865819	-45.289130	General
5JRG:ChainF:LEU90	-62.241486	-43.479905	General
5JRG:ChainF:LYS91	-62.354411	-41.640343	General
5JRG:ChainF:ARG92	-71.779992	-28.332727	General
5JRG:ChainF:GLN93	-76.848020	8.226283	General
5JRG:ChainF:GLY94	66.670654	33.188279	Glycine
5JRG:ChainF:ARG95	-127.193453	49.032389	General
5JRG:ChainF:THR96	-48.965323	132.892063	General
5JRG:ChainF:LEU97	-119.860769	123.818679	General
5JRG:ChainF:TYR98	-96.518683	141.313166	General
5JRG:ChainF:GLY99	113.716103	6.049927	Glycine
5JRG:ChainF:PHE100	-129.797743	23.374213	General
5JRG:ChainF:GLY101	114.150504	168.303051	Glycine
5JRG:ChainG:ARG11	-63.683698	148.634667	General
5JRG:ChainG:ALA12	-74.790581	169.773439	General
5JRG:ChainG:LYS13	-64.625333	123.563373	General
5JRG:ChainG:ALA14	-62.728415	127.366950	General
5JRG:ChainG:LYS15	-114.394065	121.319336	General
5JRG:ChainG:THR16	-59.542589	151.607127	General
5JRG:ChainG:ARG17	-65.550582	-37.285096	General
5JRG:ChainG:SER18	-55.236001	-41.947677	General
5JRG:ChainG:SER19	-69.820643	-40.232066	General
5JRG:ChainG:ARG20	-58.214066	-30.157898	General
5JRG:ChainG:ALA21	-93.538039	-8.117333	General
5JRG:ChainG:GLY22	74.085150	34.752952	Glycine
5JRG:ChainG:LEU23	-118.064949	154.039738	General
5JRG:ChainG:GLN24	-91.227096	-24.908757	General
5JRG:ChainG:PHE25	-82.169906	153.962073	Pre-Pro
5JRG:ChainG:PRO26	-82.982306	103.622323	Proline
5JRG:ChainG:VAL27	-64.565614	-38.117666	General
5JRG:ChainG:GLY28	-64.381656	-46.987323	Glycine
5JRG:ChainG:ARG29	-58.666770	-45.831429	General
5JRG:ChainG:VAL30	-63.981466	-38.825075	General
5JRG:ChainG:HIS31	-62.966639	-47.824502	General
5JRG:ChainG:ARG32	-54.126154	-49.223533	General
5JRG:ChainG:LEU33	-63.247363	-38.643090	General
5JRG:ChainG:LEU34	-60.650694	-41.599849	General
5JRG:ChainG:ARG35	-72.214024	-34.681842	General
5JRG:ChainG:LYS36	-97.114069	4.179702	General
5JRG:ChainG:GLY37	-96.546820	3.590344	Glycine
5JRG:ChainG:ASN38	59.819501	46.493837	General
5JRG:ChainG:TYR39	-90.886933	-27.712678	General
5JRG:ChainG:SER40	-168.735857	168.397651	General
5JRG:ChainG:GLU41	-62.967613	-41.484501	General
5JRG:ChainG:ARG42	-128.051500	149.635364	General
5JRG:ChainG:VAL43	-122.865876	121.167635	General
5JRG:ChainG:GLY44	-65.715701	156.376921	Glycine
5JRG:ChainG:ALA45	-66.029810	-30.145642	General
5JRG:ChainG:GLY46	-84.566402	-21.507304	Glycine
5JRG:ChainG:ALA47	-57.778902	-46.397396	Pre-Pro
5JRG:ChainG:PRO48	-73.040211	-21.720350	Proline
5JRG:ChainG:VAL49	-71.584985	-50.286705	General
5JRG:ChainG:TYR50	-58.248269	-47.761191	General
5JRG:ChainG:LEU51	-66.294540	-42.540112	General
5JRG:ChainG:ALA52	-61.610043	-41.439417	General
5JRG:ChainG:ALA53	-62.493746	-45.556423	General
5JRG:ChainG:VAL54	-62.120431	-41.165705	General
5JRG:ChainG:LEU55	-62.347930	-44.181578	General
5JRG:ChainG:GLU56	-59.653925	-40.493226	General
5JRG:ChainG:TYR57	-62.160614	-49.684580	General
5JRG:ChainG:LEU58	-66.866043	-40.675940	General
5JRG:ChainG:THR59	-56.268514	-39.900448	General
5JRG:ChainG:ALA60	-66.476070	-42.942426	General
5JRG:ChainG:GLU61	-60.844461	-47.198683	General
5JRG:ChainG:ILE62	-64.837762	-37.149136	General
5JRG:ChainG:LEU63	-73.816273	-32.595058	General
5JRG:ChainG:GLU64	-55.453210	-60.055866	General
5JRG:ChainG:LEU65	-65.418460	-37.924598	General
5JRG:ChainG:ALA66	-72.295467	-33.555204	General
5JRG:ChainG:GLY67	-64.223596	-42.529977	Glycine
5JRG:ChainG:ASN68	-55.647272	-45.840271	General
5JRG:ChainG:ALA69	-61.578805	-43.311935	General
5JRG:ChainG:ALA70	-67.282978	-36.074261	General
5JRG:ChainG:ARG71	-93.381832	-18.200794	General
5JRG:ChainG:ASP72	-66.299486	-21.136782	General
5JRG:ChainG:ASN73	-107.133038	16.182422	General
5JRG:ChainG:LYS74	59.354606	55.242423	General
5JRG:ChainG:LYS75	-124.872480	152.445828	General
5JRG:ChainG:THR76	-99.910648	-6.551469	General
5JRG:ChainG:ARG77	-114.248406	126.110931	General
5JRG:ChainG:ILE78	-69.691796	129.833577	General
5JRG:ChainG:ILE79	-117.215691	168.879992	Pre-Pro
5JRG:ChainG:PRO80	-57.306024	-33.571135	Proline
5JRG:ChainG:ARG81	-52.458640	-37.510708	General
5JRG:ChainG:HIS82	-74.282101	-34.511114	General
5JRG:ChainG:LEU83	-61.855558	-47.946409	General
5JRG:ChainG:GLN84	-59.262577	-51.414625	General
5JRG:ChainG:LEU85	-53.272393	-43.215403	General
5JRG:ChainG:ALA86	-70.338532	-43.581438	General
5JRG:ChainG:ILE87	-64.160008	-50.692158	General
5JRG:ChainG:ARG88	-71.256613	-24.691110	General
5JRG:ChainG:ASN89	-87.144626	1.946751	General
5JRG:ChainG:ASP90	-117.900455	110.458136	General
5JRG:ChainG:GLU91	-53.403407	-41.617832	General
5JRG:ChainG:GLU92	-77.321983	-38.868836	General
5JRG:ChainG:LEU93	-65.710431	-40.218583	General
5JRG:ChainG:ASN94	-60.427888	-37.161341	General
5JRG:ChainG:LYS95	-68.310079	-46.699344	General
5JRG:ChainG:LEU96	-64.979194	-34.626354	General
5JRG:ChainG:LEU97	-109.923845	33.514555	General
5JRG:ChainG:GLY98	-68.576304	-19.687427	Glycine
5JRG:ChainG:ARG99	-117.097622	32.957743	General
5JRG:ChainG:VAL100	-127.271110	137.957474	General
5JRG:ChainG:THR101	-107.017048	124.826559	General
5JRG:ChainG:ILE102	-88.419444	118.059223	General
5JRG:ChainG:ALA103	-64.236407	139.747660	General
5JRG:ChainG:GLN104	53.940318	37.397360	General
5JRG:ChainG:GLY105	-102.525659	-25.640339	Glycine
5JRG:ChainG:GLY106	68.986468	-161.154245	Glycine
5JRG:ChainG:VAL107	-126.081879	169.335424	General
5JRG:ChainG:LEU108	-74.859230	138.612169	Pre-Pro
5JRG:ChainG:PRO109	-53.399180	117.572937	Proline
5JRG:ChainG:ASN110	-161.552311	114.592817	General
5JRG:ChainG:ILE111	-120.269911	119.130454	General
5JRG:ChainG:GLN112	-51.387930	128.681063	General
5JRG:ChainG:ALA113	-49.965501	-46.737210	General
5JRG:ChainG:VAL114	-56.899366	-14.240946	General
5JRG:ChainG:LEU115	-89.606382	-8.781087	General
5JRG:ChainG:LEU116	-79.630629	151.350422	Pre-Pro
5JRG:ChainG:PRO117	-66.760422	160.464799	Proline
5JRG:ChainH:LYS30	-128.385557	138.320578	General
5JRG:ChainH:ARG31	-62.822980	169.904299	General
5JRG:ChainH:SER32	-68.372617	176.961887	General
5JRG:ChainH:ARG33	-113.197107	122.474855	General
5JRG:ChainH:LYS34	-109.468316	133.037017	General
5JRG:ChainH:GLU35	-97.533407	152.141792	General
5JRG:ChainH:SER36	-158.922376	173.761868	General
5JRG:ChainH:TYR37	-94.330528	5.226542	General
5JRG:ChainH:SER38	-47.890787	-48.069883	General
5JRG:ChainH:ILE39	-62.285736	-35.657164	General
5JRG:ChainH:TYR40	-80.103939	-40.951353	General
5JRG:ChainH:VAL41	-57.272874	-40.573559	General
5JRG:ChainH:TYR42	-64.811606	-45.341411	General
5JRG:ChainH:LYS43	-56.730374	-45.079699	General
5JRG:ChainH:VAL44	-64.026925	-41.327546	General
5JRG:ChainH:LEU45	-59.409880	-41.051319	General
5JRG:ChainH:LYS46	-68.329041	-36.864675	General
5JRG:ChainH:GLN47	-60.164152	-44.648378	General
5JRG:ChainH:VAL48	-84.768538	-33.504086	General
5JRG:ChainH:HIS49	-143.328737	79.591751	Pre-Pro
5JRG:ChainH:PRO50	-59.122673	-28.915604	Proline
5JRG:ChainH:ASP51	-79.266224	-22.263887	General
5JRG:ChainH:THR52	-103.314745	141.342598	General
5JRG:ChainH:GLY53	-110.761784	-161.337328	Glycine
5JRG:ChainH:ILE54	-158.160649	137.465386	General
5JRG:ChainH:SER55	-75.827797	153.054092	General
5JRG:ChainH:SER56	-61.515334	-31.636783	General
5JRG:ChainH:LYS57	-72.742804	-39.019369	General
5JRG:ChainH:ALA58	-58.938546	-40.770530	General
5JRG:ChainH:MET59	-64.295733	-34.942261	General
5JRG:ChainH:GLY60	-63.941576	-42.401465	Glycine
5JRG:ChainH:ILE61	-57.340326	-46.163520	General
5JRG:ChainH:MET62	-67.414455	-35.775621	General
5JRG:ChainH:ASN63	-62.486096	-49.000681	General
5JRG:ChainH:SER64	-56.497875	-40.028211	General
5JRG:ChainH:PHE65	-61.773292	-52.189754	General
5JRG:ChainH:VAL66	-59.359053	-44.405139	General
5JRG:ChainH:ASN67	-60.835659	-39.144752	General
5JRG:ChainH:ASP68	-67.627994	-51.656135	General
5JRG:ChainH:ILE69	-62.715809	-36.374451	General
5JRG:ChainH:PHE70	-52.914574	-56.784970	General
5JRG:ChainH:GLU71	-65.269870	-36.592962	General
5JRG:ChainH:ARG72	-62.304282	-46.129736	General
5JRG:ChainH:ILE73	-67.982142	-46.741702	General
5JRG:ChainH:ALA74	-63.028387	-38.922255	General
5JRG:ChainH:GLY75	-63.772409	-45.779731	Glycine
5JRG:ChainH:GLU76	-60.076812	-38.340891	General
5JRG:ChainH:ALA77	-66.873197	-35.352667	General
5JRG:ChainH:SER78	-65.675250	-50.173515	General
5JRG:ChainH:ARG79	-60.952942	-46.127986	General
5JRG:ChainH:LEU80	-49.606243	-49.334431	General
5JRG:ChainH:ALA81	-65.023745	-39.188601	General
5JRG:ChainH:HIS82	-65.749712	-42.754523	General
5JRG:ChainH:TYR83	-57.051017	-38.904744	General
5JRG:ChainH:ASN84	-93.951474	13.896607	General
5JRG:ChainH:LYS85	57.311648	47.965206	General
5JRG:ChainH:ARG86	-129.252026	145.573993	General
5JRG:ChainH:SER87	-107.225816	0.289210	General
5JRG:ChainH:THR88	-115.595173	134.124087	General
5JRG:ChainH:ILE89	-96.666569	113.544952	General
5JRG:ChainH:THR90	-107.877270	-179.310525	General
5JRG:ChainH:SER91	-68.149779	-19.951783	General
5JRG:ChainH:ARG92	-64.662788	-47.355684	General
5JRG:ChainH:GLU93	-60.254364	-40.582152	General
5JRG:ChainH:ILE94	-63.313824	-39.587909	General
5JRG:ChainH:GLN95	-67.539826	-46.573621	General
5JRG:ChainH:THR96	-61.543699	-42.824005	General
5JRG:ChainH:ALA97	-59.288599	-40.946856	General
5JRG:ChainH:VAL98	-61.807024	-42.893455	General
5JRG:ChainH:ARG99	-63.234471	-37.408259	General
5JRG:ChainH:LEU100	-68.353551	-37.795258	General
5JRG:ChainH:LEU101	-90.243080	-29.587074	General
5JRG:ChainH:LEU102	-100.362530	144.162942	Pre-Pro
5JRG:ChainH:PRO103	-74.590993	125.806435	Proline
5JRG:ChainH:GLY104	49.598749	-113.440812	Glycine
5JRG:ChainH:GLU105	-62.719954	-34.381032	General
5JRG:ChainH:LEU106	-61.976501	-40.356381	General
5JRG:ChainH:ALA107	-64.842664	-47.365199	General
5JRG:ChainH:LYS108	-55.796546	-51.662620	General
5JRG:ChainH:HIS109	-68.178128	-31.272366	General
5JRG:ChainH:ALA110	-70.306685	-43.663228	General
5JRG:ChainH:VAL111	-60.083325	-39.401681	General
5JRG:ChainH:SER112	-63.254121	-49.297659	General
5JRG:ChainH:GLU113	-61.511152	-36.544261	General
5JRG:ChainH:GLY114	-68.683299	-49.202606	Glycine
5JRG:ChainH:THR115	-62.190747	-41.071342	General
5JRG:ChainH:LYS116	-57.784252	-49.601498	General
5JRG:ChainH:ALA117	-60.966981	-40.575861	General
5JRG:ChainH:VAL118	-67.733419	-40.572789	General
5JRG:ChainH:THR119	-64.483917	-48.162281	General
5JRG:ChainH:LYS120	-57.725841	-44.798738	General
5JRG:ChainH:TYR121	-60.057226	-48.102589	General
5JRG:ChainH:THR122	-57.683396	-52.287954	General
5JRG:ChainH:SER123	-62.182721	-40.838502	General
