5JVO:ChainA:THR83	-57.018196	-41.626170	General
5JVO:ChainA:ARG84	-73.453921	-40.042472	General
5JVO:ChainA:GLU85	-65.873163	-37.985372	General
5JVO:ChainA:LYS86	-64.471849	-45.703173	General
5JVO:ChainA:LEU87	-57.336369	-47.883115	General
5JVO:ChainA:ARG88	-57.009172	-47.060647	General
5JVO:ChainA:LYS89	-63.217857	-43.906028	General
5JVO:ChainA:MET90	-49.077156	-54.766837	General
5JVO:ChainA:LEU91	-62.650248	-42.505543	General
5JVO:ChainA:ASP92	-62.861545	-42.550991	General
5JVO:ChainA:ASP93	-86.210846	-26.988378	General
5JVO:ChainA:LEU94	-109.252391	-24.259601	General
5JVO:ChainA:LEU95	-84.866575	92.951927	General
5JVO:ChainA:VAL96	-69.541506	-37.663399	General
5JVO:ChainA:SER97	-167.280943	164.402930	General
5JVO:ChainA:VAL98	-126.465131	143.628059	General
5JVO:ChainA:ASP99	-151.028935	-175.894595	General
5JVO:ChainA:HIS100	-163.433648	159.340632	General
5JVO:ChainA:SER101	-161.981474	118.213560	General
5JVO:ChainA:GLY102	66.288113	-129.138028	Glycine
5JVO:ChainA:ASN103	-86.843934	8.030174	General
5JVO:ChainA:ILE104	-108.831636	125.742779	General
5JVO:ChainA:ALA105	-92.499360	139.936225	General
5JVO:ChainA:VAL106	-117.994972	120.546506	General
5JVO:ChainA:LEU107	-103.289848	128.041088	General
5JVO:ChainA:ARG108	-101.865131	145.185226	General
5JVO:ChainA:THR109	-130.278066	174.648805	Pre-Pro
5JVO:ChainA:PRO110	-70.832474	174.212051	Proline
5JVO:ChainA:PRO111	-57.255476	128.659581	Proline
5JVO:ChainA:GLY112	76.424292	-4.970107	Glycine
5JVO:ChainA:GLY113	-76.721831	-15.052508	Glycine
5JVO:ChainA:ALA114	-66.086474	-45.293765	Pre-Pro
5JVO:ChainA:PRO115	-66.453941	-33.704934	Proline
5JVO:ChainA:PHE116	-57.462050	-55.388647	General
5JVO:ChainA:LEU117	-60.205854	-49.406284	General
5JVO:ChainA:ALA118	-65.355566	-38.824716	General
5JVO:ChainA:SER119	-52.824597	-46.783248	General
5JVO:ChainA:PHE120	-69.022258	-41.481122	General
5JVO:ChainA:ILE121	-59.276372	-46.661683	General
5JVO:ChainA:ASP122	-55.959272	-44.659779	General
5JVO:ChainA:ARG123	-69.623717	-24.294261	General
5JVO:ChainA:VAL124	-68.508027	-17.371400	General
5JVO:ChainA:GLY125	78.438952	49.105453	Glycine
5JVO:ChainA:MET126	-70.702175	113.556457	General
5JVO:ChainA:GLU127	-54.333759	-31.830479	General
5JVO:ChainA:GLU128	-75.986699	-7.346883	General
5JVO:ChainA:VAL129	-99.777763	114.639801	General
5JVO:ChainA:VAL130	-73.779697	-39.332261	General
5JVO:ChainA:GLY131	-179.025988	173.865101	Glycine
5JVO:ChainA:THR132	-132.421166	151.559701	General
5JVO:ChainA:ILE133	-134.108089	128.450938	General
5JVO:ChainA:ALA134	-99.273834	135.764393	General
5JVO:ChainA:GLY135	-93.040156	-123.056840	Glycine
5JVO:ChainA:ASP136	-100.307422	-49.840966	General
5JVO:ChainA:ASP137	-129.468255	14.419259	General
5JVO:ChainA:THR138	-139.128256	136.641997	General
5JVO:ChainA:VAL139	-121.215139	136.218638	General
5JVO:ChainA:PHE140	-104.104443	125.797006	General
5JVO:ChainA:VAL141	-117.787299	117.847024	General
5JVO:ChainA:LEU142	-89.189126	122.115413	General
5JVO:ChainA:ALA143	-80.537546	136.483441	General
5JVO:ChainA:ARG144	-78.486562	125.186517	General
5JVO:ChainA:ASP145	-55.050225	133.589768	Pre-Pro
5JVO:ChainA:PRO146	-93.292394	6.006004	Proline
5JVO:ChainA:MET147	-61.890844	153.631526	General
5JVO:ChainA:THR148	-101.920359	162.500413	General
5JVO:ChainA:GLY149	-54.731415	-49.241454	Glycine
5JVO:ChainA:GLN150	-53.388689	-50.673951	General
5JVO:ChainA:GLU151	-58.965007	-38.600132	General
5JVO:ChainA:LEU152	-57.728503	-50.841203	General
5JVO:ChainA:GLY153	-54.467617	-43.037462	Glycine
5JVO:ChainA:GLU154	-63.843844	-46.915846	General
5JVO:ChainA:PHE155	-52.185996	-46.970240	General
5JVO:ChainA:LEU156	-66.439723	-41.055507	General
5JVO:ChainA:SER157	-60.157943	-37.618160	General
5JVO:ChainA:GLN158	-70.961040	-19.894524	General
5JVO:ChainA:ARG159	-75.687065	-15.301608	General
5JVO:ChainB:LEU87	-62.115853	-45.091984	General
5JVO:ChainB:ARG88	-45.224277	-59.350607	General
5JVO:ChainB:LYS89	-55.875899	-44.767350	General
5JVO:ChainB:MET90	-57.624886	-37.826057	General
5JVO:ChainB:LEU91	-70.481030	-38.431800	General
5JVO:ChainB:ASP92	-65.413215	-40.393691	General
5JVO:ChainB:ASP93	-76.106170	-24.144490	General
5JVO:ChainB:LEU94	-118.497713	-17.783610	General
5JVO:ChainB:LEU95	-91.550066	105.821637	General
5JVO:ChainB:VAL96	-81.095843	-42.221055	General
5JVO:ChainB:SER97	-161.427183	163.590773	General
5JVO:ChainB:VAL98	-127.680741	144.159008	General
5JVO:ChainB:ASP99	-147.049268	-179.753595	General
5JVO:ChainB:HIS100	-162.093954	162.082650	General
5JVO:ChainB:SER101	-162.109511	128.548739	General
5JVO:ChainB:GLY102	61.642353	-134.086304	Glycine
5JVO:ChainB:ASN103	-82.941295	8.402327	General
5JVO:ChainB:ILE104	-111.294298	130.705787	General
5JVO:ChainB:ALA105	-93.745084	132.566105	General
5JVO:ChainB:VAL106	-107.712757	126.041899	General
5JVO:ChainB:LEU107	-111.881115	128.764397	General
5JVO:ChainB:ARG108	-99.976810	137.998557	General
5JVO:ChainB:THR109	-122.535948	174.152794	Pre-Pro
5JVO:ChainB:PRO110	-72.121241	170.444595	Proline
5JVO:ChainB:PRO111	-51.040794	130.430560	Proline
5JVO:ChainB:GLY112	72.079302	1.674999	Glycine
5JVO:ChainB:GLY113	-79.084849	-10.590610	Glycine
5JVO:ChainB:ALA114	-65.182992	-46.360434	Pre-Pro
5JVO:ChainB:PRO115	-68.868989	-30.535567	Proline
5JVO:ChainB:PHE116	-67.938530	-44.960888	General
5JVO:ChainB:LEU117	-67.999287	-44.202502	General
5JVO:ChainB:ALA118	-67.079782	-43.653634	General
5JVO:ChainB:SER119	-66.394212	-32.609012	General
5JVO:ChainB:PHE120	-66.923278	-36.576742	General
5JVO:ChainB:ILE121	-60.132087	-45.778568	General
5JVO:ChainB:ASP122	-54.835229	-38.262240	General
5JVO:ChainB:ARG123	-75.224144	-24.449589	General
5JVO:ChainB:VAL124	-65.964992	-42.131920	General
5JVO:ChainB:GLY125	82.045917	55.468769	Glycine
5JVO:ChainB:MET126	-89.041149	130.767957	General
5JVO:ChainB:GLU127	-58.406281	-35.643682	General
5JVO:ChainB:GLU128	-77.711475	-11.980341	General
5JVO:ChainB:VAL129	-89.083363	103.841144	General
5JVO:ChainB:VAL130	-71.069079	-42.564461	General
5JVO:ChainB:GLY131	-175.171148	174.638478	Glycine
5JVO:ChainB:THR132	-135.444195	149.580887	General
5JVO:ChainB:ILE133	-130.453650	134.078935	General
5JVO:ChainB:ALA134	-107.158195	130.884270	General
5JVO:ChainB:GLY135	-88.891481	-125.174427	Glycine
5JVO:ChainB:ASP136	-98.062176	-49.615443	General
5JVO:ChainB:ASP137	-130.584736	10.621779	General
5JVO:ChainB:THR138	-136.057107	131.370689	General
5JVO:ChainB:VAL139	-114.240692	131.061933	General
5JVO:ChainB:PHE140	-98.680649	125.090606	General
5JVO:ChainB:VAL141	-113.983133	122.505455	General
5JVO:ChainB:LEU142	-94.767849	120.490887	General
5JVO:ChainB:ALA143	-87.992126	138.684408	General
5JVO:ChainB:ARG144	-74.797999	122.019479	General
5JVO:ChainB:ASP145	-52.203121	135.843527	Pre-Pro
5JVO:ChainB:PRO146	-94.781975	15.692301	Proline
5JVO:ChainB:MET147	-72.619333	144.976592	General
5JVO:ChainB:THR148	-95.064291	163.986168	General
5JVO:ChainB:GLY149	-67.075174	-33.094702	Glycine
5JVO:ChainB:GLN150	-62.105026	-45.298480	General
5JVO:ChainB:GLU151	-63.045539	-47.760875	General
5JVO:ChainB:LEU152	-56.075450	-51.940217	General
5JVO:ChainB:GLY153	-55.671064	-37.684877	Glycine
5JVO:ChainB:GLU154	-62.946486	-40.294368	General
5JVO:ChainB:PHE155	-66.207412	-38.401072	General
5JVO:ChainB:LEU156	-69.437545	-41.021576	General
5JVO:ChainB:SER157	-65.780083	-34.326271	General
5JVO:ChainB:GLN158	-61.827387	-44.067872	General
