5KDM:ChainA:PRO38	-74.115555	163.838704	Proline
5KDM:ChainA:HIS39	-66.504270	163.717458	General
5KDM:ChainA:ARG40	-139.147788	158.651903	General
5KDM:ChainA:TYR41	-126.511678	125.461793	General
5KDM:ChainA:ARG42	-120.820766	114.035516	Pre-Pro
5KDM:ChainA:PRO43	-80.339460	152.808351	Proline
5KDM:ChainA:GLY44	-79.739597	-30.697499	Glycine
5KDM:ChainA:THR45	-85.295836	-16.251662	General
5KDM:ChainA:VAL46	-131.434656	128.724426	General
5KDM:ChainA:ALA47	-58.241663	148.116260	General
5KDM:ChainA:LEU48	-69.351054	-52.303858	General
5KDM:ChainA:ARG49	-50.241300	-31.311503	General
5KDM:ChainA:GLU50	-64.735002	-53.749155	General
5KDM:ChainA:ILE51	-58.446343	-30.248526	General
5KDM:ChainA:ARG52	-77.477909	-32.336293	General
5KDM:ChainA:ARG53	-73.499099	-31.757905	General
5KDM:ChainA:TYR54	-70.461352	-49.075823	General
5KDM:ChainA:GLN55	-60.830873	-30.317480	General
5KDM:ChainA:LYS56	-67.070442	-44.583545	General
5KDM:ChainA:SER57	-65.313627	-40.081156	General
5KDM:ChainA:THR58	-66.931226	-12.489700	General
5KDM:ChainA:GLU59	-83.301184	-17.060996	General
5KDM:ChainA:LEU60	-55.536387	149.084614	General
5KDM:ChainA:LEU61	-83.618327	-65.213014	General
5KDM:ChainA:ILE62	-55.239756	142.776350	General
5KDM:ChainA:ARG63	-73.144113	150.723454	General
5KDM:ChainA:LYS64	-84.128216	-21.010562	General
5KDM:ChainA:LEU65	-69.819945	-47.495917	Pre-Pro
5KDM:ChainA:PRO66	-53.615027	-47.924140	Proline
5KDM:ChainA:PHE67	-55.353153	-61.080270	General
5KDM:ChainA:GLN68	-44.995897	-41.688560	General
5KDM:ChainA:ARG69	-71.369588	-29.456900	General
5KDM:ChainA:LEU70	-73.831647	-32.832181	General
5KDM:ChainA:VAL71	-66.836940	-41.098851	General
5KDM:ChainA:ARG72	-52.753208	-50.849952	General
5KDM:ChainA:GLU73	-57.137767	-39.352389	General
5KDM:ChainA:ILE74	-76.195094	-26.548333	General
5KDM:ChainA:ALA75	-79.793419	-44.508742	General
5KDM:ChainA:GLN76	-65.217678	-33.153892	General
5KDM:ChainA:ASP77	-49.150313	-67.230721	General
5KDM:ChainA:PHE78	-67.456962	-7.136821	General
5KDM:ChainA:LYS79	67.873919	-3.448287	General
5KDM:ChainA:THR80	-73.963678	126.795471	General
5KDM:ChainA:ASP81	-113.341878	104.875618	General
5KDM:ChainA:LEU82	-134.012655	144.766427	General
5KDM:ChainA:ARG83	-65.777626	141.494141	General
5KDM:ChainA:PHE84	-102.992108	147.916330	General
5KDM:ChainA:GLN85	-73.148482	153.551108	General
5KDM:ChainA:SER86	-78.028904	-24.037745	General
5KDM:ChainA:ALA87	-60.402207	-32.404430	General
5KDM:ChainA:ALA88	-79.020535	-31.362188	General
5KDM:ChainA:ILE89	-65.677572	-37.283971	General
5KDM:ChainA:GLY90	-56.924622	-53.456488	Glycine
5KDM:ChainA:ALA91	-53.273479	-49.461506	General
5KDM:ChainA:LEU92	-58.540410	-40.492279	General
5KDM:ChainA:GLN93	-69.742430	-51.377720	General
5KDM:ChainA:GLU94	-48.805477	-48.181953	General
5KDM:ChainA:ALA95	-67.466014	-39.821147	General
5KDM:ChainA:SER96	-60.503089	-54.639269	General
5KDM:ChainA:GLU97	-63.444639	-35.976509	General
5KDM:ChainA:ALA98	-47.477803	-49.254923	General
5KDM:ChainA:TYR99	-66.135572	-37.145960	General
5KDM:ChainA:LEU100	-73.997890	-52.232448	General
5KDM:ChainA:VAL101	-55.044961	-42.892943	General
5KDM:ChainA:GLY102	-49.926654	-39.067745	Glycine
5KDM:ChainA:LEU103	-75.162069	-33.191138	General
5KDM:ChainA:PHE104	-75.121285	-39.153878	General
5KDM:ChainA:GLU105	-54.003989	-52.671269	General
5KDM:ChainA:ASP106	-57.433735	-36.709426	General
5KDM:ChainA:THR107	-81.551932	-33.285135	General
5KDM:ChainA:ASN108	-77.274068	-24.442180	General
5KDM:ChainA:LEU109	-70.402849	-25.638705	General
5KDM:ChainA:CYS110	-114.068856	89.855958	General
5KDM:ChainA:ALA111	-140.963316	116.107199	General
5KDM:ChainA:ILE112	-117.462541	113.241327	General
5KDM:ChainA:HIS113	-135.591748	154.847053	General
5KDM:ChainA:ALA114	-81.673553	-21.330229	General
5KDM:ChainA:LYS115	-167.823884	175.741134	General
5KDM:ChainA:ARG116	-68.349014	124.964526	General
5KDM:ChainA:VAL117	-115.728214	139.220201	General
5KDM:ChainA:THR118	-67.594250	141.579087	General
5KDM:ChainA:ILE119	-92.584917	134.028140	General
5KDM:ChainA:MET120	-129.073204	159.182817	Pre-Pro
5KDM:ChainA:PRO121	-52.523995	-21.356973	Proline
5KDM:ChainA:LYS122	-47.676267	-54.153127	General
5KDM:ChainA:ASP123	-68.585693	-43.496996	General
5KDM:ChainA:ILE124	-63.153047	-43.521890	General
5KDM:ChainA:GLN125	-64.694227	-29.444551	General
5KDM:ChainA:LEU126	-74.804628	-43.840750	General
5KDM:ChainA:ALA127	-57.378313	-47.984005	General
5KDM:ChainA:ARG128	-64.724598	-36.877053	General
5KDM:ChainA:ARG129	-56.251424	-44.406443	General
5KDM:ChainA:ILE130	-72.063718	-45.104730	General
5KDM:ChainA:ARG131	-106.159356	-74.674332	General
5KDM:ChainA:GLY132	105.967532	-168.818581	Glycine
5KDM:ChainA:GLU133	53.788991	-118.218088	General
5KDM:ChainA:ARG134	-112.654388	138.560628	General
5KDM:ChainB:GLN27	-84.640367	140.566848	General
5KDM:ChainB:GLY28	-98.111435	-143.432998	Glycine
5KDM:ChainB:ILE29	-119.397584	146.339250	General
5KDM:ChainB:THR30	-46.488179	135.483493	General
5KDM:ChainB:LYS31	-67.609267	-43.673904	Pre-Pro
5KDM:ChainB:PRO32	-54.101603	-40.750733	Proline
5KDM:ChainB:ALA33	-58.521827	-39.670016	General
5KDM:ChainB:ILE34	-70.501707	-41.843547	General
5KDM:ChainB:ARG35	-60.173039	-22.634988	General
5KDM:ChainB:ARG36	-83.781456	-35.063080	General
5KDM:ChainB:LEU37	-64.436000	-41.804530	General
5KDM:ChainB:ALA38	-60.927905	-49.493721	General
5KDM:ChainB:ARG39	-59.390562	-34.959088	General
5KDM:ChainB:ARG40	-67.474001	-30.839170	General
5KDM:ChainB:GLY41	-76.963174	4.094868	Glycine
5KDM:ChainB:GLY42	79.754126	41.447437	Glycine
5KDM:ChainB:VAL43	-127.775038	128.368027	General
5KDM:ChainB:LYS44	-79.812285	-69.494371	General
5KDM:ChainB:ARG45	-129.726084	167.186583	General
5KDM:ChainB:ILE46	-140.984651	153.296095	General
5KDM:ChainB:SER47	-55.275017	147.893702	General
5KDM:ChainB:GLY48	-54.822499	-52.443025	Glycine
5KDM:ChainB:LEU49	-67.703480	-20.084002	General
5KDM:ChainB:ILE50	-54.169306	-30.550254	General
5KDM:ChainB:TYR51	-50.925040	-58.045121	General
5KDM:ChainB:GLU52	-74.573889	-20.472964	General
5KDM:ChainB:GLU53	-60.399677	-45.671988	General
5KDM:ChainB:THR54	-64.212795	-37.797085	General
5KDM:ChainB:ARG55	-51.847913	-54.428430	General
5KDM:ChainB:GLY56	-54.317404	-51.122051	Glycine
5KDM:ChainB:VAL57	-60.427408	-45.014225	General
5KDM:ChainB:LEU58	-54.518966	-49.332485	General
5KDM:ChainB:LYS59	-68.909344	-29.000075	General
5KDM:ChainB:VAL60	-67.871120	-48.309492	General
5KDM:ChainB:PHE61	-50.938180	-64.723549	General
5KDM:ChainB:LEU62	-46.298199	-46.381464	General
5KDM:ChainB:GLU63	-47.991967	-64.106623	General
5KDM:ChainB:ASN64	-80.613274	-1.160659	General
5KDM:ChainB:VAL65	-81.514305	-48.031831	General
5KDM:ChainB:ILE66	-66.270469	-42.741728	General
5KDM:ChainB:ARG67	-47.787617	-45.009349	General
5KDM:ChainB:ASP68	-76.261811	-44.081984	General
5KDM:ChainB:ALA69	-56.604159	-58.943375	General
5KDM:ChainB:VAL70	-49.853176	-39.412886	General
5KDM:ChainB:THR71	-54.555527	-39.867644	General
5KDM:ChainB:TYR72	-65.262702	-54.662048	General
5KDM:ChainB:THR73	-50.227174	-51.094108	General
5KDM:ChainB:GLU74	-83.911703	-16.546337	General
5KDM:ChainB:HIS75	-66.802587	-40.397976	General
5KDM:ChainB:ALA76	-82.242361	4.627038	General
5KDM:ChainB:LYS77	57.740171	72.113186	General
5KDM:ChainB:ARG78	-140.351831	139.807788	General
5KDM:ChainB:LYS79	-83.255089	-1.947878	General
5KDM:ChainB:THR80	-132.707787	136.521105	General
5KDM:ChainB:VAL81	-86.170221	128.245119	General
5KDM:ChainB:THR82	-101.979565	145.453321	General
5KDM:ChainB:ALA83	-53.605108	-30.440412	General
5KDM:ChainB:MET84	-69.103688	-38.003744	General
5KDM:ChainB:ASP85	-61.846870	-44.476740	General
5KDM:ChainB:VAL86	-66.448459	-32.955829	General
5KDM:ChainB:VAL87	-63.570720	-47.232993	General
5KDM:ChainB:TYR88	-59.215101	-28.144393	General
5KDM:ChainB:ALA89	-80.104817	-41.365991	General
5KDM:ChainB:LEU90	-60.653977	-44.853073	General
5KDM:ChainB:LYS91	-70.622612	-14.848913	General
5KDM:ChainB:ARG92	-86.783444	-5.975662	General
5KDM:ChainB:GLN93	-85.004067	12.922977	General
5KDM:ChainB:GLY94	84.876110	-149.415595	Glycine
5KDM:ChainB:ARG95	-52.014496	-19.226210	General
5KDM:ChainB:THR96	-42.965414	-67.477761	General
5KDM:ChainB:LEU97	-94.673062	12.234424	General
5KDM:ChainB:TYR98	-49.988631	130.930539	General
5KDM:ChainB:GLY99	108.298065	-20.613058	Glycine
5KDM:ChainB:PHE100	-74.049031	126.929660	General
5KDM:ChainB:GLY101	69.451284	7.459320	Glycine
5KDM:ChainC:GLY183	-82.793094	-20.452415	Glycine
5KDM:ChainC:SER184	-83.052418	-41.441962	General
5KDM:ChainC:ARG185	-53.887871	-25.651402	General
5KDM:ChainC:ARG186	-73.269708	-30.676014	General
5KDM:ChainC:GLN187	-81.455940	-33.572293	General
5KDM:ChainC:ILE188	-63.858251	-30.326827	General
5KDM:ChainC:GLN189	-71.373194	-27.742004	General
5KDM:ChainC:ARG190	-63.229916	-35.456698	General
5KDM:ChainC:LEU191	-65.278711	-41.157938	General
5KDM:ChainC:GLU192	-63.238690	-46.023860	General
5KDM:ChainC:GLN193	-72.548435	-24.957971	General
5KDM:ChainC:LEU194	-59.743437	-42.140105	General
5KDM:ChainC:LEU195	-51.970159	-48.800951	General
5KDM:ChainC:ALA196	-56.907650	-33.834325	General
5KDM:ChainC:LEU197	-72.956478	-46.650198	General
5KDM:ChainC:TYR198	-52.854424	-40.555130	General
5KDM:ChainC:VAL199	-72.421101	-34.973740	General
5KDM:ChainC:ALA200	-50.848785	-61.307322	General
5KDM:ChainC:GLU201	-64.817851	-29.118561	General
5KDM:ChainC:ILE202	-64.237469	-37.427015	General
5KDM:ChainC:ARG203	-77.243347	-31.018916	General
5KDM:ChainC:ARG204	-63.375143	-42.182761	General
5KDM:ChainC:LEU205	-69.292811	-33.747089	General
5KDM:ChainC:GLN206	-65.207739	-29.089148	General
5KDM:ChainC:GLU207	-77.908589	-35.862704	General
5KDM:ChainC:LYS208	-51.905378	130.752903	General
5KDM:ChainC:GLU209	-100.383099	147.814676	General
5KDM:ChainC:LEU210	-125.564150	123.318763	General
5KDM:ChainC:ASP211	-80.387356	-170.862378	General
5KDM:ChainC:LEU212	-69.652774	-40.947693	General
5KDM:ChainC:SER213	-69.831962	-29.556959	General
5KDM:ChainC:GLU214	-68.512401	-21.621086	General
5KDM:ChainC:LEU215	-86.412049	-11.288600	General
5KDM:ChainC:ASP216	-87.542857	-13.796500	General
5KDM:ChainC:ASP217	-67.555451	119.671641	Pre-Pro
5KDM:ChainC:PRO218	-69.313882	-16.232528	Proline
5KDM:ChainC:ASP219	-98.082523	8.942387	General
5KDM:ChainC:SER220	-61.162682	158.510853	General
5KDM:ChainC:ALA221	-53.931279	-28.634257	General
5KDM:ChainC:TYR222	-65.144669	-52.671114	General
5KDM:ChainC:LEU223	-70.517514	-30.714186	General
5KDM:ChainC:GLN224	-60.321117	-49.779906	General
5KDM:ChainC:GLU225	-54.709797	-35.134773	General
5KDM:ChainC:ALA226	-76.767093	-37.791309	General
5KDM:ChainC:ARG227	-59.628325	-45.872971	General
5KDM:ChainC:LEU228	-60.713731	-43.415393	General
5KDM:ChainC:LYS229	-61.460808	-41.058969	General
5KDM:ChainC:ARG230	-67.215341	-46.337832	General
5KDM:ChainC:LYS231	-58.256690	-35.198018	General
5KDM:ChainC:LEU232	-62.308404	-60.122260	General
5KDM:ChainC:ILE233	-56.491244	-34.637884	General
5KDM:ChainC:ARG234	-80.837052	-23.095697	General
5KDM:ChainC:LEU235	-61.996659	-45.967916	General
5KDM:ChainC:PHE236	-55.804887	-40.616593	General
5KDM:ChainC:GLY237	-69.868798	-41.949401	Glycine
5KDM:ChainC:ARG238	-49.391341	-53.935317	General
5KDM:ChainC:LEU239	-63.571194	-39.365674	General
5KDM:ChainC:CYS240	-60.916722	-51.912583	General
5KDM:ChainC:GLU241	-68.292916	-11.343936	General
5KDM:ChainC:LEU242	-83.035568	-30.834882	General
5KDM:ChainC:LYS243	-99.931072	7.064701	General
5KDM:ChainC:ASP244	82.713060	0.498422	General
5KDM:ChainC:CYS245	-91.207008	9.408090	General
5KDM:ChainC:SER246	58.668886	50.243698	General
5KDM:ChainC:SER247	64.642163	-11.429469	General
5KDM:ChainC:LEU248	-112.286136	148.980108	General
5KDM:ChainC:THR249	-134.323898	108.386143	General
5KDM:ChainC:GLY250	45.237904	53.710383	Glycine
5KDM:ChainC:ARG251	-129.527805	146.333693	General
5KDM:ChainC:VAL252	-67.337918	-18.195804	General
5KDM:ChainC:ILE253	-55.325418	-33.589391	General
5KDM:ChainC:GLU254	-75.833344	-58.818992	General
5KDM:ChainC:GLN255	-41.912663	126.764166	General
5KDM:ChainC:ARG256	-68.499749	137.504306	General
5KDM:ChainC:ILE257	-96.409361	111.392209	Pre-Pro
5KDM:ChainC:PRO258	-75.863281	139.294613	Proline
5KDM:ChainC:TYR259	-135.439615	112.185921	General
5KDM:ChainC:ARG260	-118.211008	97.175822	General
5KDM:ChainC:GLY261	-113.531109	-11.004041	Glycine
5KDM:ChainC:THR262	-82.842394	174.548007	General
5KDM:ChainC:ARG263	-91.476318	7.689616	General
5KDM:ChainC:TYR264	-123.520050	96.588198	Pre-Pro
5KDM:ChainC:PRO265	-58.607783	-25.723496	Proline
5KDM:ChainC:GLU266	-97.826834	-1.787210	General
5KDM:ChainC:VAL267	-76.713387	-33.856326	General
5KDM:ChainC:ASN268	-79.121253	-13.219841	General
5KDM:ChainC:ARG269	-66.135794	-57.905511	General
5KDM:ChainC:ARG270	-67.134165	-35.802487	General
5KDM:ChainC:ILE271	-73.922116	-39.816863	General
5KDM:ChainC:GLU272	-62.794681	-28.984008	General
5KDM:ChainC:ARG273	-97.946487	84.455242	General
5KDM:ChainC:LEU274	-88.002305	-42.689867	General
5KDM:ChainC:ILE275	-79.329114	-20.385524	General
5KDM:ChainC:ASN276	-55.771146	-23.357787	General
5KDM:ChainC:LYS277	-62.473387	132.837320	Pre-Pro
5KDM:ChainC:PRO278	-71.524476	136.250973	Proline
5KDM:ChainC:GLY279	78.543246	-153.271436	Glycine
5KDM:ChainC:PRO280	-75.783662	165.441271	Proline
5KDM:ChainC:ASP281	81.571451	-0.967853	General
5KDM:ChainC:THR282	-87.782371	108.244029	General
5KDM:ChainC:PHE283	-177.202659	130.437690	Pre-Pro
5KDM:ChainC:PRO284	-92.950176	-178.666092	Proline
5KDM:ChainC:ASP285	-125.732011	-179.541173	General
5KDM:ChainC:TYR286	-55.293085	-39.090287	General
5KDM:ChainC:GLY287	-57.722623	-41.051225	Glycine
5KDM:ChainC:ASP288	-62.872181	-49.149596	General
5KDM:ChainC:VAL289	-61.385745	-40.190240	General
5KDM:ChainC:LEU290	-67.170345	-35.451137	General
5KDM:ChainC:ARG291	-65.975858	-37.582928	General
5KDM:ChainC:ALA292	-76.991824	-31.336613	General
5KDM:ChainC:VAL293	-77.889538	-32.227282	General
5KDM:ChainC:GLU294	-81.516720	-17.743794	General
5KDM:ChainC:LYS295	-71.218672	-53.615639	General
5KDM:ChainC:ALA296	-66.483330	-18.291337	General
5KDM:ChainC:ALA297	-78.914844	-42.765302	General
5KDM:ChainC:ALA298	-75.164446	-64.636988	General
5KDM:ChainC:ARG299	-71.492076	-19.113665	General
5KDM:ChainC:HIS300	-91.684428	-13.322569	General
5KDM:ChainC:SER301	58.060181	71.235322	General
5KDM:ChainC:LEU302	-78.685002	-60.472514	General
5KDM:ChainC:GLY303	77.003473	51.490541	Glycine
5KDM:ChainC:LEU304	-116.911591	151.312325	Pre-Pro
5KDM:ChainC:PRO305	-58.162281	160.707677	Proline
5KDM:ChainC:ARG306	-58.230035	-22.768102	General
5KDM:ChainC:GLN307	-54.927028	-70.390053	General
5KDM:ChainC:GLN308	-81.107551	-20.362283	General
5KDM:ChainC:LEU309	-57.198889	-49.328728	General
5KDM:ChainC:GLN310	-72.386363	-30.437467	General
5KDM:ChainC:LEU311	-58.660609	-43.399250	General
5KDM:ChainC:MET312	-63.930993	-45.108488	General
5KDM:ChainC:ALA313	-62.351697	-42.187738	General
5KDM:ChainC:GLN314	-69.388259	-53.119241	General
5KDM:ChainC:ASP315	-49.097619	-49.578021	General
5KDM:ChainC:ALA316	-65.740603	-48.897575	General
5KDM:ChainC:PHE317	-57.262051	-47.434124	General
5KDM:ChainC:ARG318	-68.695867	-42.181030	General
5KDM:ChainC:ASP319	-54.631537	-54.376227	General
5KDM:ChainC:VAL320	-79.204359	-20.572336	General
5KDM:ChainC:GLY321	-61.213668	-55.495242	Glycine
5KDM:ChainC:ILE322	-59.143099	-49.591116	General
5KDM:ChainC:ARG323	-55.770829	-45.044445	General
5KDM:ChainC:LEU324	-63.266402	-41.591514	General
5KDM:ChainC:GLN325	-60.371830	-52.664485	General
5KDM:ChainC:GLU326	-71.315793	-19.764998	General
5KDM:ChainC:ARG327	-67.051663	-41.326326	General
5KDM:ChainC:ARG328	-65.696179	-45.932671	General
5KDM:ChainC:HIS329	-57.483674	-41.731882	General
5KDM:ChainC:LEU330	-58.405426	-54.313832	General
5KDM:ChainC:ASP331	-52.815046	-31.894007	General
5KDM:ChainC:LEU332	-64.330963	-51.729379	General
5KDM:ChainC:ILE333	-72.618027	-18.075566	General
5KDM:ChainC:TYR334	-61.245157	-72.812044	General
5KDM:ChainC:ASN335	-104.733232	97.006876	General
5KDM:ChainC:PHE336	-139.032296	135.026098	General
5KDM:ChainC:GLY337	74.313597	-131.240163	Glycine
5KDM:ChainC:CYS338	-156.631035	-167.158811	General
5KDM:ChainC:HIS339	-62.210057	-14.522726	General
5KDM:ChainC:LEU340	-81.335328	-48.575935	General
5KDM:ChainC:THR341	-66.134066	-31.366551	General
5KDM:ChainC:ASP342	-43.903142	-50.211066	General
5KDM:ChainC:ASP343	-89.300547	97.280648	General
5KDM:ChainC:TYR344	-144.094853	114.985625	General
5KDM:ChainC:ARG345	-95.546778	139.962933	Pre-Pro
5KDM:ChainC:PRO346	-72.614712	-23.242235	Proline
5KDM:ChainC:GLY347	-108.074099	13.678297	Glycine
5KDM:ChainC:VAL348	-99.289709	5.947562	General
5KDM:ChainC:ASP349	-46.090879	124.294382	Pre-Pro
5KDM:ChainC:PRO350	-66.683835	-24.939916	Proline
5KDM:ChainC:ALA351	-58.597245	-18.098941	General
5KDM:ChainC:LEU352	-73.168684	-51.958865	General
5KDM:ChainC:SER353	-81.694690	-21.039002	General
5KDM:ChainC:ASP354	-118.712407	88.677836	Pre-Pro
5KDM:ChainC:PRO355	-58.189498	-15.796824	Proline
5KDM:ChainC:VAL356	-62.274069	-44.517709	General
5KDM:ChainC:LEU357	-61.770571	-39.192965	General
5KDM:ChainC:ALA358	-62.840979	-43.485756	General
5KDM:ChainC:ARG359	-55.026768	-59.024095	General
5KDM:ChainC:ARG360	-53.768908	-42.473744	General
5KDM:ChainC:LEU361	-71.993003	-30.419135	General
5KDM:ChainC:ARG362	-65.395884	-41.459768	General
5KDM:ChainC:GLU363	-55.220233	-57.260332	General
5KDM:ChainC:ASN364	-55.909548	-40.495903	General
5KDM:ChainC:ARG365	-65.440762	-39.053975	General
5KDM:ChainC:SER366	-50.912727	-53.922484	General
5KDM:ChainC:LEU367	-57.339389	-45.053474	General
5KDM:ChainC:ALA368	-56.989595	-51.524820	General
5KDM:ChainC:MET369	-67.316316	-38.806167	General
5KDM:ChainC:SER370	-51.992450	-55.050679	General
5KDM:ChainC:ARG371	-56.102029	-51.270720	General
5KDM:ChainC:LEU372	-50.006077	-53.475904	General
5KDM:ChainC:ASP373	-66.208555	-39.020156	General
5KDM:ChainC:GLU374	-72.812912	-25.670973	General
5KDM:ChainC:VAL375	-73.345747	-46.307557	General
5KDM:ChainC:ILE376	-54.430107	-46.575863	General
5KDM:ChainC:SER377	-72.609657	-21.254904	General
5KDM:ChainC:LYS378	-62.757130	-48.748338	General
5KDM:ChainC:TYR379	-80.092238	-19.371353	General
5KDM:ChainC:ALA380	-63.131894	-61.156004	General
5KDM:ChainC:MET381	-73.957062	-9.412849	General
5KDM:ChainC:LEU382	-81.206973	-48.162274	General
5KDM:ChainC:GLN383	-69.334875	-9.963489	General
5KDM:ChainC:ASP384	-64.599849	-13.087141	General
5KDM:ChainC:LYS385	-54.968743	-33.627868	General
5KDM:ChainD:ASP384	-72.034233	152.698953	General
5KDM:ChainD:THR385	-123.317559	161.384275	General
5KDM:ChainD:VAL386	-142.190326	158.881754	General
5KDM:ChainD:ARG387	-63.121668	158.394267	General
5KDM:ChainD:TYR388	-85.169262	5.711054	General
5KDM:ChainD:ASP389	-46.964525	151.820499	General
5KDM:ChainD:TYR390	-54.121022	141.406647	General
5KDM:ChainD:GLY391	103.760583	10.505744	Glycine
5KDM:ChainD:HIS392	-83.480655	174.324900	General
5KDM:ChainD:TYR393	-98.568762	144.021544	General
5KDM:ChainD:LEU394	-99.313155	123.858638	General
5KDM:ChainD:ILE395	-123.881347	155.482448	General
5KDM:ChainD:MET396	-125.505930	126.785061	General
5KDM:ChainD:LEU397	-103.882164	121.996320	General
5KDM:ChainD:GLY398	145.844574	-175.121094	Glycine
5KDM:ChainD:PRO399	-92.060378	-173.160423	Proline
5KDM:ChainD:ALA414	55.181327	-139.095333	General
5KDM:ChainD:GLU415	-58.255961	-46.522581	General
5KDM:ChainD:SER416	-56.384031	-16.621563	General
5KDM:ChainD:SER417	-77.521736	-28.659693	General
5KDM:ChainD:TRP418	-75.070057	-53.066746	General
5KDM:ChainD:ALA419	-55.903589	-41.243964	General
5KDM:ChainD:GLN420	-48.637668	-52.213212	General
5KDM:ChainD:ALA421	-56.627595	-28.262565	General
5KDM:ChainD:ALA422	-78.585103	-47.440798	General
5KDM:ChainD:VAL423	-62.779148	-53.568197	General
5KDM:ChainD:GLN424	-60.484900	-24.286645	General
5KDM:ChainD:THR425	-72.122225	-50.367393	General
5KDM:ChainD:ALA426	-56.444959	-46.966200	General
5KDM:ChainD:LEU427	-50.648699	-52.641759	General
5KDM:ChainD:GLU428	-54.998353	-47.894088	General
5KDM:ChainD:LEU429	-59.156972	-44.481817	General
5KDM:ChainD:PHE430	-53.236314	-50.098118	General
5KDM:ChainD:SER431	-59.265455	-24.938391	General
5KDM:ChainD:ALA432	-83.581895	-43.779757	General
5KDM:ChainD:LEU433	-79.867114	-27.402564	General
5KDM:ChainD:TYR434	-138.657602	75.870812	Pre-Pro
5KDM:ChainD:PRO435	-85.566036	65.963072	Proline
5KDM:ChainD:ALA436	-138.481085	135.088010	Pre-Pro
5KDM:ChainD:PRO437	-72.904620	86.518251	Proline
5KDM:ChainD:CYS438	-101.833228	-4.206379	General
5KDM:ChainD:ILE439	-87.165865	118.035430	General
5KDM:ChainD:SER440	-107.897497	125.302734	General
5KDM:ChainD:GLY441	68.926371	62.879274	Glycine
5KDM:ChainD:TYR442	-73.556425	127.343899	General
5KDM:ChainD:ALA443	-137.775788	111.693372	General
5KDM:ChainD:ARG444	-73.298105	-37.775262	Pre-Pro
5KDM:ChainD:PRO445	-75.006984	165.242872	Proline
5KDM:ChainD:PRO446	-70.125962	-46.469378	Proline
5KDM:ChainD:GLY447	84.934303	148.517260	Glycine
5KDM:ChainD:PRO448	-72.131508	130.481876	Proline
5KDM:ChainD:SER449	-136.160332	152.767497	General
5KDM:ChainD:ALA450	-54.717006	140.080629	General
5KDM:ChainD:VAL451	-48.438275	-46.584067	General
5KDM:ChainD:ILE452	-67.348792	-31.302859	General
5KDM:ChainD:GLU453	-67.134837	-38.254364	General
5KDM:ChainD:HIS454	-56.113035	-47.037858	General
5KDM:ChainD:LEU455	-67.257734	-19.012957	General
5KDM:ChainD:GLY456	-68.034721	-46.119332	Glycine
5KDM:ChainD:SER457	-82.507002	-3.477162	General
5KDM:ChainD:LEU458	-75.567546	-25.333286	General
5KDM:ChainD:VAL459	-115.943146	105.199049	Pre-Pro
5KDM:ChainD:PRO460	-73.299798	-37.644211	Proline
5KDM:ChainD:LYS461	-136.232444	142.571600	General
5KDM:ChainD:GLY462	71.327143	-131.023376	Glycine
5KDM:ChainD:GLY463	-165.277203	-165.042535	Glycine
5KDM:ChainD:LEU464	-122.317970	155.271611	General
5KDM:ChainD:LEU465	-131.443366	116.229482	General
5KDM:ChainD:LEU466	-123.062780	162.312178	General
5KDM:ChainD:PHE467	-109.174907	149.060761	General
5KDM:ChainD:LEU468	-78.054436	-26.447745	General
5KDM:ChainD:SER469	-73.565308	-21.969142	General
5KDM:ChainD:HIS470	-96.736683	3.395457	General
5KDM:ChainD:LEU471	-62.532376	158.969021	Pre-Pro
5KDM:ChainD:PRO472	-61.408471	132.872417	Proline
5KDM:ChainD:ASP473	-52.942201	-32.380951	General
5KDM:ChainD:ASP474	-54.244084	-49.036618	General
5KDM:ChainD:VAL475	-81.905863	-38.193242	General
5KDM:ChainD:LYS476	-54.711123	-39.933788	General
5KDM:ChainD:ASP477	-63.951378	-27.959998	General
5KDM:ChainD:GLY478	-80.155369	14.851892	Glycine
5KDM:ChainD:LEU479	-99.608548	-58.063694	General
5KDM:ChainD:GLY489	62.396828	-159.998268	Glycine
5KDM:ChainD:PRO490	-55.827886	-11.978379	Proline
5KDM:ChainD:GLY491	-47.823041	-39.412349	Glycine
5KDM:ChainD:MET492	-86.182176	-17.406996	General
5KDM:ChainD:GLN493	-54.505609	-46.052197	General
5KDM:ChainD:GLN494	-58.304314	-44.831801	General
5KDM:ChainD:PHE495	-65.271267	-48.788353	General
5KDM:ChainD:VAL496	-65.313599	-22.935693	General
5KDM:ChainD:SER497	-68.757893	-41.233661	General
5KDM:ChainD:SER498	-55.641451	-39.924740	General
5KDM:ChainD:TYR499	-82.123172	-42.239408	General
5KDM:ChainD:PHE500	-103.172134	5.284426	General
5KDM:ChainD:LEU501	-103.317736	-75.797247	General
5KDM:ChainD:ASN502	-60.023245	-40.409090	Pre-Pro
5KDM:ChainD:PRO503	-66.297917	134.941504	Proline
5KDM:ChainD:ALA504	-86.863383	136.130669	General
5KDM:ChainD:CYS505	-101.417991	138.774635	General
5KDM:ChainD:SER506	-84.228952	-1.519100	General
5KDM:ChainD:ASN507	-78.868537	159.119254	General
5KDM:ChainD:VAL508	-112.210121	130.417161	General
5KDM:ChainD:PHE509	-106.123663	133.236441	General
5KDM:ChainD:ILE510	-130.336734	152.511384	General
5KDM:ChainD:THR511	-120.694374	108.000628	General
5KDM:ChainD:VAL512	-103.495537	148.146291	General
5KDM:ChainD:ARG513	-104.593931	121.536783	General
5KDM:ChainD:GLN514	-102.529127	103.018754	General
5KDM:ChainD:ARG515	-117.356217	103.189246	General
5KDM:ChainD:GLY516	47.753925	-144.768237	Glycine
5KDM:ChainD:GLU517	57.776512	56.535306	General
5KDM:ChainD:LYS518	-60.504230	127.032924	General
5KDM:ChainD:ILE519	-103.394602	135.274296	General
5KDM:ChainD:ASN520	49.134739	-125.455404	General
5KDM:ChainD:GLY521	-84.274769	-24.283990	Glycine
5KDM:ChainD:ARG522	-82.780998	148.650199	General
5KDM:ChainD:THR523	-86.761223	-177.851820	General
5KDM:ChainD:VAL524	-63.793428	-60.110400	General
5KDM:ChainD:LEU525	-55.691619	-30.907399	General
5KDM:ChainD:GLN526	-82.873018	-31.153960	General
5KDM:ChainD:ALA527	-76.721290	-24.459282	General
5KDM:ChainD:LEU528	-80.379513	-28.580092	General
5KDM:ChainD:GLY529	-61.954642	-55.403633	Glycine
5KDM:ChainD:ARG530	-66.668436	-46.670001	General
5KDM:ChainD:ALA531	-62.339390	-31.132120	General
5KDM:ChainD:CYS532	-70.621835	-50.368563	General
5KDM:ChainD:ASP533	-56.743077	-54.595828	General
5KDM:ChainD:MET534	-56.624196	-37.979715	General
5KDM:ChainD:ALA535	-73.357541	-5.256510	General
5KDM:ChainD:GLY536	67.764544	59.326435	Glycine
5KDM:ChainD:CYS537	-144.298680	132.604512	General
5KDM:ChainD:GLN538	-82.384264	146.297909	General
5KDM:ChainD:HIS539	-143.369442	127.852326	General
5KDM:ChainD:TYR540	-110.125333	130.656811	General
5KDM:ChainD:VAL541	-93.402772	102.536666	General
5KDM:ChainD:LEU542	-78.838607	-48.160871	General
5KDM:ChainD:GLY543	-178.391512	-162.509373	Glycine
5KDM:ChainD:SER544	-113.390946	170.596447	General
5KDM:ChainD:THR545	-95.379838	135.820172	General
5KDM:ChainD:VAL546	-145.456471	158.120298	Pre-Pro
5KDM:ChainD:PRO547	-68.515599	-36.052820	Proline
5KDM:ChainD:LEU548	-82.948390	151.200982	General
5KDM:ChainD:GLY549	69.927705	163.874130	Glycine
5KDM:ChainD:GLY550	-81.750057	-59.442721	Glycine
5KDM:ChainD:LEU551	-140.640474	121.053974	General
5KDM:ChainD:ASN552	-133.757803	121.699317	General
5KDM:ChainD:PHE553	-102.271930	141.268046	General
5KDM:ChainD:VAL554	-113.437681	157.084560	General
5KDM:ChainD:ASN555	-84.571086	104.797643	General
5KDM:ChainD:ASP556	-101.752068	-7.749470	General
5KDM:ChainD:LEU557	-63.276311	-28.816397	General
5KDM:ChainD:ALA558	-73.441489	-72.422540	General
5KDM:ChainD:SER559	-103.855374	131.532260	Pre-Pro
5KDM:ChainD:PRO560	-69.280288	155.138989	Proline
5KDM:ChainD:VAL561	-79.379136	154.208557	General
5KDM:ChainD:SER562	-71.633589	148.202607	General
5KDM:ChainD:THR563	-43.931679	-47.396180	General
5KDM:ChainD:ALA564	-86.931965	-25.589317	General
5KDM:ChainD:GLU565	-90.665298	11.381337	General
5KDM:ChainD:MET566	-61.791769	-9.466619	General
5KDM:ChainD:MET567	-106.753890	94.414499	General
5KDM:ChainD:ASP568	-151.498051	-168.453312	General
5KDM:ChainD:ASP569	-99.867538	-58.065280	General
5KDM:ChainD:PHE570	79.670366	-16.562806	General
5KDM:ChainD:SER571	45.068523	78.020634	Pre-Pro
5KDM:ChainD:PRO572	-68.055910	164.057753	Proline
5KDM:ChainD:PHE573	-119.915389	164.696497	General
5KDM:ChainD:PHE574	64.252216	70.256336	General
5KDM:ChainD:THR575	-100.095915	137.676697	General
5KDM:ChainD:VAL576	-124.793587	120.161067	General
5KDM:ChainD:GLU577	-70.453519	156.038268	General
5KDM:ChainD:PHE578	-78.043003	-177.041162	Pre-Pro
5KDM:ChainD:PRO579	-93.257893	175.843772	Proline
5KDM:ChainD:PRO580	-88.285353	-173.580252	Proline
