5L8Z:ChainA:HIS0	-144.091188	141.967813	General
5L8Z:ChainA:MET1	-134.257056	124.499275	General
5L8Z:ChainA:SER2	-92.978833	171.915308	General
5L8Z:ChainA:LYS3	-58.531768	-38.530732	General
5L8Z:ChainA:LYS4	-66.904168	-35.327222	General
5L8Z:ChainA:GLU5	-70.558087	-38.865838	General
5L8Z:ChainA:LEU6	-60.487985	-50.481937	General
5L8Z:ChainA:ALA7	-59.563051	-39.127811	General
5L8Z:ChainA:ALA8	-62.269699	-37.413405	General
5L8Z:ChainA:GLN9	-67.892614	-39.762663	General
5L8Z:ChainA:ILE10	-57.146098	-46.440485	General
5L8Z:ChainA:ALA11	-64.523044	-39.939114	General
5L8Z:ChainA:GLU12	-69.700774	-35.930156	General
5L8Z:ChainA:LYS13	-92.265124	-6.294869	General
5L8Z:ChainA:PHE14	-133.459506	44.310036	General
5L8Z:ChainA:THR15	-66.298852	-18.957480	General
5L8Z:ChainA:ASP16	-76.567591	-18.010789	General
5L8Z:ChainA:VAL17	-98.161053	-46.140579	General
5L8Z:ChainA:LEU18	-155.139374	157.756742	General
5L8Z:ChainA:SER19	-76.232449	170.030737	General
5L8Z:ChainA:LYS20	-60.899980	-39.282810	General
5L8Z:ChainA:THR21	-66.142767	-43.476987	General
5L8Z:ChainA:HIS22	-69.958871	-33.044592	General
5L8Z:ChainA:ALA23	-62.756262	-40.356305	General
5L8Z:ChainA:GLU24	-66.709911	-42.256833	General
5L8Z:ChainA:GLU25	-59.723858	-43.703114	General
5L8Z:ChainA:ILE26	-72.123830	-40.194006	General
5L8Z:ChainA:THR27	-59.814071	-43.082362	General
5L8Z:ChainA:ASN28	-63.273587	-37.014652	General
5L8Z:ChainA:PHE29	-68.042050	-36.946312	General
5L8Z:ChainA:VAL30	-50.437231	-51.500309	General
5L8Z:ChainA:PHE31	-80.232992	-29.757023	General
5L8Z:ChainA:ASP32	-66.497314	-39.301387	General
5L8Z:ChainA:HIS33	-71.235387	-37.721761	General
5L8Z:ChainA:ILE34	-62.071172	-46.458488	General
5L8Z:ChainA:LYS35	-58.196102	-44.745228	General
5L8Z:ChainA:LYS36	-58.747394	-43.263785	General
5L8Z:ChainA:ALA37	-61.609311	-41.374242	General
5L8Z:ChainA:LEU38	-65.971335	-39.126504	General
5L8Z:ChainA:VAL39	-62.566539	-33.613068	General
5L8Z:ChainA:ALA40	-77.016521	0.309793	General
5L8Z:ChainA:GLY41	87.282965	10.949311	Glycine
5L8Z:ChainA:LYS42	-85.438793	147.784482	General
5L8Z:ChainA:GLU43	-82.885788	138.891495	General
5L8Z:ChainA:VAL44	-110.861416	116.926210	General
5L8Z:ChainA:SER45	-109.188122	127.084770	General
5L8Z:ChainA:ILE46	-119.898249	105.442561	General
5L8Z:ChainA:ALA47	-55.747218	134.964869	General
5L8Z:ChainA:GLY48	84.290870	-5.450713	Glycine
5L8Z:ChainA:PHE49	-123.240619	-67.425665	General
5L8Z:ChainA:GLY50	163.651132	-166.501401	Glycine
5L8Z:ChainA:LYS51	-126.653394	142.460761	General
5L8Z:ChainA:PHE52	-112.939751	137.291354	General
5L8Z:ChainA:ALA53	-139.141701	146.924837	General
5L8Z:ChainA:VAL54	-76.941294	137.289158	General
5L8Z:ChainA:THR55	-121.280327	155.533465	General
5L8Z:ChainA:GLU56	-131.504656	122.236549	General
5L8Z:ChainA:ARG57	-68.011572	116.671690	General
5L8Z:ChainA:ALA58	-67.811693	148.699997	General
5L8Z:ChainA:ALA59	-61.040436	152.473409	General
5L8Z:ChainA:ARG60	-158.925119	160.780138	General
5L8Z:ChainA:ASP61	-63.671804	128.648992	General
5L8Z:ChainA:GLY62	-118.506964	-169.702241	Glycine
5L8Z:ChainA:ARG63	-128.811116	137.044926	General
5L8Z:ChainA:ASN64	-59.109294	115.334789	Pre-Pro
5L8Z:ChainA:PRO65	-64.308983	-24.349549	Proline
5L8Z:ChainA:SER66	-88.974834	-30.917564	General
5L8Z:ChainA:THR67	-111.688632	-15.184166	General
5L8Z:ChainA:GLY68	58.943638	18.010603	Glycine
5L8Z:ChainA:GLU69	-71.397027	138.119215	General
5L8Z:ChainA:THR70	-61.535207	130.842761	General
5L8Z:ChainA:ILE71	-117.014377	174.743158	General
5L8Z:ChainA:LYS72	-117.566786	126.885900	General
5L8Z:ChainA:ILE73	-84.342151	127.015541	Pre-Pro
5L8Z:ChainA:PRO74	-74.920361	154.629030	Proline
5L8Z:ChainA:ALA75	-73.429660	152.591552	General
5L8Z:ChainA:SER76	-150.250380	153.870870	General
5L8Z:ChainA:LYS77	-105.610337	150.475472	General
5L8Z:ChainA:SER78	-145.160017	-169.454177	General
5L8Z:ChainA:ALA79	-131.742556	140.245145	General
5L8Z:ChainA:LYS80	-121.671046	145.102925	General
5L8Z:ChainA:PHE81	-113.479127	138.311495	General
5L8Z:ChainA:LYS82	-118.487858	120.323055	General
5L8Z:ChainA:ALA83	-66.193137	138.465754	General
5L8Z:ChainA:GLY84	-77.145559	170.214032	Glycine
5L8Z:ChainA:LYS85	-59.667492	-41.720315	General
5L8Z:ChainA:GLN86	-67.074222	-41.444666	General
5L8Z:ChainA:LEU87	-63.347096	-42.024270	General
5L8Z:ChainA:LYS88	-62.195996	-40.693612	General
5L8Z:ChainA:THR89	-61.164384	-48.340692	General
5L8Z:ChainA:ASP90	-62.406148	-32.801535	General
5L8Z:ChainA:LEU91	-78.989008	-16.507785	General
5L8Z:ChainA:ASN92	-107.026542	13.753229	General
