5LRR:ChainA:ALA3	-63.822957	-50.746975	General
5LRR:ChainA:GLN4	-61.100093	-35.030670	General
5LRR:ChainA:ALA5	-69.005167	-39.842723	General
5LRR:ChainA:GLU6	-60.374328	-44.163618	General
5LRR:ChainA:GLU7	-63.680520	-39.306351	General
5LRR:ChainA:PHE8	-65.420193	-38.098722	General
5LRR:ChainA:LYS9	-60.394447	-50.890490	General
5LRR:ChainA:LYS10	-55.906766	-44.217578	General
5LRR:ChainA:TYR11	-60.807578	-39.702724	General
5LRR:ChainA:LEU12	-64.397023	-42.345836	General
5LRR:ChainA:GLU13	-71.789207	-27.426889	General
5LRR:ChainA:THR14	-68.406701	-28.756045	General
5LRR:ChainA:ASN15	-96.301553	15.040514	General
5LRR:ChainA:GLY16	85.796947	2.454531	Glycine
5LRR:ChainA:ILE17	-77.282927	118.290330	General
5LRR:ChainA:LYS18	-94.978670	148.912162	Pre-Pro
5LRR:ChainA:PRO19	-70.369435	151.564630	Proline
5LRR:ChainA:LYS20	-131.633641	132.204111	General
5LRR:ChainA:GLN21	-89.591177	137.896671	General
5LRR:ChainA:PHE22	-127.612482	148.624117	General
5LRR:ChainA:HIS23	-110.810600	161.409509	General
5LRR:ChainA:LYS24	-47.584826	135.068126	General
5LRR:ChainA:LYS25	86.187776	-21.012683	General
5LRR:ChainA:GLU26	-64.681071	152.213134	General
5LRR:ChainA:LEU27	-107.525898	115.906511	General
5LRR:ChainA:ILE28	-64.625995	-40.834654	General
5LRR:ChainA:PHE29	-143.025265	159.060011	General
5LRR:ChainA:ASN30	-127.911237	167.021254	General
5LRR:ChainA:GLN31	-82.210248	-4.067134	General
5LRR:ChainA:TRP32	-108.899052	-3.929808	General
5LRR:ChainA:ASP33	-66.393808	131.479848	Pre-Pro
5LRR:ChainA:PRO34	-79.756393	-14.287470	Proline
5LRR:ChainA:GLN35	-89.384499	140.229653	General
5LRR:ChainA:GLU36	-113.447949	154.203951	General
5LRR:ChainA:TYR37	-140.371651	166.034157	General
5LRR:ChainA:CYS38	-108.233035	118.766371	General
5LRR:ChainA:ILE39	-101.788616	117.294796	General
5LRR:ChainA:PHE40	-95.042231	94.223123	General
5LRR:ChainA:LEU41	-72.482852	106.934494	General
5LRR:ChainA:TYR42	-84.753540	-43.187371	General
5LRR:ChainA:ASP43	-148.781310	143.250799	General
5LRR:ChainA:GLY44	111.607897	-178.873575	Glycine
5LRR:ChainA:ILE45	-125.777044	133.702712	General
5LRR:ChainA:THR46	-135.131483	165.143034	General
5LRR:ChainA:LYS47	-130.086912	142.493101	General
5LRR:ChainA:LEU48	-97.356372	118.788112	General
5LRR:ChainA:THR49	-124.655599	163.413509	General
5LRR:ChainA:SER50	-138.057120	129.149471	General
5LRR:ChainA:ILE51	-111.130804	119.952634	General
5LRR:ChainA:SER52	-76.280197	173.795974	General
5LRR:ChainA:GLU53	-57.788153	-37.963980	General
5LRR:ChainA:ASN54	-85.502001	4.727078	General
5LRR:ChainA:GLY55	89.686018	7.270975	Glycine
5LRR:ChainA:THR56	-70.313640	140.800915	General
5LRR:ChainA:ILE57	-114.782783	127.444818	General
5LRR:ChainA:MET58	-111.421080	124.170964	General
5LRR:ChainA:ASN59	-90.426643	108.358651	General
5LRR:ChainA:LEU60	-74.195258	-36.259296	General
5LRR:ChainA:GLN61	176.275785	170.461090	General
5LRR:ChainA:TYR62	-97.286601	163.152230	General
5LRR:ChainA:TYR63	-130.357496	130.667974	General
5LRR:ChainA:LYS64	-116.057389	123.318765	General
5LRR:ChainA:GLY65	-61.588587	146.138825	Glycine
5LRR:ChainA:ALA66	-89.088864	143.532756	General
5LRR:ChainA:PHE67	-167.455080	171.745145	General
5LRR:ChainA:VAL68	-118.453151	130.135884	General
5LRR:ChainA:ILE69	-125.332876	122.442572	General
5LRR:ChainA:MET70	-104.632180	132.577744	General
5LRR:ChainA:SER71	-111.648139	0.205356	General
5LRR:ChainA:GLY72	-146.450128	160.249396	Glycine
5LRR:ChainA:PHE73	-82.059677	137.933374	General
5LRR:ChainA:ILE74	-67.763437	-41.224859	General
5LRR:ChainA:ASP75	-77.256045	-31.716093	General
5LRR:ChainA:THR76	-108.207050	-17.318285	General
5LRR:ChainA:GLU77	59.798114	33.044579	General
5LRR:ChainA:THR78	-105.289279	153.248666	General
5LRR:ChainA:SER79	-59.918732	146.186006	General
5LRR:ChainA:VAL80	-91.689950	-2.909588	General
5LRR:ChainA:GLY81	134.011578	150.700023	Glycine
5LRR:ChainA:TYR82	-102.762911	115.836089	General
5LRR:ChainA:TYR83	-141.363571	166.868086	General
5LRR:ChainA:ASN84	-109.308964	143.457539	General
5LRR:ChainA:LEU85	-116.044888	100.805869	General
5LRR:ChainA:GLU86	-105.341719	134.492329	General
5LRR:ChainA:VAL87	-78.563605	131.472671	General
5LRR:ChainA:ILE88	-117.450198	-21.648333	General
5LRR:ChainA:SER89	-69.419242	163.679447	General
5LRR:ChainA:GLU90	-58.708489	-35.194427	General
5LRR:ChainA:GLN91	-144.726011	152.218482	General
5LRR:ChainA:ALA92	-137.924092	148.725621	General
5LRR:ChainA:THR93	-118.835636	123.052203	General
5LRR:ChainA:ALA94	-141.483749	148.314074	General
5LRR:ChainA:TYR95	-104.831082	117.271506	General
5LRR:ChainA:VAL96	-97.747428	105.803424	General
5LRR:ChainA:ILE97	-106.533637	119.639132	General
5LRR:ChainA:LYS98	-60.778361	137.640832	General
5LRR:ChainA:ILE99	-63.051376	-29.894153	General
5LRR:ChainA:ASN100	-75.520710	-4.933244	General
5LRR:ChainA:GLU101	-102.346203	-13.299295	General
5LRR:ChainA:LEU102	-69.590745	-37.363009	General
5LRR:ChainA:LYS103	-57.910976	-43.336626	General
5LRR:ChainA:GLU104	-67.962385	-41.524538	General
5LRR:ChainA:LEU105	-60.303871	-39.736417	General
5LRR:ChainA:LEU106	-80.830573	-34.419672	General
5LRR:ChainA:SER107	-59.300653	-34.287993	General
5LRR:ChainA:LYS108	-79.932277	-5.820172	General
5LRR:ChainA:ASN109	-158.583807	105.340775	General
5LRR:ChainA:LEU110	-69.006062	-31.932150	General
5LRR:ChainA:THR111	-52.965354	-44.018343	General
5LRR:ChainA:HIS112	-80.790408	-34.009626	General
5LRR:ChainA:PHE113	-53.386440	-47.631271	General
5LRR:ChainA:PHE114	-68.472861	-29.522209	General
5LRR:ChainA:TYR115	-63.957042	-49.227978	General
5LRR:ChainA:VAL116	-64.034563	-41.856630	General
5LRR:ChainA:PHE117	-58.630246	-43.495825	General
5LRR:ChainA:GLN118	-58.634950	-42.982755	General
5LRR:ChainA:THR119	-65.818374	-37.626260	General
5LRR:ChainA:LEU120	-67.184866	-34.190944	General
5LRR:ChainA:GLN121	-62.856057	-40.799418	General
5LRR:ChainA:LYS122	-66.198938	-36.912296	General
5LRR:ChainA:GLN123	-59.396953	-48.914491	General
5LRR:ChainA:VAL124	-57.659809	-52.087566	General
5LRR:ChainA:SER125	-68.546980	-31.402330	General
5LRR:ChainA:TYR126	-61.976857	-48.397854	General
5LRR:ChainA:SER127	-65.049845	-39.977361	General
5LRR:ChainA:LEU128	-64.049390	-50.355604	General
5LRR:ChainA:ALA129	-56.818236	-49.175569	General
5LRR:ChainA:LYS130	-56.834751	-44.869508	General
5LRR:ChainA:PHE131	-59.912238	-38.996618	General
5LRR:ChainA:ASN132	-63.196861	-50.670273	General
5LRR:ChainA:ASP133	-70.433672	-42.180728	General
5LRR:ChainA:PHE134	-69.965213	-17.756629	General
5LRR:ChainA:SER135	-94.983248	-21.360459	General
5LRR:ChainA:ILE136	-86.409804	-47.577195	General
5LRR:ChainA:ASN137	-107.771276	29.319664	General
5LRR:ChainA:GLY138	66.149632	-146.434415	Glycine
5LRR:ChainA:LYS139	-71.819309	-38.580340	General
5LRR:ChainA:LEU140	-60.411453	-47.276612	General
5LRR:ChainA:GLY141	-60.456072	-33.339839	Glycine
5LRR:ChainA:SER142	-67.833308	-45.631409	General
5LRR:ChainA:ILE143	-66.695257	-46.657998	General
5LRR:ChainA:CYS144	-61.940064	-38.841948	General
5LRR:ChainA:GLY145	-66.494952	-42.568405	Glycine
5LRR:ChainA:GLN146	-63.601106	-43.957327	General
5LRR:ChainA:LEU147	-61.426565	-39.322433	General
5LRR:ChainA:LEU148	-64.087432	-44.087997	General
5LRR:ChainA:ILE149	-55.528301	-49.427467	General
5LRR:ChainA:LEU150	-65.845648	-32.852351	General
5LRR:ChainA:THR151	-64.104130	-45.694219	General
5LRR:ChainA:TYR152	-71.892420	-41.935935	General
5LRR:ChainA:VAL153	-83.185265	-35.619294	General
5LRR:ChainA:TYR154	-121.281681	12.375127	General
5LRR:ChainA:GLY155	-85.091689	147.751982	Glycine
5LRR:ChainA:LYS156	-131.560747	125.683235	General
5LRR:ChainA:GLU157	-62.587650	134.122629	General
5LRR:ChainA:THR158	-145.887265	168.371061	Pre-Pro
5LRR:ChainA:PRO159	-60.766594	-25.602676	Proline
5LRR:ChainA:ASP160	-88.261948	-8.574451	General
5LRR:ChainA:GLY161	135.167434	-167.636809	Glycine
5LRR:ChainA:ILE162	-85.179470	106.175545	General
5LRR:ChainA:LYS163	-80.321537	119.303625	General
5LRR:ChainA:ILE164	-74.125578	108.916816	General
5LRR:ChainA:THR165	-93.479078	66.022092	General
5LRR:ChainA:LEU166	-118.929983	140.993659	General
5LRR:ChainA:ASP167	-49.925247	-71.750989	General
5LRR:ChainA:ASN168	-130.177882	72.412285	General
5LRR:ChainA:LEU169	-73.105489	111.551190	General
5LRR:ChainA:THR170	-105.674225	173.151070	General
5LRR:ChainA:MET171	-70.852599	-39.098181	General
5LRR:ChainA:GLN172	-63.782340	-41.732276	General
5LRR:ChainA:GLU173	-60.440741	-42.986914	General
5LRR:ChainA:LEU174	-62.165652	-39.160194	General
5LRR:ChainA:GLY175	-60.876587	-46.160333	Glycine
5LRR:ChainA:TYR176	-56.929531	-36.604368	General
5LRR:ChainA:SER177	-84.038587	-23.627428	General
5LRR:ChainA:SER178	-99.338838	-4.138301	General
5LRR:ChainA:GLY179	71.821836	41.245572	Glycine
5LRR:ChainA:ILE180	-117.387072	131.092063	General
5LRR:ChainA:ALA181	-62.984665	-62.941085	General
5LRR:ChainA:HIS182	-109.533111	146.506475	General
5LRR:ChainA:SER183	-58.768127	-19.248533	General
5LRR:ChainA:SER184	-54.167509	-59.053612	General
5LRR:ChainA:ALA185	-65.723428	-29.922953	General
5LRR:ChainA:VAL186	-68.853189	-45.303405	General
5LRR:ChainA:SER187	-60.211667	-37.901847	General
5LRR:ChainA:ARG188	-61.597669	-40.704774	General
5LRR:ChainA:ILE189	-74.322511	-46.841768	General
5LRR:ChainA:ILE190	-60.609438	-40.304843	General
5LRR:ChainA:SER191	-55.986560	-49.559447	General
5LRR:ChainA:LYS192	-63.429479	-36.385334	General
5LRR:ChainA:LEU193	-69.754604	-37.038651	General
5LRR:ChainA:LYS194	-66.525378	-37.812640	General
5LRR:ChainA:GLN195	-60.793373	-43.045574	General
5LRR:ChainA:GLU196	-80.605763	11.234500	General
5LRR:ChainA:LYS197	69.105394	15.989112	General
5LRR:ChainA:VAL198	-74.984748	-35.848553	General
5LRR:ChainA:ILE199	-144.146308	166.238093	General
5LRR:ChainA:VAL200	-144.013176	155.770256	General
5LRR:ChainA:TYR201	-115.467946	109.588788	General
5LRR:ChainA:LYS202	-148.823482	154.083255	General
5LRR:ChainA:ASN203	55.347482	35.454786	General
5LRR:ChainA:SER204	57.072298	29.686835	General
5LRR:ChainA:CYS205	-141.610172	156.097493	General
5LRR:ChainA:PHE206	-92.941186	130.583213	General
5LRR:ChainA:TYR207	-111.952982	125.668005	General
5LRR:ChainA:VAL208	-88.013600	119.630804	General
5LRR:ChainA:GLN209	-105.089434	-17.890867	General
5LRR:ChainA:ASN210	-132.929761	85.663753	General
5LRR:ChainA:LEU211	-64.930090	-30.356058	General
5LRR:ChainA:ASP212	-67.152973	-33.118810	General
5LRR:ChainA:TYR213	-59.028181	-39.322196	General
5LRR:ChainA:LEU214	-71.628454	-39.856859	General
5LRR:ChainA:LYS215	-57.066958	-35.538733	General
5LRR:ChainA:ARG216	-63.247699	-37.582430	General
5LRR:ChainA:TYR217	-92.880791	-7.139374	General
5LRR:ChainA:ALA218	-136.758211	59.637257	Pre-Pro
5LRR:ChainA:PRO219	-67.437397	-34.232644	Proline
5LRR:ChainA:LYS220	-73.153202	-36.427533	General
5LRR:ChainA:LEU221	-69.087034	-41.733624	General
5LRR:ChainA:ASP222	-57.298908	-44.376362	General
5LRR:ChainA:GLU223	-57.140690	-39.680165	General
5LRR:ChainA:TRP224	-71.505012	-38.418152	General
5LRR:ChainA:PHE225	-68.109715	-30.809541	General
5LRR:ChainA:TYR226	-74.858277	-30.431053	General
5LRR:ChainA:LEU227	-92.668283	-34.201065	General
5LRR:ChainA:ALA228	-105.362494	-23.508325	General
5LRR:ChainA:CYS229	-133.445140	56.493243	Pre-Pro
5LRR:ChainA:PRO230	-54.160725	-43.427994	Proline
5LRR:ChainA:ALA231	-57.492004	-50.641019	General
5LRR:ChainA:THR232	-56.420528	-44.191896	General
5LRR:ChainA:TRP233	-64.684120	-44.221704	General
5LRR:ChainA:GLY234	-60.722948	-23.686732	Glycine
5LRR:ChainA:LYS235	-53.361311	-34.435563	General
5LRR:ChainA:LEU236	-117.223731	4.656409	General
5LRR:ChainB:ALA3	-68.797422	-48.081671	General
5LRR:ChainB:GLN4	-62.637425	-34.384544	General
5LRR:ChainB:ALA5	-72.495987	-30.490902	General
5LRR:ChainB:GLU6	-69.080681	-44.992138	General
5LRR:ChainB:GLU7	-64.969747	-34.116156	General
5LRR:ChainB:PHE8	-68.241352	-27.840633	General
5LRR:ChainB:LYS9	-70.825793	-49.595375	General
5LRR:ChainB:LYS10	-55.423405	-45.062629	General
5LRR:ChainB:TYR11	-56.708497	-41.782384	General
5LRR:ChainB:LEU12	-69.136213	-36.357686	General
5LRR:ChainB:GLU13	-70.280792	-40.342579	General
5LRR:ChainB:THR14	-53.629373	-44.711866	General
5LRR:ChainB:ASN15	-84.035731	15.771127	General
5LRR:ChainB:GLY16	84.653491	14.132847	Glycine
5LRR:ChainB:ILE17	-90.904619	118.423724	General
5LRR:ChainB:LYS18	-94.236746	148.225757	Pre-Pro
5LRR:ChainB:PRO19	-64.647093	145.882012	Proline
5LRR:ChainB:LYS20	-118.507590	133.346544	General
5LRR:ChainB:GLN21	-91.852423	125.050028	General
5LRR:ChainB:PHE22	-117.479495	155.027624	General
5LRR:ChainB:HIS23	-121.964040	155.703213	General
5LRR:ChainB:LYS24	-43.720480	131.509081	General
5LRR:ChainB:LYS25	79.457328	-8.148239	General
5LRR:ChainB:GLU26	-72.421482	150.438100	General
5LRR:ChainB:LEU27	-103.959898	117.269514	General
5LRR:ChainB:ILE28	-69.254158	-37.177064	General
5LRR:ChainB:PHE29	-148.658193	167.405061	General
5LRR:ChainB:ASN30	-141.086540	157.064430	General
5LRR:ChainB:GLN31	-73.689948	-10.957071	General
5LRR:ChainB:TRP32	-100.245884	5.758391	General
5LRR:ChainB:ASP33	-121.052775	128.124491	Pre-Pro
5LRR:ChainB:PRO34	-81.180609	67.876360	Proline
5LRR:ChainB:GLN35	-116.883981	124.148486	General
5LRR:ChainB:GLU36	-105.410880	125.161829	General
5LRR:ChainB:TYR37	-136.691701	168.023107	General
5LRR:ChainB:CYS38	-124.912228	104.389649	General
5LRR:ChainB:ILE39	-93.537895	110.805216	General
5LRR:ChainB:PHE40	-87.554993	89.286655	General
5LRR:ChainB:LEU41	-66.667160	112.585857	General
5LRR:ChainB:TYR42	-95.760717	-31.154779	General
5LRR:ChainB:ASP43	-157.817436	140.643544	General
5LRR:ChainB:GLY44	110.809653	-179.002058	Glycine
5LRR:ChainB:ILE45	-127.346895	138.114606	General
5LRR:ChainB:THR46	-136.414174	168.739407	General
5LRR:ChainB:LYS47	-134.215193	134.397864	General
5LRR:ChainB:LEU48	-88.403756	122.234341	General
5LRR:ChainB:THR49	-130.635550	158.444702	General
5LRR:ChainB:SER50	-137.612899	136.688159	General
5LRR:ChainB:ILE51	-113.512302	131.324324	General
5LRR:ChainB:SER52	-75.531453	165.266721	General
5LRR:ChainB:GLU53	-59.856881	-14.411100	General
5LRR:ChainB:ASN54	-111.639367	12.574637	General
5LRR:ChainB:GLY55	91.154455	-4.276542	Glycine
5LRR:ChainB:THR56	-62.529774	120.873161	General
5LRR:ChainB:ILE57	-94.683746	134.558666	General
5LRR:ChainB:MET58	-126.069605	121.866575	General
5LRR:ChainB:ASN59	-88.193529	107.555615	General
5LRR:ChainB:LEU60	-70.538181	-36.223162	General
5LRR:ChainB:GLN61	177.302982	170.146929	General
5LRR:ChainB:TYR62	-100.002523	159.918105	General
5LRR:ChainB:TYR63	-126.919130	133.614127	General
5LRR:ChainB:LYS64	-121.757699	116.852718	General
5LRR:ChainB:GLY65	-56.572807	150.060160	Glycine
5LRR:ChainB:ALA66	-83.258437	141.097811	General
5LRR:ChainB:PHE67	-171.961847	164.746631	General
5LRR:ChainB:VAL68	-113.115574	131.177215	General
5LRR:ChainB:ILE69	-120.687760	126.471732	General
5LRR:ChainB:MET70	-109.948487	135.963451	General
5LRR:ChainB:SER71	-113.647606	-3.871958	General
5LRR:ChainB:GLY72	-141.483691	158.522128	Glycine
5LRR:ChainB:PHE73	-77.155640	141.708782	General
5LRR:ChainB:ILE74	-69.316450	-31.259382	General
5LRR:ChainB:ASP75	-88.603614	-53.307011	General
5LRR:ChainB:THR76	-86.506337	-11.089324	General
5LRR:ChainB:GLU77	58.088068	21.715529	General
5LRR:ChainB:THR78	-100.282261	172.230583	General
5LRR:ChainB:SER79	-73.659738	139.767907	General
5LRR:ChainB:VAL80	-83.401883	1.625016	General
5LRR:ChainB:GLY81	129.282591	155.470226	Glycine
5LRR:ChainB:TYR82	-99.772986	107.951338	General
5LRR:ChainB:TYR83	-135.044861	161.603776	General
5LRR:ChainB:ASN84	-107.215669	137.068063	General
5LRR:ChainB:LEU85	-110.813619	97.124521	General
5LRR:ChainB:GLU86	-99.770056	138.218575	General
5LRR:ChainB:VAL87	-82.500529	131.465166	General
5LRR:ChainB:ILE88	-115.262158	-24.637267	General
5LRR:ChainB:SER89	-67.449619	164.458399	General
5LRR:ChainB:GLU90	-63.110755	-47.752062	General
5LRR:ChainB:GLN91	-128.418051	146.007125	General
5LRR:ChainB:ALA92	-138.409005	137.358602	General
5LRR:ChainB:THR93	-108.392115	112.378811	General
5LRR:ChainB:ALA94	-128.514801	134.966928	General
5LRR:ChainB:TYR95	-96.671624	109.052691	General
5LRR:ChainB:VAL96	-90.204782	128.921734	General
5LRR:ChainB:ILE97	-128.382810	129.597980	General
5LRR:ChainB:LYS98	-65.894695	141.130156	General
5LRR:ChainB:ILE99	-66.611248	-26.553186	General
5LRR:ChainB:ASN100	-70.821479	-13.682409	General
5LRR:ChainB:GLU101	-112.656175	2.387387	General
5LRR:ChainB:LEU102	-76.350329	-42.304845	General
5LRR:ChainB:LYS103	-55.030747	-39.955627	General
5LRR:ChainB:GLU104	-74.231487	-38.720318	General
5LRR:ChainB:LEU105	-59.676791	-38.498900	General
5LRR:ChainB:LEU106	-83.757283	-40.580575	General
5LRR:ChainB:SER107	-56.975900	-32.975119	General
5LRR:ChainB:LYS108	-64.641432	-31.064364	General
5LRR:ChainB:ASN109	-140.042402	105.799262	General
5LRR:ChainB:LEU110	-69.374447	-30.566809	General
5LRR:ChainB:THR111	-56.609823	-44.812817	General
5LRR:ChainB:HIS112	-68.038965	-40.163046	General
5LRR:ChainB:PHE113	-59.037444	-41.886420	General
5LRR:ChainB:PHE114	-73.638113	-26.301071	General
5LRR:ChainB:TYR115	-65.869651	-48.461176	General
5LRR:ChainB:VAL116	-61.950033	-37.949306	General
5LRR:ChainB:PHE117	-64.411432	-42.776691	General
5LRR:ChainB:GLN118	-57.808356	-48.351654	General
5LRR:ChainB:THR119	-52.519420	-43.732249	General
5LRR:ChainB:LEU120	-68.523769	-34.753533	General
5LRR:ChainB:GLN121	-64.054137	-44.018466	General
5LRR:ChainB:LYS122	-60.245241	-39.594674	General
5LRR:ChainB:GLN123	-62.094920	-44.680518	General
5LRR:ChainB:VAL124	-58.054662	-51.074007	General
5LRR:ChainB:SER125	-76.015259	-28.062397	General
5LRR:ChainB:TYR126	-60.347217	-47.812257	General
5LRR:ChainB:SER127	-65.871610	-36.669178	General
5LRR:ChainB:LEU128	-64.520736	-50.587175	General
5LRR:ChainB:ALA129	-56.982910	-45.844866	General
5LRR:ChainB:LYS130	-58.204364	-46.987000	General
5LRR:ChainB:PHE131	-59.295760	-42.272958	General
5LRR:ChainB:ASN132	-60.617163	-55.878629	General
5LRR:ChainB:ASP133	-65.427543	-36.890640	General
5LRR:ChainB:PHE134	-75.159177	-11.209310	General
5LRR:ChainB:SER135	-100.835149	-37.066604	General
5LRR:ChainB:ILE136	-80.157318	-22.724356	General
5LRR:ChainB:ASN137	-122.407263	37.188054	General
5LRR:ChainB:GLY138	53.382494	-145.814448	Glycine
5LRR:ChainB:LYS139	-78.501287	-22.946948	General
5LRR:ChainB:LEU140	-62.330711	-46.064651	General
5LRR:ChainB:GLY141	-66.404530	-35.263095	Glycine
5LRR:ChainB:SER142	-61.603937	-45.001708	General
5LRR:ChainB:ILE143	-66.600649	-45.635374	General
5LRR:ChainB:CYS144	-64.538562	-39.840490	General
5LRR:ChainB:GLY145	-60.125015	-46.485513	Glycine
5LRR:ChainB:GLN146	-65.212495	-39.016459	General
5LRR:ChainB:LEU147	-65.839266	-35.420996	General
5LRR:ChainB:LEU148	-67.252812	-47.562075	General
5LRR:ChainB:ILE149	-51.224903	-52.422536	General
5LRR:ChainB:LEU150	-61.949334	-37.036553	General
5LRR:ChainB:THR151	-65.155336	-39.552807	General
5LRR:ChainB:TYR152	-76.876742	-42.507687	General
5LRR:ChainB:VAL153	-82.760523	-29.401892	General
5LRR:ChainB:TYR154	-127.061866	10.481381	General
5LRR:ChainB:GLY155	-91.078894	151.181665	Glycine
5LRR:ChainB:LYS156	-137.928194	138.343907	General
5LRR:ChainB:GLU157	-66.517152	136.851875	General
5LRR:ChainB:THR158	-147.656490	170.517731	Pre-Pro
5LRR:ChainB:PRO159	-68.181556	-36.168452	Proline
5LRR:ChainB:ASP160	-66.734053	-9.049688	General
5LRR:ChainB:GLY161	128.531265	-158.755393	Glycine
5LRR:ChainB:ILE162	-93.861166	109.639741	General
5LRR:ChainB:LYS163	-83.293018	121.577348	General
5LRR:ChainB:ILE164	-83.444989	105.664199	General
5LRR:ChainB:THR165	-92.213824	85.599268	General
5LRR:ChainB:LEU166	-134.724769	136.782872	General
5LRR:ChainB:ASP167	-73.588833	119.668278	General
5LRR:ChainB:ASN168	56.033446	66.948611	General
5LRR:ChainB:LEU169	-87.946560	98.424681	General
5LRR:ChainB:THR170	-96.033566	161.980444	General
5LRR:ChainB:MET171	-52.840027	-38.280710	General
5LRR:ChainB:GLN172	-61.976393	-47.318217	General
5LRR:ChainB:GLU173	-61.208963	-51.611256	General
5LRR:ChainB:LEU174	-49.861660	-40.773353	General
5LRR:ChainB:GLY175	-62.371825	-43.167456	Glycine
5LRR:ChainB:TYR176	-64.656007	-34.168523	General
5LRR:ChainB:SER177	-77.580170	-15.001976	General
5LRR:ChainB:SER178	-113.955095	1.671735	General
5LRR:ChainB:GLY179	71.036575	32.071406	Glycine
5LRR:ChainB:ILE180	-122.346728	108.141509	General
5LRR:ChainB:ALA181	-77.169539	-29.648557	General
5LRR:ChainB:HIS182	-93.624217	120.872350	General
5LRR:ChainB:SER183	-58.534053	-32.386869	General
5LRR:ChainB:SER184	-69.099171	-33.559686	General
5LRR:ChainB:ALA185	-65.453464	-36.882441	General
5LRR:ChainB:VAL186	-62.562646	-44.654150	General
5LRR:ChainB:SER187	-59.295215	-38.173068	General
5LRR:ChainB:ARG188	-60.884581	-38.174307	General
5LRR:ChainB:ILE189	-74.719637	-47.828928	General
5LRR:ChainB:ILE190	-58.076066	-38.836934	General
5LRR:ChainB:SER191	-62.738978	-42.715538	General
5LRR:ChainB:LYS192	-62.236277	-42.396783	General
5LRR:ChainB:LEU193	-63.542140	-29.631637	General
5LRR:ChainB:LYS194	-71.714375	-41.831966	General
5LRR:ChainB:GLN195	-66.753753	-35.729306	General
5LRR:ChainB:GLU196	-77.579600	-0.113315	General
5LRR:ChainB:LYS197	64.191240	26.814376	General
5LRR:ChainB:VAL198	-70.746132	-34.619986	General
5LRR:ChainB:ILE199	-139.681468	158.852956	General
5LRR:ChainB:VAL200	-138.099797	147.183578	General
5LRR:ChainB:TYR201	-109.274034	103.286875	General
5LRR:ChainB:LYS202	-136.986873	149.619685	General
5LRR:ChainB:ASN203	58.633692	37.931642	General
5LRR:ChainB:SER204	55.736038	23.411386	General
5LRR:ChainB:CYS205	-136.050267	157.474974	General
5LRR:ChainB:PHE206	-96.198396	130.150323	General
5LRR:ChainB:TYR207	-112.967654	120.752348	General
5LRR:ChainB:VAL208	-88.150471	120.808095	General
5LRR:ChainB:GLN209	-105.723130	-18.835676	General
5LRR:ChainB:ASN210	-130.694668	84.379353	General
5LRR:ChainB:LEU211	-64.872502	-37.745737	General
5LRR:ChainB:ASP212	-58.006580	-34.336983	General
5LRR:ChainB:TYR213	-60.830906	-48.306415	General
5LRR:ChainB:LEU214	-58.494518	-43.978012	General
5LRR:ChainB:LYS215	-57.386006	-37.409764	General
5LRR:ChainB:ARG216	-64.985553	-33.040148	General
5LRR:ChainB:TYR217	-97.437097	0.761925	General
5LRR:ChainB:ALA218	-140.339329	64.860303	Pre-Pro
5LRR:ChainB:PRO219	-74.024756	-39.663970	Proline
5LRR:ChainB:LYS220	-72.216485	-30.597402	General
5LRR:ChainB:LEU221	-69.357056	-41.603053	General
5LRR:ChainB:ASP222	-62.999914	-41.924052	General
5LRR:ChainB:GLU223	-57.324562	-42.761202	General
5LRR:ChainB:TRP224	-65.783362	-46.253074	General
5LRR:ChainB:PHE225	-59.192078	-39.215394	General
5LRR:ChainB:TYR226	-63.024389	-46.729226	General
5LRR:ChainB:LEU227	-77.173505	-45.707884	General
5LRR:ChainB:ALA228	-93.165710	-30.228821	General
5LRR:ChainB:CYS229	-127.359560	63.715091	Pre-Pro
5LRR:ChainB:PRO230	-57.616094	-32.603596	Proline
5LRR:ChainB:ALA231	-70.437897	-41.347666	General
5LRR:ChainB:THR232	-63.744447	-41.229126	General
5LRR:ChainB:TRP233	-67.688781	-38.980324	General
5LRR:ChainB:GLY234	-70.420789	-21.572465	Glycine
5LRR:ChainB:LYS235	-64.590728	-31.064791	General
5LRR:ChainB:LEU236	-111.870258	19.977247	General
5LRR:ChainC:ALA3	-72.672203	-58.059178	General
5LRR:ChainC:GLN4	-64.430198	-31.792905	General
5LRR:ChainC:ALA5	-64.310306	-31.607505	General
5LRR:ChainC:GLU6	-67.898236	-39.957502	General
5LRR:ChainC:GLU7	-62.724100	-37.043261	General
5LRR:ChainC:PHE8	-66.983678	-38.046007	General
5LRR:ChainC:LYS9	-63.071246	-52.198568	General
5LRR:ChainC:LYS10	-59.062936	-36.963383	General
5LRR:ChainC:TYR11	-67.724116	-35.316772	General
5LRR:ChainC:LEU12	-66.647389	-45.099212	General
5LRR:ChainC:GLU13	-68.136182	-32.146398	General
5LRR:ChainC:THR14	-53.206935	-40.451147	General
5LRR:ChainC:ASN15	-90.880630	23.530267	General
5LRR:ChainC:GLY16	74.017214	13.630114	Glycine
5LRR:ChainC:ILE17	-86.694168	114.814662	General
5LRR:ChainC:LYS18	-87.801713	147.050771	Pre-Pro
5LRR:ChainC:PRO19	-74.936548	125.429428	Proline
5LRR:ChainC:LYS20	-92.149109	143.138982	General
5LRR:ChainC:GLN21	-103.797020	135.920291	General
5LRR:ChainC:PHE22	-127.512020	164.214078	General
5LRR:ChainC:HIS23	-133.023493	164.985534	General
5LRR:ChainC:LYS24	-49.747911	137.971325	General
5LRR:ChainC:LYS25	80.523750	-13.504399	General
5LRR:ChainC:GLU26	-73.504638	143.399837	General
5LRR:ChainC:LEU27	-95.680331	115.434798	General
5LRR:ChainC:ILE28	-66.841127	-42.575767	General
5LRR:ChainC:PHE29	-143.466589	160.946737	General
5LRR:ChainC:ASN30	-130.408930	160.612088	General
5LRR:ChainC:GLN31	-76.072266	-6.142074	General
5LRR:ChainC:TRP32	-104.062192	13.361733	General
5LRR:ChainC:ASP33	-107.832206	119.931371	Pre-Pro
5LRR:ChainC:PRO34	-66.393588	-16.929524	Proline
5LRR:ChainC:GLN35	-76.471447	139.677598	General
5LRR:ChainC:GLU36	-110.689205	148.554379	General
5LRR:ChainC:TYR37	-137.401399	167.780315	General
5LRR:ChainC:CYS38	-115.774590	117.944042	General
5LRR:ChainC:ILE39	-100.754176	121.356132	General
5LRR:ChainC:PHE40	-99.862160	87.314561	General
5LRR:ChainC:LEU41	-64.405464	119.575113	General
5LRR:ChainC:TYR42	-102.968036	-36.899874	General
5LRR:ChainC:ASP43	-150.189652	135.868635	General
5LRR:ChainC:GLY44	116.469060	-179.491229	Glycine
5LRR:ChainC:ILE45	-124.644344	138.521282	General
5LRR:ChainC:THR46	-140.864231	169.810153	General
5LRR:ChainC:LYS47	-138.263519	140.203073	General
5LRR:ChainC:LEU48	-95.755317	120.238728	General
5LRR:ChainC:THR49	-126.526868	159.585853	General
5LRR:ChainC:SER50	-140.354312	130.335213	General
5LRR:ChainC:ILE51	-112.194802	126.120494	General
5LRR:ChainC:SER52	-75.361440	171.516619	General
5LRR:ChainC:GLU53	-58.717444	-32.643101	General
5LRR:ChainC:ASN54	-93.488476	15.110761	General
5LRR:ChainC:GLY55	85.307446	2.912093	Glycine
5LRR:ChainC:THR56	-65.409228	120.527690	General
5LRR:ChainC:ILE57	-91.602969	138.045514	General
5LRR:ChainC:MET58	-127.144931	127.149347	General
5LRR:ChainC:ASN59	-92.639998	108.732486	General
5LRR:ChainC:LEU60	-76.614340	-34.079683	General
5LRR:ChainC:GLN61	175.780822	170.591997	General
5LRR:ChainC:TYR62	-102.767046	158.544924	General
5LRR:ChainC:TYR63	-127.573979	125.099054	General
5LRR:ChainC:LYS64	-110.379178	130.852643	General
5LRR:ChainC:GLY65	-65.033094	148.156979	Glycine
5LRR:ChainC:ALA66	-87.979239	146.356102	General
5LRR:ChainC:PHE67	-173.168092	166.812103	General
5LRR:ChainC:VAL68	-118.626973	128.222998	General
5LRR:ChainC:ILE69	-121.980605	128.785009	General
5LRR:ChainC:MET70	-118.202970	124.988942	General
5LRR:ChainC:SER71	-94.967573	1.699777	General
5LRR:ChainC:GLY72	-148.246857	154.031074	Glycine
5LRR:ChainC:PHE73	-72.193179	147.714806	General
5LRR:ChainC:ILE74	-77.718949	-33.974977	General
5LRR:ChainC:ASP75	-90.106380	-45.963851	General
5LRR:ChainC:THR76	-81.556576	-21.484161	General
5LRR:ChainC:GLU77	58.861900	23.854457	General
5LRR:ChainC:THR78	-106.209702	176.537691	General
5LRR:ChainC:SER79	-77.638760	136.778983	General
5LRR:ChainC:VAL80	-79.085313	-1.065122	General
5LRR:ChainC:GLY81	129.007985	149.117567	Glycine
5LRR:ChainC:TYR82	-95.520708	114.983087	General
5LRR:ChainC:TYR83	-138.330012	162.948188	General
5LRR:ChainC:ASN84	-107.423253	144.452863	General
5LRR:ChainC:LEU85	-117.426161	105.052526	General
5LRR:ChainC:GLU86	-107.827380	138.696489	General
5LRR:ChainC:VAL87	-80.615814	136.104371	General
5LRR:ChainC:ILE88	-120.527188	-20.672804	General
5LRR:ChainC:SER89	-73.995154	168.889082	General
5LRR:ChainC:GLU90	-66.922469	-40.119947	General
5LRR:ChainC:GLN91	-131.507427	160.163071	General
5LRR:ChainC:ALA92	-155.397178	140.055959	General
5LRR:ChainC:THR93	-112.003986	112.117704	General
5LRR:ChainC:ALA94	-126.839031	146.291967	General
5LRR:ChainC:TYR95	-105.545159	116.789704	General
5LRR:ChainC:VAL96	-96.136140	125.275548	General
5LRR:ChainC:ILE97	-124.204061	132.853751	General
5LRR:ChainC:LYS98	-64.674571	139.153756	General
5LRR:ChainC:ILE99	-58.871966	-35.244136	General
5LRR:ChainC:ASN100	-69.243042	-35.926979	General
5LRR:ChainC:GLU101	-67.333653	-30.927641	General
5LRR:ChainC:LEU102	-58.904966	-49.809224	General
5LRR:ChainC:LYS103	-52.177524	-47.636368	General
5LRR:ChainC:GLU104	-69.062180	-32.708291	General
5LRR:ChainC:LEU105	-74.722439	-33.195084	General
5LRR:ChainC:LEU106	-80.607075	-26.467787	General
5LRR:ChainC:SER107	-66.456436	-28.405895	General
5LRR:ChainC:LYS108	-63.642194	-44.503889	General
5LRR:ChainC:ASN109	-131.659862	110.652094	General
5LRR:ChainC:LEU110	-65.705476	-36.410612	General
5LRR:ChainC:THR111	-50.915132	-43.425448	General
5LRR:ChainC:HIS112	-83.022146	-29.386241	General
5LRR:ChainC:PHE113	-53.953063	-45.034045	General
5LRR:ChainC:PHE114	-72.766570	-34.044253	General
5LRR:ChainC:TYR115	-58.152012	-50.954262	General
5LRR:ChainC:VAL116	-58.328769	-39.016056	General
5LRR:ChainC:PHE117	-66.885012	-30.944597	General
5LRR:ChainC:GLN118	-65.039454	-45.778944	General
5LRR:ChainC:THR119	-62.891184	-37.287412	General
5LRR:ChainC:LEU120	-65.840372	-38.415272	General
5LRR:ChainC:GLN121	-64.255121	-42.429715	General
5LRR:ChainC:LYS122	-63.846795	-33.947758	General
5LRR:ChainC:GLN123	-62.771253	-45.725400	General
5LRR:ChainC:VAL124	-60.347031	-54.126514	General
5LRR:ChainC:SER125	-66.956246	-36.818653	General
5LRR:ChainC:TYR126	-55.908714	-50.316787	General
5LRR:ChainC:SER127	-63.554471	-36.998397	General
5LRR:ChainC:LEU128	-63.196402	-52.799276	General
5LRR:ChainC:ALA129	-56.101539	-47.584424	General
5LRR:ChainC:LYS130	-59.271111	-40.911896	General
5LRR:ChainC:PHE131	-65.258957	-40.757666	General
5LRR:ChainC:ASN132	-59.545966	-54.328034	General
5LRR:ChainC:ASP133	-69.288164	-38.977018	General
5LRR:ChainC:PHE134	-71.084425	-2.051288	General
5LRR:ChainC:SER135	-118.397933	-41.689765	General
5LRR:ChainC:ILE136	-64.907081	-26.544283	General
5LRR:ChainC:ASN137	-125.801194	26.006346	General
5LRR:ChainC:GLY138	58.201006	-145.985853	Glycine
5LRR:ChainC:LYS139	-66.107963	-31.967896	General
5LRR:ChainC:LEU140	-61.293705	-46.259475	General
5LRR:ChainC:GLY141	-67.003509	-34.983357	Glycine
5LRR:ChainC:SER142	-61.348812	-46.178125	General
5LRR:ChainC:ILE143	-67.765167	-45.630861	General
5LRR:ChainC:CYS144	-64.604992	-41.139653	General
5LRR:ChainC:GLY145	-59.931170	-46.973117	Glycine
5LRR:ChainC:GLN146	-62.953845	-42.704013	General
5LRR:ChainC:LEU147	-64.247581	-37.663778	General
5LRR:ChainC:LEU148	-64.197662	-43.002428	General
5LRR:ChainC:ILE149	-56.847949	-53.463333	General
5LRR:ChainC:LEU150	-60.199484	-31.021532	General
5LRR:ChainC:THR151	-71.550252	-47.159696	General
5LRR:ChainC:TYR152	-67.677898	-41.371176	General
5LRR:ChainC:VAL153	-85.207877	-33.109860	General
5LRR:ChainC:TYR154	-124.888093	20.655844	General
5LRR:ChainC:GLY155	-98.925509	145.783452	Glycine
5LRR:ChainC:LYS156	-135.190437	128.441931	General
5LRR:ChainC:GLU157	-60.764372	147.391134	General
5LRR:ChainC:THR158	-158.935930	152.038518	Pre-Pro
5LRR:ChainC:PRO159	-52.079252	-31.694206	Proline
5LRR:ChainC:ASP160	-90.262157	14.677576	General
5LRR:ChainC:GLY161	112.711890	-171.848154	Glycine
5LRR:ChainC:ILE162	-85.452425	109.232014	General
5LRR:ChainC:LYS163	-80.963358	121.466106	General
5LRR:ChainC:ILE164	-83.226004	104.242495	General
5LRR:ChainC:THR165	-88.344464	97.861387	General
5LRR:ChainC:LEU166	-140.908461	136.816092	General
5LRR:ChainC:ASP167	-50.732523	-45.444422	General
5LRR:ChainC:ASN168	-144.079201	118.013724	General
5LRR:ChainC:LEU169	-133.632014	110.881865	General
5LRR:ChainC:THR170	-119.200043	167.717009	General
5LRR:ChainC:MET171	-56.909331	-46.479279	General
5LRR:ChainC:GLN172	-63.616111	-40.890558	General
5LRR:ChainC:GLU173	-61.945034	-48.417295	General
5LRR:ChainC:LEU174	-55.820795	-37.944585	General
5LRR:ChainC:GLY175	-61.655476	-39.605051	Glycine
5LRR:ChainC:TYR176	-65.115502	-42.036597	General
5LRR:ChainC:SER177	-75.858117	-19.420823	General
5LRR:ChainC:SER178	-99.771845	-19.544670	General
5LRR:ChainC:GLY179	95.563647	24.532365	Glycine
5LRR:ChainC:ILE180	-118.032431	112.409595	General
5LRR:ChainC:ALA181	-64.893857	-65.710050	General
5LRR:ChainC:HIS182	-67.543228	124.141803	General
5LRR:ChainC:SER183	-64.095920	-22.731381	General
5LRR:ChainC:SER184	-64.755542	-34.861146	General
5LRR:ChainC:ALA185	-66.530029	-34.886040	General
5LRR:ChainC:VAL186	-66.647563	-42.113860	General
5LRR:ChainC:SER187	-60.132107	-39.719950	General
5LRR:ChainC:ARG188	-59.166900	-43.334366	General
5LRR:ChainC:ILE189	-74.763989	-42.573090	General
5LRR:ChainC:ILE190	-63.231944	-37.029520	General
5LRR:ChainC:SER191	-63.201580	-41.362549	General
5LRR:ChainC:LYS192	-61.155260	-41.784648	General
5LRR:ChainC:LEU193	-65.097429	-38.418448	General
5LRR:ChainC:LYS194	-61.360541	-46.550300	General
5LRR:ChainC:GLN195	-61.395833	-36.740136	General
5LRR:ChainC:GLU196	-76.474335	-2.186947	General
5LRR:ChainC:LYS197	63.587587	25.791148	General
5LRR:ChainC:VAL198	-74.458832	-37.163347	General
5LRR:ChainC:ILE199	-138.337087	157.590348	General
5LRR:ChainC:VAL200	-133.957396	145.231675	General
5LRR:ChainC:TYR201	-106.717085	101.968545	General
5LRR:ChainC:LYS202	-132.851287	134.608720	General
5LRR:ChainC:ASN203	61.069288	46.307017	General
5LRR:ChainC:SER204	59.075823	29.752542	General
5LRR:ChainC:CYS205	-150.630011	146.822094	General
5LRR:ChainC:PHE206	-83.438657	134.362136	General
5LRR:ChainC:TYR207	-112.916897	121.927486	General
5LRR:ChainC:VAL208	-86.158561	120.594219	General
5LRR:ChainC:GLN209	-105.171399	-15.192318	General
5LRR:ChainC:ASN210	-137.603412	80.618140	General
5LRR:ChainC:LEU211	-61.380161	-34.702173	General
5LRR:ChainC:ASP212	-60.189958	-34.738924	General
5LRR:ChainC:TYR213	-62.770360	-46.821051	General
5LRR:ChainC:LEU214	-57.958430	-36.999677	General
5LRR:ChainC:LYS215	-61.587514	-33.500278	General
5LRR:ChainC:ARG216	-63.960208	-37.519545	General
5LRR:ChainC:TYR217	-102.537816	13.040114	General
5LRR:ChainC:ALA218	-145.772797	57.067396	Pre-Pro
5LRR:ChainC:PRO219	-68.787282	-32.913801	Proline
5LRR:ChainC:LYS220	-78.136626	-31.062723	General
5LRR:ChainC:LEU221	-73.297543	-40.267442	General
5LRR:ChainC:ASP222	-59.867923	-41.899050	General
5LRR:ChainC:GLU223	-59.095204	-45.140718	General
5LRR:ChainC:TRP224	-62.320913	-46.261610	General
5LRR:ChainC:PHE225	-58.427980	-43.869104	General
5LRR:ChainC:TYR226	-59.159894	-42.436611	General
5LRR:ChainC:LEU227	-84.661234	-37.757237	General
5LRR:ChainC:ALA228	-100.773962	-23.249889	General
5LRR:ChainC:CYS229	-132.343705	61.087898	Pre-Pro
5LRR:ChainC:PRO230	-55.854094	-40.815673	Proline
5LRR:ChainC:ALA231	-64.043304	-42.141843	General
5LRR:ChainC:THR232	-66.492367	-39.763862	General
5LRR:ChainC:TRP233	-64.858760	-47.709954	General
5LRR:ChainC:GLY234	-64.871885	-24.096398	Glycine
5LRR:ChainC:LYS235	-62.178577	-25.747677	General
5LRR:ChainC:LEU236	-115.308114	13.156834	General
5LRR:ChainD:ALA3	-72.979352	-43.031239	General
5LRR:ChainD:GLN4	-58.460532	-43.725417	General
5LRR:ChainD:ALA5	-64.284055	-42.666782	General
5LRR:ChainD:GLU6	-63.224973	-49.511062	General
5LRR:ChainD:GLU7	-58.830748	-39.219835	General
5LRR:ChainD:PHE8	-68.715193	-35.983070	General
5LRR:ChainD:LYS9	-63.232166	-57.310341	General
5LRR:ChainD:LYS10	-57.632730	-24.989121	General
5LRR:ChainD:TYR11	-75.698552	-31.288528	General
5LRR:ChainD:LEU12	-70.882242	-45.693219	General
5LRR:ChainD:GLU13	-62.304713	-36.328664	General
5LRR:ChainD:THR14	-55.968971	-33.700147	General
5LRR:ChainD:ASN15	-102.487532	16.340418	General
5LRR:ChainD:GLY16	106.979624	-26.271175	Glycine
5LRR:ChainD:ILE17	-79.232645	118.463246	General
5LRR:ChainD:LYS18	-111.198363	155.740552	Pre-Pro
5LRR:ChainD:PRO19	-71.287965	116.805459	Proline
5LRR:ChainD:LYS20	-75.827533	146.136209	General
5LRR:ChainD:GLN21	-114.490020	134.980622	General
5LRR:ChainD:PHE22	-120.197703	161.634863	General
5LRR:ChainD:HIS23	-118.996810	167.501596	General
5LRR:ChainD:LYS24	-46.515436	141.732802	General
5LRR:ChainD:LYS25	71.998054	-7.976076	General
5LRR:ChainD:GLU26	-76.857619	153.606770	General
5LRR:ChainD:LEU27	-112.482703	115.112120	General
5LRR:ChainD:ILE28	-67.146006	-39.270125	General
5LRR:ChainD:PHE29	-146.516827	169.883041	General
5LRR:ChainD:ASN30	-137.585163	168.797251	General
5LRR:ChainD:GLN31	-86.740130	-11.555303	General
5LRR:ChainD:TRP32	-102.960094	-1.449866	General
5LRR:ChainD:ASP33	-117.672460	130.063723	Pre-Pro
5LRR:ChainD:PRO34	-83.011416	51.653408	Proline
5LRR:ChainD:GLN35	-109.701370	134.677725	General
5LRR:ChainD:GLU36	-109.434374	129.038064	General
5LRR:ChainD:TYR37	-130.093089	174.238902	General
5LRR:ChainD:CYS38	-135.689541	87.543171	General
5LRR:ChainD:ILE39	-75.415449	125.094425	General
5LRR:ChainD:PHE40	-97.399302	93.937263	General
5LRR:ChainD:LEU41	-71.995335	92.664343	General
5LRR:ChainD:TYR42	-69.749274	-37.420791	General
5LRR:ChainD:ASP43	-159.210570	145.746202	General
5LRR:ChainD:GLY44	116.402753	178.723842	Glycine
5LRR:ChainD:ILE45	-124.409596	124.570391	General
5LRR:ChainD:THR46	-121.092435	171.952647	General
5LRR:ChainD:LYS47	-139.490530	142.468313	General
5LRR:ChainD:LEU48	-100.481313	123.302598	General
5LRR:ChainD:THR49	-128.947410	158.665649	General
5LRR:ChainD:SER50	-136.882688	128.806300	General
5LRR:ChainD:ILE51	-118.828877	118.267617	General
5LRR:ChainD:SER52	-71.604720	171.835518	General
5LRR:ChainD:GLU53	-58.290382	-32.720866	General
5LRR:ChainD:ASN54	-81.439710	-14.677361	General
5LRR:ChainD:GLY55	110.245771	3.313453	Glycine
5LRR:ChainD:THR56	-73.431547	131.871455	General
5LRR:ChainD:ILE57	-99.860630	140.438363	General
5LRR:ChainD:MET58	-126.552348	124.245308	General
5LRR:ChainD:ASN59	-93.308959	112.031139	General
5LRR:ChainD:LEU60	-77.356595	-34.619509	General
5LRR:ChainD:GLN61	175.251742	169.739173	General
5LRR:ChainD:TYR62	-97.649800	161.129816	General
5LRR:ChainD:TYR63	-127.581576	129.212858	General
5LRR:ChainD:LYS64	-114.184699	125.215168	General
5LRR:ChainD:GLY65	-61.171842	147.387868	Glycine
5LRR:ChainD:ALA66	-87.297763	145.509762	General
5LRR:ChainD:PHE67	-169.363464	167.974873	General
5LRR:ChainD:VAL68	-118.849505	133.644502	General
5LRR:ChainD:ILE69	-128.485272	134.547323	General
5LRR:ChainD:MET70	-118.964604	130.443294	General
5LRR:ChainD:SER71	-106.500311	4.157556	General
5LRR:ChainD:GLY72	-150.233923	163.034714	Glycine
5LRR:ChainD:PHE73	-88.713613	142.891586	General
5LRR:ChainD:ILE74	-69.329348	-45.652392	General
5LRR:ChainD:ASP75	-56.318698	-46.215070	General
5LRR:ChainD:THR76	-114.890494	-9.402079	General
5LRR:ChainD:GLU77	62.857088	14.260350	General
5LRR:ChainD:THR78	-98.159028	173.285030	General
5LRR:ChainD:SER79	-74.412545	147.098715	General
5LRR:ChainD:VAL80	-91.901166	-3.732871	General
5LRR:ChainD:GLY81	135.920765	141.823138	Glycine
5LRR:ChainD:TYR82	-92.384099	112.381639	General
5LRR:ChainD:TYR83	-136.309438	166.043701	General
5LRR:ChainD:ASN84	-107.018154	147.057415	General
5LRR:ChainD:LEU85	-118.220877	93.983569	General
5LRR:ChainD:GLU86	-97.727088	137.588284	General
5LRR:ChainD:VAL87	-85.715603	127.192671	General
5LRR:ChainD:ILE88	-110.542614	-13.066556	General
5LRR:ChainD:SER89	-88.096135	165.777608	General
5LRR:ChainD:GLU90	-56.538581	-58.902623	General
5LRR:ChainD:GLN91	-114.550960	148.827680	General
5LRR:ChainD:ALA92	-146.114719	129.868830	General
5LRR:ChainD:THR93	-112.069663	122.399395	General
5LRR:ChainD:ALA94	-141.230206	146.317697	General
5LRR:ChainD:TYR95	-99.299009	111.617337	General
5LRR:ChainD:VAL96	-94.246099	111.311445	General
5LRR:ChainD:ILE97	-116.979636	131.235809	General
5LRR:ChainD:LYS98	-64.980341	152.870932	General
5LRR:ChainD:ILE99	-65.858958	-32.947842	General
5LRR:ChainD:ASN100	-75.299758	-6.372514	General
5LRR:ChainD:GLU101	-94.395384	-13.126736	General
5LRR:ChainD:LEU102	-80.060907	-35.408126	General
5LRR:ChainD:LYS103	-62.850691	-52.120080	General
5LRR:ChainD:GLU104	-64.851221	-34.870408	General
5LRR:ChainD:LEU105	-67.593814	-29.988934	General
5LRR:ChainD:LEU106	-90.206151	-29.999873	General
5LRR:ChainD:SER107	-59.681655	-28.937214	General
5LRR:ChainD:LYS108	-70.476208	-65.326684	General
5LRR:ChainD:ASN109	-101.626343	113.475409	General
5LRR:ChainD:LEU110	-83.281766	-27.680921	General
5LRR:ChainD:THR111	-56.041439	-36.484681	General
5LRR:ChainD:HIS112	-80.808831	-27.346395	General
5LRR:ChainD:PHE113	-56.864503	-51.744715	General
5LRR:ChainD:PHE114	-62.580898	-29.055906	General
5LRR:ChainD:TYR115	-64.408237	-49.207474	General
5LRR:ChainD:VAL116	-62.597003	-46.743445	General
5LRR:ChainD:PHE117	-52.040410	-43.956273	General
5LRR:ChainD:GLN118	-61.302791	-45.104311	General
5LRR:ChainD:THR119	-64.968521	-38.779127	General
5LRR:ChainD:LEU120	-63.082567	-37.370518	General
5LRR:ChainD:GLN121	-62.396855	-40.158350	General
5LRR:ChainD:LYS122	-62.047512	-38.863203	General
5LRR:ChainD:GLN123	-58.608264	-49.355709	General
5LRR:ChainD:VAL124	-57.669554	-49.305187	General
5LRR:ChainD:SER125	-59.793115	-43.031616	General
5LRR:ChainD:TYR126	-58.801827	-51.368149	General
5LRR:ChainD:SER127	-58.696311	-49.221327	General
5LRR:ChainD:LEU128	-60.211557	-46.371432	General
5LRR:ChainD:ALA129	-60.695373	-48.322884	General
5LRR:ChainD:LYS130	-57.544094	-46.503763	General
5LRR:ChainD:PHE131	-60.045114	-37.194163	General
5LRR:ChainD:ASN132	-64.569137	-50.759318	General
5LRR:ChainD:ASP133	-75.445548	-35.717586	General
5LRR:ChainD:PHE134	-70.389005	-11.711947	General
5LRR:ChainD:SER135	-101.407222	-43.125512	General
5LRR:ChainD:ILE136	-61.459265	-58.285024	General
5LRR:ChainD:ASN137	-93.921775	36.407300	General
5LRR:ChainD:GLY138	59.129687	-157.139788	Glycine
5LRR:ChainD:LYS139	-71.220229	-23.719364	General
5LRR:ChainD:LEU140	-63.142542	-44.239782	General
5LRR:ChainD:GLY141	-63.561990	-25.737476	Glycine
5LRR:ChainD:SER142	-72.493676	-42.836848	General
5LRR:ChainD:ILE143	-66.675100	-47.827663	General
5LRR:ChainD:CYS144	-58.799251	-42.961731	General
5LRR:ChainD:GLY145	-61.798842	-45.338508	Glycine
5LRR:ChainD:GLN146	-62.158107	-46.654336	General
5LRR:ChainD:LEU147	-57.071898	-44.489583	General
5LRR:ChainD:LEU148	-57.909910	-46.342281	General
5LRR:ChainD:ILE149	-57.215166	-49.233710	General
5LRR:ChainD:LEU150	-63.360025	-38.891269	General
5LRR:ChainD:THR151	-60.805135	-47.907286	General
5LRR:ChainD:TYR152	-68.394886	-41.051755	General
5LRR:ChainD:VAL153	-86.294174	-29.958300	General
5LRR:ChainD:TYR154	-127.142728	-3.560154	General
5LRR:ChainD:GLY155	-81.470745	147.454873	Glycine
5LRR:ChainD:LYS156	-143.795281	125.532465	General
5LRR:ChainD:GLU157	-57.666241	147.219333	General
5LRR:ChainD:THR158	-135.009804	166.063049	Pre-Pro
5LRR:ChainD:PRO159	-65.279748	-6.393729	Proline
5LRR:ChainD:ASP160	-134.730383	40.994961	General
5LRR:ChainD:GLY161	123.026635	-164.399844	Glycine
5LRR:ChainD:ILE162	-112.747857	109.450557	General
5LRR:ChainD:LYS163	-78.233068	112.295614	General
5LRR:ChainD:ILE164	-68.685314	101.642772	General
5LRR:ChainD:THR165	-80.953954	75.551775	General
5LRR:ChainD:LEU166	-127.472136	134.842120	General
5LRR:ChainD:ASP167	-50.660718	-69.308380	General
5LRR:ChainD:ASN168	-123.799446	72.983965	General
5LRR:ChainD:LEU169	-76.806802	124.239888	General
5LRR:ChainD:THR170	-118.895411	154.922783	General
5LRR:ChainD:MET171	-56.975268	-34.814402	General
5LRR:ChainD:GLN172	-68.393465	-40.662136	General
5LRR:ChainD:GLU173	-64.804647	-39.431349	General
5LRR:ChainD:LEU174	-62.164148	-37.420885	General
5LRR:ChainD:GLY175	-63.406151	-39.569164	Glycine
5LRR:ChainD:TYR176	-64.690392	-36.795362	General
5LRR:ChainD:SER177	-74.231871	-26.811252	General
5LRR:ChainD:SER178	-99.197560	-174.171602	General
5LRR:ChainD:GLY179	-95.586162	53.485993	Glycine
5LRR:ChainD:ILE180	-127.129086	112.321065	General
5LRR:ChainD:ALA181	-85.315733	-28.196273	General
5LRR:ChainD:HIS182	-109.091446	128.516743	General
5LRR:ChainD:SER183	-64.472076	-19.551514	General
5LRR:ChainD:SER184	-57.011220	-42.467637	General
5LRR:ChainD:ALA185	-76.467714	-33.792473	General
5LRR:ChainD:VAL186	-65.185261	-41.063919	General
5LRR:ChainD:SER187	-66.408582	-32.139852	General
5LRR:ChainD:ARG188	-69.764208	-44.436436	General
5LRR:ChainD:ILE189	-59.303419	-47.536792	General
5LRR:ChainD:ILE190	-68.834223	-31.075774	General
5LRR:ChainD:SER191	-67.036993	-35.891841	General
5LRR:ChainD:LYS192	-71.201111	-29.600104	General
5LRR:ChainD:LEU193	-70.703759	-41.863730	General
5LRR:ChainD:LYS194	-60.287411	-47.626383	General
5LRR:ChainD:GLN195	-49.884446	-55.512595	General
5LRR:ChainD:GLU196	-78.630972	10.513199	General
5LRR:ChainD:LYS197	58.558847	56.890093	General
5LRR:ChainD:VAL198	-106.986172	-27.723500	General
5LRR:ChainD:ILE199	-146.398627	163.040655	General
5LRR:ChainD:VAL200	-144.479769	146.555737	General
5LRR:ChainD:TYR201	-112.766068	112.895180	General
5LRR:ChainD:LYS202	-144.396145	151.364781	General
5LRR:ChainD:ASN203	49.094452	35.349589	General
5LRR:ChainD:SER204	60.557683	38.187814	General
5LRR:ChainD:CYS205	-147.859378	155.052939	General
5LRR:ChainD:PHE206	-97.074035	132.387356	General
5LRR:ChainD:TYR207	-117.581971	129.856044	General
5LRR:ChainD:VAL208	-91.328307	133.785908	General
5LRR:ChainD:GLN209	-105.203509	-62.555085	General
5LRR:ChainD:ASN210	-98.334812	98.353456	General
5LRR:ChainD:LEU211	-74.843265	-25.879660	General
5LRR:ChainD:ASP212	-65.496638	-26.329074	General
5LRR:ChainD:TYR213	-67.332424	-48.531319	General
5LRR:ChainD:LEU214	-59.533566	-42.884524	General
5LRR:ChainD:LYS215	-57.901391	-42.099630	General
5LRR:ChainD:ARG216	-62.282729	-29.172323	General
5LRR:ChainD:TYR217	-103.338376	0.821891	General
5LRR:ChainD:ALA218	-142.865403	63.785309	Pre-Pro
5LRR:ChainD:PRO219	-73.813891	-29.637008	Proline
5LRR:ChainD:LYS220	-72.884847	-40.464497	General
5LRR:ChainD:LEU221	-64.498653	-44.046490	General
5LRR:ChainD:ASP222	-56.899435	-45.774749	General
5LRR:ChainD:GLU223	-60.103316	-34.480109	General
5LRR:ChainD:TRP224	-71.012385	-40.379949	General
5LRR:ChainD:PHE225	-66.189293	-47.461837	General
5LRR:ChainD:TYR226	-57.826174	-23.865887	General
5LRR:ChainD:LEU227	-109.186490	-19.457740	General
5LRR:ChainD:ALA228	-122.088907	-18.613680	General
5LRR:ChainD:CYS229	-132.831400	60.522564	Pre-Pro
5LRR:ChainD:PRO230	-57.771255	-34.863140	Proline
5LRR:ChainD:ALA231	-57.148259	-42.410080	General
5LRR:ChainD:THR232	-60.854760	-42.749304	General
5LRR:ChainD:TRP233	-68.034958	-38.773636	General
5LRR:ChainD:GLY234	-66.989144	-34.405934	Glycine
5LRR:ChainD:LYS235	-53.688857	-69.224603	General
5LRR:ChainD:LEU236	-66.217446	-19.335964	General
5LRR:ChainE:ALA3	-59.092104	-45.994428	General
5LRR:ChainE:GLN4	-61.648057	-38.775325	General
5LRR:ChainE:ALA5	-63.990263	-47.654125	General
5LRR:ChainE:GLU6	-60.183850	-44.576014	General
5LRR:ChainE:GLU7	-61.770260	-36.080926	General
5LRR:ChainE:PHE8	-68.804828	-42.068842	General
5LRR:ChainE:LYS9	-54.192564	-51.324392	General
5LRR:ChainE:LYS10	-60.605919	-39.258076	General
5LRR:ChainE:TYR11	-62.261378	-40.927859	General
5LRR:ChainE:LEU12	-66.301643	-45.844330	General
5LRR:ChainE:GLU13	-64.440169	-38.576737	General
5LRR:ChainE:THR14	-60.317114	-26.601960	General
5LRR:ChainE:ASN15	-100.205387	19.275436	General
5LRR:ChainE:GLY16	88.234203	1.060723	Glycine
5LRR:ChainE:ILE17	-88.614056	119.169841	General
5LRR:ChainE:LYS18	-97.339305	156.113064	Pre-Pro
5LRR:ChainE:PRO19	-74.606731	141.882744	Proline
5LRR:ChainE:LYS20	-113.437487	140.606635	General
5LRR:ChainE:GLN21	-102.706009	133.946823	General
5LRR:ChainE:PHE22	-127.674543	166.046953	General
5LRR:ChainE:HIS23	-137.287925	171.850851	General
5LRR:ChainE:LYS24	-49.983959	137.610204	General
5LRR:ChainE:LYS25	82.255261	-10.021169	General
5LRR:ChainE:GLU26	-70.902515	149.926032	General
5LRR:ChainE:LEU27	-106.407863	116.351712	General
5LRR:ChainE:ILE28	-70.951957	-35.328904	General
5LRR:ChainE:PHE29	-145.931380	162.642042	General
5LRR:ChainE:ASN30	-142.750235	159.081803	General
5LRR:ChainE:GLN31	-71.068483	-8.835862	General
5LRR:ChainE:TRP32	-97.466558	3.772952	General
5LRR:ChainE:ASP33	-105.351983	114.210294	Pre-Pro
5LRR:ChainE:PRO34	-74.837110	-16.085318	Proline
5LRR:ChainE:GLN35	-70.453386	114.573502	General
5LRR:ChainE:GLU36	-94.407812	157.103095	General
5LRR:ChainE:TYR37	-135.346769	160.183846	General
5LRR:ChainE:CYS38	-109.010638	120.885002	General
5LRR:ChainE:ILE39	-103.078090	118.778283	General
5LRR:ChainE:PHE40	-93.898044	89.682053	General
5LRR:ChainE:LEU41	-67.125804	110.158052	General
5LRR:ChainE:TYR42	-90.037511	-38.046056	General
5LRR:ChainE:ASP43	-151.213315	141.946042	General
5LRR:ChainE:GLY44	107.881223	-176.583503	Glycine
5LRR:ChainE:ILE45	-126.570247	136.605861	General
5LRR:ChainE:THR46	-135.130625	171.625305	General
5LRR:ChainE:LYS47	-144.006887	140.677693	General
5LRR:ChainE:LEU48	-89.544239	121.547138	General
5LRR:ChainE:THR49	-119.358666	169.372304	General
5LRR:ChainE:SER50	-143.461027	130.743512	General
5LRR:ChainE:ILE51	-108.999333	122.740501	General
5LRR:ChainE:SER52	-80.788632	174.282542	General
5LRR:ChainE:GLU53	-60.290509	-28.517813	General
5LRR:ChainE:ASN54	-72.094704	-18.143791	General
5LRR:ChainE:GLY55	94.710699	4.234106	Glycine
5LRR:ChainE:THR56	-69.369313	128.642206	General
5LRR:ChainE:ILE57	-93.470692	102.305628	General
5LRR:ChainE:MET58	-83.460942	120.296134	General
5LRR:ChainE:ASN59	-90.407327	120.434989	General
5LRR:ChainE:LEU60	-103.056954	-39.025400	General
5LRR:ChainE:GLN61	-167.025947	140.756470	General
5LRR:ChainE:TYR62	-101.428128	142.126650	General
5LRR:ChainE:TYR63	-127.996712	145.162321	General
5LRR:ChainE:LYS64	-125.335801	148.047333	General
5LRR:ChainE:GLY65	-83.218292	151.680796	Glycine
5LRR:ChainE:ALA66	-83.109063	137.530049	General
5LRR:ChainE:PHE67	-161.296210	173.876112	General
5LRR:ChainE:VAL68	-125.296790	126.444916	General
5LRR:ChainE:ILE69	-123.747585	134.688049	General
5LRR:ChainE:MET70	-127.193684	130.899424	General
5LRR:ChainE:SER71	-96.251530	-5.463905	General
5LRR:ChainE:GLY72	-137.082557	158.133224	Glycine
5LRR:ChainE:PHE73	-70.496302	142.227031	General
5LRR:ChainE:ILE74	-68.313652	-28.531481	General
5LRR:ChainE:ASP75	-88.859995	-67.114274	General
5LRR:ChainE:THR76	-75.685339	-19.009198	General
5LRR:ChainE:GLU77	71.046536	-3.720351	General
5LRR:ChainE:THR78	-59.481596	153.800565	General
5LRR:ChainE:SER79	-61.128438	139.013281	General
5LRR:ChainE:VAL80	-87.634183	-9.830745	General
5LRR:ChainE:GLY81	168.387600	172.366712	Glycine
5LRR:ChainE:TYR82	-81.389637	79.605485	General
5LRR:ChainE:TYR83	-116.666546	145.392422	General
5LRR:ChainE:ASN84	-126.654691	152.383114	General
5LRR:ChainE:LEU85	-118.367983	105.304631	General
5LRR:ChainE:GLU86	-103.154933	132.352262	General
5LRR:ChainE:VAL87	-76.664873	129.051049	General
5LRR:ChainE:ILE88	-114.085684	-21.487916	General
5LRR:ChainE:SER89	-71.543975	168.104961	General
5LRR:ChainE:GLU90	-64.904178	-45.569512	General
5LRR:ChainE:GLN91	-123.804767	159.344153	General
5LRR:ChainE:ALA92	-154.172409	144.738580	General
5LRR:ChainE:THR93	-118.682260	130.635919	General
5LRR:ChainE:ALA94	-148.350771	147.757903	General
5LRR:ChainE:TYR95	-101.366584	124.462194	General
5LRR:ChainE:VAL96	-107.092649	114.982374	General
5LRR:ChainE:ILE97	-121.340972	120.711421	General
5LRR:ChainE:LYS98	-58.272731	142.855622	General
5LRR:ChainE:ILE99	-58.333868	-39.483374	General
5LRR:ChainE:ASN100	-66.683611	-32.605749	General
5LRR:ChainE:GLU101	-67.184081	-34.526588	General
5LRR:ChainE:LEU102	-61.628827	-43.980713	General
5LRR:ChainE:LYS103	-54.962010	-38.448821	General
5LRR:ChainE:GLU104	-77.229200	-38.709031	General
5LRR:ChainE:LEU105	-60.261453	-43.528918	General
5LRR:ChainE:LEU106	-77.812648	-29.187507	General
5LRR:ChainE:SER107	-64.108285	-26.113244	General
5LRR:ChainE:LYS108	-99.556707	10.269181	General
5LRR:ChainE:ASN109	-164.669174	91.446051	General
5LRR:ChainE:LEU110	-66.863599	-25.709164	General
5LRR:ChainE:THR111	-57.062080	-43.447547	General
5LRR:ChainE:HIS112	-76.937570	-27.634036	General
5LRR:ChainE:PHE113	-58.036026	-46.329495	General
5LRR:ChainE:PHE114	-65.811050	-37.020429	General
5LRR:ChainE:TYR115	-61.044423	-48.215648	General
5LRR:ChainE:VAL116	-64.018149	-41.182901	General
5LRR:ChainE:PHE117	-59.483552	-38.443735	General
5LRR:ChainE:GLN118	-61.142221	-48.890044	General
5LRR:ChainE:THR119	-54.418258	-39.065322	General
5LRR:ChainE:LEU120	-58.664441	-46.709452	General
5LRR:ChainE:GLN121	-60.885841	-45.635182	General
5LRR:ChainE:LYS122	-55.519759	-33.610108	General
5LRR:ChainE:GLN123	-73.293351	-39.925691	General
5LRR:ChainE:VAL124	-59.474899	-51.371061	General
5LRR:ChainE:SER125	-69.528849	-28.857505	General
5LRR:ChainE:TYR126	-62.512628	-46.230221	General
5LRR:ChainE:SER127	-66.507388	-37.671562	General
5LRR:ChainE:LEU128	-65.893390	-45.368409	General
5LRR:ChainE:ALA129	-59.318095	-46.780232	General
5LRR:ChainE:LYS130	-59.178612	-41.312501	General
5LRR:ChainE:PHE131	-67.145707	-35.010534	General
5LRR:ChainE:ASN132	-64.802495	-47.533851	General
5LRR:ChainE:ASP133	-66.744614	-35.931683	General
5LRR:ChainE:PHE134	-68.377421	-35.681915	General
5LRR:ChainE:SER135	-65.719998	-38.036606	General
5LRR:ChainE:ILE136	-78.838166	-48.961826	General
5LRR:ChainE:ASN137	-119.685893	12.582000	General
5LRR:ChainE:GLY138	59.010257	-151.488510	Glycine
5LRR:ChainE:LYS139	-62.004513	-25.362520	General
5LRR:ChainE:LEU140	-63.371340	-35.306177	General
5LRR:ChainE:GLY141	-72.599372	-38.352124	Glycine
5LRR:ChainE:SER142	-63.900446	-45.563858	General
5LRR:ChainE:ILE143	-67.621819	-41.834968	General
5LRR:ChainE:CYS144	-62.439261	-40.837374	General
5LRR:ChainE:GLY145	-64.395063	-41.321177	Glycine
5LRR:ChainE:GLN146	-64.911729	-46.563404	General
5LRR:ChainE:LEU147	-59.260792	-40.469544	General
5LRR:ChainE:LEU148	-59.024501	-50.245130	General
5LRR:ChainE:ILE149	-60.073840	-37.711824	General
5LRR:ChainE:LEU150	-67.651146	-35.759084	General
5LRR:ChainE:THR151	-65.860856	-37.771501	General
5LRR:ChainE:TYR152	-64.273502	-46.841748	General
5LRR:ChainE:VAL153	-82.584998	-44.420497	General
5LRR:ChainE:TYR154	-118.082083	12.925318	General
5LRR:ChainE:GLY155	-87.404122	145.660892	Glycine
5LRR:ChainE:LYS156	-138.119575	135.093168	General
5LRR:ChainE:GLU157	-64.366967	135.456524	General
5LRR:ChainE:THR158	-147.133145	150.651564	Pre-Pro
5LRR:ChainE:PRO159	-57.402128	-15.663108	Proline
5LRR:ChainE:ASP160	-97.391086	0.145723	General
5LRR:ChainE:GLY161	124.419436	-166.462049	Glycine
5LRR:ChainE:ILE162	-82.378758	102.517067	General
5LRR:ChainE:LYS163	-76.315790	120.813868	General
5LRR:ChainE:ILE164	-81.324708	111.187589	General
5LRR:ChainE:THR165	-102.085133	69.324161	General
5LRR:ChainE:LEU166	-107.668719	145.656774	General
5LRR:ChainE:ASP167	-73.982549	-53.024059	General
5LRR:ChainE:ASN168	-116.611078	67.997389	General
5LRR:ChainE:LEU169	-114.045374	107.866616	General
5LRR:ChainE:THR170	-122.854947	-177.925322	General
5LRR:ChainE:MET171	-67.729072	-46.233459	General
5LRR:ChainE:GLN172	-64.898195	-42.013642	General
5LRR:ChainE:GLU173	-60.306450	-48.925019	General
5LRR:ChainE:LEU174	-56.281432	-36.619911	General
5LRR:ChainE:GLY175	-73.719335	-40.429256	Glycine
5LRR:ChainE:TYR176	-58.722167	-49.942776	General
5LRR:ChainE:SER177	-58.800909	-30.973179	General
5LRR:ChainE:SER178	-84.251269	-164.776272	General
5LRR:ChainE:GLY179	-107.839152	39.962833	Glycine
5LRR:ChainE:ILE180	-118.333581	125.547660	General
5LRR:ChainE:ALA181	-81.423911	-39.949397	General
5LRR:ChainE:HIS182	-104.672704	124.656367	General
5LRR:ChainE:SER183	-54.745776	-37.103286	General
5LRR:ChainE:SER184	-54.746662	-38.720731	General
5LRR:ChainE:ALA185	-74.074013	-35.412350	General
5LRR:ChainE:VAL186	-59.500431	-40.284503	General
5LRR:ChainE:SER187	-63.191693	-23.650628	General
5LRR:ChainE:ARG188	-80.910008	-32.486288	General
5LRR:ChainE:ILE189	-69.258117	-41.819196	General
5LRR:ChainE:ILE190	-61.034598	-40.575208	General
5LRR:ChainE:SER191	-58.583739	-48.269043	General
5LRR:ChainE:LYS192	-56.888632	-48.479570	General
5LRR:ChainE:LEU193	-60.986544	-35.373570	General
5LRR:ChainE:LYS194	-65.551608	-51.124364	General
5LRR:ChainE:GLN195	-53.186200	-38.848011	General
5LRR:ChainE:GLU196	-91.066215	11.419592	General
5LRR:ChainE:LYS197	67.009513	24.910378	General
5LRR:ChainE:VAL198	-80.840459	-38.298549	General
5LRR:ChainE:ILE199	-137.201154	163.074418	General
5LRR:ChainE:VAL200	-139.572907	153.710559	General
5LRR:ChainE:TYR201	-121.672667	111.628576	General
5LRR:ChainE:LYS202	-140.937559	157.993301	General
5LRR:ChainE:ASN203	55.550945	23.751700	General
5LRR:ChainE:SER204	58.744503	28.303789	General
5LRR:ChainE:CYS205	-130.853368	142.497494	General
5LRR:ChainE:PHE206	-83.787581	136.977718	General
5LRR:ChainE:TYR207	-116.336099	123.031253	General
5LRR:ChainE:VAL208	-93.401740	121.529012	General
5LRR:ChainE:GLN209	-109.156183	-6.213973	General
5LRR:ChainE:ASN210	-138.564483	78.566811	General
5LRR:ChainE:LEU211	-59.137777	-38.291874	General
5LRR:ChainE:ASP212	-58.638995	-39.403546	General
5LRR:ChainE:TYR213	-56.189726	-47.246104	General
5LRR:ChainE:LEU214	-59.443786	-46.587737	General
5LRR:ChainE:LYS215	-61.580697	-33.721299	General
5LRR:ChainE:ARG216	-72.494023	-30.406034	General
5LRR:ChainE:TYR217	-97.629088	-11.580874	General
5LRR:ChainE:ALA218	-122.507498	60.521574	Pre-Pro
5LRR:ChainE:PRO219	-69.170380	-38.167691	Proline
5LRR:ChainE:LYS220	-73.121383	-36.905715	General
5LRR:ChainE:LEU221	-66.740218	-32.376094	General
5LRR:ChainE:ASP222	-63.450621	-42.209111	General
5LRR:ChainE:GLU223	-60.438150	-46.480170	General
5LRR:ChainE:TRP224	-58.489218	-46.887091	General
5LRR:ChainE:PHE225	-63.029422	-41.215179	General
5LRR:ChainE:TYR226	-56.538551	-40.735486	General
5LRR:ChainE:LEU227	-88.216361	-28.244536	General
5LRR:ChainE:ALA228	-101.527885	-24.218643	General
5LRR:ChainE:CYS229	-131.156402	56.735606	Pre-Pro
5LRR:ChainE:PRO230	-63.656785	-31.725787	Proline
5LRR:ChainE:ALA231	-59.563617	-52.798405	General
5LRR:ChainE:THR232	-62.672478	-39.318615	General
5LRR:ChainE:TRP233	-64.060607	-48.485970	General
5LRR:ChainE:GLY234	-61.549719	-28.436927	Glycine
5LRR:ChainE:LYS235	-61.313894	-40.473479	General
5LRR:ChainE:LEU236	-93.117406	-8.737609	General
5LRR:ChainF:ALA3	-73.631682	-41.275105	General
5LRR:ChainF:GLN4	-64.153421	-38.960593	General
5LRR:ChainF:ALA5	-61.879692	-49.112118	General
5LRR:ChainF:GLU6	-60.797859	-35.595066	General
5LRR:ChainF:GLU7	-71.279502	-44.199844	General
5LRR:ChainF:PHE8	-59.782811	-42.768109	General
5LRR:ChainF:LYS9	-55.530430	-54.034984	General
5LRR:ChainF:LYS10	-56.281740	-40.464210	General
5LRR:ChainF:TYR11	-63.141513	-42.082678	General
5LRR:ChainF:LEU12	-65.524406	-45.327065	General
5LRR:ChainF:GLU13	-64.641974	-41.396081	General
5LRR:ChainF:THR14	-60.616768	-22.562771	General
5LRR:ChainF:ASN15	-105.036741	21.565287	General
5LRR:ChainF:GLY16	83.030192	16.253867	Glycine
5LRR:ChainF:ILE17	-98.492219	115.294414	General
5LRR:ChainF:LYS18	-93.103350	144.985425	Pre-Pro
5LRR:ChainF:PRO19	-63.672991	158.388050	Proline
5LRR:ChainF:LYS20	-137.862480	141.947878	General
5LRR:ChainF:GLN21	-98.071569	134.858000	General
5LRR:ChainF:PHE22	-126.291933	144.578113	General
5LRR:ChainF:HIS23	-108.067222	156.819161	General
5LRR:ChainF:LYS24	-45.998100	136.197709	General
5LRR:ChainF:LYS25	76.234132	-1.486064	General
5LRR:ChainF:GLU26	-72.480846	151.474462	General
5LRR:ChainF:LEU27	-103.652756	114.096865	General
5LRR:ChainF:ILE28	-61.808347	-40.188952	General
5LRR:ChainF:PHE29	-150.287716	156.241579	General
5LRR:ChainF:ASN30	-118.927834	161.743827	General
5LRR:ChainF:GLN31	-61.706269	-26.304136	General
5LRR:ChainF:TRP32	-89.171095	-10.921774	General
5LRR:ChainF:ASP33	-61.135496	120.887403	Pre-Pro
5LRR:ChainF:PRO34	-78.380974	-10.767540	Proline
5LRR:ChainF:GLN35	-82.184169	129.508061	General
5LRR:ChainF:GLU36	-90.864051	144.061230	General
5LRR:ChainF:TYR37	-130.167105	160.549367	General
5LRR:ChainF:CYS38	-110.684610	113.391142	General
5LRR:ChainF:ILE39	-97.751705	112.963908	General
5LRR:ChainF:PHE40	-94.079209	88.759581	General
5LRR:ChainF:LEU41	-69.677544	109.489875	General
5LRR:ChainF:TYR42	-89.269934	-40.957704	General
5LRR:ChainF:ASP43	-144.888505	143.860486	General
5LRR:ChainF:GLY44	111.331450	178.015388	Glycine
5LRR:ChainF:ILE45	-123.049141	132.260512	General
5LRR:ChainF:THR46	-133.686277	167.758853	General
5LRR:ChainF:LYS47	-137.585595	139.410972	General
5LRR:ChainF:LEU48	-92.239151	124.167312	General
5LRR:ChainF:THR49	-121.978077	157.931436	General
5LRR:ChainF:SER50	-137.653869	145.076711	General
5LRR:ChainF:ILE51	-99.991922	115.126156	General
5LRR:ChainF:SER52	-62.880287	165.825426	General
5LRR:ChainF:GLU53	-74.387844	-7.184216	General
5LRR:ChainF:ASN54	-105.281605	24.761998	General
5LRR:ChainF:GLY55	82.003302	-16.793102	Glycine
5LRR:ChainF:THR56	-59.665833	142.392209	General
5LRR:ChainF:ILE57	-101.453878	131.223347	General
5LRR:ChainF:MET58	-115.791180	127.484151	General
5LRR:ChainF:ASN59	-88.941975	103.723906	General
5LRR:ChainF:LEU60	-68.916527	-52.373179	General
5LRR:ChainF:GLN61	-169.574066	172.381287	General
5LRR:ChainF:TYR62	-109.414314	153.650686	General
5LRR:ChainF:TYR63	-133.122604	127.335082	General
5LRR:ChainF:LYS64	-114.062064	119.452598	General
5LRR:ChainF:GLY65	-56.735395	151.325541	Glycine
5LRR:ChainF:ALA66	-84.082787	146.847458	General
5LRR:ChainF:PHE67	-169.496476	163.384679	General
5LRR:ChainF:VAL68	-113.200967	136.363518	General
5LRR:ChainF:ILE69	-130.678776	121.393254	General
5LRR:ChainF:MET70	-106.909268	142.927153	General
5LRR:ChainF:SER71	-113.063707	-2.509547	General
5LRR:ChainF:GLY72	-139.408729	157.737966	Glycine
5LRR:ChainF:PHE73	-77.130132	126.982224	General
5LRR:ChainF:ILE74	-65.035096	-31.187792	General
5LRR:ChainF:ASP75	-80.441242	-53.153420	General
5LRR:ChainF:THR76	-88.280753	-18.105579	General
5LRR:ChainF:GLU77	60.999891	39.960100	General
5LRR:ChainF:THR78	-114.892211	165.555361	General
5LRR:ChainF:SER79	-71.660281	144.191664	General
5LRR:ChainF:VAL80	-92.491190	-12.926988	General
5LRR:ChainF:GLY81	168.787717	173.597961	Glycine
5LRR:ChainF:TYR82	-104.033358	100.881938	General
5LRR:ChainF:TYR83	-133.673082	164.622974	General
5LRR:ChainF:ASN84	-121.230305	148.659834	General
5LRR:ChainF:LEU85	-115.868910	102.586805	General
5LRR:ChainF:GLU86	-103.667603	139.646567	General
5LRR:ChainF:VAL87	-86.728451	128.483261	General
5LRR:ChainF:ILE88	-114.903638	-13.939399	General
5LRR:ChainF:SER89	-82.204293	164.674853	General
5LRR:ChainF:GLU90	-60.301021	-42.392757	General
5LRR:ChainF:GLN91	-135.354457	144.467523	General
5LRR:ChainF:ALA92	-139.601472	136.836146	General
5LRR:ChainF:THR93	-110.830785	123.476709	General
5LRR:ChainF:ALA94	-138.988988	145.331233	General
5LRR:ChainF:TYR95	-103.516949	118.818692	General
5LRR:ChainF:VAL96	-99.581932	124.121387	General
5LRR:ChainF:ILE97	-129.947142	121.912305	General
5LRR:ChainF:LYS98	-59.902828	141.487406	General
5LRR:ChainF:ILE99	-62.759613	-37.996070	General
5LRR:ChainF:ASN100	-64.413858	-41.377803	General
5LRR:ChainF:GLU101	-63.987545	-33.847851	General
5LRR:ChainF:LEU102	-60.800811	-45.278925	General
5LRR:ChainF:LYS103	-58.098732	-40.682111	General
5LRR:ChainF:GLU104	-70.114203	-45.945632	General
5LRR:ChainF:LEU105	-61.941109	-35.014579	General
5LRR:ChainF:LEU106	-75.604883	-41.140583	General
5LRR:ChainF:SER107	-60.652716	-32.521384	General
5LRR:ChainF:LYS108	-70.192484	-28.079796	General
5LRR:ChainF:ASN109	-145.777364	103.262507	General
5LRR:ChainF:LEU110	-58.994415	-32.624943	General
5LRR:ChainF:THR111	-49.099233	-59.953506	General
5LRR:ChainF:HIS112	-67.664951	-19.535104	General
5LRR:ChainF:PHE113	-53.717527	-42.548959	General
5LRR:ChainF:PHE114	-70.467673	-35.329547	General
5LRR:ChainF:TYR115	-59.109577	-43.275396	General
5LRR:ChainF:VAL116	-66.814228	-49.862138	General
5LRR:ChainF:PHE117	-48.035887	-48.838683	General
5LRR:ChainF:GLN118	-62.258286	-35.836389	General
5LRR:ChainF:THR119	-67.652135	-38.413752	General
5LRR:ChainF:LEU120	-69.749672	-43.053823	General
5LRR:ChainF:GLN121	-49.185409	-47.599286	General
5LRR:ChainF:LYS122	-64.216055	-35.390863	General
5LRR:ChainF:GLN123	-68.364382	-39.164448	General
5LRR:ChainF:VAL124	-58.859375	-51.163688	General
5LRR:ChainF:SER125	-63.331858	-38.330171	General
5LRR:ChainF:TYR126	-59.383280	-44.433281	General
5LRR:ChainF:SER127	-67.123289	-39.231987	General
5LRR:ChainF:LEU128	-62.259153	-43.403258	General
5LRR:ChainF:ALA129	-64.269452	-45.056303	General
5LRR:ChainF:LYS130	-60.491199	-46.075832	General
5LRR:ChainF:PHE131	-63.370156	-36.213386	General
5LRR:ChainF:ASN132	-61.615908	-52.856850	General
5LRR:ChainF:ASP133	-64.923682	-38.738404	General
5LRR:ChainF:PHE134	-70.033929	-22.278905	General
5LRR:ChainF:SER135	-107.278639	-43.393318	General
5LRR:ChainF:ILE136	-59.284048	-37.795591	General
5LRR:ChainF:ASN137	-110.615269	34.715420	General
5LRR:ChainF:GLY138	52.906851	-147.810291	Glycine
5LRR:ChainF:LYS139	-71.339489	-30.782712	General
5LRR:ChainF:LEU140	-63.362804	-38.743108	General
5LRR:ChainF:GLY141	-74.721335	-25.280816	Glycine
5LRR:ChainF:SER142	-74.315056	-47.495700	General
5LRR:ChainF:ILE143	-61.680820	-48.438750	General
5LRR:ChainF:CYS144	-60.497088	-41.372150	General
5LRR:ChainF:GLY145	-64.440703	-41.537538	Glycine
5LRR:ChainF:GLN146	-62.821412	-48.132322	General
5LRR:ChainF:LEU147	-62.590459	-38.391755	General
5LRR:ChainF:LEU148	-62.190601	-39.775082	General
5LRR:ChainF:ILE149	-62.413475	-48.727925	General
5LRR:ChainF:LEU150	-59.496414	-38.318096	General
5LRR:ChainF:THR151	-61.719539	-51.357626	General
5LRR:ChainF:TYR152	-72.729995	-20.915103	General
5LRR:ChainF:VAL153	-103.970267	-33.236440	General
5LRR:ChainF:TYR154	-128.258743	18.144532	General
5LRR:ChainF:GLY155	-100.766964	131.962353	Glycine
5LRR:ChainF:LYS156	-116.595502	131.495335	General
5LRR:ChainF:GLU157	-61.671168	132.310933	General
5LRR:ChainF:THR158	-138.759180	157.690799	Pre-Pro
5LRR:ChainF:PRO159	-66.559974	-8.454114	Proline
5LRR:ChainF:ASP160	-97.850330	-5.684259	General
5LRR:ChainF:GLY161	147.615580	-136.683523	Glycine
5LRR:ChainF:ILE162	-126.464585	111.380702	General
5LRR:ChainF:LYS163	-92.231696	121.758602	General
5LRR:ChainF:ILE164	-80.203258	142.847292	General
5LRR:ChainF:THR165	-118.203622	88.819868	General
5LRR:ChainF:LEU166	-152.914017	124.917609	General
5LRR:ChainF:ASP167	-63.962380	-48.543467	General
5LRR:ChainF:ASN168	-93.578886	41.294276	General
5LRR:ChainF:LEU169	-92.498013	93.843536	General
5LRR:ChainF:THR170	-123.955634	-179.707731	General
5LRR:ChainF:MET171	-65.143423	-27.205895	General
5LRR:ChainF:GLN172	-67.756211	-48.556893	General
5LRR:ChainF:GLU173	-80.715958	14.455315	General
5LRR:ChainF:VAL186	-66.522206	-40.105275	General
5LRR:ChainF:SER187	-66.207661	-36.054444	General
5LRR:ChainF:ARG188	-64.644715	-31.351802	General
5LRR:ChainF:ILE189	-69.332350	-47.894350	General
5LRR:ChainF:ILE190	-63.256165	-50.315074	General
5LRR:ChainF:SER191	-57.773673	-40.167959	General
5LRR:ChainF:LYS192	-61.729951	-38.256872	General
5LRR:ChainF:LEU193	-67.014826	-36.226367	General
5LRR:ChainF:LYS194	-67.322689	-49.834856	General
5LRR:ChainF:GLN195	-58.416623	-32.563570	General
5LRR:ChainF:GLU196	-89.753535	14.869232	General
5LRR:ChainF:LYS197	60.311809	38.821586	General
5LRR:ChainF:VAL198	-89.345903	-40.275856	General
5LRR:ChainF:ILE199	-137.468693	155.046132	General
5LRR:ChainF:VAL200	-137.867318	143.832834	General
5LRR:ChainF:TYR201	-106.861652	93.632732	General
5LRR:ChainF:LYS202	-108.737075	-43.194944	General
5LRR:ChainF:ASN203	-131.479147	56.277497	General
5LRR:ChainF:SER204	59.706720	11.422161	General
5LRR:ChainF:CYS205	-148.379547	160.273452	General
5LRR:ChainF:PHE206	-89.128535	129.567479	General
5LRR:ChainF:TYR207	-99.796568	124.853999	General
5LRR:ChainF:VAL208	-87.480251	113.331259	General
5LRR:ChainF:GLN209	-99.141445	-35.187663	General
5LRR:ChainF:ASN210	-119.808923	92.385978	General
5LRR:ChainF:LEU211	-74.914809	-30.458081	General
5LRR:ChainF:ASP212	-59.908334	-30.297040	General
5LRR:ChainF:TYR213	-66.869140	-38.314139	General
5LRR:ChainF:LEU214	-67.892708	-42.365204	General
5LRR:ChainF:LYS215	-59.857974	-39.351084	General
5LRR:ChainF:ARG216	-61.327909	-29.244246	General
5LRR:ChainF:TYR217	-109.164068	1.753679	General
5LRR:ChainF:ALA218	-143.461389	65.968270	Pre-Pro
5LRR:ChainF:PRO219	-74.991128	-38.820690	Proline
5LRR:ChainF:LYS220	-71.061363	-34.457984	General
5LRR:ChainF:LEU221	-63.983332	-46.884150	General
5LRR:ChainF:ASP222	-55.631840	-37.835782	General
5LRR:ChainF:GLU223	-68.040301	-37.068315	General
5LRR:ChainF:TRP224	-62.956016	-43.967339	General
5LRR:ChainF:PHE225	-67.939524	-24.667781	General
5LRR:ChainF:TYR226	-68.701726	-38.768112	General
5LRR:ChainF:LEU227	-83.482737	-39.108769	General
5LRR:ChainF:ALA228	-90.664201	-29.702622	General
5LRR:ChainF:CYS229	-124.353827	64.903442	Pre-Pro
5LRR:ChainF:PRO230	-60.422047	-32.228051	Proline
5LRR:ChainF:ALA231	-67.783594	-53.237670	General
5LRR:ChainF:THR232	-64.432710	-38.401892	General
5LRR:ChainF:TRP233	-60.795861	-46.058542	General
5LRR:ChainF:GLY234	-69.769124	-18.767342	Glycine
5LRR:ChainF:LYS235	-78.630934	-52.480668	General
5LRR:ChainF:LEU236	-74.214798	-2.813789	General
5LRR:ChainG:ALA3	-73.244783	-35.684519	General
5LRR:ChainG:GLN4	-63.578845	-40.122002	General
5LRR:ChainG:ALA5	-62.887119	-43.888468	General
5LRR:ChainG:GLU6	-59.839485	-44.310826	General
5LRR:ChainG:GLU7	-65.705763	-31.290505	General
5LRR:ChainG:PHE8	-70.883782	-35.516211	General
5LRR:ChainG:LYS9	-61.099810	-57.896077	General
5LRR:ChainG:LYS10	-52.984642	-31.572832	General
5LRR:ChainG:TYR11	-75.689095	-36.365800	General
5LRR:ChainG:LEU12	-67.174174	-46.530050	General
5LRR:ChainG:GLU13	-81.187246	-16.790481	General
5LRR:ChainG:THR14	-66.038938	-22.856117	General
5LRR:ChainG:ASN15	-103.026864	14.928170	General
5LRR:ChainG:GLY16	86.946000	16.601591	Glycine
5LRR:ChainG:ILE17	-91.828710	128.243383	General
5LRR:ChainG:LYS18	-98.518442	140.015585	Pre-Pro
5LRR:ChainG:PRO19	-73.118803	149.492216	Proline
5LRR:ChainG:LYS20	-119.849596	133.022601	General
5LRR:ChainG:GLN21	-97.989040	128.052041	General
5LRR:ChainG:PHE22	-118.888332	155.564523	General
5LRR:ChainG:HIS23	-107.930726	161.233758	General
5LRR:ChainG:LYS24	-52.268814	135.072923	General
5LRR:ChainG:LYS25	78.555410	-11.252255	General
5LRR:ChainG:GLU26	-66.076236	152.092129	General
5LRR:ChainG:LEU27	-103.062995	117.304261	General
5LRR:ChainG:ILE28	-62.528147	-35.806488	General
5LRR:ChainG:PHE29	-157.446842	161.888022	General
5LRR:ChainG:ASN30	-108.104179	154.982808	General
5LRR:ChainG:GLN31	-65.510773	-32.881868	General
5LRR:ChainG:TRP32	-70.995258	-25.022365	General
5LRR:ChainG:ASP33	-66.273242	110.170114	Pre-Pro
5LRR:ChainG:PRO34	-85.145387	15.735323	Proline
5LRR:ChainG:GLN35	-87.895188	160.140034	General
5LRR:ChainG:GLU36	-109.038098	125.005426	General
5LRR:ChainG:TYR37	-126.772084	155.477368	General
5LRR:ChainG:CYS38	-120.561594	100.977951	General
5LRR:ChainG:ILE39	-92.021136	122.997144	General
5LRR:ChainG:PHE40	-99.180122	88.065388	General
5LRR:ChainG:LEU41	-64.413377	117.235914	General
5LRR:ChainG:TYR42	-98.717135	-37.310384	General
5LRR:ChainG:ASP43	-155.918423	150.522266	General
5LRR:ChainG:GLY44	100.127610	172.951146	Glycine
5LRR:ChainG:ILE45	-111.695600	136.109129	General
5LRR:ChainG:THR46	-140.622986	164.187795	General
5LRR:ChainG:LYS47	-127.342829	127.939595	General
5LRR:ChainG:LEU48	-98.535286	122.646094	General
5LRR:ChainG:THR49	-103.635157	128.528669	General
5LRR:ChainG:SER50	-102.225757	127.584513	General
5LRR:ChainG:ILE51	-130.830272	142.629565	General
5LRR:ChainG:SER52	-98.655099	177.391721	General
5LRR:ChainG:GLU53	-65.339616	-24.023747	General
5LRR:ChainG:ASN54	-65.116239	-8.399498	General
5LRR:ChainG:GLY55	78.867815	-6.991061	Glycine
5LRR:ChainG:THR56	-77.114950	130.190868	General
5LRR:ChainG:ILE57	-73.471306	136.328897	General
5LRR:ChainG:MET58	-107.638971	-29.304580	General
5LRR:ChainG:ASN59	-157.479722	155.889191	General
5LRR:ChainG:LEU60	-150.614597	114.082089	General
5LRR:ChainG:GLN61	-129.394440	128.125018	General
5LRR:ChainG:TYR62	-86.990575	115.768249	General
5LRR:ChainG:TYR63	-107.049016	137.420506	General
5LRR:ChainG:LYS64	-113.727819	129.190607	General
5LRR:ChainG:GLY65	-59.995037	151.368367	Glycine
5LRR:ChainG:ALA66	-91.698263	142.954777	General
5LRR:ChainG:PHE67	-164.734114	154.961402	General
5LRR:ChainG:VAL68	-117.108157	127.751003	General
5LRR:ChainG:ILE69	-114.223290	147.941536	General
5LRR:ChainG:MET70	-126.115907	125.354719	General
5LRR:ChainG:SER71	-90.529954	-20.927845	General
5LRR:ChainG:GLY72	-145.949097	168.785712	Glycine
5LRR:ChainG:PHE73	-74.406864	178.618073	General
5LRR:ChainG:ILE74	-95.786061	-58.477917	General
5LRR:ChainG:ASP75	-81.823953	-39.169758	General
5LRR:ChainG:THR76	-87.120089	-20.869640	General
5LRR:ChainG:GLU77	55.534988	20.965724	General
5LRR:ChainG:THR78	-79.957591	160.415111	General
5LRR:ChainG:SER79	-82.333436	123.450919	General
5LRR:ChainG:VAL80	-60.407365	-26.902254	General
5LRR:ChainG:GLY81	169.247910	-135.328168	Glycine
5LRR:ChainG:TYR82	-135.485902	129.132535	General
5LRR:ChainG:TYR83	-129.614167	150.315780	General
5LRR:ChainG:ASN84	-135.311622	112.248547	General
5LRR:ChainG:LEU85	-108.563794	123.812754	General
5LRR:ChainG:GLU86	-124.399549	140.271542	General
5LRR:ChainG:VAL87	-81.877628	134.668023	General
5LRR:ChainG:ILE88	-117.302150	-37.214930	General
5LRR:ChainG:SER89	-66.565555	167.066191	General
5LRR:ChainG:GLU90	-59.405162	-43.427050	General
5LRR:ChainG:GLN91	-130.456240	157.581666	General
5LRR:ChainG:ALA92	-158.320391	151.590691	General
5LRR:ChainG:THR93	-125.579745	128.953476	General
5LRR:ChainG:ALA94	-135.550099	148.787758	General
5LRR:ChainG:TYR95	-107.573500	114.591015	General
5LRR:ChainG:VAL96	-98.712828	125.844009	General
5LRR:ChainG:ILE97	-132.221080	128.945293	General
5LRR:ChainG:LYS98	-63.463966	143.944110	General
5LRR:ChainG:ILE99	-62.130255	-38.128673	General
5LRR:ChainG:ASN100	-61.600891	-45.977371	General
5LRR:ChainG:GLU101	-57.144553	-41.067618	General
5LRR:ChainG:LEU102	-58.850243	-44.481991	General
5LRR:ChainG:LYS103	-59.061489	-36.504088	General
5LRR:ChainG:GLU104	-70.236896	-48.211078	General
5LRR:ChainG:LEU105	-57.196493	-41.680922	General
5LRR:ChainG:LEU106	-74.045255	-32.915036	General
5LRR:ChainG:SER107	-62.524783	-27.565704	General
5LRR:ChainG:LYS108	-102.015904	15.144099	General
5LRR:ChainG:ASN109	-165.984803	97.109662	General
5LRR:ChainG:LEU110	-72.014298	-28.371987	General
5LRR:ChainG:THR111	-54.838359	-37.343106	General
5LRR:ChainG:HIS112	-85.157673	-28.432218	General
5LRR:ChainG:PHE113	-56.432533	-48.157462	General
5LRR:ChainG:PHE114	-57.214179	-35.480945	General
5LRR:ChainG:TYR115	-66.506052	-49.565754	General
5LRR:ChainG:VAL116	-63.446621	-38.530825	General
5LRR:ChainG:PHE117	-56.808987	-42.427327	General
5LRR:ChainG:GLN118	-70.251332	-37.846543	General
5LRR:ChainG:THR119	-57.052501	-40.440779	General
5LRR:ChainG:LEU120	-61.757954	-43.771177	General
5LRR:ChainG:GLN121	-62.230876	-35.040951	General
5LRR:ChainG:LYS122	-61.023284	-39.606675	General
5LRR:ChainG:GLN123	-66.868331	-39.102661	General
5LRR:ChainG:VAL124	-62.327810	-49.739889	General
5LRR:ChainG:SER125	-67.534850	-33.101577	General
5LRR:ChainG:TYR126	-64.141716	-41.087749	General
5LRR:ChainG:SER127	-63.730176	-46.906512	General
5LRR:ChainG:LEU128	-60.540400	-46.430347	General
5LRR:ChainG:ALA129	-59.594832	-46.094493	General
5LRR:ChainG:LYS130	-54.944892	-44.570012	General
5LRR:ChainG:PHE131	-66.800674	-35.621371	General
5LRR:ChainG:ASN132	-62.449836	-48.423760	General
5LRR:ChainG:ASP133	-65.033452	-32.662925	General
5LRR:ChainG:PHE134	-67.862014	-45.632074	General
5LRR:ChainG:SER135	-55.907032	-38.082110	General
5LRR:ChainG:ILE136	-78.822876	-59.358916	General
5LRR:ChainG:ASN137	-110.577177	9.149986	General
5LRR:ChainG:GLY138	62.803991	-146.611058	Glycine
5LRR:ChainG:LYS139	-60.718973	-36.038347	General
5LRR:ChainG:LEU140	-60.969522	-39.647997	General
5LRR:ChainG:GLY141	-65.369094	-45.811346	Glycine
5LRR:ChainG:SER142	-59.823346	-45.460627	General
5LRR:ChainG:ILE143	-63.018674	-47.521202	General
5LRR:ChainG:CYS144	-60.244275	-39.148665	General
5LRR:ChainG:GLY145	-63.416016	-45.066321	Glycine
5LRR:ChainG:GLN146	-68.014843	-43.087651	General
5LRR:ChainG:LEU147	-61.027950	-38.802398	General
5LRR:ChainG:LEU148	-61.869259	-50.493908	General
5LRR:ChainG:ILE149	-70.503666	-33.918350	General
5LRR:ChainG:LEU150	-62.911176	-36.714853	General
5LRR:ChainG:THR151	-65.787541	-42.570088	General
5LRR:ChainG:TYR152	-63.682280	-43.353037	General
5LRR:ChainG:VAL153	-81.374224	-41.414347	General
5LRR:ChainG:TYR154	-116.432944	9.676540	General
5LRR:ChainG:GLY155	-75.328983	149.539889	Glycine
5LRR:ChainG:LYS156	-148.672110	131.962619	General
5LRR:ChainG:GLU157	-68.459138	133.104078	General
5LRR:ChainG:THR158	-142.352280	171.947007	Pre-Pro
5LRR:ChainG:PRO159	-65.018482	-29.817422	Proline
5LRR:ChainG:ASP160	-87.894857	10.621908	General
5LRR:ChainG:GLY161	115.495396	-162.709722	Glycine
5LRR:ChainG:ILE162	-86.586273	109.675771	General
5LRR:ChainG:LYS163	-85.692561	122.991618	General
5LRR:ChainG:ILE164	-77.229696	104.224122	General
5LRR:ChainG:THR165	-82.568065	72.378889	General
5LRR:ChainG:LEU166	-130.168232	133.718241	General
5LRR:ChainG:ASP167	-67.185168	-42.476018	General
5LRR:ChainG:ASN168	-133.678447	47.103298	General
5LRR:ChainG:LEU169	-76.884797	124.606864	General
5LRR:ChainG:THR170	-121.559976	163.875088	General
5LRR:ChainG:MET171	-66.003294	-29.990886	General
5LRR:ChainG:GLN172	-68.207025	-39.998388	General
5LRR:ChainG:GLU173	-67.725947	-42.248361	General
5LRR:ChainG:LEU174	-55.083802	-35.662563	General
5LRR:ChainG:GLY175	-62.329283	-48.386395	Glycine
5LRR:ChainG:TYR176	-57.163875	-36.484445	General
5LRR:ChainG:SER177	-81.288568	-19.170831	General
5LRR:ChainG:SER178	-114.646228	13.438982	General
5LRR:ChainG:GLY179	67.300264	36.739031	Glycine
5LRR:ChainG:ILE180	-126.045371	122.485337	General
5LRR:ChainG:ALA181	-70.921812	-42.924239	General
5LRR:ChainG:HIS182	-119.927314	143.522970	General
5LRR:ChainG:SER183	-60.254462	-31.970459	General
5LRR:ChainG:SER184	-57.458490	-41.173479	General
5LRR:ChainG:ALA185	-69.572562	-37.133532	General
5LRR:ChainG:VAL186	-62.062323	-33.677909	General
5LRR:ChainG:SER187	-64.916296	-27.869515	General
5LRR:ChainG:ARG188	-63.408139	-39.045829	General
5LRR:ChainG:ILE189	-71.644842	-51.811034	General
5LRR:ChainG:ILE190	-53.846440	-39.674266	General
5LRR:ChainG:SER191	-58.776571	-48.722986	General
5LRR:ChainG:LYS192	-57.815365	-41.667117	General
5LRR:ChainG:LEU193	-68.250506	-35.624308	General
5LRR:ChainG:LYS194	-67.147291	-45.441632	General
5LRR:ChainG:GLN195	-69.535848	-28.881197	General
5LRR:ChainG:GLU196	-83.328360	10.177182	General
5LRR:ChainG:LYS197	57.688739	36.696797	General
5LRR:ChainG:VAL198	-89.163695	-42.306707	General
5LRR:ChainG:ILE199	-132.839838	162.876489	General
5LRR:ChainG:VAL200	-137.630839	134.454103	General
5LRR:ChainG:TYR201	-106.468224	118.563311	General
5LRR:ChainG:LYS202	-153.248794	128.612380	General
5LRR:ChainG:ASN203	53.843488	47.302883	General
5LRR:ChainG:SER204	69.147859	17.985671	General
5LRR:ChainG:CYS205	-139.496654	154.001495	General
5LRR:ChainG:PHE206	-96.168941	134.188992	General
5LRR:ChainG:TYR207	-118.397776	122.369974	General
5LRR:ChainG:VAL208	-88.841672	121.305232	General
5LRR:ChainG:GLN209	-107.013464	-7.592139	General
5LRR:ChainG:ASN210	-146.095294	84.388731	General
5LRR:ChainG:LEU211	-60.912221	-37.624123	General
5LRR:ChainG:ASP212	-62.297358	-31.280965	General
5LRR:ChainG:TYR213	-61.702833	-48.842177	General
5LRR:ChainG:LEU214	-57.318122	-45.578214	General
5LRR:ChainG:LYS215	-64.974279	-30.062195	General
5LRR:ChainG:ARG216	-64.889353	-36.153462	General
5LRR:ChainG:TYR217	-101.796713	-6.751007	General
5LRR:ChainG:ALA218	-124.650554	56.176064	Pre-Pro
5LRR:ChainG:PRO219	-63.862777	-35.429912	Proline
5LRR:ChainG:LYS220	-79.164082	-33.240591	General
5LRR:ChainG:LEU221	-69.762095	-31.904536	General
5LRR:ChainG:ASP222	-64.544053	-39.677344	General
5LRR:ChainG:GLU223	-63.973941	-47.612092	General
5LRR:ChainG:TRP224	-54.829094	-44.711086	General
5LRR:ChainG:PHE225	-69.528193	-35.356171	General
5LRR:ChainG:TYR226	-56.926161	-39.968263	General
5LRR:ChainG:LEU227	-85.635605	-32.036999	General
5LRR:ChainG:ALA228	-85.355722	-36.400741	General
5LRR:ChainG:CYS229	-136.982118	71.749544	Pre-Pro
5LRR:ChainG:PRO230	-59.797696	-38.572224	Proline
5LRR:ChainG:ALA231	-60.197916	-49.010620	General
5LRR:ChainG:THR232	-63.026066	-43.820798	General
5LRR:ChainG:TRP233	-56.139332	-47.516513	General
5LRR:ChainG:GLY234	-60.504488	-32.344041	Glycine
5LRR:ChainG:LYS235	-60.292367	-44.391564	General
5LRR:ChainG:LEU236	-93.194917	0.125159	General
5LRR:ChainH:ALA3	-65.684327	-35.908710	General
5LRR:ChainH:GLN4	-64.262147	-38.138430	General
5LRR:ChainH:ALA5	-66.769123	-35.275833	General
5LRR:ChainH:GLU6	-67.741379	-44.944943	General
5LRR:ChainH:GLU7	-64.345194	-33.767809	General
5LRR:ChainH:PHE8	-59.804923	-48.702885	General
5LRR:ChainH:LYS9	-52.562622	-52.512766	General
5LRR:ChainH:LYS10	-54.177708	-52.613364	General
5LRR:ChainH:TYR11	-53.997899	-39.910311	General
5LRR:ChainH:LEU12	-66.144581	-50.209527	General
5LRR:ChainH:GLU13	-54.924087	-39.352395	General
5LRR:ChainH:THR14	-65.017025	-38.711411	General
5LRR:ChainH:ASN15	-80.031011	11.873937	General
5LRR:ChainH:GLY16	87.673078	3.663969	Glycine
5LRR:ChainH:ILE17	-88.998724	128.150639	General
5LRR:ChainH:LYS18	-91.097113	152.381020	Pre-Pro
5LRR:ChainH:PRO19	-71.316524	145.351328	Proline
5LRR:ChainH:LYS20	-120.925657	130.187992	General
5LRR:ChainH:GLN21	-87.983243	138.916547	General
5LRR:ChainH:PHE22	-133.684323	148.917588	General
5LRR:ChainH:HIS23	-115.278046	175.011292	General
5LRR:ChainH:LYS24	-62.451863	139.536358	General
5LRR:ChainH:LYS25	85.725895	-5.535129	General
5LRR:ChainH:GLU26	-98.051802	157.335386	General
5LRR:ChainH:LEU27	-97.922670	123.376705	General
5LRR:ChainH:ILE28	-68.542679	-41.266906	General
5LRR:ChainH:PHE29	-144.800939	158.045228	General
5LRR:ChainH:ASN30	-122.615753	165.203770	General
5LRR:ChainH:GLN31	-68.091585	-25.600479	General
5LRR:ChainH:TRP32	-88.698179	-11.787698	General
5LRR:ChainH:ASP33	-61.027577	118.793836	Pre-Pro
5LRR:ChainH:PRO34	-76.182301	-9.024908	Proline
5LRR:ChainH:GLN35	-81.844482	124.574008	General
5LRR:ChainH:GLU36	-91.012191	140.914966	General
5LRR:ChainH:TYR37	-124.232464	156.332173	General
5LRR:ChainH:CYS38	-108.627043	116.906459	General
5LRR:ChainH:ILE39	-101.671160	104.835869	General
5LRR:ChainH:PHE40	-88.602603	87.653941	General
5LRR:ChainH:LEU41	-67.292816	102.573615	General
5LRR:ChainH:TYR42	-86.534756	-39.374279	General
5LRR:ChainH:ASP43	-145.400511	134.516686	General
5LRR:ChainH:GLY44	115.218075	-174.282867	Glycine
5LRR:ChainH:ILE45	-126.123113	130.944672	General
5LRR:ChainH:THR46	-126.579189	177.281131	General
5LRR:ChainH:LYS47	-151.198796	128.001093	General
5LRR:ChainH:LEU48	-79.213382	135.557640	General
5LRR:ChainH:THR49	-135.588691	154.421808	General
5LRR:ChainH:SER50	-127.112984	148.591958	General
5LRR:ChainH:ILE51	-107.062789	111.574119	General
5LRR:ChainH:SER52	-78.060540	174.284412	General
5LRR:ChainH:GLU53	-59.508058	-31.861538	General
5LRR:ChainH:ASN54	-65.498964	-11.834038	General
5LRR:ChainH:GLY55	82.450920	7.594958	Glycine
5LRR:ChainH:THR56	-80.030576	136.624094	General
5LRR:ChainH:ILE57	-85.648007	113.035225	General
5LRR:ChainH:MET58	-98.263358	123.225509	General
5LRR:ChainH:ASN59	-84.852919	114.129345	General
5LRR:ChainH:LEU60	-100.545607	-27.938239	General
5LRR:ChainH:GLN61	-172.193794	126.148531	General
5LRR:ChainH:TYR62	-91.837397	147.760507	General
5LRR:ChainH:TYR63	-133.234074	125.308588	General
5LRR:ChainH:LYS64	-103.681575	131.197983	General
5LRR:ChainH:GLY65	-64.089850	145.775194	Glycine
5LRR:ChainH:ALA66	-87.255753	145.131247	General
5LRR:ChainH:PHE67	-170.152511	174.233131	General
5LRR:ChainH:VAL68	-127.107906	135.275379	General
5LRR:ChainH:ILE69	-130.794499	133.079600	General
5LRR:ChainH:MET70	-120.492789	137.256735	General
5LRR:ChainH:SER71	-109.863052	0.357815	General
5LRR:ChainH:GLY72	-145.483628	154.101888	Glycine
5LRR:ChainH:PHE73	-74.817335	135.762698	General
5LRR:ChainH:ILE74	-69.437292	-32.862760	General
5LRR:ChainH:ASP75	-75.229023	-64.258118	General
5LRR:ChainH:THR76	-84.615573	-8.531151	General
5LRR:ChainH:GLU77	51.856197	46.103426	General
5LRR:ChainH:THR78	-114.778340	162.571797	General
5LRR:ChainH:SER79	-72.961992	144.743719	General
5LRR:ChainH:VAL80	-88.884967	-11.527057	General
5LRR:ChainH:GLY81	156.562605	171.816876	Glycine
5LRR:ChainH:TYR82	-98.637674	98.345043	General
5LRR:ChainH:TYR83	-134.459804	153.945494	General
5LRR:ChainH:ASN84	-112.828427	149.257517	General
5LRR:ChainH:LEU85	-119.174232	112.136341	General
5LRR:ChainH:GLU86	-112.200506	143.589139	General
5LRR:ChainH:VAL87	-88.248876	144.498177	General
5LRR:ChainH:ILE88	-115.455141	-43.187547	General
5LRR:ChainH:SER89	-65.094676	150.879367	General
5LRR:ChainH:GLU90	-50.849348	-30.305453	General
5LRR:ChainH:GLN91	-138.993696	155.843601	General
5LRR:ChainH:ALA92	-162.244322	141.204090	General
5LRR:ChainH:THR93	-113.987953	139.879804	General
5LRR:ChainH:ALA94	-150.508555	146.748056	General
5LRR:ChainH:TYR95	-101.755847	123.101338	General
5LRR:ChainH:VAL96	-113.055302	111.936705	General
5LRR:ChainH:ILE97	-126.628713	147.190655	General
5LRR:ChainH:LYS98	-68.715505	150.996900	General
5LRR:ChainH:ILE99	-53.650549	-32.186768	General
5LRR:ChainH:ASN100	-69.253754	-43.867095	General
5LRR:ChainH:GLU101	-59.453918	-37.942887	General
5LRR:ChainH:LEU102	-62.762013	-38.514343	General
5LRR:ChainH:LYS103	-61.035399	-41.175732	General
5LRR:ChainH:GLU104	-66.539815	-42.311954	General
5LRR:ChainH:LEU105	-74.610823	-28.974358	General
5LRR:ChainH:LEU106	-80.287299	-33.130222	General
5LRR:ChainH:SER107	-67.725586	-28.848399	General
5LRR:ChainH:LYS108	-73.603077	-29.649251	General
5LRR:ChainH:ASN109	-138.277283	99.310823	General
5LRR:ChainH:LEU110	-71.858119	-7.310481	General
5LRR:ChainH:THR111	-78.719235	-48.280076	General
5LRR:ChainH:HIS112	-60.648357	-28.825051	General
5LRR:ChainH:PHE113	-52.533404	-48.611537	General
5LRR:ChainH:PHE114	-69.945988	-24.330384	General
5LRR:ChainH:TYR115	-63.178547	-60.842612	General
5LRR:ChainH:VAL116	-53.386613	-40.375175	General
5LRR:ChainH:PHE117	-59.423519	-45.487516	General
5LRR:ChainH:GLN118	-72.108787	-35.595834	General
5LRR:ChainH:THR119	-60.791324	-36.403157	General
5LRR:ChainH:LEU120	-65.984330	-38.203993	General
5LRR:ChainH:GLN121	-59.524300	-42.849607	General
5LRR:ChainH:LYS122	-53.327869	-48.766495	General
5LRR:ChainH:GLN123	-65.319703	-36.100043	General
5LRR:ChainH:VAL124	-64.326125	-45.688588	General
5LRR:ChainH:SER125	-71.997857	-36.830325	General
5LRR:ChainH:TYR126	-59.219656	-50.688911	General
5LRR:ChainH:SER127	-64.088975	-29.775483	General
5LRR:ChainH:LEU128	-72.666720	-42.153160	General
5LRR:ChainH:ALA129	-62.633765	-36.840646	General
5LRR:ChainH:LYS130	-69.465263	-43.441732	General
5LRR:ChainH:PHE131	-62.735050	-37.321695	General
5LRR:ChainH:ASN132	-66.485874	-55.450156	General
5LRR:ChainH:ASP133	-61.727292	-35.348163	General
5LRR:ChainH:PHE134	-73.793575	-22.162438	General
5LRR:ChainH:SER135	-109.778957	-44.395119	General
5LRR:ChainH:ILE136	-58.097368	-34.024242	General
5LRR:ChainH:ASN137	-119.757735	43.908271	General
5LRR:ChainH:GLY138	48.969533	-145.824846	Glycine
5LRR:ChainH:LYS139	-74.954586	-23.547032	General
5LRR:ChainH:LEU140	-61.573906	-45.222392	General
5LRR:ChainH:GLY141	-67.228075	-38.238071	Glycine
5LRR:ChainH:SER142	-58.201928	-50.694570	General
5LRR:ChainH:ILE143	-64.249353	-47.311466	General
5LRR:ChainH:CYS144	-63.304272	-44.202479	General
5LRR:ChainH:GLY145	-60.008734	-45.354175	Glycine
5LRR:ChainH:GLN146	-63.972862	-40.165633	General
5LRR:ChainH:LEU147	-67.008380	-37.125147	General
5LRR:ChainH:LEU148	-62.387848	-40.652371	General
5LRR:ChainH:ILE149	-61.865394	-50.506207	General
5LRR:ChainH:LEU150	-56.899794	-38.370866	General
5LRR:ChainH:THR151	-61.259007	-48.267692	General
5LRR:ChainH:TYR152	-74.401588	-36.615383	General
5LRR:ChainH:VAL153	-75.664149	-46.890408	General
5LRR:ChainH:TYR154	-116.477937	18.127309	General
5LRR:ChainH:GLY155	-94.486062	144.742576	Glycine
5LRR:ChainH:LYS156	-140.104654	119.868744	General
5LRR:ChainH:GLU157	-57.790323	142.372235	General
5LRR:ChainH:THR158	-159.067718	150.261780	Pre-Pro
5LRR:ChainH:PRO159	-56.943051	-22.522786	Proline
5LRR:ChainH:ASP160	-94.440210	9.401871	General
5LRR:ChainH:GLY161	120.333656	-157.762233	Glycine
5LRR:ChainH:ILE162	-94.635636	102.511108	General
5LRR:ChainH:LYS163	-74.119994	127.506483	General
5LRR:ChainH:ILE164	-81.788019	103.677443	General
5LRR:ChainH:THR165	-76.811405	64.066763	General
5LRR:ChainH:LEU166	-126.373814	138.127801	General
5LRR:ChainH:ASP167	-62.523582	148.785293	General
5LRR:ChainH:ASN168	-55.537628	-31.952066	General
5LRR:ChainH:LEU169	-58.238553	-56.569870	General
5LRR:ChainH:THR170	-55.743501	-39.764520	General
5LRR:ChainH:MET171	-63.387745	-37.125292	General
5LRR:ChainH:GLN172	-73.459210	-34.378915	General
5LRR:ChainH:GLU173	-60.385545	-44.104250	General
5LRR:ChainH:LEU174	-68.192835	-7.789513	General
5LRR:ChainH:GLY175	106.126870	33.900148	Glycine
5LRR:ChainH:ALA185	-64.916138	-25.870179	General
5LRR:ChainH:VAL186	-64.965498	-45.094167	General
5LRR:ChainH:SER187	-56.707607	-43.342623	General
5LRR:ChainH:ARG188	-61.555274	-34.496047	General
5LRR:ChainH:ILE189	-69.875560	-43.519544	General
5LRR:ChainH:ILE190	-57.674240	-51.424828	General
5LRR:ChainH:SER191	-56.866018	-38.350678	General
5LRR:ChainH:LYS192	-60.405348	-47.395995	General
5LRR:ChainH:LEU193	-61.488924	-38.781299	General
5LRR:ChainH:LYS194	-63.103528	-44.158826	General
5LRR:ChainH:GLN195	-59.614577	-51.052067	General
5LRR:ChainH:GLU196	-68.797011	2.526537	General
5LRR:ChainH:LYS197	59.110196	28.621186	General
5LRR:ChainH:VAL198	-73.039522	-42.563284	General
5LRR:ChainH:ILE199	-127.529562	155.389139	General
5LRR:ChainH:VAL200	-145.630236	138.521863	General
5LRR:ChainH:TYR201	-99.136801	109.699226	General
5LRR:ChainH:LYS202	-142.705572	137.158612	General
5LRR:ChainH:ASN203	54.104067	36.067680	General
5LRR:ChainH:SER204	63.957915	20.007401	General
5LRR:ChainH:CYS205	-129.662332	162.156975	General
5LRR:ChainH:PHE206	-107.841888	133.278091	General
5LRR:ChainH:TYR207	-129.356517	131.408533	General
5LRR:ChainH:VAL208	-89.383564	116.412459	General
5LRR:ChainH:GLN209	-105.213871	-4.530308	General
5LRR:ChainH:ASN210	-141.760175	86.849190	General
5LRR:ChainH:LEU211	-72.744915	-30.035776	General
5LRR:ChainH:ASP212	-57.704555	-41.686815	General
5LRR:ChainH:TYR213	-60.287369	-45.954974	General
5LRR:ChainH:LEU214	-62.978279	-46.362744	General
5LRR:ChainH:LYS215	-54.546178	-33.987363	General
5LRR:ChainH:ARG216	-67.567011	-45.640863	General
5LRR:ChainH:TYR217	-98.165794	3.677465	General
5LRR:ChainH:ALA218	-136.585872	63.422526	Pre-Pro
5LRR:ChainH:PRO219	-74.399177	-33.235336	Proline
5LRR:ChainH:LYS220	-64.381911	-45.187145	General
5LRR:ChainH:LEU221	-62.976972	-42.766034	General
5LRR:ChainH:ASP222	-55.923574	-41.360094	General
5LRR:ChainH:GLU223	-61.898556	-38.499396	General
5LRR:ChainH:TRP224	-67.817293	-47.707222	General
5LRR:ChainH:PHE225	-61.228005	-28.458656	General
5LRR:ChainH:TYR226	-74.919703	-37.973979	General
5LRR:ChainH:LEU227	-92.504422	-6.798432	General
5LRR:ChainH:ALA228	-133.477682	-27.714023	General
5LRR:ChainH:CYS229	-135.042675	49.784493	Pre-Pro
5LRR:ChainH:PRO230	-61.837772	-7.967548	Proline
5LRR:ChainH:ALA231	-55.400311	-50.495702	General
5LRR:ChainH:THR232	-91.057755	-22.454230	General
5LRR:ChainH:TRP233	-53.850402	-42.400944	General
5LRR:ChainH:GLY234	-74.412018	-26.499194	Glycine
5LRR:ChainH:LYS235	-53.650832	-38.970065	General
5LRR:ChainH:LEU236	-101.021702	-6.614943	General
