5MLL:ChainA:MET5	-109.453821	118.706039	General
5MLL:ChainA:LYS6	-74.490279	140.414844	General
5MLL:ChainA:SER7	-81.661827	-36.071982	General
5MLL:ChainA:HIS8	60.023775	23.742080	General
5MLL:ChainA:PHE9	-65.077700	143.553245	General
5MLL:ChainA:GLN10	-86.541181	126.075120	General
5MLL:ChainA:TYR11	-138.741206	154.073149	General
5MLL:ChainA:SER12	-127.148224	-151.710354	General
5MLL:ChainA:THR13	-129.059095	152.356456	General
5MLL:ChainA:LEU14	-65.566549	142.846179	General
5MLL:ChainA:GLU15	-65.854257	-49.763264	General
5MLL:ChainA:ASN16	-123.131761	140.436545	General
5MLL:ChainA:ILE17	-66.903837	123.854337	Pre-Pro
5MLL:ChainA:PRO18	-48.762749	135.820589	Proline
5MLL:ChainA:LYS19	-60.599722	-25.797135	General
5MLL:ChainA:ALA20	-55.578245	-28.253072	General
5MLL:ChainA:PHE21	-77.763913	-5.937083	General
5MLL:ChainA:ASP22	-58.030639	-28.081710	General
5MLL:ChainA:ILE23	-71.272558	-14.115590	General
5MLL:ChainA:LEU24	-72.348784	152.162954	General
5MLL:ChainA:LYS25	-70.546184	-46.419056	General
5MLL:ChainA:ASP26	-119.899646	74.032432	Pre-Pro
5MLL:ChainA:PRO27	-66.911750	143.464960	Proline
5MLL:ChainA:PRO28	-58.380035	141.613598	Proline
5MLL:ChainA:LYS29	-99.230681	-14.772515	General
5MLL:ChainA:LYS30	-137.301913	139.770853	General
5MLL:ChainA:LEU31	-129.514041	125.708301	General
5MLL:ChainA:TYR32	-86.592401	148.170659	General
5MLL:ChainA:CYS33	-145.858234	146.387110	General
5MLL:ChainA:VAL34	-140.467361	133.150084	General
5MLL:ChainA:GLY35	108.209792	-153.346704	Glycine
5MLL:ChainA:ASP36	-91.855580	101.621435	General
5MLL:ChainA:THR37	-70.975975	-14.701189	General
5MLL:ChainA:LYS38	-66.690751	-23.283744	General
5MLL:ChainA:LEU39	-55.892056	-19.170052	General
5MLL:ChainA:LEU40	-75.848793	-23.417060	General
5MLL:ChainA:ASP41	-96.337678	42.267188	General
5MLL:ChainA:THR42	-113.069576	153.273396	Pre-Pro
5MLL:ChainA:PRO43	-70.247473	-32.168156	Proline
5MLL:ChainA:LEU44	-127.281957	115.678675	General
5MLL:ChainA:LYS45	-111.218928	127.774717	General
5MLL:ChainA:VAL46	-118.967606	113.975246	General
5MLL:ChainA:ALA47	-75.051477	129.869144	General
5MLL:ChainA:ILE48	-123.754357	113.738142	General
5MLL:ChainA:ILE49	-138.945468	160.804299	General
5MLL:ChainA:GLY50	163.317291	-163.476284	Glycine
5MLL:ChainA:THR51	-57.397681	148.015272	General
5MLL:ChainA:ARG52	-70.964772	-11.349528	General
5MLL:ChainA:ARG53	-129.041359	58.736952	Pre-Pro
5MLL:ChainA:PRO54	-69.449151	147.374432	Proline
5MLL:ChainA:THR55	-66.669351	163.561656	Pre-Pro
5MLL:ChainA:PRO56	-57.155379	-35.866934	Proline
5MLL:ChainA:TYR57	-60.341609	-53.189958	General
5MLL:ChainA:SER58	-60.075994	-41.821355	General
5MLL:ChainA:LYS59	-62.234461	-45.910167	General
5MLL:ChainA:GLN60	-56.711136	-44.019465	General
5MLL:ChainA:HIS61	-81.128550	-28.528628	General
5MLL:ChainA:THR62	-61.546124	-42.755819	General
5MLL:ChainA:ILE63	-62.278205	-47.806378	General
5MLL:ChainA:THR64	-59.468727	-46.882846	General
5MLL:ChainA:LEU65	-58.270466	-51.583099	General
5MLL:ChainA:ALA66	-61.592122	-50.824505	General
5MLL:ChainA:ARG67	-62.017231	-47.035026	General
5MLL:ChainA:GLU68	-73.825084	-37.698781	General
5MLL:ChainA:LEU69	-65.769000	-42.759832	General
5MLL:ChainA:ALA70	-65.556500	-41.647517	General
5MLL:ChainA:LYS71	-54.544890	-31.572071	General
5MLL:ChainA:ASN72	-102.011637	21.730003	General
5MLL:ChainA:GLY73	85.895013	7.405494	Glycine
5MLL:ChainA:ALA74	-77.469511	154.925533	General
5MLL:ChainA:VAL75	-112.806096	129.260852	General
5MLL:ChainA:ILE76	-89.252377	127.625927	General
5MLL:ChainA:VAL77	-108.343775	133.133771	General
5MLL:ChainA:SER78	-157.073791	-169.637132	General
5MLL:ChainA:GLY79	-114.082463	9.183314	Glycine
5MLL:ChainA:GLY80	65.449272	16.120655	Glycine
5MLL:ChainA:ALA81	-69.923462	162.275108	General
5MLL:ChainA:LEU82	-56.346698	148.965128	General
5MLL:ChainA:GLY83	87.733322	-135.934493	Glycine
5MLL:ChainA:VAL84	-48.500753	-49.852475	General
5MLL:ChainA:ASP85	-51.436649	-58.874156	General
5MLL:ChainA:ILE86	-76.119736	-25.586714	General
5MLL:ChainA:ILE87	-63.802994	-51.337306	General
5MLL:ChainA:ALA88	-58.530412	-44.963169	General
5MLL:ChainA:GLN89	-69.846524	-41.428317	General
5MLL:ChainA:GLU90	-61.032953	-41.361871	General
5MLL:ChainA:ASN91	-81.174383	-5.537267	General
5MLL:ChainA:ALA92	-101.583241	-9.196274	General
5MLL:ChainA:LEU93	-52.150289	136.430713	Pre-Pro
5MLL:ChainA:PRO94	-95.848501	4.557198	Proline
5MLL:ChainA:LYS95	-86.378480	68.973629	General
5MLL:ChainA:THR96	-151.130114	147.232738	General
5MLL:ChainA:ILE97	-125.127658	122.767250	General
5MLL:ChainA:MET98	-98.167075	133.912519	General
5MLL:ChainA:LEU99	-98.608596	110.192500	General
5MLL:ChainA:SER100	-81.946355	139.890105	Pre-Pro
5MLL:ChainA:PRO101	-85.413304	-3.602750	Proline
5MLL:ChainA:CYS102	-126.169836	173.027270	General
5MLL:ChainA:SER103	-73.957080	159.378563	General
5MLL:ChainA:LEU104	-75.602649	-3.809267	General
5MLL:ChainA:ASP105	-82.808191	-7.033791	General
5MLL:ChainA:PHE106	-120.592003	153.645129	General
5MLL:ChainA:ILE107	-102.339270	131.143113	General
5MLL:ChainA:TYR108	-150.631849	129.132559	Pre-Pro
5MLL:ChainA:PRO109	-80.671625	153.354109	Proline
5MLL:ChainA:THR110	-58.157687	-38.669390	General
5MLL:ChainA:ASN111	-53.863906	-26.088890	General
5MLL:ChainA:ASN112	-97.821945	16.124886	General
5MLL:ChainA:HIS113	-58.145508	-39.292736	General
5MLL:ChainA:LYS114	-59.256842	-53.275082	General
5MLL:ChainA:VAL115	-67.620452	-37.512561	General
5MLL:ChainA:ILE116	-64.302786	-39.987780	General
5MLL:ChainA:GLN117	-61.875701	-35.880714	General
5MLL:ChainA:GLU118	-64.215757	-39.524310	General
5MLL:ChainA:ILE119	-67.207149	-41.049138	General
5MLL:ChainA:ALA120	-61.687769	-33.607164	General
5MLL:ChainA:GLN121	-81.676847	-37.886681	General
5MLL:ChainA:ASN122	-120.904796	-28.353566	General
5MLL:ChainA:GLY123	-103.825149	-136.420634	Glycine
5MLL:ChainA:LEU124	-145.985274	135.573860	General
5MLL:ChainA:ILE125	-118.721382	131.777338	General
5MLL:ChainA:LEU126	-116.400331	148.028441	General
5MLL:ChainA:SER127	-140.268171	147.194772	General
5MLL:ChainA:GLU128	-79.342641	-12.417969	General
5MLL:ChainA:TYR129	-109.460351	128.388523	General
5MLL:ChainA:GLU130	-67.570998	-52.728651	General
5MLL:ChainA:LYS131	-163.977113	159.915023	General
5MLL:ChainA:ASP132	49.166691	37.005196	General
5MLL:ChainA:PHE133	-121.164957	111.485535	General
5MLL:ChainA:MET134	-101.503427	147.923985	Pre-Pro
5MLL:ChainA:PRO135	-69.221875	140.964722	Proline
5MLL:ChainA:ILE136	-112.667067	-179.191476	General
5MLL:ChainA:LYS137	-49.968814	-49.336415	General
5MLL:ChainA:GLY138	-60.441131	-29.177800	Glycine
5MLL:ChainA:SER139	-68.837286	-43.253973	General
5MLL:ChainA:PHE140	-59.099437	-44.947207	General
5MLL:ChainA:LEU141	-63.770707	-43.255964	General
5MLL:ChainA:ALA142	-63.044015	-43.659491	General
5MLL:ChainA:ARG143	-57.271547	-41.118665	General
5MLL:ChainA:ASN144	-60.924452	-36.212285	General
5MLL:ChainA:ARG145	-62.530475	-37.011307	General
5MLL:ChainA:LEU146	-65.363225	-46.357307	General
5MLL:ChainA:VAL147	-54.990911	-47.770867	General
5MLL:ChainA:ILE148	-72.213852	-47.188484	General
5MLL:ChainA:ALA149	-56.286465	-40.725808	General
5MLL:ChainA:LEU150	-70.689953	-25.167922	General
5MLL:ChainA:SER151	-91.537116	148.544402	General
5MLL:ChainA:ASP152	-79.212962	-38.980841	General
5MLL:ChainA:VAL153	-140.434112	153.542538	General
5MLL:ChainA:VAL154	-120.978269	132.090424	General
5MLL:ChainA:ILE155	-115.519095	127.408119	General
5MLL:ChainA:ILE156	-117.745790	100.311246	Pre-Pro
5MLL:ChainA:PRO157	-67.029539	-39.255618	Proline
5MLL:ChainA:GLN158	-155.717491	140.594143	General
5MLL:ChainA:ALA159	-165.176781	144.471664	General
5MLL:ChainA:ASP160	-84.615740	162.888556	General
5MLL:ChainA:LEU161	-65.689601	151.913158	General
5MLL:ChainA:LYS162	48.690941	69.865526	General
5MLL:ChainA:SER163	-139.303343	167.337654	General
5MLL:ChainA:GLY164	-54.305885	-38.453133	Glycine
5MLL:ChainA:SER165	-61.039835	-32.210126	General
5MLL:ChainA:MET166	-72.632694	-40.599650	General
5MLL:ChainA:SER167	-64.412089	-36.126258	General
5MLL:ChainA:SER168	-67.568591	-32.678495	General
5MLL:ChainA:ALA169	-62.424240	-42.958027	General
5MLL:ChainA:ARG170	-67.179958	-27.140782	General
5MLL:ChainA:LEU171	-68.589928	-42.301502	General
5MLL:ChainA:ALA172	-59.477209	-38.455150	General
5MLL:ChainA:GLN173	-65.838414	-49.027084	General
5MLL:ChainA:LYS174	-56.017123	-50.374814	General
5MLL:ChainA:TYR175	-86.963989	6.838024	General
5MLL:ChainA:GLN176	55.574732	45.653370	General
5MLL:ChainA:LYS177	-97.230307	131.195631	Pre-Pro
5MLL:ChainA:PRO178	-52.182615	126.620000	Proline
5MLL:ChainA:LEU179	-115.318580	129.127072	General
5MLL:ChainA:PHE180	-128.341649	145.866495	General
5MLL:ChainA:VAL181	-134.541452	158.801110	General
5MLL:ChainA:LEU182	-74.806121	150.787587	Pre-Pro
5MLL:ChainA:PRO183	-65.192137	133.611478	Proline
5MLL:ChainA:GLN184	-133.419118	148.587220	General
5MLL:ChainA:ARG185	-62.777430	150.434141	General
5MLL:ChainA:LEU186	-48.780903	140.877739	General
5MLL:ChainA:ASN187	66.904861	9.578413	General
5MLL:ChainA:GLU188	-119.620581	146.629463	General
5MLL:ChainA:SER189	47.613559	56.052867	General
5MLL:ChainA:ASP190	-58.729069	-32.949863	General
5MLL:ChainA:GLY191	-58.253854	-52.808031	Glycine
5MLL:ChainA:THR192	-74.237928	-31.324314	General
5MLL:ChainA:ASN193	-68.693031	-32.632511	General
5MLL:ChainA:GLU194	-70.434054	-32.013748	General
5MLL:ChainA:LEU195	-61.464967	-44.264176	General
5MLL:ChainA:LEU196	-63.266624	-44.152076	General
5MLL:ChainA:GLU197	-59.012773	-43.501688	General
5MLL:ChainA:LYS198	-86.173283	0.955650	General
5MLL:ChainA:GLY199	69.077766	19.654329	Glycine
5MLL:ChainA:GLN200	-85.965047	-6.794940	General
5MLL:ChainA:ALA201	-145.373216	155.202579	General
5MLL:ChainA:GLN202	-106.833400	146.416848	General
5MLL:ChainA:GLY203	-84.646853	149.202660	Glycine
5MLL:ChainA:ILE204	-96.046690	84.676247	General
5MLL:ChainA:PHE205	-86.686396	-8.018253	General
5MLL:ChainA:ASN206	-153.289309	120.620913	General
5MLL:ChainA:ILE207	-73.006160	-37.191994	General
5MLL:ChainA:GLN208	-64.881360	-46.301396	General
5MLL:ChainA:ASN209	-65.280525	-42.175310	General
5MLL:ChainA:PHE210	-57.053116	-50.135883	General
5MLL:ChainA:ILE211	-62.394842	-50.927805	General
5MLL:ChainA:ASN212	-62.068844	-45.826156	General
5MLL:ChainA:THR213	-55.682964	-43.801373	General
5MLL:ChainA:LEU214	-64.696141	-44.693681	General
5MLL:ChainA:LEU215	-68.863275	-29.494169	General
5MLL:ChainA:LYS216	-73.086665	-49.064706	General
5MLL:ChainA:ASP217	-57.614540	-30.222111	General
5MLL:ChainA:TYR218	-106.123238	7.380623	General
5MLL:ChainA:HIS219	60.043252	44.841464	General
5MLL:ChainA:LEU220	-92.631237	-32.563626	General
5MLL:ChainB:ARG4	-98.849435	139.687304	General
5MLL:ChainB:MET5	-92.186559	115.789194	General
5MLL:ChainB:LYS6	-67.940615	138.006683	General
5MLL:ChainB:SER7	-83.082388	-33.080745	General
5MLL:ChainB:HIS8	57.092175	26.001984	General
5MLL:ChainB:PHE9	-72.355280	142.499954	General
5MLL:ChainB:GLN10	-91.810597	120.759518	General
5MLL:ChainB:TYR11	-136.696089	157.867792	General
5MLL:ChainB:SER12	-129.220915	-154.778924	General
5MLL:ChainB:THR13	-126.038783	157.998325	General
5MLL:ChainB:LEU14	-75.108398	140.378411	General
5MLL:ChainB:GLU15	-58.914868	-50.892672	General
5MLL:ChainB:ASN16	-127.491147	147.341201	General
5MLL:ChainB:ILE17	-68.164515	120.684941	Pre-Pro
5MLL:ChainB:PRO18	-46.857920	140.796560	Proline
5MLL:ChainB:LYS19	-65.710639	-28.490039	General
5MLL:ChainB:ALA20	-54.403657	-29.376606	General
5MLL:ChainB:PHE21	-76.216655	-6.571762	General
5MLL:ChainB:ASP22	-65.874499	-18.905831	General
5MLL:ChainB:ILE23	-75.402494	-17.156019	General
5MLL:ChainB:LEU24	-69.187207	144.886395	General
5MLL:ChainB:LYS25	-64.412425	-35.935268	General
5MLL:ChainB:ASP26	-131.632328	79.717087	Pre-Pro
5MLL:ChainB:PRO27	-67.594352	153.981061	Proline
5MLL:ChainB:PRO28	-66.716642	143.501690	Proline
5MLL:ChainB:LYS29	-94.963985	-21.184952	General
5MLL:ChainB:LYS30	-142.692642	138.205313	General
5MLL:ChainB:LEU31	-123.965923	123.012300	General
5MLL:ChainB:TYR32	-83.346358	147.913637	General
5MLL:ChainB:CYS33	-143.378503	145.687384	General
5MLL:ChainB:VAL34	-139.327683	134.782459	General
5MLL:ChainB:GLY35	104.889776	-154.266152	Glycine
5MLL:ChainB:ASP36	-90.545036	100.008434	General
5MLL:ChainB:THR37	-67.786672	-18.596301	General
5MLL:ChainB:LYS38	-64.283639	-23.501594	General
5MLL:ChainB:LEU39	-57.457133	-20.479377	General
5MLL:ChainB:LEU40	-74.407154	-22.823525	General
5MLL:ChainB:ASP41	-96.438478	45.058029	General
5MLL:ChainB:THR42	-115.307812	144.156071	Pre-Pro
5MLL:ChainB:PRO43	-63.589321	-34.272237	Proline
5MLL:ChainB:LEU44	-127.186133	115.330729	General
5MLL:ChainB:LYS45	-114.505004	121.730283	General
5MLL:ChainB:VAL46	-113.874041	113.443679	General
5MLL:ChainB:ALA47	-74.308932	132.615973	General
5MLL:ChainB:ILE48	-128.173134	112.534880	General
5MLL:ChainB:ILE49	-137.450092	156.941919	General
5MLL:ChainB:GLY50	171.597258	-169.157326	Glycine
5MLL:ChainB:THR51	-53.782026	150.601623	General
5MLL:ChainB:ARG52	-63.702192	-23.728288	General
5MLL:ChainB:ARG53	-132.071562	72.168418	Pre-Pro
5MLL:ChainB:PRO54	-72.503001	148.319537	Proline
5MLL:ChainB:THR55	-66.560464	163.770854	Pre-Pro
5MLL:ChainB:PRO56	-56.489455	-34.170951	Proline
5MLL:ChainB:TYR57	-60.716551	-53.627273	General
5MLL:ChainB:SER58	-62.676866	-41.098906	General
5MLL:ChainB:LYS59	-61.118955	-42.637329	General
5MLL:ChainB:GLN60	-58.609535	-45.552873	General
5MLL:ChainB:HIS61	-79.726937	-33.468428	General
5MLL:ChainB:THR62	-55.798248	-47.145044	General
5MLL:ChainB:ILE63	-57.525653	-47.553393	General
5MLL:ChainB:THR64	-63.281072	-44.799441	General
5MLL:ChainB:LEU65	-61.902627	-51.158883	General
5MLL:ChainB:ALA66	-58.454809	-49.424636	General
5MLL:ChainB:ARG67	-63.144692	-51.519178	General
5MLL:ChainB:GLU68	-70.557385	-37.974264	General
5MLL:ChainB:LEU69	-64.382462	-42.099740	General
5MLL:ChainB:ALA70	-64.106054	-47.282767	General
5MLL:ChainB:LYS71	-53.677584	-30.591630	General
5MLL:ChainB:ASN72	-100.073829	19.085678	General
5MLL:ChainB:GLY73	93.447896	5.027143	Glycine
5MLL:ChainB:ALA74	-82.588188	162.176332	General
5MLL:ChainB:VAL75	-115.889257	129.122955	General
5MLL:ChainB:ILE76	-90.439634	124.762781	General
5MLL:ChainB:VAL77	-108.006762	135.994648	General
5MLL:ChainB:SER78	-160.549595	-170.420797	General
5MLL:ChainB:GLY79	-110.648304	7.019251	Glycine
5MLL:ChainB:GLY80	66.609061	14.356348	Glycine
5MLL:ChainB:ALA81	-74.851897	164.133271	General
5MLL:ChainB:LEU82	-54.942798	144.016237	General
5MLL:ChainB:GLY83	88.989476	-132.974225	Glycine
5MLL:ChainB:VAL84	-50.206834	-47.170464	General
5MLL:ChainB:ASP85	-49.718023	-58.070645	General
5MLL:ChainB:ILE86	-77.552151	-23.778294	General
5MLL:ChainB:ILE87	-65.660407	-49.706761	General
5MLL:ChainB:ALA88	-62.966671	-42.315610	General
5MLL:ChainB:GLN89	-70.403130	-42.928926	General
5MLL:ChainB:GLU90	-59.187731	-41.479921	General
5MLL:ChainB:ASN91	-81.171555	-7.109390	General
5MLL:ChainB:ALA92	-99.075266	-9.914081	General
5MLL:ChainB:LEU93	-50.760966	134.529002	Pre-Pro
5MLL:ChainB:PRO94	-91.240601	-0.279976	Proline
5MLL:ChainB:LYS95	-81.924319	66.156853	General
5MLL:ChainB:THR96	-150.467609	145.169479	General
5MLL:ChainB:ILE97	-120.862684	121.835398	General
5MLL:ChainB:MET98	-97.994607	138.058100	General
5MLL:ChainB:LEU99	-100.749397	109.823843	General
5MLL:ChainB:SER100	-83.077592	137.476301	Pre-Pro
5MLL:ChainB:PRO101	-82.745485	-5.520142	Proline
5MLL:ChainB:CYS102	-124.791521	168.609705	General
5MLL:ChainB:SER103	-68.697981	158.267130	General
5MLL:ChainB:LEU104	-76.808695	-4.033627	General
5MLL:ChainB:ASP105	-80.629805	-6.993278	General
5MLL:ChainB:PHE106	-120.255868	156.175168	General
5MLL:ChainB:ILE107	-105.560388	131.888015	General
5MLL:ChainB:TYR108	-151.693418	130.862540	Pre-Pro
5MLL:ChainB:PRO109	-78.054991	152.615751	Proline
5MLL:ChainB:THR110	-60.341175	-33.195753	General
5MLL:ChainB:ASN111	-62.454530	-22.673175	General
5MLL:ChainB:ASN112	-93.306476	18.664253	General
5MLL:ChainB:HIS113	-58.620646	-40.433284	General
5MLL:ChainB:LYS114	-63.909486	-48.879610	General
5MLL:ChainB:VAL115	-67.910845	-40.593584	General
5MLL:ChainB:ILE116	-61.302870	-39.426568	General
5MLL:ChainB:GLN117	-59.923951	-41.491924	General
5MLL:ChainB:GLU118	-69.929063	-30.929268	General
5MLL:ChainB:ILE119	-64.668055	-42.839322	General
5MLL:ChainB:ALA120	-61.943539	-31.906361	General
5MLL:ChainB:GLN121	-85.592429	-33.836505	General
5MLL:ChainB:ASN122	-119.960795	-32.884282	General
5MLL:ChainB:GLY123	-100.764688	-142.342594	Glycine
5MLL:ChainB:LEU124	-140.848323	138.013266	General
5MLL:ChainB:ILE125	-121.645534	132.359517	General
5MLL:ChainB:LEU126	-117.388497	149.090959	General
5MLL:ChainB:SER127	-143.422124	143.173161	General
5MLL:ChainB:GLU128	-80.545892	-10.522045	General
5MLL:ChainB:TYR129	-110.970712	130.207683	General
5MLL:ChainB:GLU130	-68.656305	-53.741326	General
5MLL:ChainB:LYS131	-163.107786	158.344452	General
5MLL:ChainB:ASP132	50.212629	38.544307	General
5MLL:ChainB:PHE133	-122.318810	107.839192	General
5MLL:ChainB:MET134	-97.599704	150.463251	Pre-Pro
5MLL:ChainB:PRO135	-68.645959	140.699875	Proline
5MLL:ChainB:ILE136	-113.059098	179.100723	General
5MLL:ChainB:LYS137	-48.644379	-48.725822	General
5MLL:ChainB:GLY138	-66.648571	-22.974897	Glycine
5MLL:ChainB:SER139	-71.695589	-39.298232	General
5MLL:ChainB:PHE140	-62.513317	-42.990928	General
5MLL:ChainB:LEU141	-64.605715	-42.846294	General
5MLL:ChainB:ALA142	-63.145108	-44.021977	General
5MLL:ChainB:ARG143	-58.296822	-39.600588	General
5MLL:ChainB:ASN144	-60.973980	-36.154709	General
5MLL:ChainB:ARG145	-63.951127	-32.898648	General
5MLL:ChainB:LEU146	-70.927638	-42.107931	General
5MLL:ChainB:VAL147	-56.903425	-50.276395	General
5MLL:ChainB:ILE148	-68.619557	-49.539986	General
5MLL:ChainB:ALA149	-57.848976	-40.757153	General
5MLL:ChainB:LEU150	-65.281823	-28.179534	General
5MLL:ChainB:SER151	-90.467348	153.495420	General
5MLL:ChainB:ASP152	-86.590320	-41.046603	General
5MLL:ChainB:VAL153	-136.185064	157.598697	General
5MLL:ChainB:VAL154	-122.660103	129.066683	General
5MLL:ChainB:ILE155	-114.534769	128.655310	General
5MLL:ChainB:ILE156	-124.176614	94.412185	Pre-Pro
5MLL:ChainB:PRO157	-60.134663	-41.062885	Proline
5MLL:ChainB:GLN158	-157.776664	137.995263	General
5MLL:ChainB:ALA159	-163.654938	145.054550	General
5MLL:ChainB:ASP160	-86.604416	166.538632	General
5MLL:ChainB:LEU161	-59.816902	-50.837019	General
5MLL:ChainB:LYS162	-98.726356	89.828068	General
5MLL:ChainB:SER163	-147.593575	153.923276	General
5MLL:ChainB:GLY164	-55.492285	-42.320670	Glycine
5MLL:ChainB:SER165	-52.623483	-31.746167	General
5MLL:ChainB:MET166	-74.256536	-32.069535	General
5MLL:ChainB:SER167	-61.455258	-42.034378	General
5MLL:ChainB:SER168	-71.260855	-24.427764	General
5MLL:ChainB:ALA169	-64.079734	-44.001388	General
5MLL:ChainB:ARG170	-66.416155	-32.441372	General
5MLL:ChainB:LEU171	-64.359278	-41.626362	General
5MLL:ChainB:ALA172	-60.345139	-40.306117	General
5MLL:ChainB:GLN173	-70.804026	-48.809036	General
5MLL:ChainB:LYS174	-51.035635	-40.701308	General
5MLL:ChainB:TYR175	-103.027689	17.294905	General
5MLL:ChainB:GLN176	56.385697	43.840339	General
5MLL:ChainB:LYS177	-101.142524	124.626290	Pre-Pro
5MLL:ChainB:PRO178	-51.882205	127.300008	Proline
5MLL:ChainB:LEU179	-113.931033	126.970840	General
5MLL:ChainB:PHE180	-125.186333	146.298978	General
5MLL:ChainB:VAL181	-134.231621	165.202571	General
5MLL:ChainB:LEU182	-82.873290	147.711922	Pre-Pro
5MLL:ChainB:PRO183	-56.320646	130.114036	Proline
5MLL:ChainB:GLN184	-135.731896	143.881582	General
5MLL:ChainB:ARG185	-60.040551	148.537579	General
5MLL:ChainB:LEU186	-48.359811	143.938522	General
5MLL:ChainB:ASN187	67.048820	2.270966	General
5MLL:ChainB:GLU188	-110.604279	146.771721	General
5MLL:ChainB:SER189	49.426394	55.359729	General
5MLL:ChainB:ASP190	-62.655442	-31.265388	General
5MLL:ChainB:GLY191	-54.703724	-54.239007	Glycine
5MLL:ChainB:THR192	-73.720500	-30.485792	General
5MLL:ChainB:ASN193	-70.454540	-33.177485	General
5MLL:ChainB:GLU194	-66.564301	-36.775882	General
5MLL:ChainB:LEU195	-59.292571	-43.943720	General
5MLL:ChainB:LEU196	-64.890646	-41.403788	General
5MLL:ChainB:GLU197	-63.021960	-45.691771	General
5MLL:ChainB:LYS198	-76.581196	-0.588243	General
5MLL:ChainB:GLY199	67.593343	17.361073	Glycine
5MLL:ChainB:GLN200	-83.002461	-10.003439	General
5MLL:ChainB:ALA201	-142.267462	154.766172	General
5MLL:ChainB:GLN202	-100.452774	146.391377	General
5MLL:ChainB:GLY203	-86.603249	146.134113	Glycine
5MLL:ChainB:ILE204	-96.817038	81.063669	General
5MLL:ChainB:PHE205	-81.826396	-1.147948	General
5MLL:ChainB:ASN206	-161.744475	112.284758	General
5MLL:ChainB:ILE207	-62.190740	-48.868292	General
5MLL:ChainB:GLN208	-62.285602	-43.409160	General
5MLL:ChainB:ASN209	-63.529214	-45.898837	General
5MLL:ChainB:PHE210	-55.877868	-52.010980	General
5MLL:ChainB:ILE211	-56.833817	-53.876660	General
5MLL:ChainB:ASN212	-59.277309	-39.239259	General
5MLL:ChainB:THR213	-62.494904	-44.064664	General
5MLL:ChainB:LEU214	-60.495135	-48.384972	General
5MLL:ChainB:LEU215	-62.978226	-34.734074	General
5MLL:ChainB:LYS216	-69.117672	-50.172031	General
5MLL:ChainB:ASP217	-55.111768	-29.796464	General
5MLL:ChainB:TYR218	-109.610207	13.160529	General
5MLL:ChainB:HIS219	58.290873	59.592331	General
