5NL9:ChainA:MET1	-68.308533	-30.417600	General
5NL9:ChainA:LYS2	-69.677501	-40.287414	General
5NL9:ChainA:ASP3	-65.859459	-49.244555	General
5NL9:ChainA:SER4	-60.358895	-36.768967	General
5NL9:ChainA:TYR5	-66.635905	-46.557269	General
5NL9:ChainA:GLU6	-63.073982	-40.964276	General
5NL9:ChainA:ARG7	-64.077238	-45.995102	General
5NL9:ChainA:SER8	-71.220401	-31.014318	General
5NL9:ChainA:LYS9	-66.319331	-43.520687	General
5NL9:ChainA:LYS10	-66.789871	-42.836138	General
5NL9:ChainA:ILE11	-56.391805	-49.485144	General
5NL9:ChainA:LEU12	-65.821780	-42.799235	General
5NL9:ChainA:GLU13	-67.078631	-42.698346	General
5NL9:ChainA:ASP14	-59.558602	-36.270583	General
5NL9:ChainA:ALA15	-85.550243	-2.963536	General
5NL9:ChainA:GLY16	70.560658	29.076017	Glycine
5NL9:ChainA:ILE17	-95.029954	132.622162	General
5NL9:ChainA:ASN18	-65.910882	129.421522	General
5NL9:ChainA:VAL19	-73.979108	132.522161	General
5NL9:ChainA:THR20	-138.717260	160.414143	General
5NL9:ChainA:VAL21	-61.859253	-42.892748	General
5NL9:ChainA:GLN22	-61.099606	-41.785880	General
5NL9:ChainA:ARG23	-66.910235	-34.319735	General
5NL9:ChainA:LEU24	-68.269166	-38.837179	General
5NL9:ChainA:GLN25	-69.119662	-40.703792	General
5NL9:ChainA:MET26	-66.578088	-41.339890	General
5NL9:ChainA:ALA27	-60.447663	-44.477912	General
5NL9:ChainA:ASN28	-64.291057	-48.881034	General
5NL9:ChainA:LEU29	-65.483214	-40.280589	General
5NL9:ChainA:LEU30	-78.610242	-40.982078	General
5NL9:ChainA:LEU31	-94.758050	8.404226	General
5NL9:ChainA:SER32	-71.535663	-32.894148	General
5NL9:ChainA:LYS33	-144.595020	155.856249	Pre-Pro
5NL9:ChainA:PRO34	-70.279237	122.813747	Proline
5NL9:ChainA:GLN35	-153.459261	163.097234	General
5NL9:ChainA:HIS36	-134.007808	105.645404	General
5NL9:ChainA:LEU37	-124.035909	147.542459	General
5NL9:ChainA:THR38	-77.368624	169.523340	General
5NL9:ChainA:ALA39	-56.559745	-43.429592	General
5NL9:ChainA:ASP40	-65.383099	-36.838876	General
5NL9:ChainA:GLN41	-68.881110	-31.713817	General
5NL9:ChainA:VAL42	-66.947450	-47.242570	General
5NL9:ChainA:PHE43	-57.124130	-45.961877	General
5NL9:ChainA:GLN44	-58.266559	-46.061906	General
5NL9:ChainA:LEU45	-62.828393	-51.187743	General
5NL9:ChainA:ILE46	-65.859358	-44.404390	General
5NL9:ChainA:ASN47	-57.979327	-36.451534	General
5NL9:ChainA:GLU48	-61.865216	-36.394537	General
5NL9:ChainA:HIS49	-95.564380	-28.171632	General
5NL9:ChainA:MET50	-130.954178	73.761174	Pre-Pro
5NL9:ChainA:PRO51	-63.953985	-15.766806	Proline
5NL9:ChainA:ASN52	-92.854993	-3.019390	General
5NL9:ChainA:ALA53	-76.881309	132.840929	General
5NL9:ChainA:SER54	-73.934142	152.350733	General
5NL9:ChainA:ARG55	-57.882554	-42.969420	General
5NL9:ChainA:ALA56	-62.272107	-43.539356	General
5NL9:ChainA:THR57	-67.779309	-40.298015	General
5NL9:ChainA:ILE58	-63.612269	-48.574935	General
5NL9:ChainA:PHE59	-58.186351	-45.529976	General
5NL9:ChainA:ASN60	-62.882162	-38.887491	General
5NL9:ChainA:ASN61	-68.205157	-41.538528	General
5NL9:ChainA:LEU62	-59.781715	-44.865635	General
5NL9:ChainA:LYS63	-62.429797	-40.058850	General
5NL9:ChainA:LEU64	-63.888181	-42.332741	General
5NL9:ChainA:PHE65	-61.794229	-40.725385	General
5NL9:ChainA:ALA66	-67.407117	-45.221783	General
5NL9:ChainA:GLU67	-58.334546	-38.068221	General
5NL9:ChainA:LYS68	-90.881525	6.375846	General
5NL9:ChainA:GLY69	70.270471	19.796183	Glycine
5NL9:ChainA:ILE70	-87.020500	-19.040159	General
5NL9:ChainA:VAL71	-125.263240	157.787354	General
5NL9:ChainA:ASN72	-117.881251	142.539354	General
5NL9:ChainA:LEU73	-75.149831	130.801135	General
5NL9:ChainA:LEU74	-130.202745	112.937044	General
5NL9:ChainA:GLU75	-99.924920	131.348233	General
5NL9:ChainA:LEU76	-100.390116	153.660838	General
5NL9:ChainA:LYS77	-67.583266	76.307844	General
5NL9:ChainA:SER78	-175.222432	-10.020387	General
5NL9:ChainA:GLY79	96.439889	-7.656024	Glycine
5NL9:ChainA:ILE80	-70.379690	137.348261	General
5NL9:ChainA:THR81	-105.122532	129.060845	General
5NL9:ChainA:LEU82	-116.515747	147.844415	General
5NL9:ChainA:TYR83	-108.674575	116.070383	General
5NL9:ChainA:ASP84	-101.191876	126.150784	General
5NL9:ChainA:SER85	-87.004895	0.673241	General
5NL9:ChainA:ASN86	-101.500837	112.816678	General
5NL9:ChainA:VAL87	-93.649564	-10.305248	General
5NL9:ChainA:ILE88	-75.447187	137.136847	General
5NL9:ChainA:HIS89	-51.177957	123.728340	General
5NL9:ChainA:HIS90	-155.118394	169.503259	General
5NL9:ChainA:HIS91	-113.354972	-176.386875	General
5NL9:ChainA:HIS92	-138.317318	141.335544	General
5NL9:ChainA:ALA93	-112.483535	135.778481	General
5NL9:ChainA:ILE94	-119.063738	130.965280	General
5NL9:ChainA:ASP95	-86.236413	107.740745	General
5NL9:ChainA:GLU96	-60.824563	-25.432142	General
5NL9:ChainA:LYS97	-66.181525	-35.029421	General
5NL9:ChainA:THR98	-120.350104	-18.828815	General
5NL9:ChainA:GLY99	82.356019	2.614280	Glycine
5NL9:ChainA:GLU100	-65.161524	138.911300	General
5NL9:ChainA:ILE101	-111.524218	133.469954	General
5NL9:ChainA:TYR102	-120.158592	133.341297	General
5NL9:ChainA:ASP103	-75.982212	135.000434	General
5NL9:ChainA:ILE104	-143.570283	149.858880	General
5NL9:ChainA:SER105	-120.951613	161.739170	General
5NL9:ChainA:LEU106	-120.055086	141.619515	General
5NL9:ChainA:ASP107	-55.882895	136.981979	General
5NL9:ChainA:SER108	-55.524145	-42.761333	General
5NL9:ChainA:LYS109	-64.033686	-43.577729	General
5NL9:ChainA:LEU110	-66.819045	-41.518550	General
5NL9:ChainA:GLN111	-62.433220	-43.064487	General
5NL9:ChainA:GLU112	-64.857235	-35.036628	General
5NL9:ChainA:LYS113	-64.744397	-41.542786	General
5NL9:ChainA:VAL114	-63.470605	-51.954111	General
5NL9:ChainA:LEU115	-56.418722	-47.633205	General
5NL9:ChainA:SER116	-59.705707	-49.918657	General
5NL9:ChainA:GLU117	-62.060341	-39.924351	General
5NL9:ChainA:LEU118	-67.450966	-39.739354	General
5NL9:ChainA:LYS119	-61.965744	-37.560456	General
5NL9:ChainA:GLN120	-66.938192	-40.716719	General
5NL9:ChainA:ASP121	-66.633390	-38.016828	General
5NL9:ChainA:PHE122	-59.459812	-47.741789	General
5NL9:ChainA:LYS123	-60.674796	-45.433242	General
5NL9:ChainA:LEU124	-62.863979	-44.096483	General
5NL9:ChainA:LYS125	-72.554399	-36.447425	General
5NL9:ChainA:THR126	-108.564452	-19.248495	General
5NL9:ChainA:GLY127	80.738108	-1.153208	Glycine
5NL9:ChainA:SER128	-115.069872	159.692500	General
5NL9:ChainA:SER129	-97.784521	153.625275	General
5NL9:ChainA:LEU130	-107.194603	120.754768	General
5NL9:ChainA:GLU131	-107.508641	153.385258	General
5NL9:ChainA:ASN132	50.419491	56.071323	General
5NL9:ChainA:CYS133	-77.995825	141.794183	General
5NL9:ChainA:ASN134	-123.294686	143.385278	General
5NL9:ChainA:LEU135	-109.684657	132.086758	General
5NL9:ChainA:SER136	-126.553846	126.046472	General
5NL9:ChainA:ILE137	-120.437476	140.272862	General
5NL9:ChainA:THR138	-127.753709	128.726749	General
5NL9:ChainA:LEU139	-112.839773	116.157758	General
5NL9:ChainA:LYS140	-110.513292	128.260071	General
5NL9:ChainA:GLY141	-160.106690	-177.123115	Glycine
5NL9:ChainA:LYS142	-106.866764	115.111444	General
5NL9:ChainA:LYS143	-71.621489	124.490776	General
5NL9:ChainA:ASN144	-131.880153	114.088925	Pre-Pro
5NL9:ChainB:MET1	-67.982958	-29.183299	General
5NL9:ChainB:LYS2	-69.616365	-42.856025	General
5NL9:ChainB:ASP3	-68.136441	-43.487618	General
5NL9:ChainB:SER4	-63.133556	-35.582375	General
5NL9:ChainB:TYR5	-66.741683	-45.676465	General
5NL9:ChainB:GLU6	-65.210386	-44.947892	General
5NL9:ChainB:ARG7	-58.605845	-46.466715	General
5NL9:ChainB:SER8	-67.722196	-42.349934	General
5NL9:ChainB:LYS9	-58.330025	-45.523178	General
5NL9:ChainB:LYS10	-66.183274	-44.610441	General
5NL9:ChainB:ILE11	-54.630602	-49.644884	General
5NL9:ChainB:LEU12	-65.248716	-49.696009	General
5NL9:ChainB:GLU13	-60.215503	-43.095184	General
5NL9:ChainB:ASP14	-59.752985	-35.255004	General
5NL9:ChainB:ALA15	-86.776329	-2.918623	General
5NL9:ChainB:GLY16	69.520896	30.380601	Glycine
5NL9:ChainB:ILE17	-95.663164	134.544372	General
5NL9:ChainB:ASN18	-65.975021	128.005203	General
5NL9:ChainB:VAL19	-73.497107	132.381043	General
5NL9:ChainB:THR20	-140.055654	159.114265	General
5NL9:ChainB:VAL21	-60.709294	-43.678427	General
5NL9:ChainB:GLN22	-59.974457	-43.485417	General
5NL9:ChainB:ARG23	-67.541582	-32.612323	General
5NL9:ChainB:LEU24	-69.874590	-38.124027	General
5NL9:ChainB:GLN25	-67.984661	-40.620289	General
5NL9:ChainB:MET26	-68.000940	-41.487299	General
5NL9:ChainB:ALA27	-62.049224	-43.784978	General
5NL9:ChainB:ASN28	-64.696335	-48.693659	General
5NL9:ChainB:LEU29	-63.795304	-40.793290	General
5NL9:ChainB:LEU30	-80.376081	-42.626409	General
5NL9:ChainB:LEU31	-98.051950	-4.535031	General
5NL9:ChainB:SER32	-67.718498	-33.653568	General
5NL9:ChainB:LYS33	-127.263081	152.137952	Pre-Pro
5NL9:ChainB:PRO34	-69.535631	122.978352	Proline
5NL9:ChainB:GLN35	-158.208225	159.601348	General
5NL9:ChainB:HIS36	-130.684370	121.575184	General
5NL9:ChainB:LEU37	-128.373292	148.771791	General
5NL9:ChainB:THR38	-78.133336	169.211888	General
5NL9:ChainB:ALA39	-54.514499	-44.753464	General
5NL9:ChainB:ASP40	-65.935797	-36.650203	General
5NL9:ChainB:GLN41	-68.753263	-31.193393	General
5NL9:ChainB:VAL42	-66.689378	-48.625863	General
5NL9:ChainB:PHE43	-58.532377	-45.159818	General
5NL9:ChainB:GLN44	-57.787411	-47.497376	General
5NL9:ChainB:LEU45	-61.922774	-51.781649	General
5NL9:ChainB:ILE46	-65.552220	-45.964548	General
5NL9:ChainB:ASN47	-57.543104	-40.644440	General
5NL9:ChainB:GLU48	-56.895135	-43.523619	General
5NL9:ChainB:HIS49	-89.898360	-25.597810	General
5NL9:ChainB:MET50	-131.036467	73.015812	Pre-Pro
5NL9:ChainB:PRO51	-66.089536	-14.037233	Proline
5NL9:ChainB:ASN52	-90.742259	-3.922166	General
5NL9:ChainB:ALA53	-81.255016	129.207700	General
5NL9:ChainB:SER54	-72.012688	155.819676	General
5NL9:ChainB:ARG55	-58.247194	-41.375043	General
5NL9:ChainB:ALA56	-62.424442	-44.398353	General
5NL9:ChainB:THR57	-67.097090	-39.652625	General
5NL9:ChainB:ILE58	-63.733687	-48.500470	General
5NL9:ChainB:PHE59	-67.628015	-35.216351	General
5NL9:ChainB:ASN60	-64.744332	-40.029072	General
5NL9:ChainB:ASN61	-67.732325	-42.717967	General
5NL9:ChainB:LEU62	-59.227537	-45.007300	General
5NL9:ChainB:LYS63	-61.865821	-40.335393	General
5NL9:ChainB:LEU64	-64.972633	-43.792951	General
5NL9:ChainB:PHE65	-60.027841	-42.101851	General
5NL9:ChainB:ALA66	-69.277683	-41.940342	General
5NL9:ChainB:GLU67	-57.812984	-38.897326	General
5NL9:ChainB:LYS68	-92.199310	6.170189	General
5NL9:ChainB:GLY69	70.102914	17.591259	Glycine
5NL9:ChainB:ILE70	-83.516147	-19.797216	General
5NL9:ChainB:VAL71	-123.681346	140.155122	General
5NL9:ChainB:ASN72	-100.554527	131.890377	General
5NL9:ChainB:LEU73	-83.645581	137.958418	General
5NL9:ChainB:LEU74	-108.141022	107.584154	General
5NL9:ChainB:GLU75	-98.229298	96.951534	General
5NL9:ChainB:LEU76	-71.688939	147.259589	General
5NL9:ChainB:LYS77	-59.128901	-25.938802	General
5NL9:ChainB:SER78	-73.834179	-6.961611	General
5NL9:ChainB:GLY79	96.756209	-9.238853	Glycine
5NL9:ChainB:ILE80	-73.690073	136.637283	General
5NL9:ChainB:THR81	-112.994166	128.157653	General
5NL9:ChainB:LEU82	-113.589355	149.069998	General
5NL9:ChainB:TYR83	-106.480472	110.178049	General
5NL9:ChainB:ASP84	-100.841341	126.502365	General
5NL9:ChainB:SER85	-90.966108	-5.017151	General
5NL9:ChainB:ASN86	-74.312233	67.031335	General
5NL9:ChainB:VAL87	-119.439552	140.838277	General
5NL9:ChainB:ILE88	-97.406565	113.876090	General
5NL9:ChainB:HIS89	-95.095265	18.571120	General
5NL9:ChainB:HIS90	-140.566437	174.276391	General
5NL9:ChainB:HIS91	-111.186377	-177.327768	General
5NL9:ChainB:HIS92	-138.642880	140.715171	General
5NL9:ChainB:ALA93	-109.755535	135.948558	General
5NL9:ChainB:ILE94	-118.200498	128.919452	General
5NL9:ChainB:ASP95	-82.178069	100.407767	General
5NL9:ChainB:GLU96	-54.122383	-25.559244	General
5NL9:ChainB:LYS97	-71.133942	-60.778375	General
5NL9:ChainB:THR98	-86.485343	-20.432633	General
5NL9:ChainB:GLY99	83.986348	0.792666	Glycine
5NL9:ChainB:GLU100	-66.063923	140.298753	General
5NL9:ChainB:ILE101	-112.243488	133.430431	General
5NL9:ChainB:TYR102	-120.511292	135.020562	General
5NL9:ChainB:ASP103	-76.588435	134.159199	General
5NL9:ChainB:ILE104	-142.877844	152.526291	General
5NL9:ChainB:SER105	-122.475363	157.841839	General
5NL9:ChainB:LEU106	-115.759699	141.609655	General
5NL9:ChainB:ASP107	-56.407157	136.456290	General
5NL9:ChainB:SER108	-56.820527	-40.133383	General
5NL9:ChainB:LYS109	-64.045659	-41.605837	General
5NL9:ChainB:LEU110	-69.855767	-40.470217	General
5NL9:ChainB:GLN111	-60.477214	-43.480135	General
5NL9:ChainB:GLU112	-60.584703	-40.709608	General
5NL9:ChainB:LYS113	-66.396099	-42.617955	General
5NL9:ChainB:VAL114	-62.091259	-51.246203	General
5NL9:ChainB:LEU115	-59.292577	-42.775015	General
5NL9:ChainB:SER116	-58.470496	-47.421908	General
5NL9:ChainB:GLU117	-69.252156	-43.012572	General
5NL9:ChainB:LEU118	-63.060242	-44.318330	General
5NL9:ChainB:LYS119	-62.293876	-38.689230	General
5NL9:ChainB:GLN120	-64.660173	-42.198929	General
5NL9:ChainB:ASP121	-66.143451	-38.519861	General
5NL9:ChainB:PHE122	-60.089848	-47.110753	General
5NL9:ChainB:LYS123	-61.022829	-46.990495	General
5NL9:ChainB:LEU124	-61.039523	-44.445234	General
5NL9:ChainB:LYS125	-73.804746	-36.849234	General
5NL9:ChainB:THR126	-107.467627	-18.523500	General
5NL9:ChainB:GLY127	81.510034	-1.158696	Glycine
5NL9:ChainB:SER128	-115.588086	157.789298	General
5NL9:ChainB:SER129	-96.377220	154.294849	General
5NL9:ChainB:LEU130	-106.907696	120.893477	General
5NL9:ChainB:GLU131	-110.141490	159.979919	General
5NL9:ChainB:ASN132	52.662276	50.645396	General
5NL9:ChainB:CYS133	-77.374277	147.599145	General
5NL9:ChainB:ASN134	-133.623438	125.020074	General
5NL9:ChainB:LEU135	-98.230654	133.089288	General
5NL9:ChainB:SER136	-126.177837	122.667972	General
5NL9:ChainB:ILE137	-117.942215	137.309885	General
5NL9:ChainB:THR138	-124.631443	127.222701	General
5NL9:ChainB:LEU139	-110.593449	118.766398	General
5NL9:ChainB:LYS140	-115.877371	123.041608	General
5NL9:ChainB:GLY141	-161.131890	-174.449659	Glycine
5NL9:ChainB:LYS142	-100.364547	117.876113	General
5NL9:ChainB:LYS143	-72.179898	124.553358	General
5NL9:ChainB:ASN144	-131.612325	113.964981	Pre-Pro
