5NZY:ChainA:CYS701	-64.090342	123.094071	Pre-Pro
5NZY:ChainA:PRO702	-62.022664	152.536411	Proline
5NZY:ChainA:PHE703	-63.891747	-32.375256	General
5NZY:ChainA:TYR704	-73.113447	0.824871	General
5NZY:ChainA:LYS705	-100.225302	1.160769	General
5NZY:ChainA:LYS706	-108.743977	138.910112	General
5NZY:ChainA:ILE707	-99.243162	114.292567	Pre-Pro
5NZY:ChainA:PRO708	-68.238188	148.226788	Proline
5NZY:ChainA:GLY709	79.980109	0.851742	Glycine
5NZY:ChainA:THR710	-129.759712	174.109166	General
5NZY:ChainA:GLY711	-102.585774	33.240713	Glycine
5NZY:ChainA:PHE712	-99.159896	144.223973	General
5NZY:ChainA:THR713	-123.544528	158.559100	General
5NZY:ChainA:VAL714	-123.724401	120.226605	General
5NZY:ChainA:ASP715	57.994778	44.812246	General
5NZY:ChainA:ALA716	-125.505277	71.246586	General
5NZY:ChainA:PHE717	-112.709250	-0.125873	General
5NZY:ChainA:GLN718	-106.475158	16.478702	General
5NZY:ChainA:TYR719	-118.391327	20.215337	General
5NZY:ChainA:GLY720	65.928349	-149.910758	Glycine
5NZY:ChainA:VAL721	-76.800668	111.206734	General
5NZY:ChainA:VAL722	-76.405879	123.073506	General
5NZY:ChainA:GLU723	-65.135949	124.556598	General
5NZY:ChainA:GLY724	90.442821	-5.978873	Glycine
5NZY:ChainA:CYS725	-83.523069	117.037944	General
5NZY:ChainA:THR726	-98.872761	-12.834097	General
5NZY:ChainA:ALA727	-151.105989	134.144895	General
5NZY:ChainA:TYR728	-106.741308	113.724360	General
5NZY:ChainA:PHE729	-89.176836	139.823924	General
5NZY:ChainA:LEU730	-119.818366	114.035331	General
5NZY:ChainA:THR731	-71.642120	-36.078755	General
5NZY:ChainA:HIS732	-166.341003	165.782744	General
5NZY:ChainA:PHE733	-91.808763	70.242016	General
5NZY:ChainA:HIS734	-122.634145	143.336903	General
5NZY:ChainA:SER735	-57.746094	-41.781169	General
5NZY:ChainA:ASP736	-63.079855	-20.688611	General
5NZY:ChainA:HIS737	-98.398351	-35.723873	General
5NZY:ChainA:TYR738	-93.162619	-3.367096	General
5NZY:ChainA:ALA739	-42.102883	119.596369	General
5NZY:ChainA:GLY740	111.984147	-25.511379	Glycine
5NZY:ChainA:LEU741	-70.076843	139.981701	General
5NZY:ChainA:SER742	-160.949907	177.341269	General
5NZY:ChainA:LYS743	-60.329057	-9.055585	General
5NZY:ChainA:HIS744	-103.593411	6.526975	General
5NZY:ChainA:PHE745	-75.939661	133.965868	General
5NZY:ChainA:THR746	-131.765582	39.105550	General
5NZY:ChainA:PHE747	-128.680547	155.503015	Pre-Pro
5NZY:ChainA:PRO748	-66.502155	132.785092	Proline
5NZY:ChainA:VAL749	-112.426729	125.293165	General
5NZY:ChainA:TYR750	-108.705325	130.491585	General
5NZY:ChainA:CYS751	-166.007568	176.819019	General
5NZY:ChainA:SER752	-73.553528	166.649651	General
5NZY:ChainA:GLU753	-61.642434	-43.853236	General
5NZY:ChainA:ILE754	-62.924318	-44.156239	General
5NZY:ChainA:THR755	-61.919292	-36.558450	General
5NZY:ChainA:GLY756	-65.125931	-38.493155	Glycine
5NZY:ChainA:ASN757	-56.602002	-44.223170	General
5NZY:ChainA:LEU758	-70.068363	-41.185186	General
5NZY:ChainA:LEU759	-56.948835	-42.858507	General
5NZY:ChainA:LYS760	-72.559300	-45.332060	General
5NZY:ChainA:ASN761	-89.693438	-30.637264	General
5NZY:ChainA:LYS762	-99.831078	-38.248699	General
5NZY:ChainA:LEU763	-101.969995	-8.404365	General
5NZY:ChainA:HIS764	63.622487	27.797390	General
5NZY:ChainA:VAL765	-58.875900	137.928635	General
5NZY:ChainA:GLN766	-69.137309	139.346233	General
5NZY:ChainA:GLU767	-59.566925	-32.754343	General
5NZY:ChainA:GLN768	-61.800671	-20.707633	General
5NZY:ChainA:TYR769	-103.313651	-1.079570	General
5NZY:ChainA:ILE770	-95.492193	120.987000	General
5NZY:ChainA:HIS771	-117.886186	85.169559	Pre-Pro
5NZY:ChainA:PRO772	-73.860479	138.377664	Proline
5NZY:ChainA:LEU773	-119.324040	138.920940	Pre-Pro
5NZY:ChainA:PRO774	-70.992915	151.286209	Proline
5NZY:ChainA:LEU775	-71.153472	158.006036	General
5NZY:ChainA:ASP776	58.581397	24.284746	General
5NZY:ChainA:THR777	-126.372988	130.814080	General
5NZY:ChainA:GLU778	-71.668673	121.594604	General
5NZY:ChainA:CYS779	-127.126354	152.342023	General
5NZY:ChainA:ILE780	-109.141992	120.644524	General
5NZY:ChainA:VAL781	-119.047691	116.126641	General
5NZY:ChainA:ASN782	46.959731	46.341317	General
5NZY:ChainA:GLY783	80.364147	9.848352	Glycine
5NZY:ChainA:VAL784	-124.808757	130.497035	General
5NZY:ChainA:LYS785	-76.129694	129.435830	General
5NZY:ChainA:VAL786	-132.860767	156.209984	General
5NZY:ChainA:VAL787	-135.648983	135.364988	General
5NZY:ChainA:LEU788	-100.893176	132.236493	General
5NZY:ChainA:LEU789	-122.282770	146.635634	General
5NZY:ChainA:ASP790	-58.044929	130.066835	General
5NZY:ChainA:ALA791	-90.647713	-4.388399	General
5NZY:ChainA:ASN792	53.499640	45.269277	General
5NZY:ChainA:HIS793	-116.654776	-105.681859	General
5NZY:ChainA:CYS794	-108.223641	169.156223	Pre-Pro
5NZY:ChainA:PRO795	-54.100226	136.032028	Proline
5NZY:ChainA:GLY796	79.742030	-5.030696	Glycine
5NZY:ChainA:ALA797	-75.237836	137.379552	General
5NZY:ChainA:VAL798	-132.507874	152.415480	General
5NZY:ChainA:MET799	-95.109593	151.530053	General
5NZY:ChainA:ILE800	-119.737483	125.671736	General
5NZY:ChainA:LEU801	-94.128591	123.506962	General
5NZY:ChainA:PHE802	-107.540914	125.510612	General
5NZY:ChainA:TYR803	-100.467275	99.684597	General
5NZY:ChainA:LEU804	-73.130604	152.288199	Pre-Pro
5NZY:ChainA:PRO805	-59.209705	-29.031423	Proline
5NZY:ChainA:ASN806	-78.779528	5.273856	General
5NZY:ChainA:GLY807	93.164075	-8.881316	Glycine
5NZY:ChainA:THR808	-67.883180	147.033921	General
5NZY:ChainA:VAL809	-119.622274	131.050974	General
5NZY:ChainA:ILE810	-118.543569	133.915971	General
5NZY:ChainA:LEU811	-109.361594	124.173970	General
5NZY:ChainA:HIS812	-109.179418	115.888355	General
5NZY:ChainA:THR813	-78.583798	-5.857352	General
5NZY:ChainA:GLY814	51.041332	-142.008891	Glycine
5NZY:ChainA:ASP815	-89.371002	134.783359	General
5NZY:ChainA:PHE816	-149.818409	159.657296	General
5NZY:ChainA:ARG817	-114.963724	101.310061	General
5NZY:ChainA:ALA818	-51.561984	140.715129	General
5NZY:ChainA:ASP819	-144.408952	142.967813	Pre-Pro
5NZY:ChainA:PRO820	-54.581094	-24.827368	Proline
5NZY:ChainA:SER821	-59.496427	-30.701150	General
5NZY:ChainA:MET822	-63.427373	-23.231475	General
5NZY:ChainA:GLU823	-76.589416	-16.459552	General
5NZY:ChainA:ARG824	-111.566469	19.044037	General
5NZY:ChainA:SER825	-98.060206	-173.853130	General
5NZY:ChainA:LEU826	-66.992552	-10.808863	General
5NZY:ChainA:LEU827	-55.559608	-27.262610	General
5NZY:ChainA:ALA828	-80.780819	-4.257524	General
5NZY:ChainA:ASP829	-96.347213	0.029707	General
5NZY:ChainA:GLN830	-153.753262	152.830092	General
5NZY:ChainA:LYS831	-66.733529	136.342475	General
5NZY:ChainA:VAL832	-106.835960	126.761568	General
5NZY:ChainA:HIS833	-94.086761	-41.710257	General
5NZY:ChainA:MET834	-126.928636	139.993643	General
5NZY:ChainA:LEU835	-126.189511	118.293486	General
5NZY:ChainA:TYR836	-93.358330	107.567808	General
5NZY:ChainA:LEU837	-111.050540	129.766043	General
5NZY:ChainA:ASP838	-70.015957	101.256152	General
5NZY:ChainA:THR839	-102.392101	27.539974	General
5NZY:ChainA:THR840	-47.571855	-48.663983	General
5NZY:ChainA:TYR841	-116.189042	48.538020	General
5NZY:ChainA:CYS842	-86.261919	64.519964	General
5NZY:ChainA:SER843	-159.041181	141.515230	Pre-Pro
5NZY:ChainA:PRO844	-65.040095	-19.276646	Proline
5NZY:ChainA:GLU845	-70.723198	-11.676164	General
5NZY:ChainA:TYR846	-85.596628	92.495463	General
5NZY:ChainA:THR847	-124.152607	135.872274	General
5NZY:ChainA:PHE848	-155.217610	161.481888	Pre-Pro
5NZY:ChainA:PRO849	-71.482708	171.222467	Proline
5NZY:ChainA:SER850	-60.065103	154.281535	General
5NZY:ChainA:GLN851	-57.611704	-34.246973	General
5NZY:ChainA:GLN852	-62.394071	-44.138570	General
5NZY:ChainA:GLU853	-63.485132	-39.489323	General
5NZY:ChainA:VAL854	-68.920633	-40.925018	General
5NZY:ChainA:ILE855	-66.696369	-40.176003	General
5NZY:ChainA:ARG856	-54.533778	-48.497977	General
5NZY:ChainA:PHE857	-56.651617	-48.823908	General
5NZY:ChainA:ALA858	-65.933091	-45.628320	General
5NZY:ChainA:ILE859	-59.280953	-49.631309	General
5NZY:ChainA:ASN860	-64.906528	-38.714233	General
5NZY:ChainA:THR861	-65.479607	-46.584458	General
5NZY:ChainA:ALA862	-70.071025	-41.897904	General
5NZY:ChainA:PHE863	-62.622781	-46.622496	General
5NZY:ChainA:GLU864	-60.821644	-42.411150	General
5NZY:ChainA:ALA865	-66.323708	-43.857934	General
5NZY:ChainA:VAL866	-75.604956	-29.664949	General
5NZY:ChainA:THR867	-73.170162	-36.852713	General
5NZY:ChainA:LEU868	-67.020584	-41.429159	General
5NZY:ChainA:ASN869	-128.329574	91.872247	Pre-Pro
5NZY:ChainA:PRO870	-62.202618	-8.111279	Proline
5NZY:ChainA:HIS871	-92.363266	3.513361	General
5NZY:ChainA:ALA872	-74.734451	155.396639	General
5NZY:ChainA:LEU873	-124.730562	137.685249	General
5NZY:ChainA:VAL874	-101.424039	132.962529	General
5NZY:ChainA:VAL875	-122.402425	134.386589	General
5NZY:ChainA:CYS876	-119.253332	138.438836	General
5NZY:ChainA:GLY877	-93.378743	149.455426	Glycine
5NZY:ChainA:THR878	-152.747586	150.223679	General
5NZY:ChainA:TYR879	-140.682444	7.567977	General
5NZY:ChainA:SER880	-168.309050	-175.561515	General
5NZY:ChainA:ILE881	-81.710747	165.541472	General
5NZY:ChainA:GLY882	107.161793	155.444917	Glycine
5NZY:ChainA:LYS883	60.782898	24.265268	General
5NZY:ChainA:GLU884	-61.449732	-28.724214	General
5NZY:ChainA:LYS885	-55.397942	-32.767257	General
5NZY:ChainA:VAL886	-61.801518	-57.174219	General
5NZY:ChainA:PHE887	-76.646111	-29.489504	General
5NZY:ChainA:LEU888	-67.974147	-40.496101	General
5NZY:ChainA:ALA889	-67.379454	-39.048074	General
5NZY:ChainA:ILE890	-65.515543	-46.516211	General
5NZY:ChainA:ALA891	-63.358567	-33.715568	General
5NZY:ChainA:ASP892	-63.672713	-47.602238	General
5NZY:ChainA:VAL893	-69.662400	-21.380715	General
5NZY:ChainA:LEU894	-94.280855	0.467072	General
5NZY:ChainA:GLY895	61.884078	32.494939	Glycine
5NZY:ChainA:SER896	-121.513819	158.367549	General
5NZY:ChainA:LYS897	-89.947865	166.051459	General
5NZY:ChainA:VAL898	-99.292675	118.975345	General
5NZY:ChainA:GLY899	-86.221538	141.165933	Glycine
5NZY:ChainA:MET900	-159.814944	169.812945	General
5NZY:ChainA:SER901	-66.992020	161.537058	General
5NZY:ChainA:GLN902	-62.371287	-38.681189	General
5NZY:ChainA:GLU903	-63.329863	-44.728761	General
5NZY:ChainA:LYS904	-66.980033	-37.277442	General
5NZY:ChainA:TYR905	-59.381933	-45.708329	General
5NZY:ChainA:LYS906	-57.886239	-44.903400	General
5NZY:ChainA:THR907	-57.963431	-51.863689	General
5NZY:ChainA:LEU908	-61.460963	-31.382278	General
5NZY:ChainA:GLN909	-63.814852	-14.435759	General
5NZY:ChainA:CYS910	-89.297146	-2.685189	General
5NZY:ChainA:LEU911	-101.552613	6.192127	General
5NZY:ChainA:ASN912	51.533808	43.538749	General
5NZY:ChainA:ILE913	-86.601610	122.717534	Pre-Pro
5NZY:ChainA:PRO914	-61.836879	137.249916	Proline
5NZY:ChainA:GLU915	60.009216	28.521247	General
5NZY:ChainA:ILE916	-78.766920	-21.223261	General
5NZY:ChainA:ASN917	-59.935260	-27.457881	General
5NZY:ChainA:SER918	-81.384551	-2.810090	General
5NZY:ChainA:LEU919	-121.522371	-13.288528	General
5NZY:ChainA:ILE920	-133.821441	154.238636	General
5NZY:ChainA:THR921	-154.578623	154.247196	General
5NZY:ChainA:THR922	-91.615884	-1.642562	General
5NZY:ChainA:ASP923	-88.007384	93.187901	General
5NZY:ChainA:MET924	-72.760816	-47.488175	General
5NZY:ChainA:CYS925	-66.612237	-11.186184	General
5NZY:ChainA:SER926	-88.354767	11.729466	General
5NZY:ChainA:SER927	-133.908415	154.362967	General
5NZY:ChainA:LEU928	-92.983814	-5.380644	General
5NZY:ChainA:VAL929	-130.360490	122.611851	General
5NZY:ChainA:HIS930	-117.067395	139.167334	General
5NZY:ChainA:LEU931	-95.646713	130.870952	General
5NZY:ChainA:LEU932	-125.964978	155.328905	Pre-Pro
5NZY:ChainA:PRO933	-55.853876	139.458574	Proline
5NZY:ChainA:MET934	-55.357687	-33.594162	General
5NZY:ChainA:MET935	-65.773653	-13.024100	General
5NZY:ChainA:GLN936	-93.175499	-0.023829	General
5NZY:ChainA:ILE937	-87.476972	81.104219	General
5NZY:ChainA:ASN938	-159.560884	165.283428	General
5NZY:ChainA:PHE939	-59.650390	-42.328964	General
5NZY:ChainA:LYS940	-66.470973	-46.207419	General
5NZY:ChainA:GLY941	-64.463580	-35.331997	Glycine
5NZY:ChainA:LEU942	-78.708495	-35.471594	General
5NZY:ChainA:GLN943	-57.663016	-44.190961	General
5NZY:ChainA:SER944	-64.519791	-39.633919	General
5NZY:ChainA:HIS945	-66.637592	-37.200048	General
5NZY:ChainA:LEU946	-60.967901	-30.672511	General
5NZY:ChainA:LYS947	-70.127962	-2.159331	General
5NZY:ChainA:LYS948	-94.483773	176.562633	General
5NZY:ChainA:CYS949	55.017649	43.807186	General
5NZY:ChainA:GLY950	59.046069	23.144884	Glycine
5NZY:ChainA:GLY951	57.097860	34.733762	Glycine
5NZY:ChainA:LYS952	-76.607302	-3.665650	General
5NZY:ChainA:TYR953	-117.419544	148.124746	General
5NZY:ChainA:ASN954	-123.722621	14.669658	General
5NZY:ChainA:GLN955	-160.704493	142.791165	General
5NZY:ChainA:ILE956	-126.166683	129.675610	General
5NZY:ChainA:LEU957	-108.363514	120.324331	General
5NZY:ChainA:ALA958	-114.055811	146.458896	General
5NZY:ChainA:PHE959	-118.753077	130.052188	General
5NZY:ChainA:ARG960	-130.307809	126.752001	Pre-Pro
5NZY:ChainA:PRO961	-72.544264	122.231111	Proline
5NZY:ChainA:THR962	-171.760457	173.571212	General
5NZY:ChainA:GLY963	87.576448	52.658678	Glycine
5NZY:ChainA:TRP964	-90.965428	-13.143066	General
5NZY:ChainA:THR965	-105.333916	125.238954	General
5NZY:ChainA:HIS966	-147.186979	119.611677	General
5NZY:ChainA:SER967	-158.683334	176.646177	General
5NZY:ChainA:ASN968	-61.535874	-18.933510	General
5NZY:ChainA:LYS969	-84.601031	-29.817225	General
5NZY:ChainA:PHE970	-154.312791	121.907577	General
5NZY:ChainA:THR971	48.892728	64.319610	General
5NZY:ChainA:ARG972	-58.791091	-46.748157	General
5NZY:ChainA:ILE973	-76.720018	122.179630	General
5NZY:ChainA:ALA974	-90.062042	-5.474203	General
5NZY:ChainA:ASP975	-62.304292	128.641806	General
5NZY:ChainA:VAL976	-86.395537	124.263882	General
5NZY:ChainA:ILE977	-126.203886	134.598177	Pre-Pro
5NZY:ChainA:PRO978	-74.143330	151.621433	Proline
5NZY:ChainA:GLN979	-81.029238	123.671215	General
5NZY:ChainA:THR980	-123.869529	138.162139	General
5NZY:ChainA:LYS981	-140.696901	108.957472	General
5NZY:ChainA:GLY982	61.931100	-128.612477	Glycine
5NZY:ChainA:ASN983	-94.210180	24.421314	General
5NZY:ChainA:ILE984	-125.109078	123.878206	General
5NZY:ChainA:SER985	-122.258813	137.371198	General
5NZY:ChainA:ILE986	-119.384011	120.319347	General
5NZY:ChainA:TYR987	-99.550457	117.887607	General
5NZY:ChainA:GLY988	-89.044065	104.034272	Glycine
5NZY:ChainA:ILE989	-108.263178	136.545061	Pre-Pro
5NZY:ChainA:PRO990	-83.597855	56.781054	Proline
5NZY:ChainA:TYR991	-82.499041	110.524104	General
5NZY:ChainA:SER992	-114.240182	146.517780	General
5NZY:ChainA:GLU993	-112.898706	21.015379	General
5NZY:ChainA:HIS994	-117.937462	157.384553	General
5NZY:ChainA:SER995	-59.403702	134.678030	General
5NZY:ChainA:SER996	-65.209859	167.313758	General
5NZY:ChainA:TYR997	-57.078030	-48.994347	General
5NZY:ChainA:LEU998	-64.114002	-38.757705	General
5NZY:ChainA:GLU999	-64.048604	-44.364880	General
5NZY:ChainA:MET1000	-60.697950	-45.880136	General
5NZY:ChainA:LYS1001	-60.930309	-46.074661	General
5NZY:ChainA:ARG1002	-59.391558	-46.101723	General
5NZY:ChainA:PHE1003	-60.909169	-47.116827	General
5NZY:ChainA:VAL1004	-67.277156	-39.213341	General
5NZY:ChainA:GLN1005	-69.325283	-24.751360	General
5NZY:ChainA:TRP1006	-75.374107	-46.129313	General
5NZY:ChainA:LEU1007	-67.448033	-31.588285	General
5NZY:ChainA:LYS1008	50.623412	55.407228	Pre-Pro
5NZY:ChainA:PRO1009	-69.752591	151.545256	Proline
5NZY:ChainA:GLN1010	-75.121564	-32.391422	General
5NZY:ChainA:LYS1011	-142.201412	139.432291	General
5NZY:ChainA:ILE1012	-116.679672	130.620449	General
5NZY:ChainA:ILE1013	-118.677332	102.983065	Pre-Pro
5NZY:ChainA:PRO1014	-64.324616	145.467743	Proline
5NZY:ChainA:THR1015	-113.622250	-3.784321	General
5NZY:ChainA:VAL1016	-130.396131	145.286216	General
5NZY:ChainA:ASN1017	66.485941	28.363148	General
5NZY:ChainA:VAL1018	-101.531598	20.526887	General
5NZY:ChainA:GLY1019	-84.951261	-14.189078	Glycine
5NZY:ChainA:THR1020	-122.176123	149.157847	General
5NZY:ChainA:TRP1021	-65.352697	-36.036134	General
5NZY:ChainA:LYS1022	-61.245003	-45.481758	General
5NZY:ChainA:SER1023	-70.205035	-42.520788	General
5NZY:ChainA:ARG1024	-57.291031	-45.194299	General
5NZY:ChainA:SER1025	-65.367866	-46.278534	General
5NZY:ChainA:THR1026	-62.587373	-42.559797	General
5NZY:ChainA:MET1027	-61.694357	-45.451154	General
5NZY:ChainA:GLU1028	-62.808049	-33.733703	General
5NZY:ChainA:LYS1029	-62.942029	-42.996859	General
5NZY:ChainA:TYR1030	-66.027150	-42.513509	General
5NZY:ChainA:PHE1031	-57.112528	-43.647954	General
5NZY:ChainA:ARG1032	-64.446504	-43.748815	General
5NZY:ChainA:GLU1033	-55.419482	-46.364171	General
5NZY:ChainA:TRP1034	-64.589086	-42.523293	General
5NZY:ChainA:LYS1035	-63.107640	-42.307007	General
5NZY:ChainA:LEU1036	-69.812499	-38.499439	General
5NZY:ChainA:GLU1037	-66.597342	-43.745198	General
5NZY:ChainA:ALA1038	-88.462885	-12.811746	General
5NZY:ChainA:GLY1039	78.256053	33.623413	Glycine
