5O4S:ChainA:GLN629	-85.835521	138.251433	General
5O4S:ChainA:LEU630	-111.514816	115.403147	General
5O4S:ChainA:THR631	-132.844030	158.642751	Pre-Pro
5O4S:ChainA:PRO632	-55.411041	-38.526994	Proline
5O4S:ChainA:PHE633	-64.947977	-46.667155	General
5O4S:ChainA:LEU634	-65.112888	-35.487674	General
5O4S:ChainA:ILE635	-67.175299	-38.277974	General
5O4S:ChainA:LEU636	-64.904137	-40.067343	General
5O4S:ChainA:LEU637	-66.384053	-39.285680	General
5O4S:ChainA:ARG638	-59.617653	-43.776247	General
5O4S:ChainA:LYS639	-67.184182	-42.063875	General
5O4S:ChainA:THR640	-64.554610	-42.486977	General
5O4S:ChainA:LEU641	-60.068655	-39.664400	General
5O4S:ChainA:GLU642	-65.493310	-38.511307	General
5O4S:ChainA:GLN643	-66.061404	-37.588601	General
5O4S:ChainA:LEU644	-66.925518	-43.752366	General
5O4S:ChainA:GLN645	-64.252723	-28.692002	General
5O4S:ChainA:GLU646	-64.517412	-28.546896	General
5O4S:ChainA:LYS647	-74.163346	-22.530390	General
5O4S:ChainA:ASP648	-90.363708	76.145762	General
5O4S:ChainA:THR649	-70.726121	-20.585215	General
5O4S:ChainA:GLY650	-87.953838	-3.236929	Glycine
5O4S:ChainA:ASN651	56.635686	30.295001	General
5O4S:ChainA:ILE652	-80.001178	-15.386178	General
5O4S:ChainA:PHE653	-106.761042	11.575918	General
5O4S:ChainA:SER654	-68.411373	-36.707758	General
5O4S:ChainA:GLU655	-130.514990	162.743333	Pre-Pro
5O4S:ChainA:PRO656	-53.390931	140.870746	Proline
5O4S:ChainA:VAL657	-50.904795	125.844517	Pre-Pro
5O4S:ChainA:PRO658	-75.570899	107.126786	Proline
5O4S:ChainA:LEU659	-65.581819	-23.057299	General
5O4S:ChainA:SER660	-61.538706	-46.025776	General
5O4S:ChainA:GLU661	-71.158047	-24.013137	General
5O4S:ChainA:VAL662	-130.062055	72.126026	Pre-Pro
5O4S:ChainA:PRO663	-61.853632	-24.249282	Proline
5O4S:ChainA:ASP664	-92.656703	4.325493	General
5O4S:ChainA:TYR665	-59.143638	-44.307543	General
5O4S:ChainA:LEU666	-71.754412	-13.572350	General
5O4S:ChainA:ASP667	-61.802621	-35.461713	General
5O4S:ChainA:HIS668	-105.603255	-26.056552	General
5O4S:ChainA:ILE669	-109.761450	116.152131	General
5O4S:ChainA:LYS670	-79.212641	-37.572125	General
5O4S:ChainA:LYS671	-134.026603	87.669843	Pre-Pro
5O4S:ChainA:PRO672	-57.599790	151.175275	Proline
5O4S:ChainA:MET673	-151.056543	151.235641	General
5O4S:ChainA:ASP674	-157.595300	171.559862	General
5O4S:ChainA:PHE675	-72.431678	-29.352170	General
5O4S:ChainA:PHE676	-67.753367	-45.391672	General
5O4S:ChainA:THR677	-56.533071	-41.667109	General
5O4S:ChainA:MET678	-61.790896	-42.831446	General
5O4S:ChainA:LYS679	-61.942932	-39.560567	General
5O4S:ChainA:GLN680	-68.326737	-41.046512	General
5O4S:ChainA:ASN681	-56.565614	-46.736294	General
5O4S:ChainA:LEU682	-63.070146	-49.539482	General
5O4S:ChainA:GLU683	-67.045355	-25.684947	General
5O4S:ChainA:ALA684	-83.715696	4.203087	General
5O4S:ChainA:TYR685	58.799898	49.930437	General
5O4S:ChainA:ARG686	-105.475783	-11.319860	General
5O4S:ChainA:TYR687	-91.365755	109.452450	General
5O4S:ChainA:LEU688	-98.146807	-14.806317	General
5O4S:ChainA:ASN689	-146.846011	162.340680	General
5O4S:ChainA:PHE690	-66.708335	-31.860494	General
5O4S:ChainA:ASP691	-59.440109	-43.041241	General
5O4S:ChainA:ASP692	-67.763083	-36.763258	General
5O4S:ChainA:PHE693	-64.826340	-48.782931	General
5O4S:ChainA:GLU694	-64.649988	-31.235014	General
5O4S:ChainA:GLU695	-64.105115	-36.903209	General
5O4S:ChainA:ASP696	-73.321614	-36.043022	General
5O4S:ChainA:PHE697	-59.998451	-45.688200	General
5O4S:ChainA:ASN698	-60.511602	-30.177040	General
5O4S:ChainA:LEU699	-66.045176	-38.668943	General
5O4S:ChainA:ILE700	-53.805783	-47.543943	General
5O4S:ChainA:VAL701	-68.601231	-53.427441	General
5O4S:ChainA:SER702	-67.773726	-35.042631	General
5O4S:ChainA:ASN703	-60.246097	-41.632744	General
5O4S:ChainA:CYS704	-66.232714	-48.172227	General
5O4S:ChainA:LEU705	-60.576008	-34.395551	General
5O4S:ChainA:LYS706	-71.618184	-46.286664	General
5O4S:ChainA:TYR707	-74.936653	-34.584671	General
5O4S:ChainA:ASN708	-100.523965	147.497962	General
5O4S:ChainA:ALA709	-68.677985	156.876689	General
5O4S:ChainA:LYS710	-60.777176	-39.092612	General
5O4S:ChainA:ASP711	-89.874958	61.473571	General
5O4S:ChainA:THR712	-136.982573	151.658793	General
5O4S:ChainA:ILE713	-55.986782	-41.018173	General
5O4S:ChainA:PHE714	-65.547635	-44.331325	General
5O4S:ChainA:TYR715	-63.993132	-44.160285	General
5O4S:ChainA:ARG716	-62.590697	-35.674770	General
5O4S:ChainA:ALA717	-68.052111	-39.025947	General
5O4S:ChainA:ALA718	-64.735134	-39.938181	General
5O4S:ChainA:VAL719	-60.879901	-44.783874	General
5O4S:ChainA:ARG720	-64.025385	-42.292042	General
5O4S:ChainA:LEU721	-63.482234	-37.865308	General
5O4S:ChainA:ARG722	-60.780183	-43.183292	General
5O4S:ChainA:GLU723	-69.959094	-53.952876	General
5O4S:ChainA:GLN724	-69.660297	-36.668366	General
5O4S:ChainA:GLY725	-72.105174	-27.501293	Glycine
5O4S:ChainA:GLY726	-61.940936	-41.563939	Glycine
5O4S:ChainA:ALA727	-66.849778	-38.436966	General
5O4S:ChainA:VAL728	-58.765970	-47.208164	General
5O4S:ChainA:LEU729	-68.295422	-36.537064	General
5O4S:ChainA:ARG730	-58.636389	-48.872005	General
5O4S:ChainA:GLN731	-66.842079	-39.009264	General
5O4S:ChainA:ALA732	-68.514282	-39.809507	General
5O4S:ChainA:ARG733	-62.884902	-39.206740	General
5O4S:ChainA:ARG734	-60.568320	-36.251074	General
5O4S:ChainA:GLN735	-73.172297	-31.847850	General
5O4S:ChainA:ALA736	-69.901489	-34.258655	General
5O4S:ChainA:GLU737	-66.003584	-26.405804	General
5O4S:ChainA:LYS738	-84.356807	18.660530	General
5O4S:ChainB:LEU630	-68.255634	149.000067	General
5O4S:ChainB:THR631	-126.973267	152.599877	Pre-Pro
5O4S:ChainB:PRO632	-56.320174	-38.273553	Proline
5O4S:ChainB:PHE633	-63.631052	-43.487098	General
5O4S:ChainB:LEU634	-69.843976	-33.704382	General
5O4S:ChainB:ILE635	-64.678422	-39.451833	General
5O4S:ChainB:LEU636	-62.774470	-41.375332	General
5O4S:ChainB:LEU637	-65.167015	-39.998961	General
5O4S:ChainB:ARG638	-60.212352	-43.482021	General
5O4S:ChainB:LYS639	-65.034552	-45.393610	General
5O4S:ChainB:THR640	-60.031436	-44.122362	General
5O4S:ChainB:LEU641	-60.372080	-41.944389	General
5O4S:ChainB:GLU642	-62.131688	-39.127205	General
5O4S:ChainB:GLN643	-67.752745	-37.288026	General
5O4S:ChainB:LEU644	-66.977875	-43.076686	General
5O4S:ChainB:GLN645	-63.997473	-31.500624	General
5O4S:ChainB:GLU646	-57.677485	-33.181924	General
5O4S:ChainB:LYS647	-73.442160	-16.461688	General
5O4S:ChainB:ASP648	-93.862035	69.975729	General
5O4S:ChainB:THR649	-62.273071	-27.797326	General
5O4S:ChainB:GLY650	-84.688293	-2.413016	Glycine
5O4S:ChainB:ASN651	56.836911	32.610808	General
5O4S:ChainB:ILE652	-68.095400	-31.007237	General
5O4S:ChainB:PHE653	-110.457004	11.280116	General
5O4S:ChainB:SER654	-68.442294	-32.045870	General
5O4S:ChainB:GLU655	-134.646733	160.039402	Pre-Pro
5O4S:ChainB:PRO656	-55.909257	145.608683	Proline
5O4S:ChainB:VAL657	-54.273355	126.618427	Pre-Pro
5O4S:ChainB:PRO658	-73.892088	113.726107	Proline
5O4S:ChainB:LEU659	-70.213865	-23.977074	General
5O4S:ChainB:SER660	-63.388505	-42.088641	General
5O4S:ChainB:GLU661	-75.337012	-26.001862	General
5O4S:ChainB:VAL662	-128.399048	71.318582	Pre-Pro
5O4S:ChainB:PRO663	-66.966658	-19.256382	Proline
5O4S:ChainB:ASP664	-94.945713	9.518899	General
5O4S:ChainB:TYR665	-63.257329	-42.139623	General
5O4S:ChainB:LEU666	-72.592198	-16.514971	General
5O4S:ChainB:ASP667	-63.457929	-25.928878	General
5O4S:ChainB:HIS668	-110.978207	-29.405990	General
5O4S:ChainB:ILE669	-111.854227	115.074587	General
5O4S:ChainB:LYS670	-70.517610	-45.452807	General
5O4S:ChainB:LYS671	-132.599327	90.751046	Pre-Pro
5O4S:ChainB:PRO672	-60.773400	150.103208	Proline
5O4S:ChainB:MET673	-150.691095	153.090208	General
5O4S:ChainB:ASP674	-164.973890	166.752522	General
5O4S:ChainB:PHE675	-68.255597	-29.909115	General
5O4S:ChainB:PHE676	-67.112622	-44.330611	General
5O4S:ChainB:THR677	-57.304935	-42.751959	General
5O4S:ChainB:MET678	-62.432474	-39.747208	General
5O4S:ChainB:LYS679	-63.680332	-42.824066	General
5O4S:ChainB:GLN680	-61.626552	-43.310086	General
5O4S:ChainB:ASN681	-60.503101	-42.262366	General
5O4S:ChainB:LEU682	-63.180631	-47.606980	General
5O4S:ChainB:GLU683	-70.156446	-19.875122	General
5O4S:ChainB:ALA684	-91.868423	10.670282	General
5O4S:ChainB:TYR685	61.957745	31.754064	General
5O4S:ChainB:ARG686	-88.213196	-4.361976	General
5O4S:ChainB:TYR687	-113.431808	107.694724	General
5O4S:ChainB:LEU688	-112.499665	-0.736706	General
5O4S:ChainB:ASN689	-143.249870	159.439070	General
5O4S:ChainB:PHE690	-69.124853	-32.038173	General
5O4S:ChainB:ASP691	-59.252436	-42.711386	General
5O4S:ChainB:ASP692	-67.620404	-36.608957	General
5O4S:ChainB:PHE693	-64.037329	-50.507747	General
5O4S:ChainB:GLU694	-64.308620	-34.110054	General
5O4S:ChainB:GLU695	-66.731642	-32.399578	General
5O4S:ChainB:ASP696	-73.047691	-37.310324	General
5O4S:ChainB:PHE697	-59.928716	-43.168649	General
5O4S:ChainB:ASN698	-60.446565	-29.461864	General
5O4S:ChainB:LEU699	-68.964609	-36.404179	General
5O4S:ChainB:ILE700	-54.321340	-45.385263	General
5O4S:ChainB:VAL701	-70.805570	-51.958192	General
5O4S:ChainB:SER702	-70.043626	-34.018040	General
5O4S:ChainB:ASN703	-61.305427	-40.191430	General
5O4S:ChainB:CYS704	-67.901948	-45.064671	General
5O4S:ChainB:LEU705	-64.139771	-32.013263	General
5O4S:ChainB:LYS706	-72.870978	-45.373715	General
5O4S:ChainB:TYR707	-75.832666	-33.422164	General
5O4S:ChainB:ASN708	-102.353376	145.561056	General
5O4S:ChainB:ALA709	-66.105774	158.765015	General
5O4S:ChainB:LYS710	-62.286993	-37.674583	General
5O4S:ChainB:ASP711	-87.540343	63.292544	General
5O4S:ChainB:THR712	-140.984786	155.938676	General
5O4S:ChainB:ILE713	-60.281860	-36.689517	General
5O4S:ChainB:PHE714	-69.588962	-48.010065	General
5O4S:ChainB:TYR715	-59.459692	-47.428741	General
5O4S:ChainB:ARG716	-61.466914	-37.059058	General
5O4S:ChainB:ALA717	-70.524243	-37.332011	General
5O4S:ChainB:ALA718	-67.434685	-34.434212	General
5O4S:ChainB:VAL719	-65.430012	-43.622384	General
5O4S:ChainB:ARG720	-63.656442	-38.371774	General
5O4S:ChainB:LEU721	-66.572717	-36.937799	General
5O4S:ChainB:ARG722	-60.818130	-43.413215	General
5O4S:ChainB:GLU723	-68.983058	-51.521132	General
5O4S:ChainB:GLN724	-72.623923	-33.916619	General
5O4S:ChainB:GLY725	-73.357418	-31.267371	Glycine
5O4S:ChainB:GLY726	-60.095790	-35.975819	Glycine
5O4S:ChainB:ALA727	-67.234780	-39.488212	General
5O4S:ChainB:VAL728	-62.156039	-44.867254	General
5O4S:ChainB:LEU729	-71.415722	-34.585901	General
5O4S:ChainB:ARG730	-59.252836	-47.870228	General
5O4S:ChainB:GLN731	-67.567292	-41.212876	General
5O4S:ChainB:ALA732	-67.543102	-40.884746	General
5O4S:ChainB:ARG733	-62.157467	-36.019056	General
5O4S:ChainB:ARG734	-61.065331	-38.663858	General
5O4S:ChainB:GLN735	-72.312827	-31.818620	General
5O4S:ChainB:ALA736	-69.706630	-37.791241	General
5O4S:ChainB:GLU737	-61.744733	-24.284365	General
5O4S:ChainB:LYS738	-78.461147	-12.884465	General
