5O5F:ChainA:MET628	-164.697686	175.642480	General
5O5F:ChainA:GLN629	-84.114188	143.145335	General
5O5F:ChainA:LEU630	-67.339158	-50.815541	General
5O5F:ChainA:THR631	-53.155211	-52.487914	Pre-Pro
5O5F:ChainA:PRO632	-64.009895	-31.964268	Proline
5O5F:ChainA:PHE633	-64.561373	-45.473052	General
5O5F:ChainA:LEU634	-65.686229	-37.435048	General
5O5F:ChainA:ILE635	-57.775873	-43.845756	General
5O5F:ChainA:LEU636	-63.009992	-43.938858	General
5O5F:ChainA:LEU637	-63.642195	-38.611821	General
5O5F:ChainA:ARG638	-61.005374	-46.296847	General
5O5F:ChainA:LYS639	-61.384229	-43.030279	General
5O5F:ChainA:THR640	-65.158803	-41.698748	General
5O5F:ChainA:LEU641	-62.327167	-40.435546	General
5O5F:ChainA:GLU642	-61.687172	-42.121981	General
5O5F:ChainA:GLN643	-62.807413	-38.290083	General
5O5F:ChainA:LEU644	-67.175006	-44.449473	General
5O5F:ChainA:GLN645	-61.263438	-32.855388	General
5O5F:ChainA:GLU646	-60.906049	-28.349739	General
5O5F:ChainA:LYS647	-74.617928	-19.155700	General
5O5F:ChainA:ASP648	-94.816394	80.806754	General
5O5F:ChainA:THR649	-69.567394	-31.996197	General
5O5F:ChainA:GLY650	-81.578465	-5.033503	Glycine
5O5F:ChainA:ASN651	61.276078	29.758903	General
5O5F:ChainA:ILE652	-76.295402	-16.778476	General
5O5F:ChainA:PHE653	-105.539078	11.643206	General
5O5F:ChainA:SER654	-75.578829	-29.089516	General
5O5F:ChainA:GLU655	-135.128861	162.722591	Pre-Pro
5O5F:ChainA:PRO656	-54.129707	142.451228	Proline
5O5F:ChainA:VAL657	-52.477720	124.855353	Pre-Pro
5O5F:ChainA:PRO658	-77.129369	113.622477	Proline
5O5F:ChainA:LEU659	-64.508159	-18.578688	General
5O5F:ChainA:SER660	-74.793580	-28.437028	General
5O5F:ChainA:GLU661	-92.898116	-24.865175	General
5O5F:ChainA:VAL662	-125.298985	73.260638	Pre-Pro
5O5F:ChainA:PRO663	-64.822946	-22.289584	Proline
5O5F:ChainA:ASP664	-95.693622	8.124213	General
5O5F:ChainA:TYR665	-60.360473	-44.902838	General
5O5F:ChainA:LEU666	-72.238036	-13.525280	General
5O5F:ChainA:ASP667	-62.897875	-30.997324	General
5O5F:ChainA:HIS668	-112.084086	-22.997750	General
5O5F:ChainA:ILE669	-111.494067	111.563739	General
5O5F:ChainA:LYS670	-83.134798	-27.654598	General
5O5F:ChainA:LYS671	-134.135473	86.864982	Pre-Pro
5O5F:ChainA:PRO672	-58.696789	151.369024	Proline
5O5F:ChainA:MET673	-151.922209	154.691278	General
5O5F:ChainA:ASP674	-163.777942	170.423761	General
5O5F:ChainA:PHE675	-73.075356	-31.237674	General
5O5F:ChainA:PHE676	-63.818997	-47.760873	General
5O5F:ChainA:THR677	-59.376970	-39.213831	General
5O5F:ChainA:MET678	-61.228215	-41.597018	General
5O5F:ChainA:LYS679	-61.691597	-44.389971	General
5O5F:ChainA:GLN680	-58.220678	-47.770527	General
5O5F:ChainA:ASN681	-60.551570	-42.908039	General
5O5F:ChainA:LEU682	-54.921512	-51.307021	General
5O5F:ChainA:GLU683	-71.615459	-19.243066	General
5O5F:ChainA:ALA684	-89.542294	12.184273	General
5O5F:ChainA:TYR685	65.812841	28.296632	General
5O5F:ChainA:ARG686	-85.341483	-8.611527	General
5O5F:ChainA:TYR687	-115.366082	95.721909	General
5O5F:ChainA:LEU688	-107.606760	1.042314	General
5O5F:ChainA:ASN689	-142.636590	158.808849	General
5O5F:ChainA:PHE690	-67.893921	-37.169115	General
5O5F:ChainA:ASP691	-57.186839	-41.792498	General
5O5F:ChainA:ASP692	-66.216491	-37.932556	General
5O5F:ChainA:PHE693	-63.462400	-48.526728	General
5O5F:ChainA:GLU694	-64.000049	-35.262720	General
5O5F:ChainA:GLU695	-63.714741	-39.868322	General
5O5F:ChainA:ASP696	-69.293489	-39.012919	General
5O5F:ChainA:PHE697	-57.405397	-44.649103	General
5O5F:ChainA:ASN698	-61.487467	-31.017301	General
5O5F:ChainA:LEU699	-65.639979	-39.389575	General
5O5F:ChainA:ILE700	-53.192146	-47.154796	General
5O5F:ChainA:VAL701	-67.286355	-54.329360	General
5O5F:ChainA:SER702	-68.128081	-34.017390	General
5O5F:ChainA:ASN703	-61.157229	-41.138116	General
5O5F:ChainA:CYS704	-70.174851	-41.817649	General
5O5F:ChainA:LEU705	-60.254858	-40.215153	General
5O5F:ChainA:LYS706	-68.271498	-44.721182	General
5O5F:ChainA:TYR707	-75.661411	-33.104785	General
5O5F:ChainA:ASN708	-104.742316	146.932516	General
5O5F:ChainA:ALA709	-67.348446	151.408532	General
5O5F:ChainA:LYS710	-63.030540	-24.048015	General
5O5F:ChainA:ASP711	-89.025630	14.863396	General
5O5F:ChainA:THR712	-101.135819	156.167125	General
5O5F:ChainA:ILE713	-59.064019	-40.751906	General
5O5F:ChainA:PHE714	-56.520573	-47.647045	General
5O5F:ChainA:TYR715	-61.621119	-45.313345	General
5O5F:ChainA:ARG716	-66.535651	-33.821492	General
5O5F:ChainA:ALA717	-65.473030	-36.165886	General
5O5F:ChainA:ALA718	-67.367069	-40.001692	General
5O5F:ChainA:VAL719	-59.306306	-47.609448	General
5O5F:ChainA:ARG720	-63.131408	-41.139916	General
5O5F:ChainA:LEU721	-63.511079	-40.377465	General
5O5F:ChainA:ARG722	-57.356521	-45.221544	General
5O5F:ChainA:GLU723	-66.567798	-53.902763	General
5O5F:ChainA:GLN724	-68.503106	-33.879729	General
5O5F:ChainA:GLY725	-63.209274	-25.230491	Glycine
5O5F:ChainA:GLY726	-61.167198	-50.874587	Glycine
5O5F:ChainA:ALA727	-66.042730	-36.430109	General
5O5F:ChainA:VAL728	-60.088975	-47.549883	General
5O5F:ChainA:LEU729	-68.244535	-40.179136	General
5O5F:ChainA:ARG730	-61.915864	-43.824776	General
5O5F:ChainA:GLN731	-66.816440	-41.735707	General
5O5F:ChainA:ALA732	-65.217616	-40.434914	General
5O5F:ChainA:ARG733	-60.532574	-39.887266	General
5O5F:ChainA:ARG734	-59.878282	-40.263169	General
5O5F:ChainA:GLN735	-64.843043	-36.501778	General
5O5F:ChainA:ALA736	-66.056340	-40.601493	General
5O5F:ChainA:GLU737	-65.044647	-29.862035	General
5O5F:ChainA:LYS738	-65.408638	-27.030899	General
