5O6F:ChainA:ALA2	-158.469950	155.949492	General
5O6F:ChainA:GLN3	-126.978965	171.737268	General
5O6F:ChainA:GLY4	171.341289	-158.331122	Glycine
5O6F:ChainA:THR5	-130.741327	123.715071	General
5O6F:ChainA:VAL6	-63.670871	109.385818	General
5O6F:ChainA:LYS7	-74.121977	-29.367768	General
5O6F:ChainA:TRP8	-168.135145	148.371856	General
5O6F:ChainA:PHE9	-147.444259	129.457573	General
5O6F:ChainA:ASN10	-92.100870	102.016495	General
5O6F:ChainA:ALA11	-71.751687	-23.084859	General
5O6F:ChainA:GLU12	-74.360838	-43.799075	General
5O6F:ChainA:LYS13	-87.702201	-30.695898	General
5O6F:ChainA:GLY14	92.253890	33.734575	Glycine
5O6F:ChainA:PHE15	-149.378135	161.618736	General
5O6F:ChainA:GLY16	-174.149756	-160.570854	Glycine
5O6F:ChainA:PHE17	-138.642783	144.655613	General
5O6F:ChainA:ILE18	-116.011802	147.555498	General
5O6F:ChainA:ALA19	-101.714381	90.295492	Pre-Pro
5O6F:ChainA:PRO20	-52.883825	148.394930	Proline
5O6F:ChainA:ASP21	-74.342232	-12.593492	General
5O6F:ChainA:ASP22	-81.504367	23.799902	General
5O6F:ChainA:GLY23	102.109459	4.892287	Glycine
5O6F:ChainA:SER24	51.024571	91.803939	General
5O6F:ChainA:ALA25	-94.724819	12.235032	General
5O6F:ChainA:ASP26	59.727979	83.956168	General
5O6F:ChainA:VAL27	-92.877346	132.598517	General
5O6F:ChainA:PHE28	-82.355032	127.415756	General
5O6F:ChainA:VAL29	-98.621262	147.725250	General
5O6F:ChainA:HIS30	-141.459499	133.611545	General
5O6F:ChainA:TYR31	-56.139096	-32.518344	General
5O6F:ChainA:SER32	-70.302813	-20.985320	General
5O6F:ChainA:GLU33	-91.203064	-17.549886	General
5O6F:ChainA:ILE34	-72.880323	133.322519	General
5O6F:ChainA:GLN35	-117.165711	87.824630	General
5O6F:ChainA:GLY36	-109.691243	-159.408384	Glycine
5O6F:ChainA:ASN37	-91.662532	40.839245	General
5O6F:ChainA:GLY38	110.736757	-27.186448	Glycine
5O6F:ChainA:PHE39	-92.463741	141.555601	General
5O6F:ChainA:ARG40	-107.019643	42.574223	General
5O6F:ChainA:THR41	-132.043662	164.287826	General
5O6F:ChainA:LEU42	-132.034766	155.339358	General
5O6F:ChainA:GLU43	-106.415306	137.236339	General
5O6F:ChainA:GLU44	-61.308136	132.586144	General
5O6F:ChainA:ASN45	76.247042	28.329715	General
5O6F:ChainA:GLN46	-109.039516	143.367699	General
5O6F:ChainA:LYS47	-77.862140	148.076778	General
5O6F:ChainA:VAL48	-154.616664	152.474324	General
5O6F:ChainA:GLU49	-121.657260	138.905515	General
5O6F:ChainA:PHE50	-156.841156	-177.812771	General
5O6F:ChainA:GLU51	-128.666769	121.438813	General
5O6F:ChainA:ILE52	-79.678974	124.187174	General
5O6F:ChainA:GLY53	-123.413132	-166.346786	Glycine
5O6F:ChainA:GLU54	-109.583896	121.639293	General
5O6F:ChainA:GLY55	-128.039803	-178.498481	Glycine
5O6F:ChainA:ALA56	-66.657641	-30.149351	General
5O6F:ChainA:LYS57	-98.885119	19.319165	General
5O6F:ChainA:GLY58	103.061163	-138.342359	Glycine
5O6F:ChainA:PRO59	-69.063244	124.880139	Proline
5O6F:ChainA:GLN60	-114.255616	138.777558	General
5O6F:ChainA:ALA61	-83.405691	110.669791	General
5O6F:ChainA:GLN62	-101.437862	151.878570	General
5O6F:ChainA:GLN63	51.966715	59.411367	General
5O6F:ChainA:VAL64	-87.336936	101.182561	General
5O6F:ChainA:HIS65	-99.322788	124.387740	General
5O6F:ChainA:ALA66	-72.422439	122.053556	General
5O6F:ChainA:LEU67	-87.707086	-30.070256	General
5O6F:ChainA:GLY68	90.881186	-92.884158	Glycine
5O6F:ChainA:GLY69	110.221200	-95.691968	Glycine
5O6F:ChainA:GLU70	-69.526816	99.981770	General
5O6F:ChainA:ASN71	-111.253698	18.306245	General
5O6F:ChainA:LEU72	-100.104148	55.500927	General
5O6F:ChainA:TYR73	-103.196718	149.728509	General
5O6F:ChainA:PHE74	63.788400	30.531788	General
5O6F:ChainA:GLN75	-119.864051	-4.913136	General
5O6F:ChainA:GLY76	-137.929375	-143.860602	Glycine
5O6F:ChainA:HIS77	71.751460	-58.787253	General
5O6F:ChainA:HIS78	-121.674358	104.778073	General
5O6F:ChainA:HIS79	59.882072	75.972528	General
5O6F:ChainA:HIS80	-86.807813	57.682873	General
5O6F:ChainA:HIS81	-174.741296	136.616793	General
5O6F:ChainA:ALA2	-125.084454	140.032752	General
5O6F:ChainA:GLN3	-108.585317	171.330349	General
5O6F:ChainA:GLY4	174.639868	-160.700781	Glycine
5O6F:ChainA:THR5	-129.939067	119.257850	General
5O6F:ChainA:VAL6	-62.343901	110.217012	General
5O6F:ChainA:LYS7	-73.343034	-28.810567	General
5O6F:ChainA:TRP8	-169.535378	152.880771	General
5O6F:ChainA:PHE9	-152.244177	123.000848	General
5O6F:ChainA:ASN10	-103.880785	102.144023	General
5O6F:ChainA:ALA11	-63.705373	-22.072887	General
5O6F:ChainA:GLU12	-55.253376	-43.451422	General
5O6F:ChainA:LYS13	-102.193387	-25.085321	General
5O6F:ChainA:GLY14	90.434201	29.483038	Glycine
5O6F:ChainA:PHE15	-142.717250	179.976964	General
5O6F:ChainA:GLY16	175.207333	-164.224897	Glycine
5O6F:ChainA:PHE17	-137.862410	145.581776	General
5O6F:ChainA:ILE18	-113.793921	144.779517	General
5O6F:ChainA:ALA19	-98.920618	90.846040	Pre-Pro
5O6F:ChainA:PRO20	-58.427006	153.513678	Proline
5O6F:ChainA:ASP21	-74.316371	-12.174697	General
5O6F:ChainA:ASP22	-78.639463	24.904052	General
5O6F:ChainA:GLY23	103.242768	22.115853	Glycine
5O6F:ChainA:SER24	49.229196	37.084688	General
5O6F:ChainA:ALA25	-79.626257	98.609351	General
5O6F:ChainA:ASP26	-49.034229	110.848810	General
5O6F:ChainA:VAL27	-99.678936	139.933623	General
5O6F:ChainA:PHE28	-78.170283	123.723461	General
5O6F:ChainA:VAL29	-99.785517	147.135582	General
5O6F:ChainA:HIS30	-138.576854	129.954195	General
5O6F:ChainA:TYR31	-58.547956	-24.677140	General
5O6F:ChainA:SER32	-69.939786	-22.042524	General
5O6F:ChainA:GLU33	-98.111848	-9.288194	General
5O6F:ChainA:ILE34	-75.042426	133.255031	General
5O6F:ChainA:GLN35	-109.743662	85.243257	General
5O6F:ChainA:GLY36	-100.703778	-162.990592	Glycine
5O6F:ChainA:ASN37	-120.502779	43.026216	General
5O6F:ChainA:GLY38	123.384564	-30.353307	Glycine
5O6F:ChainA:PHE39	-117.108456	117.509164	General
5O6F:ChainA:ARG40	-84.492987	48.800595	General
5O6F:ChainA:THR41	-129.306906	152.353376	General
5O6F:ChainA:LEU42	-117.931783	147.011777	General
5O6F:ChainA:GLU43	-94.737279	140.335135	General
5O6F:ChainA:GLU44	-64.281917	128.151178	General
5O6F:ChainA:ASN45	72.597469	33.281040	General
5O6F:ChainA:GLN46	-106.522025	140.391009	General
5O6F:ChainA:LYS47	-69.529488	147.051005	General
5O6F:ChainA:VAL48	-155.549064	152.661281	General
5O6F:ChainA:GLU49	-124.055193	134.797577	General
5O6F:ChainA:PHE50	-154.247402	176.649049	General
5O6F:ChainA:GLU51	-121.339859	120.989263	General
5O6F:ChainA:ILE52	-78.630122	120.346586	General
5O6F:ChainA:GLY53	-121.838841	-154.111853	Glycine
5O6F:ChainA:GLU54	-118.004040	128.660944	General
5O6F:ChainA:GLY55	-112.918931	-161.787629	Glycine
5O6F:ChainA:ALA56	-73.910967	-37.130049	General
5O6F:ChainA:LYS57	-129.708791	55.045384	General
5O6F:ChainA:GLY58	119.275317	-170.033528	Glycine
5O6F:ChainA:PRO59	-68.171776	147.189388	Proline
5O6F:ChainA:GLN60	-120.883706	145.312902	General
5O6F:ChainA:ALA61	-86.001238	115.875575	General
5O6F:ChainA:GLN62	-106.518197	150.059306	General
5O6F:ChainA:GLN63	52.387053	51.088083	General
5O6F:ChainA:VAL64	-78.500156	101.105196	General
5O6F:ChainA:HIS65	-96.594478	122.499739	General
5O6F:ChainA:ALA66	-76.091421	130.818978	General
5O6F:ChainA:LEU67	-89.969670	96.926023	General
5O6F:ChainA:GLY68	-100.598667	37.967583	Glycine
5O6F:ChainA:GLY69	156.727796	-160.397441	Glycine
5O6F:ChainA:GLU70	71.133421	-54.677138	General
5O6F:ChainA:ASN71	-77.194319	60.282426	General
5O6F:ChainA:LEU72	-126.308027	25.781273	General
5O6F:ChainA:TYR73	-103.930952	122.441543	General
5O6F:ChainA:PHE74	-167.227894	-44.160593	General
5O6F:ChainA:GLN75	-102.064360	111.865733	General
5O6F:ChainA:GLY76	100.455596	153.523670	Glycine
5O6F:ChainA:HIS77	-105.689138	112.080824	General
5O6F:ChainA:HIS78	-67.212703	-22.044551	General
5O6F:ChainA:HIS79	-88.190077	84.995605	General
5O6F:ChainA:HIS80	-65.516362	130.487268	General
5O6F:ChainA:HIS81	-144.919519	110.257583	General
5O6F:ChainA:ALA2	-129.339682	166.968379	General
5O6F:ChainA:GLN3	-114.787122	170.569162	General
5O6F:ChainA:GLY4	178.567432	-159.896739	Glycine
5O6F:ChainA:THR5	-134.172772	122.087768	General
5O6F:ChainA:VAL6	-66.623257	111.752326	General
5O6F:ChainA:LYS7	-72.350365	-30.528134	General
5O6F:ChainA:TRP8	-171.082711	149.212740	General
5O6F:ChainA:PHE9	-142.026931	121.415969	General
5O6F:ChainA:ASN10	-89.582189	96.570737	General
5O6F:ChainA:ALA11	-71.712279	-22.026914	General
5O6F:ChainA:GLU12	-66.984481	-49.693803	General
5O6F:ChainA:LYS13	-83.462832	-28.692071	General
5O6F:ChainA:GLY14	92.969964	26.697283	Glycine
5O6F:ChainA:PHE15	-146.347732	161.923493	General
5O6F:ChainA:GLY16	-168.609090	-164.078224	Glycine
5O6F:ChainA:PHE17	-137.701399	141.025376	General
5O6F:ChainA:ILE18	-112.643079	142.991235	General
5O6F:ChainA:ALA19	-100.358302	91.496778	Pre-Pro
5O6F:ChainA:PRO20	-52.490207	147.986426	Proline
5O6F:ChainA:ASP21	-74.315063	-10.613637	General
5O6F:ChainA:ASP22	-83.645354	23.061439	General
5O6F:ChainA:GLY23	102.163089	21.228999	Glycine
5O6F:ChainA:SER24	49.018723	85.613029	General
5O6F:ChainA:ALA25	-80.756606	-6.049845	General
5O6F:ChainA:ASP26	57.870510	73.482986	General
5O6F:ChainA:VAL27	-84.604924	140.157790	General
5O6F:ChainA:PHE28	-80.281822	128.230984	General
5O6F:ChainA:VAL29	-104.811019	147.014696	General
5O6F:ChainA:HIS30	-136.381053	129.669695	General
5O6F:ChainA:TYR31	-56.870790	-31.470546	General
5O6F:ChainA:SER32	-66.445985	-19.930053	General
5O6F:ChainA:GLU33	-98.010902	-8.944690	General
5O6F:ChainA:ILE34	-74.810919	133.308829	General
5O6F:ChainA:GLN35	-111.200822	100.569169	General
5O6F:ChainA:GLY36	-133.288986	-176.232554	Glycine
5O6F:ChainA:ASN37	-79.249468	43.074052	General
5O6F:ChainA:GLY38	101.912700	-11.944885	Glycine
5O6F:ChainA:PHE39	-113.564934	109.312381	General
5O6F:ChainA:ARG40	-87.233229	55.999189	General
5O6F:ChainA:THR41	-132.378167	157.699692	General
5O6F:ChainA:LEU42	-126.468546	142.607397	General
5O6F:ChainA:GLU43	-95.288861	150.009504	General
5O6F:ChainA:GLU44	-69.055041	126.422164	General
5O6F:ChainA:ASN45	70.751263	31.652877	General
5O6F:ChainA:GLN46	-99.637805	145.162153	General
5O6F:ChainA:LYS47	-75.681849	150.289005	General
5O6F:ChainA:VAL48	-156.223801	152.861586	General
5O6F:ChainA:GLU49	-124.724214	137.687411	General
5O6F:ChainA:PHE50	-156.402300	161.346629	General
5O6F:ChainA:GLU51	-106.472548	116.804889	General
5O6F:ChainA:ILE52	-77.792414	119.638842	General
5O6F:ChainA:GLY53	-115.691317	-161.640328	Glycine
5O6F:ChainA:GLU54	-110.488415	128.831225	General
5O6F:ChainA:GLY55	-110.191130	-159.522327	Glycine
5O6F:ChainA:ALA56	-69.517266	-46.720842	General
5O6F:ChainA:LYS57	-134.881703	42.123560	General
5O6F:ChainA:GLY58	141.542158	170.020144	Glycine
5O6F:ChainA:PRO59	-53.108357	145.319537	Proline
5O6F:ChainA:GLN60	-122.097286	141.523315	General
5O6F:ChainA:ALA61	-81.684459	117.519800	General
5O6F:ChainA:GLN62	-112.219607	152.180507	General
5O6F:ChainA:GLN63	52.094424	48.532369	General
5O6F:ChainA:VAL64	-73.047468	99.330922	General
5O6F:ChainA:HIS65	-81.909527	109.719699	General
5O6F:ChainA:ALA66	-72.479722	114.694847	General
5O6F:ChainA:LEU67	-84.398500	57.457198	General
5O6F:ChainA:GLY68	-111.296989	150.914562	Glycine
5O6F:ChainA:GLY69	-164.802350	-62.394329	Glycine
5O6F:ChainA:GLU70	53.759109	75.497001	General
5O6F:ChainA:ASN71	73.894944	-61.997924	General
5O6F:ChainA:LEU72	67.370166	-76.290148	General
5O6F:ChainA:TYR73	-102.873929	78.129453	General
5O6F:ChainA:PHE74	-164.187172	132.091202	General
5O6F:ChainA:GLN75	-110.969594	91.118821	General
5O6F:ChainA:GLY76	-78.607538	63.120418	Glycine
5O6F:ChainA:HIS77	-132.017554	134.159128	General
5O6F:ChainA:HIS78	-67.426482	121.040954	General
5O6F:ChainA:HIS79	-80.969870	39.704558	General
5O6F:ChainA:HIS80	-164.493697	47.526614	General
5O6F:ChainA:HIS81	-153.123492	-46.251999	General
5O6F:ChainA:ALA2	-123.242725	166.018166	General
5O6F:ChainA:GLN3	-143.103710	171.274594	General
5O6F:ChainA:GLY4	175.516380	-157.845477	Glycine
5O6F:ChainA:THR5	-131.486835	121.886641	General
5O6F:ChainA:VAL6	-62.952836	113.776019	General
5O6F:ChainA:LYS7	-65.511439	-43.829262	General
5O6F:ChainA:TRP8	-166.416374	152.726939	General
5O6F:ChainA:PHE9	-145.321094	125.844952	General
5O6F:ChainA:ASN10	-99.505136	102.705893	General
5O6F:ChainA:ALA11	-72.015473	-21.439062	General
5O6F:ChainA:GLU12	-69.833352	-40.397896	General
5O6F:ChainA:LYS13	-92.959034	-30.160032	General
5O6F:ChainA:GLY14	93.645718	22.716152	Glycine
5O6F:ChainA:PHE15	-145.415843	165.771746	General
5O6F:ChainA:GLY16	-172.702944	-163.424156	Glycine
5O6F:ChainA:PHE17	-136.377487	139.915441	General
5O6F:ChainA:ILE18	-111.550343	146.023948	General
5O6F:ChainA:ALA19	-98.220088	93.799404	Pre-Pro
5O6F:ChainA:PRO20	-57.800578	144.831602	Proline
5O6F:ChainA:ASP21	-75.542272	-12.825282	General
5O6F:ChainA:ASP22	-78.071458	24.750601	General
5O6F:ChainA:GLY23	102.810291	15.354483	Glycine
5O6F:ChainA:SER24	44.865633	86.370984	General
5O6F:ChainA:ALA25	-101.136876	5.944813	General
5O6F:ChainA:ASP26	60.102141	89.365175	General
5O6F:ChainA:VAL27	-96.322985	135.844727	General
5O6F:ChainA:PHE28	-82.204089	126.856766	General
5O6F:ChainA:VAL29	-100.533471	145.937985	General
5O6F:ChainA:HIS30	-135.878175	126.652003	General
5O6F:ChainA:TYR31	-54.298075	-30.443322	General
5O6F:ChainA:SER32	-67.758419	-22.921038	General
5O6F:ChainA:GLU33	-92.833171	-9.244603	General
5O6F:ChainA:ILE34	-73.054224	129.147590	General
5O6F:ChainA:GLN35	-107.130032	85.417468	General
5O6F:ChainA:GLY36	-95.606158	-163.674136	Glycine
5O6F:ChainA:ASN37	-112.829010	41.749375	General
5O6F:ChainA:GLY38	122.300808	-25.883907	Glycine
5O6F:ChainA:PHE39	-127.803769	141.454196	General
5O6F:ChainA:ARG40	-97.021555	62.791114	General
5O6F:ChainA:THR41	-137.196280	156.737124	General
5O6F:ChainA:LEU42	-124.632291	157.597492	General
5O6F:ChainA:GLU43	-109.435939	139.580165	General
5O6F:ChainA:GLU44	-63.337765	132.075079	General
5O6F:ChainA:ASN45	72.261534	27.131186	General
5O6F:ChainA:GLN46	-102.399975	141.155272	General
5O6F:ChainA:LYS47	-65.387126	142.977173	General
5O6F:ChainA:VAL48	-152.641477	153.432245	General
5O6F:ChainA:GLU49	-121.338494	147.864366	General
5O6F:ChainA:PHE50	-164.976960	176.146039	General
5O6F:ChainA:GLU51	-122.922119	115.772017	General
5O6F:ChainA:ILE52	-74.498777	126.769599	General
5O6F:ChainA:GLY53	-126.811865	-151.563391	Glycine
5O6F:ChainA:GLU54	-110.682930	123.623036	General
5O6F:ChainA:GLY55	-102.119616	-160.683357	Glycine
5O6F:ChainA:ALA56	-75.016697	-38.848622	General
5O6F:ChainA:LYS57	-135.136033	43.337857	General
5O6F:ChainA:GLY58	139.599424	-166.624707	Glycine
5O6F:ChainA:PRO59	-67.079544	141.252674	Proline
5O6F:ChainA:GLN60	-117.012747	145.011603	General
5O6F:ChainA:ALA61	-87.649810	111.771417	General
5O6F:ChainA:GLN62	-106.001501	148.743381	General
5O6F:ChainA:GLN63	52.232124	56.254224	General
5O6F:ChainA:VAL64	-82.435665	108.133638	General
5O6F:ChainA:HIS65	-100.079989	131.520353	General
5O6F:ChainA:ALA66	-80.892315	126.010829	General
5O6F:ChainA:LEU67	-101.160398	-169.998616	General
5O6F:ChainA:GLY68	-154.399645	173.513097	Glycine
5O6F:ChainA:GLY69	-68.979309	152.324600	Glycine
5O6F:ChainA:GLU70	-92.775898	121.108302	General
5O6F:ChainA:ASN71	-121.701471	58.484609	General
5O6F:ChainA:LEU72	-82.362312	102.459586	General
5O6F:ChainA:TYR73	-119.650072	104.545133	General
5O6F:ChainA:PHE74	-102.627903	107.096837	General
5O6F:ChainA:GLN75	-81.007571	119.703176	General
5O6F:ChainA:GLY76	-122.246883	158.656413	Glycine
5O6F:ChainA:HIS77	-80.653932	-16.705872	General
5O6F:ChainA:HIS78	-136.406398	50.092513	General
5O6F:ChainA:HIS79	-78.095318	65.313400	General
5O6F:ChainA:HIS80	53.442012	72.500831	General
5O6F:ChainA:HIS81	-131.130265	-22.352775	General
5O6F:ChainA:ALA2	-83.740086	168.522971	General
5O6F:ChainA:GLN3	-128.099275	171.451923	General
5O6F:ChainA:GLY4	176.080546	-155.672737	Glycine
5O6F:ChainA:THR5	-131.195335	118.232793	General
5O6F:ChainA:VAL6	-62.797112	112.018535	General
5O6F:ChainA:LYS7	-68.655962	-30.878205	General
5O6F:ChainA:TRP8	-173.470319	152.767287	General
5O6F:ChainA:PHE9	-141.301383	125.148709	General
5O6F:ChainA:ASN10	-86.202068	97.707857	General
5O6F:ChainA:ALA11	-72.060300	-10.639792	General
5O6F:ChainA:GLU12	-74.033456	-55.452095	General
5O6F:ChainA:LYS13	-86.958614	-29.660672	General
5O6F:ChainA:GLY14	95.217226	36.489066	Glycine
5O6F:ChainA:PHE15	-145.700198	161.974539	General
5O6F:ChainA:GLY16	-169.535834	-161.754583	Glycine
5O6F:ChainA:PHE17	-139.519762	147.487097	General
5O6F:ChainA:ILE18	-118.976221	145.418272	General
5O6F:ChainA:ALA19	-101.966602	92.236951	Pre-Pro
5O6F:ChainA:PRO20	-52.589363	145.015699	Proline
5O6F:ChainA:ASP21	-75.038288	-12.389151	General
5O6F:ChainA:ASP22	-80.320208	22.767549	General
5O6F:ChainA:GLY23	102.770816	22.413920	Glycine
5O6F:ChainA:SER24	48.248963	59.097076	General
5O6F:ChainA:ALA25	-82.524821	84.618135	General
5O6F:ChainA:ASP26	-36.574150	106.969228	General
5O6F:ChainA:VAL27	-110.542093	140.449196	General
5O6F:ChainA:PHE28	-84.412657	130.288504	General
5O6F:ChainA:VAL29	-103.706046	147.686672	General
5O6F:ChainA:HIS30	-139.380051	132.736788	General
5O6F:ChainA:TYR31	-56.088800	-27.272403	General
5O6F:ChainA:SER32	-69.991376	-24.618387	General
5O6F:ChainA:GLU33	-91.841747	-16.947506	General
5O6F:ChainA:ILE34	-69.681805	132.258420	General
5O6F:ChainA:GLN35	-106.369239	85.664244	General
5O6F:ChainA:GLY36	-113.759122	168.596643	Glycine
5O6F:ChainA:ASN37	-88.070554	44.000088	General
5O6F:ChainA:GLY38	123.640175	-12.525762	Glycine
5O6F:ChainA:PHE39	-112.672039	134.271625	General
5O6F:ChainA:ARG40	-108.626397	44.284541	General
5O6F:ChainA:THR41	-131.770867	165.736573	General
5O6F:ChainA:LEU42	-135.753307	154.834465	General
5O6F:ChainA:GLU43	-98.264931	159.546360	General
5O6F:ChainA:GLU44	-73.585026	145.346085	General
5O6F:ChainA:ASN45	48.169122	39.756329	General
5O6F:ChainA:GLN46	-102.746419	141.743517	General
5O6F:ChainA:LYS47	-73.154191	142.964539	General
5O6F:ChainA:VAL48	-155.504624	152.588469	General
5O6F:ChainA:GLU49	-117.724838	143.806931	General
5O6F:ChainA:PHE50	-166.037328	157.509712	General
5O6F:ChainA:GLU51	-97.367905	116.879082	General
5O6F:ChainA:ILE52	-72.331790	105.766079	General
5O6F:ChainA:GLY53	-108.310858	-163.735878	Glycine
5O6F:ChainA:GLU54	-110.729292	129.989564	General
5O6F:ChainA:GLY55	-107.252186	-159.900101	Glycine
5O6F:ChainA:ALA56	-79.465914	-40.627206	General
5O6F:ChainA:LYS57	-126.082435	26.981109	General
5O6F:ChainA:GLY58	150.939437	-178.397175	Glycine
5O6F:ChainA:PRO59	-63.664440	150.683809	Proline
5O6F:ChainA:GLN60	-128.623966	138.615054	General
5O6F:ChainA:ALA61	-80.351877	112.297775	General
5O6F:ChainA:GLN62	-108.107615	143.305618	General
5O6F:ChainA:GLN63	55.335447	62.307331	General
5O6F:ChainA:VAL64	-86.769505	110.466417	General
5O6F:ChainA:HIS65	-105.373100	121.039474	General
5O6F:ChainA:ALA66	-70.388456	135.130923	General
5O6F:ChainA:LEU67	-94.984192	52.252769	General
5O6F:ChainA:GLY68	-90.477466	-113.076578	Glycine
5O6F:ChainA:GLY69	-81.021808	75.907277	Glycine
5O6F:ChainA:GLU70	-87.668092	-35.985309	General
5O6F:ChainA:ASN71	-100.742654	119.315405	General
5O6F:ChainA:LEU72	-70.904498	113.842832	General
5O6F:ChainA:TYR73	-97.365583	127.495988	General
5O6F:ChainA:PHE74	-96.434232	137.995513	General
5O6F:ChainA:GLN75	-67.815756	116.288480	General
5O6F:ChainA:GLY76	74.045337	59.712356	Glycine
5O6F:ChainA:HIS77	-128.528835	74.084561	General
5O6F:ChainA:HIS78	-89.144174	68.664624	General
5O6F:ChainA:HIS79	-89.892806	-53.496051	General
5O6F:ChainA:HIS80	-105.179667	-12.837540	General
5O6F:ChainA:HIS81	-117.458002	178.421582	General
5O6F:ChainA:ALA2	-109.131220	159.062814	General
5O6F:ChainA:GLN3	-130.817377	168.621364	General
5O6F:ChainA:GLY4	178.355814	-172.793548	Glycine
5O6F:ChainA:THR5	-123.730538	118.924892	General
5O6F:ChainA:VAL6	-62.530354	109.763738	General
5O6F:ChainA:LYS7	-73.553089	-29.217126	General
5O6F:ChainA:TRP8	-169.110810	150.675589	General
5O6F:ChainA:PHE9	-144.502284	130.866194	General
5O6F:ChainA:ASN10	-103.203949	103.521407	General
5O6F:ChainA:ALA11	-71.796724	-29.724091	General
5O6F:ChainA:GLU12	-65.126444	-47.456249	General
5O6F:ChainA:LYS13	-83.338982	-28.348479	General
5O6F:ChainA:GLY14	90.826153	28.369775	Glycine
5O6F:ChainA:PHE15	-149.752580	164.680338	General
5O6F:ChainA:GLY16	-169.515598	-163.839967	Glycine
5O6F:ChainA:PHE17	-136.538455	143.549482	General
5O6F:ChainA:ILE18	-117.771996	146.197136	General
5O6F:ChainA:ALA19	-101.857858	90.440194	Pre-Pro
5O6F:ChainA:PRO20	-50.838838	146.812358	Proline
5O6F:ChainA:ASP21	-74.118772	-12.946314	General
5O6F:ChainA:ASP22	-82.759048	24.187248	General
5O6F:ChainA:GLY23	103.336562	12.448169	Glycine
5O6F:ChainA:SER24	48.326249	87.765276	General
5O6F:ChainA:ALA25	-86.477203	6.789739	General
5O6F:ChainA:ASP26	59.477127	80.392746	General
5O6F:ChainA:VAL27	-90.003777	137.444401	General
5O6F:ChainA:PHE28	-83.504433	130.874494	General
5O6F:ChainA:VAL29	-107.349363	149.509538	General
5O6F:ChainA:HIS30	-139.004445	132.895957	General
5O6F:ChainA:TYR31	-57.723597	-32.510598	General
5O6F:ChainA:SER32	-67.211505	-24.077243	General
5O6F:ChainA:GLU33	-91.689655	-13.795217	General
5O6F:ChainA:ILE34	-71.712852	138.676024	General
5O6F:ChainA:GLN35	-122.385995	138.329249	General
5O6F:ChainA:GLY36	-170.073833	-159.743925	Glycine
5O6F:ChainA:ASN37	-81.940091	43.747816	General
5O6F:ChainA:GLY38	99.261342	11.267712	Glycine
5O6F:ChainA:PHE39	-105.834565	137.983238	General
5O6F:ChainA:ARG40	-115.676883	32.247681	General
5O6F:ChainA:THR41	-129.727352	159.233427	General
5O6F:ChainA:LEU42	-130.839208	139.731798	General
5O6F:ChainA:GLU43	-88.134913	142.291419	General
5O6F:ChainA:GLU44	-67.275604	126.761472	General
5O6F:ChainA:ASN45	69.909117	36.467994	General
5O6F:ChainA:GLN46	-106.531684	143.418063	General
5O6F:ChainA:LYS47	-71.741930	144.457452	General
5O6F:ChainA:VAL48	-151.131738	152.811892	General
5O6F:ChainA:GLU49	-119.362171	141.738084	General
5O6F:ChainA:PHE50	-161.597184	174.024036	General
5O6F:ChainA:GLU51	-120.802737	116.387011	General
5O6F:ChainA:ILE52	-75.906848	127.286382	General
5O6F:ChainA:GLY53	-127.265968	-158.567536	Glycine
5O6F:ChainA:GLU54	-115.404933	113.142583	General
5O6F:ChainA:GLY55	-116.133688	-159.427359	Glycine
5O6F:ChainA:ALA56	-55.652297	-58.357039	General
5O6F:ChainA:LYS57	-78.041615	-49.678423	General
5O6F:ChainA:GLY58	-178.663483	-123.176977	Glycine
5O6F:ChainA:PRO59	-63.749002	124.594997	Proline
5O6F:ChainA:GLN60	-118.443262	143.754555	General
5O6F:ChainA:ALA61	-83.399415	115.260719	General
5O6F:ChainA:GLN62	-110.578893	145.954112	General
5O6F:ChainA:GLN63	49.153089	60.200631	General
5O6F:ChainA:VAL64	-82.979058	91.427731	General
5O6F:ChainA:HIS65	-78.897434	111.916787	General
5O6F:ChainA:ALA66	-67.679704	109.933574	General
5O6F:ChainA:LEU67	-75.488988	98.624642	General
5O6F:ChainA:GLY68	129.465928	-22.681153	Glycine
5O6F:ChainA:GLY69	-93.037389	-12.258509	Glycine
5O6F:ChainA:GLU70	-115.352573	24.557816	General
5O6F:ChainA:ASN71	63.991951	85.054924	General
5O6F:ChainA:LEU72	-78.651085	78.720326	General
5O6F:ChainA:TYR73	-110.649956	-167.133887	General
5O6F:ChainA:PHE74	-71.046802	-11.983221	General
5O6F:ChainA:GLN75	-65.550622	-20.842159	General
5O6F:ChainA:GLY76	-115.770693	172.397302	Glycine
5O6F:ChainA:HIS77	63.305333	63.931305	General
5O6F:ChainA:HIS78	-156.527192	36.978910	General
5O6F:ChainA:HIS79	-60.201355	-36.007190	General
5O6F:ChainA:HIS80	-117.842770	29.651488	General
5O6F:ChainA:HIS81	-129.714868	135.816782	General
5O6F:ChainA:ALA2	-150.006909	149.944819	General
5O6F:ChainA:GLN3	-113.316402	170.880113	General
5O6F:ChainA:GLY4	177.037316	-162.238218	Glycine
5O6F:ChainA:THR5	-129.754110	118.786472	General
5O6F:ChainA:VAL6	-63.630437	113.967017	General
5O6F:ChainA:LYS7	-75.428209	-29.046900	General
5O6F:ChainA:TRP8	-170.125503	150.025020	General
5O6F:ChainA:PHE9	-146.076680	125.983298	General
5O6F:ChainA:ASN10	-93.797891	98.042808	General
5O6F:ChainA:ALA11	-68.357330	-26.650411	General
5O6F:ChainA:GLU12	-69.009299	-43.221447	General
5O6F:ChainA:LYS13	-88.868041	-27.100982	General
5O6F:ChainA:GLY14	90.427544	29.132521	Glycine
5O6F:ChainA:PHE15	-149.101817	164.040823	General
5O6F:ChainA:GLY16	-173.017487	-162.525499	Glycine
5O6F:ChainA:PHE17	-138.108964	144.470764	General
5O6F:ChainA:ILE18	-114.603199	146.981628	General
5O6F:ChainA:ALA19	-99.836710	91.196340	Pre-Pro
5O6F:ChainA:PRO20	-51.136921	143.638665	Proline
5O6F:ChainA:ASP21	-74.699732	-11.657330	General
5O6F:ChainA:ASP22	-75.679961	22.762670	General
5O6F:ChainA:GLY23	102.120328	6.294406	Glycine
5O6F:ChainA:SER24	57.848620	88.787504	General
5O6F:ChainA:ALA25	-108.620698	18.404995	General
5O6F:ChainA:ASP26	55.474741	77.556538	General
5O6F:ChainA:VAL27	-91.500855	130.760774	General
5O6F:ChainA:PHE28	-81.314351	126.884496	General
5O6F:ChainA:VAL29	-102.404962	148.745984	General
5O6F:ChainA:HIS30	-143.922010	132.085633	General
5O6F:ChainA:TYR31	-57.915991	-28.005784	General
5O6F:ChainA:SER32	-72.486483	-20.691687	General
5O6F:ChainA:GLU33	-90.857066	-18.750771	General
5O6F:ChainA:ILE34	-73.285841	126.318186	General
5O6F:ChainA:GLN35	-83.992495	85.683043	General
5O6F:ChainA:GLY36	-74.035032	139.380849	Glycine
5O6F:ChainA:ASN37	-100.974447	42.937854	General
5O6F:ChainA:GLY38	115.571837	-18.281168	Glycine
5O6F:ChainA:PHE39	-148.960086	137.439800	General
5O6F:ChainA:ARG40	-107.585780	49.820874	General
5O6F:ChainA:THR41	-124.937044	154.295380	General
5O6F:ChainA:LEU42	-127.353638	146.681823	General
5O6F:ChainA:GLU43	-98.401093	154.264120	General
5O6F:ChainA:GLU44	-69.408043	123.455100	General
5O6F:ChainA:ASN45	75.397778	26.281045	General
5O6F:ChainA:GLN46	-87.286203	140.100722	General
5O6F:ChainA:LYS47	-76.502122	140.664629	General
5O6F:ChainA:VAL48	-152.569423	153.875725	General
5O6F:ChainA:GLU49	-119.692813	151.959625	General
5O6F:ChainA:PHE50	-164.846350	178.857054	General
5O6F:ChainA:GLU51	-124.071069	116.052055	General
5O6F:ChainA:ILE52	-75.356785	122.590638	General
5O6F:ChainA:GLY53	-122.574339	-163.831124	Glycine
5O6F:ChainA:GLU54	-109.959654	118.785083	General
5O6F:ChainA:GLY55	-101.898830	-159.461447	Glycine
5O6F:ChainA:ALA56	-65.464230	-58.199392	General
5O6F:ChainA:LYS57	-101.712737	-18.895909	General
5O6F:ChainA:GLY58	-171.818715	-169.099243	Glycine
5O6F:ChainA:PRO59	-55.685145	143.621913	Proline
5O6F:ChainA:GLN60	-119.228304	141.757963	General
5O6F:ChainA:ALA61	-85.976433	109.165954	General
5O6F:ChainA:GLN62	-105.271951	150.821923	General
5O6F:ChainA:GLN63	52.553157	50.489674	General
5O6F:ChainA:VAL64	-73.075376	131.257196	General
5O6F:ChainA:HIS65	-118.237887	115.525938	General
5O6F:ChainA:ALA66	-73.726789	108.534595	General
5O6F:ChainA:LEU67	-81.029317	-37.798130	General
5O6F:ChainA:GLY68	94.528434	-76.158836	Glycine
5O6F:ChainA:GLY69	92.488182	-89.613972	Glycine
5O6F:ChainA:GLU70	-100.948999	76.224470	General
5O6F:ChainA:ASN71	-124.366559	165.067607	General
5O6F:ChainA:LEU72	58.405757	78.693519	General
5O6F:ChainA:TYR73	-80.574507	36.303357	General
5O6F:ChainA:PHE74	-81.318967	-31.639151	General
5O6F:ChainA:GLN75	58.381618	38.194592	General
5O6F:ChainA:GLY76	-83.186575	61.333689	Glycine
5O6F:ChainA:HIS77	-119.708371	42.209488	General
5O6F:ChainA:HIS78	67.864335	-81.728164	General
5O6F:ChainA:HIS79	-98.858438	-69.452437	General
5O6F:ChainA:HIS80	-162.871603	9.571549	General
5O6F:ChainA:HIS81	-170.022612	121.661872	General
5O6F:ChainA:ALA2	-147.621026	164.147167	General
5O6F:ChainA:GLN3	-126.391686	171.066012	General
5O6F:ChainA:GLY4	170.896217	-155.337664	Glycine
5O6F:ChainA:THR5	-132.745679	121.189698	General
5O6F:ChainA:VAL6	-63.822880	110.575358	General
5O6F:ChainA:LYS7	-72.288499	-29.513050	General
5O6F:ChainA:TRP8	-170.648537	154.466393	General
5O6F:ChainA:PHE9	-152.938258	128.915819	General
5O6F:ChainA:ASN10	-110.949714	101.960765	General
5O6F:ChainA:ALA11	-68.311271	-18.130376	General
5O6F:ChainA:GLU12	-62.173714	-43.440247	General
5O6F:ChainA:LYS13	-91.888954	-31.395924	General
5O6F:ChainA:GLY14	93.814274	32.015838	Glycine
5O6F:ChainA:PHE15	-143.001200	179.304708	General
5O6F:ChainA:GLY16	175.322588	-166.202647	Glycine
5O6F:ChainA:PHE17	-137.969402	145.601671	General
5O6F:ChainA:ILE18	-115.908376	144.678298	General
5O6F:ChainA:ALA19	-102.260078	94.325063	Pre-Pro
5O6F:ChainA:PRO20	-54.302890	144.429963	Proline
5O6F:ChainA:ASP21	-75.567694	-13.223219	General
5O6F:ChainA:ASP22	-80.425669	25.020713	General
5O6F:ChainA:GLY23	104.237421	6.762113	Glycine
5O6F:ChainA:SER24	63.095782	69.539625	General
5O6F:ChainA:ALA25	-87.236700	89.605703	General
5O6F:ChainA:ASP26	-35.854194	105.127526	General
5O6F:ChainA:VAL27	-106.362787	133.723390	General
5O6F:ChainA:PHE28	-81.639313	135.390476	General
5O6F:ChainA:VAL29	-116.658242	139.967566	General
5O6F:ChainA:HIS30	-130.052370	135.689180	General
5O6F:ChainA:TYR31	-57.998395	-17.828539	General
5O6F:ChainA:SER32	-69.907325	-23.768566	General
5O6F:ChainA:GLU33	-94.857035	-18.288893	General
5O6F:ChainA:ILE34	-72.134308	139.598873	General
5O6F:ChainA:GLN35	-102.874587	120.483531	General
5O6F:ChainA:GLY36	-152.640878	167.147195	Glycine
5O6F:ChainA:ASN37	-88.271752	42.859320	General
5O6F:ChainA:GLY38	121.504526	-32.297293	Glycine
5O6F:ChainA:PHE39	-113.322762	104.084412	General
5O6F:ChainA:ARG40	-91.060607	59.897939	General
5O6F:ChainA:THR41	-119.018594	162.918840	General
5O6F:ChainA:LEU42	-130.557027	146.132159	General
5O6F:ChainA:GLU43	-100.064379	141.917348	General
5O6F:ChainA:GLU44	-62.924819	129.370539	General
5O6F:ChainA:ASN45	69.426145	30.587934	General
5O6F:ChainA:GLN46	-104.615262	144.532557	General
5O6F:ChainA:LYS47	-74.010855	152.486238	General
5O6F:ChainA:VAL48	-157.233945	152.229677	General
5O6F:ChainA:GLU49	-121.740437	140.660486	General
5O6F:ChainA:PHE50	-159.270378	170.263116	General
5O6F:ChainA:GLU51	-109.609713	134.940695	General
5O6F:ChainA:ILE52	-93.843687	114.469595	General
5O6F:ChainA:GLY53	-110.698345	-148.729088	Glycine
5O6F:ChainA:GLU54	-125.281786	129.360179	General
5O6F:ChainA:GLY55	-126.827011	-161.689082	Glycine
5O6F:ChainA:ALA56	-80.805705	-43.278369	General
5O6F:ChainA:LYS57	-97.758530	28.167287	General
5O6F:ChainA:GLY58	116.993356	-151.090240	Glycine
5O6F:ChainA:PRO59	-65.120981	150.938323	Proline
5O6F:ChainA:GLN60	-120.477323	141.732924	General
5O6F:ChainA:ALA61	-84.661038	115.248419	General
5O6F:ChainA:GLN62	-107.834984	145.974277	General
5O6F:ChainA:GLN63	52.597041	55.470725	General
5O6F:ChainA:VAL64	-80.735383	120.645555	General
5O6F:ChainA:HIS65	-116.063813	121.745312	General
5O6F:ChainA:ALA66	-71.692874	128.645049	General
5O6F:ChainA:LEU67	-91.688530	87.188024	General
5O6F:ChainA:GLY68	-79.417539	43.664362	Glycine
5O6F:ChainA:GLY69	-101.103490	138.265961	Glycine
5O6F:ChainA:GLU70	-128.804820	120.821749	General
5O6F:ChainA:ASN71	-143.020742	96.006050	General
5O6F:ChainA:LEU72	59.252964	37.207943	General
5O6F:ChainA:TYR73	-88.226492	83.600359	General
5O6F:ChainA:PHE74	-103.254930	85.731703	General
5O6F:ChainA:GLN75	-80.095963	68.442098	General
5O6F:ChainA:GLY76	177.492980	139.518430	Glycine
5O6F:ChainA:HIS77	59.886444	33.566053	General
5O6F:ChainA:HIS78	-138.249512	23.229140	General
5O6F:ChainA:HIS79	-73.132188	114.344187	General
5O6F:ChainA:HIS80	-77.313404	144.723914	General
5O6F:ChainA:HIS81	-110.024994	85.972239	General
5O6F:ChainA:ALA2	-139.830898	162.647758	General
5O6F:ChainA:GLN3	-126.674488	170.933936	General
5O6F:ChainA:GLY4	176.823806	-156.057758	Glycine
5O6F:ChainA:THR5	-136.698546	121.456191	General
5O6F:ChainA:VAL6	-68.857824	115.118892	General
5O6F:ChainA:LYS7	-74.909600	-29.741181	General
5O6F:ChainA:TRP8	-166.950454	150.416912	General
5O6F:ChainA:PHE9	-141.071910	123.133080	General
5O6F:ChainA:ASN10	-89.988103	95.862081	General
5O6F:ChainA:ALA11	-71.717973	-24.279894	General
5O6F:ChainA:GLU12	-64.348755	-44.865480	General
5O6F:ChainA:LYS13	-94.294997	-22.124028	General
5O6F:ChainA:GLY14	87.456611	31.413797	Glycine
5O6F:ChainA:PHE15	-146.754322	163.669815	General
5O6F:ChainA:GLY16	-168.353096	-163.489700	Glycine
5O6F:ChainA:PHE17	-137.229904	137.984124	General
5O6F:ChainA:ILE18	-110.839902	141.996364	General
5O6F:ChainA:ALA19	-97.969468	94.295863	Pre-Pro
5O6F:ChainA:PRO20	-56.473312	148.337937	Proline
5O6F:ChainA:ASP21	-74.084467	-11.918038	General
5O6F:ChainA:ASP22	-79.908647	23.421358	General
5O6F:ChainA:GLY23	104.251291	24.053030	Glycine
5O6F:ChainA:SER24	50.698614	51.694158	General
5O6F:ChainA:ALA25	-82.528639	79.793598	General
5O6F:ChainA:ASP26	-39.452858	113.812887	General
5O6F:ChainA:VAL27	-107.016334	138.002457	General
5O6F:ChainA:PHE28	-79.117408	120.149573	General
5O6F:ChainA:VAL29	-93.776947	149.028409	General
5O6F:ChainA:HIS30	-135.712932	128.197679	General
5O6F:ChainA:TYR31	-59.385884	-29.156096	General
5O6F:ChainA:SER32	-73.918676	-18.243821	General
5O6F:ChainA:GLU33	-88.671824	-17.476137	General
5O6F:ChainA:ILE34	-66.884351	129.090641	General
5O6F:ChainA:GLN35	-76.568040	139.192387	General
5O6F:ChainA:GLY36	-60.703069	105.931794	Glycine
5O6F:ChainA:ASN37	-115.822846	34.110908	General
5O6F:ChainA:GLY38	93.835873	-14.423068	Glycine
5O6F:ChainA:PHE39	-159.813327	150.973151	General
5O6F:ChainA:ARG40	-107.588972	55.649809	General
5O6F:ChainA:THR41	-140.517188	150.343998	General
5O6F:ChainA:LEU42	-117.455371	158.852100	General
5O6F:ChainA:GLU43	-114.883020	163.925337	General
5O6F:ChainA:GLU44	-64.949625	145.626973	General
5O6F:ChainA:ASN45	50.560306	34.900813	General
5O6F:ChainA:GLN46	-94.569959	136.764009	General
5O6F:ChainA:LYS47	-75.224830	141.484965	General
5O6F:ChainA:VAL48	-152.111241	151.728221	General
5O6F:ChainA:GLU49	-121.266152	143.036267	General
5O6F:ChainA:PHE50	-160.308314	164.830334	General
5O6F:ChainA:GLU51	-108.786301	114.087991	General
5O6F:ChainA:ILE52	-73.678462	117.371097	General
5O6F:ChainA:GLY53	-107.818264	-177.687725	Glycine
5O6F:ChainA:GLU54	-103.157183	143.852907	General
5O6F:ChainA:GLY55	-129.261416	-168.446341	Glycine
5O6F:ChainA:ALA56	-75.905089	-52.686703	General
5O6F:ChainA:LYS57	-109.299127	32.295760	General
5O6F:ChainA:GLY58	134.278576	168.413608	Glycine
5O6F:ChainA:PRO59	-56.260049	158.005846	Proline
5O6F:ChainA:GLN60	-127.716620	141.344115	General
5O6F:ChainA:ALA61	-82.501517	116.909731	General
5O6F:ChainA:GLN62	-110.867805	149.720050	General
5O6F:ChainA:GLN63	52.796777	57.000597	General
5O6F:ChainA:VAL64	-82.853715	116.974873	General
5O6F:ChainA:HIS65	-107.176446	123.779769	General
5O6F:ChainA:ALA66	-74.349850	116.559977	General
5O6F:ChainA:LEU67	-80.646964	91.822868	General
5O6F:ChainA:GLY68	-70.151660	123.678096	Glycine
5O6F:ChainA:GLY69	-85.714262	-74.252197	Glycine
5O6F:ChainA:GLU70	-113.727067	51.983872	General
5O6F:ChainA:ASN71	-88.555875	50.596749	General
5O6F:ChainA:LEU72	-80.886415	80.540648	General
5O6F:ChainA:TYR73	-84.506557	-8.816171	General
5O6F:ChainA:PHE74	-73.290917	88.287521	General
5O6F:ChainA:GLN75	-104.691438	-32.300214	General
5O6F:ChainA:GLY76	-109.584996	152.408762	Glycine
5O6F:ChainA:HIS77	-77.195821	90.446623	General
5O6F:ChainA:HIS78	-110.743852	21.765081	General
5O6F:ChainA:HIS79	-112.912194	69.801443	General
5O6F:ChainA:HIS80	-165.567442	-63.153812	General
5O6F:ChainA:HIS81	69.347977	130.828925	General
5O6F:ChainA:ALA2	-71.640662	158.312512	General
5O6F:ChainA:GLN3	-133.730657	171.457785	General
5O6F:ChainA:GLY4	171.771904	-154.993742	Glycine
5O6F:ChainA:THR5	-133.081797	123.533326	General
5O6F:ChainA:VAL6	-64.799028	110.057198	General
5O6F:ChainA:LYS7	-69.804218	-29.495359	General
5O6F:ChainA:TRP8	-171.371157	149.568480	General
5O6F:ChainA:PHE9	-146.554844	127.470596	General
5O6F:ChainA:ASN10	-94.400979	99.927182	General
5O6F:ChainA:ALA11	-68.224455	-39.039334	General
5O6F:ChainA:GLU12	-70.420364	-32.405063	General
5O6F:ChainA:LYS13	-87.275051	-30.034371	General
5O6F:ChainA:GLY14	90.727175	28.288655	Glycine
5O6F:ChainA:PHE15	-147.586275	159.767779	General
5O6F:ChainA:GLY16	-172.433334	-162.553463	Glycine
5O6F:ChainA:PHE17	-138.605541	147.916038	General
5O6F:ChainA:ILE18	-118.868405	143.774468	General
5O6F:ChainA:ALA19	-100.253102	91.989115	Pre-Pro
5O6F:ChainA:PRO20	-52.368426	141.721425	Proline
5O6F:ChainA:ASP21	-74.723514	-14.163457	General
5O6F:ChainA:ASP22	-79.066415	23.262596	General
5O6F:ChainA:GLY23	102.346476	22.192636	Glycine
5O6F:ChainA:SER24	39.888256	80.578880	General
5O6F:ChainA:ALA25	-86.478511	1.647800	General
5O6F:ChainA:ASP26	57.820113	88.473051	General
5O6F:ChainA:VAL27	-99.658664	136.734478	General
5O6F:ChainA:PHE28	-83.628120	134.881040	General
5O6F:ChainA:VAL29	-110.430324	134.152296	General
5O6F:ChainA:HIS30	-119.927144	129.497466	General
5O6F:ChainA:TYR31	-54.915022	-24.044410	General
5O6F:ChainA:SER32	-70.261770	-15.695545	General
5O6F:ChainA:GLU33	-95.251107	-13.841198	General
5O6F:ChainA:ILE34	-72.004694	129.762781	General
5O6F:ChainA:GLN35	-102.951278	84.698267	General
5O6F:ChainA:GLY36	-96.362924	-176.096768	Glycine
5O6F:ChainA:ASN37	-96.660803	41.999091	General
5O6F:ChainA:GLY38	118.552275	-26.565498	Glycine
5O6F:ChainA:PHE39	-122.285684	121.847752	General
5O6F:ChainA:ARG40	-85.323203	58.103351	General
5O6F:ChainA:THR41	-134.305554	141.990353	General
5O6F:ChainA:LEU42	-109.771103	155.630551	General
5O6F:ChainA:GLU43	-103.268743	149.833485	General
5O6F:ChainA:GLU44	-71.639011	133.856560	General
5O6F:ChainA:ASN45	71.476099	28.290341	General
5O6F:ChainA:GLN46	-97.923186	140.367420	General
5O6F:ChainA:LYS47	-72.897202	145.118568	General
5O6F:ChainA:VAL48	-154.791126	152.704954	General
5O6F:ChainA:GLU49	-119.608420	147.548095	General
5O6F:ChainA:PHE50	-163.712311	175.450629	General
5O6F:ChainA:GLU51	-122.035159	113.566045	General
5O6F:ChainA:ILE52	-71.182984	122.828534	General
5O6F:ChainA:GLY53	-119.532714	-169.004101	Glycine
5O6F:ChainA:GLU54	-110.765586	108.772085	General
5O6F:ChainA:GLY55	-92.552063	-161.539633	Glycine
5O6F:ChainA:ALA56	-81.677155	-22.428704	General
5O6F:ChainA:LYS57	-118.582544	-14.976321	General
5O6F:ChainA:GLY58	163.147300	-155.651142	Glycine
5O6F:ChainA:PRO59	-63.518618	136.632416	Proline
5O6F:ChainA:GLN60	-124.310123	141.488552	General
5O6F:ChainA:ALA61	-82.084831	112.593584	General
5O6F:ChainA:GLN62	-109.543838	147.101624	General
5O6F:ChainA:GLN63	48.179657	63.970901	General
5O6F:ChainA:VAL64	-87.572355	118.299277	General
5O6F:ChainA:HIS65	-106.503915	123.421504	General
5O6F:ChainA:ALA66	-78.990255	122.449798	General
5O6F:ChainA:LEU67	-96.372439	83.860672	General
5O6F:ChainA:GLY68	91.676710	-142.233470	Glycine
5O6F:ChainA:GLY69	-160.430773	-109.282161	Glycine
5O6F:ChainA:GLU70	-80.258109	136.064257	General
5O6F:ChainA:ASN71	-133.495219	52.301376	General
5O6F:ChainA:LEU72	-99.030200	-32.814670	General
5O6F:ChainA:TYR73	-105.885328	36.841257	General
5O6F:ChainA:PHE74	-64.267765	-32.005234	General
5O6F:ChainA:GLN75	-95.304968	8.904335	General
5O6F:ChainA:GLY76	77.981245	-78.931574	Glycine
5O6F:ChainA:HIS77	-89.048135	104.578762	General
5O6F:ChainA:HIS78	-68.635794	144.475971	General
5O6F:ChainA:HIS79	63.865887	71.529512	General
5O6F:ChainA:HIS80	-84.882549	78.602876	General
5O6F:ChainA:HIS81	-77.625601	102.567066	General
5O6F:ChainA:ALA2	-106.860841	149.247877	General
5O6F:ChainA:GLN3	-130.037274	171.137040	General
5O6F:ChainA:GLY4	177.017552	-159.653952	Glycine
5O6F:ChainA:THR5	-125.633618	119.365498	General
5O6F:ChainA:VAL6	-63.285855	108.467159	General
5O6F:ChainA:LYS7	-67.881160	-31.380093	General
5O6F:ChainA:TRP8	-171.619854	153.581062	General
5O6F:ChainA:PHE9	-146.761679	122.731210	General
5O6F:ChainA:ASN10	-81.988674	99.832036	General
5O6F:ChainA:ALA11	-71.300085	-30.339131	General
5O6F:ChainA:GLU12	-80.895014	-22.489833	General
5O6F:ChainA:LYS13	-100.807439	-30.096120	General
5O6F:ChainA:GLY14	91.490481	34.596306	Glycine
5O6F:ChainA:PHE15	-147.577200	156.517647	General
5O6F:ChainA:GLY16	-171.958151	-160.937618	Glycine
5O6F:ChainA:PHE17	-139.717609	147.618792	General
5O6F:ChainA:ILE18	-122.618861	143.966845	General
5O6F:ChainA:ALA19	-99.305095	93.961281	Pre-Pro
5O6F:ChainA:PRO20	-59.848946	139.789299	Proline
5O6F:ChainA:ASP21	-75.836212	-11.899376	General
5O6F:ChainA:ASP22	-76.808460	25.161573	General
5O6F:ChainA:GLY23	102.754301	17.306183	Glycine
5O6F:ChainA:SER24	34.552659	76.176918	General
5O6F:ChainA:ALA25	-89.780658	7.709203	General
5O6F:ChainA:ASP26	55.430216	89.177651	General
5O6F:ChainA:VAL27	-97.815373	140.325550	General
5O6F:ChainA:PHE28	-88.528300	133.897287	General
5O6F:ChainA:VAL29	-107.900433	145.353188	General
5O6F:ChainA:HIS30	-141.341038	136.086516	General
5O6F:ChainA:TYR31	-62.052439	-16.775335	General
5O6F:ChainA:SER32	-70.165540	-25.070074	General
5O6F:ChainA:GLU33	-93.273030	-22.650191	General
5O6F:ChainA:ILE34	-71.800208	139.861113	General
5O6F:ChainA:GLN35	-110.284290	141.708436	General
5O6F:ChainA:GLY36	-172.141040	-154.718937	Glycine
5O6F:ChainA:ASN37	-119.011150	33.374998	General
5O6F:ChainA:GLY38	119.399326	-32.423550	Glycine
5O6F:ChainA:PHE39	-97.876446	99.620286	General
5O6F:ChainA:ARG40	-93.247072	65.411890	General
5O6F:ChainA:THR41	-132.676442	162.115225	General
5O6F:ChainA:LEU42	-129.199515	146.056033	General
5O6F:ChainA:GLU43	-88.505201	132.312649	General
5O6F:ChainA:GLU44	-59.955409	125.636477	General
5O6F:ChainA:ASN45	69.096700	46.330064	General
5O6F:ChainA:GLN46	-122.263666	142.822218	General
5O6F:ChainA:LYS47	-66.946666	145.394892	General
5O6F:ChainA:VAL48	-153.260245	152.428494	General
5O6F:ChainA:GLU49	-117.334182	144.328729	General
5O6F:ChainA:PHE50	-165.101230	178.853377	General
5O6F:ChainA:GLU51	-124.244469	121.756118	General
5O6F:ChainA:ILE52	-78.291681	123.575478	General
5O6F:ChainA:GLY53	-120.242354	-175.326783	Glycine
5O6F:ChainA:GLU54	-102.994616	136.823659	General
5O6F:ChainA:GLY55	-114.344471	-161.014707	Glycine
5O6F:ChainA:ALA56	-74.926861	-43.089689	General
5O6F:ChainA:LYS57	-118.208172	-15.679892	General
5O6F:ChainA:GLY58	-166.578963	177.340454	Glycine
5O6F:ChainA:PRO59	-61.558144	146.420806	Proline
5O6F:ChainA:GLN60	-121.418800	141.351177	General
5O6F:ChainA:ALA61	-85.109555	112.627258	General
5O6F:ChainA:GLN62	-102.288573	153.923649	General
5O6F:ChainA:GLN63	51.030684	53.171085	General
5O6F:ChainA:VAL64	-81.704030	121.549801	General
5O6F:ChainA:HIS65	-117.451342	124.543245	General
5O6F:ChainA:ALA66	-72.389859	141.252050	General
5O6F:ChainA:LEU67	-108.756435	48.451212	General
5O6F:ChainA:GLY68	-108.944172	-13.039089	Glycine
5O6F:ChainA:GLY69	113.294383	135.568309	Glycine
5O6F:ChainA:GLU70	-89.403492	93.287642	General
5O6F:ChainA:ASN71	-82.406655	124.620621	General
5O6F:ChainA:LEU72	-85.065727	118.604639	General
5O6F:ChainA:TYR73	-85.103656	117.361176	General
5O6F:ChainA:PHE74	-80.270920	83.756424	General
5O6F:ChainA:GLN75	-99.483097	16.708928	General
5O6F:ChainA:GLY76	-56.248550	-36.644052	Glycine
5O6F:ChainA:HIS77	-119.607157	27.054349	General
5O6F:ChainA:HIS78	65.840505	111.092646	General
5O6F:ChainA:HIS79	-130.889805	130.368841	General
5O6F:ChainA:HIS80	-175.496679	154.788167	General
5O6F:ChainA:HIS81	-133.185608	84.508581	General
5O6F:ChainA:ALA2	-97.896088	164.231779	General
5O6F:ChainA:GLN3	-134.311709	171.440752	General
5O6F:ChainA:GLY4	173.122096	-162.880118	Glycine
5O6F:ChainA:THR5	-125.921413	120.489939	General
5O6F:ChainA:VAL6	-63.243581	111.970874	General
5O6F:ChainA:LYS7	-64.083267	-38.663318	General
5O6F:ChainA:TRP8	-173.436380	150.681696	General
5O6F:ChainA:PHE9	-138.306139	119.620780	General
5O6F:ChainA:ASN10	-89.587739	97.210938	General
5O6F:ChainA:ALA11	-71.591928	-17.363006	General
5O6F:ChainA:GLU12	-70.453549	-44.922063	General
5O6F:ChainA:LYS13	-89.258340	-30.145032	General
5O6F:ChainA:GLY14	96.003504	20.821910	Glycine
5O6F:ChainA:PHE15	-143.606584	165.882096	General
5O6F:ChainA:GLY16	-169.782030	-163.672035	Glycine
5O6F:ChainA:PHE17	-138.116307	137.880521	General
5O6F:ChainA:ILE18	-109.129763	146.916559	General
5O6F:ChainA:ALA19	-99.448875	92.151155	Pre-Pro
5O6F:ChainA:PRO20	-52.101126	148.406152	Proline
5O6F:ChainA:ASP21	-72.067537	-12.086829	General
5O6F:ChainA:ASP22	-82.783276	23.600881	General
5O6F:ChainA:GLY23	103.477559	20.092161	Glycine
5O6F:ChainA:SER24	47.954020	82.717304	General
5O6F:ChainA:ALA25	-99.320574	13.389590	General
5O6F:ChainA:ASP26	57.044623	83.413443	General
5O6F:ChainA:VAL27	-91.208247	132.686240	General
5O6F:ChainA:PHE28	-77.450319	122.393645	General
5O6F:ChainA:VAL29	-98.030071	148.678989	General
5O6F:ChainA:HIS30	-139.288267	129.257495	General
5O6F:ChainA:TYR31	-54.956111	-32.108831	General
5O6F:ChainA:SER32	-67.927960	-22.101408	General
5O6F:ChainA:GLU33	-95.319590	-10.766181	General
5O6F:ChainA:ILE34	-72.111522	132.000578	General
5O6F:ChainA:GLN35	-109.952855	88.045351	General
5O6F:ChainA:GLY36	-104.603788	-160.554128	Glycine
5O6F:ChainA:ASN37	-104.156247	41.992412	General
5O6F:ChainA:GLY38	112.776683	-29.716569	Glycine
5O6F:ChainA:PHE39	-111.251455	119.282582	General
5O6F:ChainA:ARG40	-86.473091	66.129830	General
5O6F:ChainA:THR41	-137.286616	152.443228	General
5O6F:ChainA:LEU42	-125.122022	148.815927	General
5O6F:ChainA:GLU43	-98.282617	138.444614	General
5O6F:ChainA:GLU44	-63.825817	132.878051	General
5O6F:ChainA:ASN45	75.135242	21.819710	General
5O6F:ChainA:GLN46	-102.708809	148.476366	General
5O6F:ChainA:LYS47	-76.765535	155.621974	General
5O6F:ChainA:VAL48	-159.991770	152.071051	General
5O6F:ChainA:GLU49	-123.705951	134.414766	General
5O6F:ChainA:PHE50	-158.353433	166.117890	General
5O6F:ChainA:GLU51	-111.480764	120.335935	General
5O6F:ChainA:ILE52	-78.549019	118.853597	General
5O6F:ChainA:GLY53	-108.785597	-149.486252	Glycine
5O6F:ChainA:GLU54	-130.134721	129.009122	General
5O6F:ChainA:GLY55	-112.484029	-160.220808	Glycine
5O6F:ChainA:ALA56	-80.844579	-35.873369	General
5O6F:ChainA:LYS57	-101.102061	-24.335315	General
5O6F:ChainA:GLY58	174.014400	-164.559275	Glycine
5O6F:ChainA:PRO59	-56.832896	141.747089	Proline
5O6F:ChainA:GLN60	-119.140443	145.087634	General
5O6F:ChainA:ALA61	-84.146166	112.520517	General
5O6F:ChainA:GLN62	-106.999731	144.332549	General
5O6F:ChainA:GLN63	55.142583	61.786261	General
5O6F:ChainA:VAL64	-88.419793	104.486666	General
5O6F:ChainA:HIS65	-104.502543	119.647482	General
5O6F:ChainA:ALA66	-68.174067	138.093736	General
5O6F:ChainA:LEU67	-105.086562	110.227594	General
5O6F:ChainA:GLY68	-82.598753	-12.599095	Glycine
5O6F:ChainA:GLY69	129.077583	-145.019849	Glycine
5O6F:ChainA:GLU70	-93.134492	-14.500116	General
5O6F:ChainA:ASN71	-96.627850	109.954727	General
5O6F:ChainA:LEU72	-154.790033	155.178922	General
5O6F:ChainA:TYR73	-85.724641	144.213451	General
5O6F:ChainA:PHE74	-52.699776	134.133138	General
5O6F:ChainA:GLN75	-74.203669	134.716941	General
5O6F:ChainA:GLY76	78.252597	-166.041511	Glycine
5O6F:ChainA:HIS77	-111.443336	58.560413	General
5O6F:ChainA:HIS78	56.090603	40.701698	General
5O6F:ChainA:HIS79	-82.792125	-34.857324	General
5O6F:ChainA:HIS80	-83.969302	91.414185	General
5O6F:ChainA:HIS81	-147.484607	167.006328	General
5O6F:ChainA:ALA2	-138.389225	170.787965	General
5O6F:ChainA:GLN3	-139.689089	165.369755	General
5O6F:ChainA:GLY4	177.071414	-147.621973	Glycine
5O6F:ChainA:THR5	-140.277921	120.854544	General
5O6F:ChainA:VAL6	-64.953036	112.316834	General
5O6F:ChainA:LYS7	-70.095338	-29.364054	General
5O6F:ChainA:TRP8	-172.953343	150.032056	General
5O6F:ChainA:PHE9	-141.386528	124.182030	General
5O6F:ChainA:ASN10	-86.452362	101.789995	General
5O6F:ChainA:ALA11	-71.885505	-22.881372	General
5O6F:ChainA:GLU12	-73.923519	-46.075551	General
5O6F:ChainA:LYS13	-86.211355	-30.427846	General
5O6F:ChainA:GLY14	90.875186	31.970370	Glycine
5O6F:ChainA:PHE15	-147.848767	163.201461	General
5O6F:ChainA:GLY16	-172.087135	-161.071134	Glycine
5O6F:ChainA:PHE17	-139.233532	146.217057	General
5O6F:ChainA:ILE18	-118.237796	143.236605	General
5O6F:ChainA:ALA19	-100.528101	94.492919	Pre-Pro
5O6F:ChainA:PRO20	-58.060396	144.937371	Proline
5O6F:ChainA:ASP21	-74.699032	-12.141297	General
5O6F:ChainA:ASP22	-75.303284	24.517000	General
5O6F:ChainA:GLY23	102.997354	23.052047	Glycine
5O6F:ChainA:SER24	54.575557	46.901820	General
5O6F:ChainA:ALA25	-79.420025	79.089363	General
5O6F:ChainA:ASP26	-39.515846	108.569286	General
5O6F:ChainA:VAL27	-106.316041	139.972861	General
5O6F:ChainA:PHE28	-82.979007	129.483980	General
5O6F:ChainA:VAL29	-104.291691	148.578484	General
5O6F:ChainA:HIS30	-142.549306	133.314284	General
5O6F:ChainA:TYR31	-52.495673	-35.762409	General
5O6F:ChainA:SER32	-69.023406	-19.141733	General
5O6F:ChainA:GLU33	-90.026494	-17.531869	General
5O6F:ChainA:ILE34	-75.645637	134.719580	General
5O6F:ChainA:GLN35	-114.996769	88.623028	General
5O6F:ChainA:GLY36	-112.088420	-160.085791	Glycine
5O6F:ChainA:ASN37	-88.538218	40.266875	General
5O6F:ChainA:GLY38	98.320263	-21.321890	Glycine
5O6F:ChainA:PHE39	-106.689445	109.233006	General
5O6F:ChainA:ARG40	-86.452376	63.663488	General
5O6F:ChainA:THR41	-135.474672	160.224182	General
5O6F:ChainA:LEU42	-132.388128	160.163013	General
5O6F:ChainA:GLU43	-109.988551	155.711054	General
5O6F:ChainA:GLU44	-73.207603	128.298221	General
5O6F:ChainA:ASN45	68.188881	36.882564	General
5O6F:ChainA:GLN46	-102.407866	131.616964	General
5O6F:ChainA:LYS47	-64.867867	142.139236	General
5O6F:ChainA:VAL48	-153.535726	152.640166	General
5O6F:ChainA:GLU49	-119.833772	148.449358	General
5O6F:ChainA:PHE50	-165.650375	179.162755	General
5O6F:ChainA:GLU51	-125.474090	113.747364	General
5O6F:ChainA:ILE52	-76.363357	115.344265	General
5O6F:ChainA:GLY53	-115.385638	-150.821437	Glycine
5O6F:ChainA:GLU54	-131.782621	119.871830	General
5O6F:ChainA:GLY55	-110.126216	-159.558662	Glycine
5O6F:ChainA:ALA56	-60.051293	-36.205048	General
5O6F:ChainA:LYS57	-125.608564	55.297110	General
5O6F:ChainA:GLY58	96.864348	-150.980122	Glycine
5O6F:ChainA:PRO59	-61.823361	133.688444	Proline
5O6F:ChainA:GLN60	-117.553781	139.569922	General
5O6F:ChainA:ALA61	-84.754924	107.985057	General
5O6F:ChainA:GLN62	-103.146501	149.939981	General
5O6F:ChainA:GLN63	51.768891	52.617587	General
5O6F:ChainA:VAL64	-75.202625	123.875499	General
5O6F:ChainA:HIS65	-115.276564	121.399575	General
5O6F:ChainA:ALA66	-74.424428	129.808553	General
5O6F:ChainA:LEU67	-97.455096	-33.544836	General
5O6F:ChainA:GLY68	-81.849299	64.789793	Glycine
5O6F:ChainA:GLY69	-164.288712	-66.400424	Glycine
5O6F:ChainA:GLU70	-80.100282	58.509855	General
5O6F:ChainA:ASN71	-167.021215	166.662576	General
5O6F:ChainA:LEU72	-58.377562	-55.240704	General
5O6F:ChainA:TYR73	58.221852	75.012381	General
5O6F:ChainA:PHE74	-81.693966	64.153113	General
5O6F:ChainA:GLN75	-92.660902	45.789351	General
5O6F:ChainA:GLY76	-87.291752	-47.928460	Glycine
5O6F:ChainA:HIS77	60.954997	32.404962	General
5O6F:ChainA:HIS78	-101.050389	-30.587417	General
5O6F:ChainA:HIS79	-94.985325	68.623649	General
5O6F:ChainA:HIS80	-86.789344	-32.129496	General
5O6F:ChainA:HIS81	-148.575494	13.504250	General
5O6F:ChainA:ALA2	-105.824676	155.575963	General
5O6F:ChainA:GLN3	-140.849274	171.435825	General
5O6F:ChainA:GLY4	172.278175	-165.049894	Glycine
5O6F:ChainA:THR5	-128.505221	122.897138	General
5O6F:ChainA:VAL6	-63.671918	114.715120	General
5O6F:ChainA:LYS7	-67.297052	-40.092920	General
5O6F:ChainA:TRP8	-169.189250	155.285990	General
5O6F:ChainA:PHE9	-140.820129	136.536815	General
5O6F:ChainA:ASN10	-102.239699	105.787171	General
5O6F:ChainA:ALA11	-71.618867	-39.332488	General
5O6F:ChainA:GLU12	-74.680141	-24.874182	General
5O6F:ChainA:LYS13	-94.662151	-28.665579	General
5O6F:ChainA:GLY14	88.449667	26.332789	Glycine
5O6F:ChainA:PHE15	-144.857038	162.898265	General
5O6F:ChainA:GLY16	-169.778727	-165.931447	Glycine
5O6F:ChainA:PHE17	-137.726014	135.390823	General
5O6F:ChainA:ILE18	-107.121148	146.461026	General
5O6F:ChainA:ALA19	-99.479868	92.530881	Pre-Pro
5O6F:ChainA:PRO20	-54.831837	149.515945	Proline
5O6F:ChainA:ASP21	-74.501436	-12.561867	General
5O6F:ChainA:ASP22	-80.673112	23.756329	General
5O6F:ChainA:GLY23	102.499521	19.275596	Glycine
5O6F:ChainA:SER24	48.829024	79.830140	General
5O6F:ChainA:ALA25	-87.257264	-1.109980	General
5O6F:ChainA:ASP26	63.349478	96.133582	General
5O6F:ChainA:VAL27	-104.752061	135.740983	General
5O6F:ChainA:PHE28	-77.373356	128.455152	General
5O6F:ChainA:VAL29	-99.255998	145.529663	General
5O6F:ChainA:HIS30	-135.761454	124.937960	General
5O6F:ChainA:TYR31	-58.242622	-26.873270	General
5O6F:ChainA:SER32	-71.521145	-23.129394	General
5O6F:ChainA:GLU33	-91.460804	-12.131109	General
5O6F:ChainA:ILE34	-71.396971	133.564569	General
5O6F:ChainA:GLN35	-110.354793	125.264849	General
5O6F:ChainA:GLY36	-156.772204	175.662939	Glycine
5O6F:ChainA:ASN37	-94.946883	41.103486	General
5O6F:ChainA:GLY38	118.120599	14.817888	Glycine
5O6F:ChainA:PHE39	-137.714930	116.338773	General
5O6F:ChainA:ARG40	-107.661750	47.782292	General
5O6F:ChainA:THR41	-139.431869	145.786671	General
5O6F:ChainA:LEU42	-111.737239	149.197579	General
5O6F:ChainA:GLU43	-98.746224	138.901774	General
5O6F:ChainA:GLU44	-58.568883	128.185368	General
5O6F:ChainA:ASN45	69.739355	39.336893	General
5O6F:ChainA:GLN46	-112.977512	141.311116	General
5O6F:ChainA:LYS47	-71.405063	150.575624	General
5O6F:ChainA:VAL48	-156.386560	152.383210	General
5O6F:ChainA:GLU49	-122.251699	142.311434	General
5O6F:ChainA:PHE50	-161.638322	172.205200	General
5O6F:ChainA:GLU51	-119.557157	115.336680	General
5O6F:ChainA:ILE52	-73.609889	131.131395	General
5O6F:ChainA:GLY53	-137.748164	-163.848366	Glycine
5O6F:ChainA:GLU54	-106.253322	126.516646	General
5O6F:ChainA:GLY55	-113.201563	-160.916394	Glycine
5O6F:ChainA:ALA56	-70.414773	-33.060976	General
5O6F:ChainA:LYS57	-121.516535	57.325163	General
5O6F:ChainA:GLY58	90.012379	-154.203566	Glycine
5O6F:ChainA:PRO59	-64.092872	134.837346	Proline
5O6F:ChainA:GLN60	-124.231152	148.310647	General
5O6F:ChainA:ALA61	-80.652372	113.423318	General
5O6F:ChainA:GLN62	-105.810292	146.544076	General
5O6F:ChainA:GLN63	53.306373	58.508222	General
5O6F:ChainA:VAL64	-81.713325	98.361182	General
5O6F:ChainA:HIS65	-93.532054	119.266022	General
5O6F:ChainA:ALA66	-71.259998	131.844472	General
5O6F:ChainA:LEU67	-96.637238	138.070015	General
5O6F:ChainA:GLY68	76.477580	-92.589993	Glycine
5O6F:ChainA:GLY69	86.642784	161.357544	Glycine
5O6F:ChainA:GLU70	-89.389301	59.772213	General
5O6F:ChainA:ASN71	-88.526932	-37.556481	General
5O6F:ChainA:LEU72	-84.943547	49.444384	General
5O6F:ChainA:TYR73	-143.883064	107.315146	General
5O6F:ChainA:PHE74	-77.428463	72.406319	General
5O6F:ChainA:GLN75	-127.657695	27.113569	General
5O6F:ChainA:GLY76	-54.445643	-39.340079	Glycine
5O6F:ChainA:HIS77	-121.648825	51.203261	General
5O6F:ChainA:HIS78	72.932353	-86.123443	General
5O6F:ChainA:HIS79	-137.115372	144.613281	General
5O6F:ChainA:HIS80	-146.856398	-41.823852	General
5O6F:ChainA:HIS81	-78.180217	-44.646225	General
5O6F:ChainA:ALA2	-100.158772	173.461251	General
5O6F:ChainA:GLN3	-136.533990	171.068723	General
5O6F:ChainA:GLY4	173.399972	-153.428518	Glycine
5O6F:ChainA:THR5	-133.273749	119.544498	General
5O6F:ChainA:VAL6	-64.141348	109.908942	General
5O6F:ChainA:LYS7	-69.517730	-29.826389	General
5O6F:ChainA:TRP8	-172.516529	148.089956	General
5O6F:ChainA:PHE9	-146.569984	113.788519	General
5O6F:ChainA:ASN10	-87.167037	100.913874	General
5O6F:ChainA:ALA11	-66.220279	-29.448940	General
5O6F:ChainA:GLU12	-63.345196	-43.281497	General
5O6F:ChainA:LYS13	-83.516135	-30.704691	General
5O6F:ChainA:GLY14	91.008185	21.416404	Glycine
5O6F:ChainA:PHE15	-147.364833	165.306496	General
5O6F:ChainA:GLY16	-172.796769	-157.805740	Glycine
5O6F:ChainA:PHE17	-139.872663	149.280658	General
5O6F:ChainA:ILE18	-119.745979	144.252263	General
5O6F:ChainA:ALA19	-100.762421	93.040932	Pre-Pro
5O6F:ChainA:PRO20	-52.038417	146.106813	Proline
5O6F:ChainA:ASP21	-73.882570	-12.052252	General
5O6F:ChainA:ASP22	-80.013133	23.685775	General
5O6F:ChainA:GLY23	103.781567	13.372707	Glycine
5O6F:ChainA:SER24	54.097450	81.072222	General
5O6F:ChainA:ALA25	-85.270895	5.371903	General
5O6F:ChainA:ASP26	57.029822	77.137690	General
5O6F:ChainA:VAL27	-90.421692	135.591085	General
5O6F:ChainA:PHE28	-80.645852	131.621953	General
5O6F:ChainA:VAL29	-106.338554	143.208882	General
5O6F:ChainA:HIS30	-135.806140	131.045116	General
5O6F:ChainA:TYR31	-55.986237	-31.622072	General
5O6F:ChainA:SER32	-68.410763	-21.511378	General
5O6F:ChainA:GLU33	-92.925543	-10.735613	General
5O6F:ChainA:ILE34	-78.136270	133.975512	General
5O6F:ChainA:GLN35	-109.619990	87.495001	General
5O6F:ChainA:GLY36	-107.713648	-160.515740	Glycine
5O6F:ChainA:ASN37	-99.595848	41.916789	General
5O6F:ChainA:GLY38	104.318280	-31.569008	Glycine
5O6F:ChainA:PHE39	-103.100824	108.672860	General
5O6F:ChainA:ARG40	-87.456200	67.156461	General
5O6F:ChainA:THR41	-136.885842	155.414474	General
5O6F:ChainA:LEU42	-126.006311	165.676605	General
5O6F:ChainA:GLU43	-117.784021	146.023341	General
5O6F:ChainA:GLU44	-62.682789	126.987916	General
5O6F:ChainA:ASN45	67.981639	31.463540	General
5O6F:ChainA:GLN46	-102.058511	146.815547	General
5O6F:ChainA:LYS47	-74.553950	148.091833	General
5O6F:ChainA:VAL48	-155.511300	152.833963	General
5O6F:ChainA:GLU49	-121.722875	138.080129	General
5O6F:ChainA:PHE50	-163.992615	165.443607	General
5O6F:ChainA:GLU51	-109.338639	123.628982	General
5O6F:ChainA:ILE52	-79.703848	113.384593	General
5O6F:ChainA:GLY53	-111.986565	-166.588488	Glycine
5O6F:ChainA:GLU54	-104.737253	137.380659	General
5O6F:ChainA:GLY55	-123.402448	-160.411548	Glycine
5O6F:ChainA:ALA56	-65.583912	-58.879288	General
5O6F:ChainA:LYS57	-103.322919	-28.174544	General
5O6F:ChainA:GLY58	-155.268174	-167.331849	Glycine
5O6F:ChainA:PRO59	-63.852833	148.501747	Proline
5O6F:ChainA:GLN60	-123.096197	140.041711	General
5O6F:ChainA:ALA61	-77.546122	115.221351	General
5O6F:ChainA:GLN62	-111.171837	143.880896	General
5O6F:ChainA:GLN63	55.681257	53.338640	General
5O6F:ChainA:VAL64	-79.335345	123.704418	General
5O6F:ChainA:HIS65	-119.571400	122.668375	General
5O6F:ChainA:ALA66	-71.578472	136.152697	General
5O6F:ChainA:LEU67	-99.066488	38.487320	General
5O6F:ChainA:GLY68	-98.912400	165.598283	Glycine
5O6F:ChainA:GLY69	-74.754233	101.202493	Glycine
5O6F:ChainA:GLU70	-89.407355	90.397048	General
5O6F:ChainA:ASN71	-81.446225	116.324722	General
5O6F:ChainA:LEU72	-82.211968	71.043697	General
5O6F:ChainA:TYR73	-93.963628	91.860592	General
5O6F:ChainA:PHE74	-76.312762	-17.779858	General
5O6F:ChainA:GLN75	-101.989699	161.791923	General
5O6F:ChainA:GLY76	85.402162	-88.776153	Glycine
5O6F:ChainA:HIS77	-96.868068	161.124609	General
5O6F:ChainA:HIS78	-113.338538	125.600055	General
5O6F:ChainA:HIS79	-72.167558	101.379348	General
5O6F:ChainA:HIS80	-126.952495	107.949045	General
5O6F:ChainA:HIS81	-60.738543	148.400999	General
