5O97:ChainA:MET43	-140.865009	140.737496	General
5O97:ChainA:ASN44	-90.642901	147.064903	Pre-Pro
5O97:ChainA:PRO45	-73.142573	164.478282	Proline
5O97:ChainA:PRO46	-60.208979	151.163603	Proline
5O97:ChainA:PRO47	-70.308503	167.784651	Proline
5O97:ChainA:PRO48	-60.964961	154.577564	Proline
5O97:ChainA:GLU49	-62.646973	134.360559	General
5O97:ChainA:THR50	-122.779806	-1.910975	General
5O97:ChainA:SER51	-144.817622	129.070590	General
5O97:ChainA:ASN52	-156.235279	98.483304	Pre-Pro
5O97:ChainA:PRO53	-61.730119	-22.051436	Proline
5O97:ChainA:ASN54	-93.734604	1.647977	General
5O97:ChainA:LYS55	-84.724247	122.463508	Pre-Pro
5O97:ChainA:PRO56	-64.213175	144.623484	Proline
5O97:ChainA:LYS57	-130.950738	152.603349	General
5O97:ChainA:ARG58	-137.258394	155.880728	General
5O97:ChainA:GLN59	-116.598760	105.080365	General
5O97:ChainA:THR60	-124.104736	163.184960	General
5O97:ChainA:ASN61	-65.630254	-33.308445	General
5O97:ChainA:GLN62	-67.110809	-41.640528	General
5O97:ChainA:LEU63	-67.753984	-36.090163	General
5O97:ChainA:GLN64	-61.833797	-40.048996	General
5O97:ChainA:TYR65	-62.392885	-41.498110	General
5O97:ChainA:LEU66	-59.593478	-33.299103	General
5O97:ChainA:LEU67	-83.494406	-51.427936	General
5O97:ChainA:ARG68	-68.087158	-40.325303	General
5O97:ChainA:VAL69	-102.512978	-57.745618	General
5O97:ChainA:VAL70	-71.306707	-60.195395	General
5O97:ChainA:LEU71	-59.249462	-46.324034	General
5O97:ChainA:LYS72	-63.540838	-36.355057	General
5O97:ChainA:THR73	-65.435473	-44.655004	General
5O97:ChainA:LEU74	-71.315288	-37.003424	General
5O97:ChainA:TRP75	-62.436871	-36.881286	General
5O97:ChainA:LYS76	-83.599472	-7.731407	General
5O97:ChainA:HIS77	-66.450138	148.964871	General
5O97:ChainA:GLN78	-63.499680	-18.647826	General
5O97:ChainA:PHE79	-101.220640	9.839817	General
5O97:ChainA:ALA80	-73.080840	-29.362386	General
5O97:ChainA:TRP81	-52.882788	-40.492857	Pre-Pro
5O97:ChainA:PRO82	-65.163711	-18.049357	Proline
5O97:ChainA:PHE83	-106.253447	5.841197	General
5O97:ChainA:GLN84	-86.703120	1.784164	General
5O97:ChainA:GLN85	-163.276413	160.888007	Pre-Pro
5O97:ChainA:PRO86	-54.822176	146.096105	Proline
5O97:ChainA:VAL87	-60.679774	123.121381	General
5O97:ChainA:ASP88	-91.753595	91.330096	General
5O97:ChainA:ALA89	-68.761970	-20.219659	General
5O97:ChainA:VAL90	-71.685260	-56.443494	General
5O97:ChainA:LYS91	-63.995293	-36.968392	General
5O97:ChainA:LEU92	-82.029491	-3.734551	General
5O97:ChainA:ASN93	56.448538	52.961559	General
5O97:ChainA:LEU94	-121.700182	69.216712	Pre-Pro
5O97:ChainA:PRO95	-65.200768	-17.521289	Proline
5O97:ChainA:ASP96	-93.903068	-0.516622	General
5O97:ChainA:TYR97	-58.043339	-50.221393	General
5O97:ChainA:TYR98	-85.073948	2.361103	General
5O97:ChainA:LYS99	-81.137889	-28.777675	General
5O97:ChainA:ILE100	-95.876277	-38.999956	General
5O97:ChainA:ILE101	-100.743157	104.687664	General
5O97:ChainA:LYS102	-99.411917	-8.411238	General
5O97:ChainA:THR103	-128.533626	72.113138	Pre-Pro
5O97:ChainA:PRO104	-69.550455	149.405216	Proline
5O97:ChainA:MET105	-156.415203	149.990174	General
5O97:ChainA:ASP106	-154.212707	163.370419	General
5O97:ChainA:MET107	-72.065832	-24.160519	General
5O97:ChainA:GLY108	-60.681834	-45.822037	Glycine
5O97:ChainA:THR109	-62.428831	-44.695443	General
5O97:ChainA:ILE110	-62.136929	-43.238266	General
5O97:ChainA:LYS111	-57.950690	-45.831861	General
5O97:ChainA:LYS112	-62.506803	-44.177308	General
5O97:ChainA:ARG113	-59.171569	-42.349068	General
5O97:ChainA:LEU114	-68.872531	-45.254772	General
5O97:ChainA:GLU115	-68.218102	-26.573111	General
5O97:ChainA:ASN116	-101.659308	15.893642	General
5O97:ChainA:ASN117	48.070896	49.477733	General
5O97:ChainA:TYR118	-75.933893	-24.632068	General
5O97:ChainA:TYR119	-90.861188	152.907802	General
5O97:ChainA:TRP120	-88.501090	-38.424864	General
5O97:ChainA:ASN121	-145.135039	170.337901	General
5O97:ChainA:ALA122	-66.356391	-34.527824	General
5O97:ChainA:GLN123	-59.569492	-35.220783	General
5O97:ChainA:GLU124	-66.319699	-34.659641	General
5O97:ChainA:CYS125	-77.173533	-43.966563	General
5O97:ChainA:ILE126	-54.722683	-40.553084	General
5O97:ChainA:GLN127	-62.135130	-38.705106	General
5O97:ChainA:ASP128	-60.545683	-45.235285	General
5O97:ChainA:PHE129	-60.326994	-45.316470	General
5O97:ChainA:ASN130	-65.576921	-36.504171	General
5O97:ChainA:THR131	-60.484264	-43.276263	General
5O97:ChainA:MET132	-58.983173	-47.638000	General
5O97:ChainA:PHE133	-65.502206	-46.998723	General
5O97:ChainA:THR134	-60.019999	-41.336170	General
5O97:ChainA:ASN135	-57.000441	-42.150482	General
5O97:ChainA:CYS136	-63.611121	-42.197098	General
5O97:ChainA:TYR137	-70.760163	-33.936522	General
5O97:ChainA:ILE138	-66.731218	-46.057239	General
5O97:ChainA:TYR139	-75.059368	-39.717524	General
5O97:ChainA:ASN140	-98.810275	-177.930015	General
5O97:ChainA:LYS141	-102.510179	149.752602	Pre-Pro
5O97:ChainA:PRO142	-57.447152	139.338749	Proline
5O97:ChainA:GLY143	80.700435	-9.050694	Glycine
5O97:ChainA:ASP144	-58.594486	148.732351	General
5O97:ChainA:ASP145	-52.647063	-43.183781	General
5O97:ChainA:ILE146	-65.229592	-34.228656	General
5O97:ChainA:VAL147	-67.796483	-42.823797	General
5O97:ChainA:LEU148	-61.282885	-36.336782	General
5O97:ChainA:MET149	-66.614359	-47.767726	General
5O97:ChainA:ALA150	-59.125026	-40.885117	General
5O97:ChainA:GLU151	-63.227497	-39.474391	General
5O97:ChainA:ALA152	-65.421345	-40.507017	General
5O97:ChainA:LEU153	-68.140159	-40.050379	General
5O97:ChainA:GLU154	-63.519144	-35.842996	General
5O97:ChainA:LYS155	-62.171312	-43.064326	General
5O97:ChainA:LEU156	-67.111343	-42.582281	General
5O97:ChainA:PHE157	-53.216209	-48.346995	General
5O97:ChainA:LEU158	-64.124629	-39.938605	General
5O97:ChainA:GLN159	-59.915055	-45.084081	General
5O97:ChainA:LYS160	-72.075412	-39.829197	General
5O97:ChainA:ILE161	-66.621172	-27.718469	General
5O97:ChainA:ASN162	-58.656499	-25.803514	General
5O97:ChainA:GLU163	-112.271034	26.422659	General
5O97:ChainA:LEU164	-54.262708	128.476735	Pre-Pro
5O97:ChainA:PRO165	-72.951632	153.380446	Proline
5O97:ChainA:THR166	-60.926055	141.412670	General
5O97:ChainA:GLU167	-65.946640	127.045258	General
