5PBJ:ChainA:MET1857	-48.711274	116.602908	General
5PBJ:ChainA:SER1858	64.151983	19.679616	General
5PBJ:ChainA:VAL1859	-134.998861	100.806218	General
5PBJ:ChainA:LYS1860	-121.387269	135.491689	General
5PBJ:ChainA:LYS1861	-55.659220	155.054073	Pre-Pro
5PBJ:ChainA:PRO1862	-54.273487	139.279765	Proline
5PBJ:ChainA:LYS1863	-71.885475	92.772481	General
5PBJ:ChainA:ARG1864	-46.348261	126.682514	General
5PBJ:ChainA:ASP1865	-77.244316	112.983009	General
5PBJ:ChainA:ASP1866	-108.760117	10.922514	General
5PBJ:ChainA:SER1867	-71.798441	-21.321914	General
5PBJ:ChainA:LYS1868	-97.558156	2.477885	General
5PBJ:ChainA:ASP1869	-61.996806	-43.593053	General
5PBJ:ChainA:LEU1870	-58.546444	-49.172618	General
5PBJ:ChainA:ALA1871	-60.407395	-43.836755	General
5PBJ:ChainA:LEU1872	-68.631785	-42.193844	General
5PBJ:ChainA:CYS1873	-60.869394	-40.506512	General
5PBJ:ChainA:SER1874	-58.442280	-42.099170	General
5PBJ:ChainA:MET1875	-63.818364	-46.785433	General
5PBJ:ChainA:ILE1876	-56.249761	-44.999349	General
5PBJ:ChainA:LEU1877	-64.673119	-40.349092	General
5PBJ:ChainA:THR1878	-59.564391	-41.670710	General
5PBJ:ChainA:GLU1879	-65.051338	-39.933843	General
5PBJ:ChainA:MET1880	-66.793062	-44.090535	General
5PBJ:ChainA:GLU1881	-58.902335	-33.497614	General
5PBJ:ChainA:THR1882	-94.279775	-5.507047	General
5PBJ:ChainA:HIS1883	-63.123908	139.744699	General
5PBJ:ChainA:GLU1884	-59.548768	-28.366505	General
5PBJ:ChainA:ASP1885	-89.867818	14.104498	General
5PBJ:ChainA:ALA1886	-77.982700	-20.883625	General
5PBJ:ChainA:TRP1887	-49.835146	-33.290983	Pre-Pro
5PBJ:ChainA:PRO1888	-68.708058	-13.013279	Proline
5PBJ:ChainA:PHE1889	-117.836372	-4.868675	General
5PBJ:ChainA:LEU1890	-68.450304	-34.744848	General
5PBJ:ChainA:LEU1891	-129.745872	155.199417	Pre-Pro
5PBJ:ChainA:PRO1892	-59.272315	140.169854	Proline
5PBJ:ChainA:VAL1893	-57.905816	134.523001	General
5PBJ:ChainA:ASN1894	-80.031827	104.008718	General
5PBJ:ChainA:LEU1895	-68.445972	-18.177402	General
5PBJ:ChainA:LYS1896	-79.012815	-30.703513	General
5PBJ:ChainA:LEU1897	-103.847573	-7.570590	General
5PBJ:ChainA:VAL1898	-120.388770	103.912456	Pre-Pro
5PBJ:ChainA:PRO1899	-56.877082	138.162009	Proline
5PBJ:ChainA:GLY1900	92.024491	-24.135733	Glycine
5PBJ:ChainA:TYR1901	-65.578010	-47.386071	General
5PBJ:ChainA:LYS1902	-58.478786	-45.713023	General
5PBJ:ChainA:LYS1903	-73.131499	-38.489352	General
5PBJ:ChainA:VAL1904	-80.199732	-37.414886	General
5PBJ:ChainA:ILE1905	-104.781950	102.710701	General
5PBJ:ChainA:LYS1906	-72.852805	-28.737566	General
5PBJ:ChainA:LYS1907	-131.461249	86.068071	Pre-Pro
5PBJ:ChainA:PRO1908	-64.813087	145.656664	Proline
5PBJ:ChainA:MET1909	-151.733597	146.850765	General
5PBJ:ChainA:ASP1910	-151.969995	164.588938	General
5PBJ:ChainA:PHE1911	-64.598021	-37.212439	General
5PBJ:ChainA:SER1912	-62.943549	-36.565874	General
5PBJ:ChainA:THR1913	-68.426793	-45.147261	General
5PBJ:ChainA:ILE1914	-59.312638	-42.542422	General
5PBJ:ChainA:ARG1915	-62.438149	-40.443230	General
5PBJ:ChainA:GLU1916	-70.762481	-41.135050	General
5PBJ:ChainA:LYS1917	-62.921142	-43.808791	General
5PBJ:ChainA:LEU1918	-57.973382	-51.739579	General
5PBJ:ChainA:SER1919	-63.553062	-14.334634	General
5PBJ:ChainA:SER1920	-123.243758	18.661937	General
5PBJ:ChainA:GLY1921	63.503565	32.710174	Glycine
5PBJ:ChainA:GLN1922	-97.880166	0.112594	General
5PBJ:ChainA:TYR1923	-98.421103	116.993980	Pre-Pro
5PBJ:ChainA:PRO1924	-71.725876	-26.127699	Proline
5PBJ:ChainA:ASN1925	-158.775939	170.015775	General
5PBJ:ChainA:LEU1926	-63.940006	-25.450337	General
5PBJ:ChainA:GLU1927	-68.027397	-34.736492	General
5PBJ:ChainA:THR1928	-69.602263	-34.016623	General
5PBJ:ChainA:PHE1929	-61.996395	-49.053257	General
5PBJ:ChainA:ALA1930	-63.733928	-34.558741	General
5PBJ:ChainA:LEU1931	-62.036249	-44.089368	General
5PBJ:ChainA:ASP1932	-67.026624	-39.237488	General
5PBJ:ChainA:VAL1933	-60.929553	-50.164127	General
5PBJ:ChainA:ARG1934	-61.241368	-37.524635	General
5PBJ:ChainA:LEU1935	-51.030748	-42.551221	General
5PBJ:ChainA:VAL1936	-56.812004	-44.211368	General
5PBJ:ChainA:PHE1937	-80.907332	-31.552189	General
5PBJ:ChainA:ASP1938	-64.018491	-40.908280	General
5PBJ:ChainA:ASN1939	-61.982372	-42.253706	General
5PBJ:ChainA:CYS1940	-61.010977	-44.963205	General
5PBJ:ChainA:GLU1941	-68.013555	-34.104244	General
5PBJ:ChainA:THR1942	-58.538520	-40.273836	General
5PBJ:ChainA:PHE1943	-100.870997	-16.041961	General
5PBJ:ChainA:ASN1944	-125.341899	139.464380	General
5PBJ:ChainA:GLU1945	-60.981850	140.761499	General
5PBJ:ChainA:ASP1946	-52.646347	-40.903457	General
5PBJ:ChainA:ASP1947	-93.237283	62.127263	General
5PBJ:ChainA:SER1948	-141.714420	160.816320	General
5PBJ:ChainA:ASP1949	-59.380856	-44.113633	General
5PBJ:ChainA:ILE1950	-69.504115	-40.149456	General
5PBJ:ChainA:GLY1951	-62.334899	-45.559359	Glycine
5PBJ:ChainA:ARG1952	-64.624269	-37.445660	General
5PBJ:ChainA:ALA1953	-59.029104	-44.903696	General
5PBJ:ChainA:GLY1954	-65.643119	-41.459430	Glycine
5PBJ:ChainA:HIS1955	-60.648035	-46.870431	General
5PBJ:ChainA:ASN1956	-56.542901	-48.657417	General
5PBJ:ChainA:MET1957	-62.797095	-38.012905	General
5PBJ:ChainA:ARG1958	-63.671026	-49.906034	General
5PBJ:ChainA:LYS1959	-52.678245	-49.411522	General
5PBJ:ChainA:TYR1960	-56.018473	-45.897784	General
5PBJ:ChainA:PHE1961	-62.878224	-46.544371	General
5PBJ:ChainA:GLU1962	-66.731179	-36.304690	General
5PBJ:ChainA:LYS1963	-64.273077	-46.395984	General
5PBJ:ChainA:LYS1964	-61.431710	-34.258535	General
5PBJ:ChainA:TRP1965	-67.673868	-53.207760	General
5PBJ:ChainA:THR1966	-53.830702	-51.999378	General
5PBJ:ChainA:ASP1967	-66.390717	-28.639035	General
5PBJ:ChainA:THR1968	-83.265946	-33.295831	General
5PBJ:ChainA:PHE1969	-122.628563	-26.578917	General
