5PC3:ChainA:MET1857	-53.258547	118.342909	General
5PC3:ChainA:SER1858	66.054696	18.092712	General
5PC3:ChainA:VAL1859	-134.848026	100.742765	General
5PC3:ChainA:LYS1860	-123.058587	133.880325	General
5PC3:ChainA:LYS1861	-52.022386	150.343331	Pre-Pro
5PC3:ChainA:PRO1862	-52.757528	140.205476	Proline
5PC3:ChainA:LYS1863	-69.832146	97.076204	General
5PC3:ChainA:ARG1864	-51.978828	129.151392	General
5PC3:ChainA:ASP1865	-77.266957	109.988828	General
5PC3:ChainA:ASP1866	-106.720432	8.945747	General
5PC3:ChainA:SER1867	-70.370066	-23.860904	General
5PC3:ChainA:LYS1868	-95.609080	3.782487	General
5PC3:ChainA:ASP1869	-61.734359	-45.234984	General
5PC3:ChainA:LEU1870	-56.880828	-49.993351	General
5PC3:ChainA:ALA1871	-62.216821	-44.771779	General
5PC3:ChainA:LEU1872	-67.066125	-42.207758	General
5PC3:ChainA:CYS1873	-58.696799	-42.057798	General
5PC3:ChainA:SER1874	-58.124271	-44.583779	General
5PC3:ChainA:MET1875	-61.806141	-48.019198	General
5PC3:ChainA:ILE1876	-53.924489	-46.574430	General
5PC3:ChainA:LEU1877	-66.562940	-36.747691	General
5PC3:ChainA:THR1878	-61.943575	-39.559155	General
5PC3:ChainA:GLU1879	-68.808870	-35.978873	General
5PC3:ChainA:MET1880	-69.689040	-45.191770	General
5PC3:ChainA:GLU1881	-55.752796	-33.896912	General
5PC3:ChainA:THR1882	-96.804863	-4.200897	General
5PC3:ChainA:HIS1883	-63.840574	138.781424	General
5PC3:ChainA:GLU1884	-61.262691	-24.005889	General
5PC3:ChainA:ASP1885	-94.899545	15.983571	General
5PC3:ChainA:ALA1886	-77.760217	-19.551758	General
5PC3:ChainA:TRP1887	-52.742411	-33.709178	Pre-Pro
5PC3:ChainA:PRO1888	-69.370726	-11.634821	Proline
5PC3:ChainA:PHE1889	-117.044385	-3.424780	General
5PC3:ChainA:LEU1890	-69.146877	-35.038286	General
5PC3:ChainA:LEU1891	-130.554148	156.958729	Pre-Pro
5PC3:ChainA:PRO1892	-61.232457	142.117405	Proline
5PC3:ChainA:VAL1893	-62.241756	135.918786	General
5PC3:ChainA:ASN1894	-78.699610	105.866724	General
5PC3:ChainA:LEU1895	-70.438192	-19.728882	General
5PC3:ChainA:LYS1896	-75.020675	-30.235244	General
5PC3:ChainA:LEU1897	-107.725559	-5.075354	General
5PC3:ChainA:VAL1898	-120.129304	100.037949	Pre-Pro
5PC3:ChainA:PRO1899	-54.142144	135.501894	Proline
5PC3:ChainA:GLY1900	91.585511	-20.878718	Glycine
5PC3:ChainA:TYR1901	-68.332466	-43.996779	General
5PC3:ChainA:LYS1902	-57.398422	-47.284647	General
5PC3:ChainA:LYS1903	-75.076362	-38.598662	General
5PC3:ChainA:VAL1904	-79.290323	-38.846070	General
5PC3:ChainA:ILE1905	-103.257487	101.617701	General
5PC3:ChainA:LYS1906	-72.051373	-29.112336	General
5PC3:ChainA:LYS1907	-131.497252	86.699342	Pre-Pro
5PC3:ChainA:PRO1908	-67.970587	144.337336	Proline
5PC3:ChainA:MET1909	-148.851108	151.508822	General
5PC3:ChainA:ASP1910	-154.803808	164.951308	General
5PC3:ChainA:PHE1911	-63.217567	-39.593260	General
5PC3:ChainA:SER1912	-61.928723	-36.999080	General
5PC3:ChainA:THR1913	-69.768570	-41.848077	General
5PC3:ChainA:ILE1914	-62.559774	-42.800317	General
5PC3:ChainA:ARG1915	-63.696257	-40.177779	General
5PC3:ChainA:GLU1916	-68.521028	-44.140227	General
5PC3:ChainA:LYS1917	-55.827789	-45.674984	General
5PC3:ChainA:LEU1918	-61.036421	-52.530799	General
5PC3:ChainA:SER1919	-60.139771	-18.835710	General
5PC3:ChainA:SER1920	-118.631475	17.511335	General
5PC3:ChainA:GLY1921	62.501970	34.013775	Glycine
5PC3:ChainA:GLN1922	-93.153475	-3.207209	General
5PC3:ChainA:TYR1923	-96.506310	114.340655	Pre-Pro
5PC3:ChainA:PRO1924	-68.615894	-25.766392	Proline
5PC3:ChainA:ASN1925	-159.861484	172.256070	General
5PC3:ChainA:LEU1926	-64.106387	-25.994763	General
5PC3:ChainA:GLU1927	-68.704376	-36.663280	General
5PC3:ChainA:THR1928	-68.230801	-31.808155	General
5PC3:ChainA:PHE1929	-63.889056	-47.559727	General
5PC3:ChainA:ALA1930	-64.641857	-34.633533	General
5PC3:ChainA:LEU1931	-61.568548	-43.705765	General
5PC3:ChainA:ASP1932	-65.345695	-41.389505	General
5PC3:ChainA:VAL1933	-59.802691	-51.031143	General
5PC3:ChainA:ARG1934	-62.708334	-34.167922	General
5PC3:ChainA:LEU1935	-55.953942	-39.838857	General
5PC3:ChainA:VAL1936	-59.549258	-44.838968	General
5PC3:ChainA:PHE1937	-75.528934	-36.750196	General
5PC3:ChainA:ASP1938	-60.415553	-45.113247	General
5PC3:ChainA:ASN1939	-56.767685	-43.923928	General
5PC3:ChainA:CYS1940	-64.555867	-41.930595	General
5PC3:ChainA:GLU1941	-67.396423	-34.985800	General
5PC3:ChainA:THR1942	-61.335224	-36.851252	General
5PC3:ChainA:PHE1943	-102.215108	-14.800636	General
5PC3:ChainA:ASN1944	-127.225863	137.599130	General
5PC3:ChainA:GLU1945	-64.336235	142.536967	General
5PC3:ChainA:ASP1946	-51.809300	-37.573494	General
5PC3:ChainA:ASP1947	-98.083982	65.049497	General
5PC3:ChainA:SER1948	-144.750642	163.679998	General
5PC3:ChainA:ASP1949	-61.831399	-42.803285	General
5PC3:ChainA:ILE1950	-73.092771	-38.308707	General
5PC3:ChainA:GLY1951	-59.360201	-46.101733	Glycine
5PC3:ChainA:ARG1952	-65.522324	-43.084661	General
5PC3:ChainA:ALA1953	-53.063906	-46.379401	General
5PC3:ChainA:GLY1954	-62.849313	-44.509402	Glycine
5PC3:ChainA:HIS1955	-62.224098	-40.803331	General
5PC3:ChainA:ASN1956	-65.123894	-45.036569	General
5PC3:ChainA:MET1957	-66.630493	-36.754591	General
5PC3:ChainA:ARG1958	-64.028875	-48.906584	General
5PC3:ChainA:LYS1959	-52.819442	-50.184404	General
5PC3:ChainA:TYR1960	-56.876519	-45.127405	General
5PC3:ChainA:PHE1961	-64.498451	-44.855031	General
5PC3:ChainA:GLU1962	-68.062567	-33.955319	General
5PC3:ChainA:LYS1963	-68.181548	-48.641282	General
5PC3:ChainA:LYS1964	-58.115034	-37.857919	General
5PC3:ChainA:TRP1965	-64.269259	-54.623871	General
5PC3:ChainA:THR1966	-57.257096	-48.465062	General
5PC3:ChainA:ASP1967	-66.618448	-30.936230	General
5PC3:ChainA:THR1968	-81.885151	-38.839619	General
5PC3:ChainA:PHE1969	-118.472243	-38.188156	General
