5PC5:ChainA:MET1857	-55.160547	125.518074	General
5PC5:ChainA:SER1858	60.467378	21.900587	General
5PC5:ChainA:VAL1859	-137.970314	97.963991	General
5PC5:ChainA:LYS1860	-122.443754	138.103792	General
5PC5:ChainA:LYS1861	-54.395498	152.567810	Pre-Pro
5PC5:ChainA:PRO1862	-52.225630	138.055690	Proline
5PC5:ChainA:LYS1863	-72.596069	99.899323	General
5PC5:ChainA:ARG1864	-54.019142	131.704648	General
5PC5:ChainA:ASP1865	-77.312612	109.960169	General
5PC5:ChainA:ASP1866	-107.361115	7.214411	General
5PC5:ChainA:SER1867	-64.874929	-25.972304	General
5PC5:ChainA:LYS1868	-94.398900	1.236878	General
5PC5:ChainA:ASP1869	-63.365108	-44.005618	General
5PC5:ChainA:LEU1870	-58.199002	-49.384614	General
5PC5:ChainA:ALA1871	-62.768218	-45.727534	General
5PC5:ChainA:LEU1872	-67.114671	-40.890278	General
5PC5:ChainA:CYS1873	-61.136178	-38.293204	General
5PC5:ChainA:SER1874	-58.597053	-43.342895	General
5PC5:ChainA:MET1875	-68.379789	-44.347825	General
5PC5:ChainA:ILE1876	-56.234364	-45.156917	General
5PC5:ChainA:LEU1877	-65.269588	-41.152107	General
5PC5:ChainA:THR1878	-55.351630	-43.179595	General
5PC5:ChainA:GLU1879	-68.078455	-34.963896	General
5PC5:ChainA:MET1880	-69.148758	-42.368507	General
5PC5:ChainA:GLU1881	-58.526661	-31.523699	General
5PC5:ChainA:THR1882	-99.974611	-4.668976	General
5PC5:ChainA:HIS1883	-63.095228	139.488391	General
5PC5:ChainA:GLU1884	-60.123962	-25.352069	General
5PC5:ChainA:ASP1885	-95.398149	15.416583	General
5PC5:ChainA:ALA1886	-77.354354	-18.541407	General
5PC5:ChainA:TRP1887	-50.464345	-36.527747	Pre-Pro
5PC5:ChainA:PRO1888	-70.562595	-11.037473	Proline
5PC5:ChainA:PHE1889	-118.344038	-1.845959	General
5PC5:ChainA:LEU1890	-69.315515	-35.778160	General
5PC5:ChainA:LEU1891	-129.326929	157.630147	Pre-Pro
5PC5:ChainA:PRO1892	-57.399497	143.917053	Proline
5PC5:ChainA:VAL1893	-63.199499	136.824679	General
5PC5:ChainA:ASN1894	-80.866050	104.445089	General
5PC5:ChainA:LEU1895	-71.217419	-19.153499	General
5PC5:ChainA:LYS1896	-74.608297	-33.330859	General
5PC5:ChainA:LEU1897	-106.600441	-1.605053	General
5PC5:ChainA:VAL1898	-122.079093	92.615556	Pre-Pro
5PC5:ChainA:PRO1899	-46.540373	134.050057	Proline
5PC5:ChainA:GLY1900	92.867633	-24.678756	Glycine
5PC5:ChainA:TYR1901	-64.693209	-45.435524	General
5PC5:ChainA:LYS1902	-60.021524	-48.419408	General
5PC5:ChainA:LYS1903	-70.498050	-38.518398	General
5PC5:ChainA:VAL1904	-80.633125	-39.173435	General
5PC5:ChainA:ILE1905	-101.913478	103.241572	General
5PC5:ChainA:LYS1906	-73.620005	-28.164476	General
5PC5:ChainA:LYS1907	-133.460218	84.196239	Pre-Pro
5PC5:ChainA:PRO1908	-62.031456	144.633549	Proline
5PC5:ChainA:MET1909	-150.216240	149.545846	General
5PC5:ChainA:ASP1910	-152.168823	168.159412	General
5PC5:ChainA:PHE1911	-63.116699	-39.718397	General
5PC5:ChainA:SER1912	-64.195304	-36.199922	General
5PC5:ChainA:THR1913	-69.489211	-39.646218	General
5PC5:ChainA:ILE1914	-64.333053	-42.996611	General
5PC5:ChainA:ARG1915	-59.730234	-43.194424	General
5PC5:ChainA:GLU1916	-66.463157	-43.894323	General
5PC5:ChainA:LYS1917	-59.295640	-42.459048	General
5PC5:ChainA:LEU1918	-64.063228	-51.053853	General
5PC5:ChainA:SER1919	-64.591048	-14.959832	General
5PC5:ChainA:SER1920	-118.144360	15.696340	General
5PC5:ChainA:GLY1921	65.271587	33.340320	Glycine
5PC5:ChainA:GLN1922	-93.125765	-2.515500	General
5PC5:ChainA:TYR1923	-97.875274	114.343670	Pre-Pro
5PC5:ChainA:PRO1924	-66.767294	-28.136626	Proline
5PC5:ChainA:ASN1925	-159.722005	174.787045	General
5PC5:ChainA:LEU1926	-67.536859	-24.912709	General
5PC5:ChainA:GLU1927	-69.050963	-35.687506	General
5PC5:ChainA:THR1928	-70.030187	-30.623833	General
5PC5:ChainA:PHE1929	-66.844808	-47.495633	General
5PC5:ChainA:ALA1930	-61.176193	-35.572673	General
5PC5:ChainA:LEU1931	-61.938554	-44.262347	General
5PC5:ChainA:ASP1932	-64.121736	-40.952504	General
5PC5:ChainA:VAL1933	-61.615163	-48.623134	General
5PC5:ChainA:ARG1934	-62.854538	-34.022126	General
5PC5:ChainA:LEU1935	-58.056024	-40.052693	General
5PC5:ChainA:VAL1936	-58.300594	-45.624590	General
5PC5:ChainA:PHE1937	-76.280142	-34.667900	General
5PC5:ChainA:ASP1938	-60.637450	-45.193223	General
5PC5:ChainA:ASN1939	-58.560676	-44.105602	General
5PC5:ChainA:CYS1940	-59.790676	-41.890967	General
5PC5:ChainA:GLU1941	-69.210414	-36.849323	General
5PC5:ChainA:THR1942	-59.615707	-37.789925	General
5PC5:ChainA:PHE1943	-101.270634	-17.427479	General
5PC5:ChainA:ASN1944	-123.465608	135.872612	General
5PC5:ChainA:GLU1945	-60.085215	140.961580	General
5PC5:ChainA:ASP1946	-49.342794	-40.410634	General
5PC5:ChainA:ASP1947	-91.687153	69.446286	General
5PC5:ChainA:SER1948	-153.152143	160.819217	General
5PC5:ChainA:ASP1949	-61.599310	-43.302309	General
5PC5:ChainA:ILE1950	-70.282206	-37.125683	General
5PC5:ChainA:GLY1951	-64.495850	-40.440531	Glycine
5PC5:ChainA:ARG1952	-73.062320	-39.724733	General
5PC5:ChainA:ALA1953	-52.056310	-47.550595	General
5PC5:ChainA:GLY1954	-59.970720	-46.207036	Glycine
5PC5:ChainA:HIS1955	-62.847509	-42.180288	General
5PC5:ChainA:ASN1956	-64.582491	-45.422245	General
5PC5:ChainA:MET1957	-64.423251	-40.823467	General
5PC5:ChainA:ARG1958	-60.753823	-47.927024	General
5PC5:ChainA:LYS1959	-54.069785	-51.818689	General
5PC5:ChainA:TYR1960	-53.901527	-45.611520	General
5PC5:ChainA:PHE1961	-61.915098	-48.953806	General
5PC5:ChainA:GLU1962	-65.418632	-32.515348	General
5PC5:ChainA:LYS1963	-70.337973	-47.747094	General
5PC5:ChainA:LYS1964	-56.492861	-38.337861	General
5PC5:ChainA:TRP1965	-65.904727	-52.169445	General
5PC5:ChainA:THR1966	-56.844176	-48.887208	General
5PC5:ChainA:ASP1967	-67.962679	-26.871783	General
5PC5:ChainA:THR1968	-87.362364	-34.154740	General
5PC5:ChainA:PHE1969	-124.917853	-27.244381	General
