5PCG:ChainA:MET1857	-52.385942	125.131635	General
5PCG:ChainA:SER1858	59.964661	21.708091	General
5PCG:ChainA:VAL1859	-136.124898	99.804496	General
5PCG:ChainA:LYS1860	-120.892647	138.295906	General
5PCG:ChainA:LYS1861	-58.570321	153.674596	Pre-Pro
5PCG:ChainA:PRO1862	-51.904048	138.782483	Proline
5PCG:ChainA:LYS1863	-75.529293	94.450267	General
5PCG:ChainA:ARG1864	-48.211924	133.344772	General
5PCG:ChainA:ASP1865	-82.562555	114.003325	General
5PCG:ChainA:ASP1866	-111.055092	10.951434	General
5PCG:ChainA:SER1867	-69.794515	-25.512675	General
5PCG:ChainA:LYS1868	-90.309214	-4.303375	General
5PCG:ChainA:ASP1869	-61.357072	-44.275299	General
5PCG:ChainA:LEU1870	-54.750715	-53.383770	General
5PCG:ChainA:ALA1871	-62.043846	-45.436804	General
5PCG:ChainA:LEU1872	-65.397943	-40.829213	General
5PCG:ChainA:CYS1873	-60.066813	-39.543219	General
5PCG:ChainA:SER1874	-59.691434	-43.881973	General
5PCG:ChainA:MET1875	-61.959860	-51.892742	General
5PCG:ChainA:ILE1876	-51.391573	-44.472657	General
5PCG:ChainA:LEU1877	-63.592869	-44.374577	General
5PCG:ChainA:THR1878	-57.243806	-43.266808	General
5PCG:ChainA:GLU1879	-65.051398	-39.042870	General
5PCG:ChainA:MET1880	-67.645851	-41.068348	General
5PCG:ChainA:GLU1881	-58.984919	-28.048413	General
5PCG:ChainA:THR1882	-105.713488	-5.594871	General
5PCG:ChainA:HIS1883	-60.673103	143.301268	General
5PCG:ChainA:GLU1884	-67.316872	-25.682798	General
5PCG:ChainA:ASP1885	-89.842230	14.194504	General
5PCG:ChainA:ALA1886	-75.910641	-16.418213	General
5PCG:ChainA:TRP1887	-55.167656	-34.622733	Pre-Pro
5PCG:ChainA:PRO1888	-71.706728	-10.023555	Proline
5PCG:ChainA:PHE1889	-117.270211	-0.275294	General
5PCG:ChainA:LEU1890	-74.040501	-35.507820	General
5PCG:ChainA:LEU1891	-126.940102	157.207175	Pre-Pro
5PCG:ChainA:PRO1892	-51.888780	138.788796	Proline
5PCG:ChainA:VAL1893	-61.386855	136.150242	General
5PCG:ChainA:ASN1894	-84.226834	106.534740	General
5PCG:ChainA:LEU1895	-71.587597	-20.291622	General
5PCG:ChainA:LYS1896	-70.053517	-36.569293	General
5PCG:ChainA:LEU1897	-102.532568	-3.809375	General
5PCG:ChainA:VAL1898	-123.486263	94.091066	Pre-Pro
5PCG:ChainA:PRO1899	-48.399446	127.977775	Proline
5PCG:ChainA:GLY1900	98.217485	-23.253985	Glycine
5PCG:ChainA:TYR1901	-62.377340	-46.979463	General
5PCG:ChainA:LYS1902	-57.388435	-45.151652	General
5PCG:ChainA:LYS1903	-79.654731	-38.452039	General
5PCG:ChainA:VAL1904	-76.597950	-40.208637	General
5PCG:ChainA:ILE1905	-101.545737	104.724335	General
5PCG:ChainA:LYS1906	-68.164361	-30.061748	General
5PCG:ChainA:LYS1907	-138.123723	83.047027	Pre-Pro
5PCG:ChainA:PRO1908	-63.074760	144.163393	Proline
5PCG:ChainA:MET1909	-148.959536	147.317170	General
5PCG:ChainA:ASP1910	-151.681654	165.260594	General
5PCG:ChainA:PHE1911	-60.828017	-38.877719	General
5PCG:ChainA:SER1912	-66.647075	-33.500870	General
5PCG:ChainA:THR1913	-73.793468	-41.404469	General
5PCG:ChainA:ILE1914	-57.395499	-44.846501	General
5PCG:ChainA:ARG1915	-62.075734	-43.396958	General
5PCG:ChainA:GLU1916	-63.914120	-44.794769	General
5PCG:ChainA:LYS1917	-58.842926	-35.485627	General
5PCG:ChainA:LEU1918	-71.828584	-54.312670	General
5PCG:ChainA:SER1919	-56.505108	-20.965532	General
5PCG:ChainA:SER1920	-112.894926	15.538006	General
5PCG:ChainA:GLY1921	66.999818	34.359822	Glycine
5PCG:ChainA:GLN1922	-96.292889	-2.856687	General
5PCG:ChainA:TYR1923	-94.387580	112.421978	Pre-Pro
5PCG:ChainA:PRO1924	-65.106296	-27.157639	Proline
5PCG:ChainA:ASN1925	-161.114727	176.019080	General
5PCG:ChainA:LEU1926	-66.660667	-27.537646	General
5PCG:ChainA:GLU1927	-66.903130	-34.792234	General
5PCG:ChainA:THR1928	-70.348019	-32.951638	General
5PCG:ChainA:PHE1929	-65.492107	-51.866187	General
5PCG:ChainA:ALA1930	-53.569092	-35.464643	General
5PCG:ChainA:LEU1931	-65.439564	-41.565385	General
5PCG:ChainA:ASP1932	-66.696808	-41.281698	General
5PCG:ChainA:VAL1933	-59.645195	-47.792383	General
5PCG:ChainA:ARG1934	-67.029363	-35.916918	General
5PCG:ChainA:LEU1935	-52.206515	-44.524546	General
5PCG:ChainA:VAL1936	-53.364261	-46.661084	General
5PCG:ChainA:PHE1937	-77.697622	-34.020211	General
5PCG:ChainA:ASP1938	-63.918783	-42.832374	General
5PCG:ChainA:ASN1939	-59.729465	-43.387692	General
5PCG:ChainA:CYS1940	-59.764978	-42.484991	General
5PCG:ChainA:GLU1941	-69.462265	-38.618988	General
5PCG:ChainA:THR1942	-57.151563	-37.745470	General
5PCG:ChainA:PHE1943	-103.729645	-17.228093	General
5PCG:ChainA:ASN1944	-122.906874	141.995988	General
5PCG:ChainA:GLU1945	-69.208631	138.996578	General
5PCG:ChainA:ASP1946	-45.958880	-42.101572	General
5PCG:ChainA:ASP1947	-93.911554	67.004193	General
5PCG:ChainA:SER1948	-149.410550	162.429834	General
5PCG:ChainA:ASP1949	-64.464685	-42.460764	General
5PCG:ChainA:ILE1950	-68.968421	-40.559303	General
5PCG:ChainA:GLY1951	-59.914695	-41.767846	Glycine
5PCG:ChainA:ARG1952	-69.781569	-42.286694	General
5PCG:ChainA:ALA1953	-50.440119	-47.700454	General
5PCG:ChainA:GLY1954	-66.219239	-42.631290	Glycine
5PCG:ChainA:HIS1955	-62.436403	-42.630192	General
5PCG:ChainA:ASN1956	-65.920910	-44.833030	General
5PCG:ChainA:MET1957	-64.468936	-40.862678	General
5PCG:ChainA:ARG1958	-60.658226	-45.505563	General
5PCG:ChainA:LYS1959	-58.870457	-50.014382	General
5PCG:ChainA:TYR1960	-54.531238	-44.625342	General
5PCG:ChainA:PHE1961	-64.373470	-48.837241	General
5PCG:ChainA:GLU1962	-64.718775	-30.483959	General
5PCG:ChainA:LYS1963	-71.459741	-46.488093	General
5PCG:ChainA:LYS1964	-61.978867	-36.849181	General
5PCG:ChainA:TRP1965	-63.505932	-50.796749	General
5PCG:ChainA:THR1966	-64.377770	-46.733792	General
5PCG:ChainA:ASP1967	-63.719197	-27.255445	General
5PCG:ChainA:THR1968	-86.301618	-32.503087	General
5PCG:ChainA:PHE1969	-123.860624	-48.165646	General
