5PCQ:ChainA:MET1857	-59.884725	120.231146	General
5PCQ:ChainA:SER1858	62.753168	30.380059	General
5PCQ:ChainA:VAL1859	-144.846584	93.428411	General
5PCQ:ChainA:LYS1860	-113.721724	135.756445	General
5PCQ:ChainA:LYS1861	-52.281342	144.901959	Pre-Pro
5PCQ:ChainA:PRO1862	-49.074625	137.721158	Proline
5PCQ:ChainA:LYS1863	-74.656474	102.199359	General
5PCQ:ChainA:ARG1864	-58.654219	139.556976	General
5PCQ:ChainA:ASP1865	-85.082845	114.036280	General
5PCQ:ChainA:ASP1866	-108.920985	9.725963	General
5PCQ:ChainA:SER1867	-73.024019	-25.479800	General
5PCQ:ChainA:LYS1868	-97.281231	11.477687	General
5PCQ:ChainA:ASP1869	-68.516769	-43.871391	General
5PCQ:ChainA:LEU1870	-54.606912	-53.543453	General
5PCQ:ChainA:ALA1871	-55.644468	-48.163871	General
5PCQ:ChainA:LEU1872	-65.321718	-45.827542	General
5PCQ:ChainA:CYS1873	-57.094435	-42.856982	General
5PCQ:ChainA:SER1874	-59.328503	-39.601617	General
5PCQ:ChainA:MET1875	-65.311380	-46.935107	General
5PCQ:ChainA:ILE1876	-57.639046	-44.337873	General
5PCQ:ChainA:LEU1877	-65.333693	-42.573392	General
5PCQ:ChainA:THR1878	-54.384658	-42.093848	General
5PCQ:ChainA:GLU1879	-69.426873	-29.942292	General
5PCQ:ChainA:MET1880	-82.713500	-39.532025	General
5PCQ:ChainA:GLU1881	-54.181455	-34.458846	General
5PCQ:ChainA:THR1882	-97.108545	-5.521561	General
5PCQ:ChainA:HIS1883	-61.811070	141.011567	General
5PCQ:ChainA:GLU1884	-66.898857	-28.623367	General
5PCQ:ChainA:ASP1885	-85.420277	13.661759	General
5PCQ:ChainA:ALA1886	-74.378079	-9.162084	General
5PCQ:ChainA:TRP1887	-63.020362	-35.896129	Pre-Pro
5PCQ:ChainA:PRO1888	-68.842307	-9.565932	Proline
5PCQ:ChainA:PHE1889	-117.505451	-2.646478	General
5PCQ:ChainA:LEU1890	-67.435613	-33.245232	General
5PCQ:ChainA:LEU1891	-132.831018	156.998719	Pre-Pro
5PCQ:ChainA:PRO1892	-55.523061	140.876405	Proline
5PCQ:ChainA:VAL1893	-63.914931	132.899668	General
5PCQ:ChainA:ASN1894	-77.916567	108.169585	General
5PCQ:ChainA:LEU1895	-76.253626	-13.904383	General
5PCQ:ChainA:LYS1896	-77.479609	-35.505175	General
5PCQ:ChainA:LEU1897	-104.865013	-3.751268	General
5PCQ:ChainA:VAL1898	-119.870132	102.342069	Pre-Pro
5PCQ:ChainA:PRO1899	-54.629448	130.508671	Proline
5PCQ:ChainA:GLY1900	96.041062	-26.242893	Glycine
5PCQ:ChainA:TYR1901	-62.829253	-40.857462	General
5PCQ:ChainA:LYS1902	-63.622560	-47.666678	General
5PCQ:ChainA:LYS1903	-77.187011	-37.020083	General
5PCQ:ChainA:VAL1904	-78.996081	-44.166392	General
5PCQ:ChainA:ILE1905	-97.223837	103.417647	General
5PCQ:ChainA:LYS1906	-70.760809	-31.210805	General
5PCQ:ChainA:LYS1907	-133.063368	81.210152	Pre-Pro
5PCQ:ChainA:PRO1908	-56.432349	138.962484	Proline
5PCQ:ChainA:MET1909	-146.931822	146.054242	General
5PCQ:ChainA:ASP1910	-151.428849	163.518306	General
5PCQ:ChainA:PHE1911	-62.100253	-41.599153	General
5PCQ:ChainA:SER1912	-60.888047	-38.275228	General
5PCQ:ChainA:THR1913	-70.894642	-39.595262	General
5PCQ:ChainA:ILE1914	-63.193183	-41.463174	General
5PCQ:ChainA:ARG1915	-62.018664	-43.102396	General
5PCQ:ChainA:GLU1916	-62.783042	-48.344837	General
5PCQ:ChainA:LYS1917	-56.862228	-42.268529	General
5PCQ:ChainA:LEU1918	-65.631036	-42.915515	General
5PCQ:ChainA:SER1919	-66.699450	-17.214853	General
5PCQ:ChainA:SER1920	-118.781906	22.245031	General
5PCQ:ChainA:GLY1921	62.695622	30.511007	Glycine
5PCQ:ChainA:GLN1922	-88.149204	-8.294318	General
5PCQ:ChainA:TYR1923	-97.982916	109.601777	Pre-Pro
5PCQ:ChainA:PRO1924	-61.039265	-31.792329	Proline
5PCQ:ChainA:ASN1925	-155.615900	175.343656	General
5PCQ:ChainA:LEU1926	-63.225462	-29.388789	General
5PCQ:ChainA:GLU1927	-63.583783	-41.877403	General
5PCQ:ChainA:THR1928	-65.700849	-37.742307	General
5PCQ:ChainA:PHE1929	-60.376127	-49.667866	General
5PCQ:ChainA:ALA1930	-59.479278	-37.553906	General
5PCQ:ChainA:LEU1931	-55.865916	-44.603154	General
5PCQ:ChainA:ASP1932	-69.007898	-38.106992	General
5PCQ:ChainA:VAL1933	-62.212615	-46.745951	General
5PCQ:ChainA:ARG1934	-65.161695	-37.412319	General
5PCQ:ChainA:LEU1935	-56.405431	-39.457603	General
5PCQ:ChainA:VAL1936	-53.329127	-50.126626	General
5PCQ:ChainA:PHE1937	-77.874446	-36.522654	General
5PCQ:ChainA:ASP1938	-59.332756	-46.314570	General
5PCQ:ChainA:ASN1939	-57.616187	-40.938810	General
5PCQ:ChainA:CYS1940	-58.836613	-42.395279	General
5PCQ:ChainA:GLU1941	-68.489722	-33.873868	General
5PCQ:ChainA:THR1942	-63.777314	-38.433916	General
5PCQ:ChainA:PHE1943	-103.424830	-13.901072	General
5PCQ:ChainA:ASN1944	-126.031731	142.541653	General
5PCQ:ChainA:GLU1945	-67.156886	134.968514	General
5PCQ:ChainA:ASP1946	-48.405866	-40.697800	General
5PCQ:ChainA:ASP1947	-89.327643	71.028626	General
5PCQ:ChainA:SER1948	-155.469123	161.196091	General
5PCQ:ChainA:ASP1949	-58.741287	-41.021052	General
5PCQ:ChainA:ILE1950	-70.491833	-42.487573	General
5PCQ:ChainA:GLY1951	-60.356282	-46.109543	Glycine
5PCQ:ChainA:ARG1952	-61.837686	-47.345190	General
5PCQ:ChainA:ALA1953	-50.774803	-42.067813	General
5PCQ:ChainA:GLY1954	-63.284263	-52.189462	Glycine
5PCQ:ChainA:HIS1955	-56.783443	-46.246845	General
5PCQ:ChainA:ASN1956	-57.828313	-48.544667	General
5PCQ:ChainA:MET1957	-68.140342	-33.406449	General
5PCQ:ChainA:ARG1958	-66.219238	-43.631862	General
5PCQ:ChainA:LYS1959	-64.545011	-44.805504	General
5PCQ:ChainA:TYR1960	-57.151721	-51.417226	General
5PCQ:ChainA:PHE1961	-54.488741	-51.733761	General
5PCQ:ChainA:GLU1962	-65.130681	-38.652657	General
5PCQ:ChainA:LYS1963	-60.028172	-49.033324	General
5PCQ:ChainA:LYS1964	-63.158606	-37.203030	General
5PCQ:ChainA:TRP1965	-59.592039	-54.625941	General
5PCQ:ChainA:THR1966	-62.403886	-46.133555	General
5PCQ:ChainA:ASP1967	-65.078411	-21.927485	General
5PCQ:ChainA:THR1968	-91.163426	-34.944752	General
5PCQ:ChainA:PHE1969	-121.050812	-39.142993	General
