5PCR:ChainA:MET1857	-54.012856	119.029765	General
5PCR:ChainA:SER1858	61.700626	21.763829	General
5PCR:ChainA:VAL1859	-137.064475	101.032456	General
5PCR:ChainA:LYS1860	-121.775751	135.633817	General
5PCR:ChainA:LYS1861	-54.186030	152.392491	Pre-Pro
5PCR:ChainA:PRO1862	-53.610839	139.435501	Proline
5PCR:ChainA:LYS1863	-73.490016	96.125991	General
5PCR:ChainA:ARG1864	-45.961553	127.713796	General
5PCR:ChainA:ASP1865	-75.781898	113.425643	General
5PCR:ChainA:ASP1866	-111.787489	9.833174	General
5PCR:ChainA:SER1867	-73.125816	-22.044246	General
5PCR:ChainA:LYS1868	-93.901992	0.202484	General
5PCR:ChainA:ASP1869	-61.742219	-44.685575	General
5PCR:ChainA:LEU1870	-56.944607	-49.704073	General
5PCR:ChainA:ALA1871	-64.416048	-42.932981	General
5PCR:ChainA:LEU1872	-69.098229	-39.800902	General
5PCR:ChainA:CYS1873	-59.117397	-41.518020	General
5PCR:ChainA:SER1874	-57.622134	-42.310132	General
5PCR:ChainA:MET1875	-68.186387	-44.260670	General
5PCR:ChainA:ILE1876	-55.303155	-44.940236	General
5PCR:ChainA:LEU1877	-65.200165	-42.985000	General
5PCR:ChainA:THR1878	-54.850099	-44.154040	General
5PCR:ChainA:GLU1879	-68.314071	-37.005945	General
5PCR:ChainA:MET1880	-67.040943	-43.941909	General
5PCR:ChainA:GLU1881	-56.384074	-33.869012	General
5PCR:ChainA:THR1882	-97.938795	-2.812568	General
5PCR:ChainA:HIS1883	-65.392570	142.126803	General
5PCR:ChainA:GLU1884	-64.326040	-26.728149	General
5PCR:ChainA:ASP1885	-88.646313	13.888124	General
5PCR:ChainA:ALA1886	-78.684293	-17.312707	General
5PCR:ChainA:TRP1887	-51.088598	-35.441316	Pre-Pro
5PCR:ChainA:PRO1888	-69.013535	-11.814849	Proline
5PCR:ChainA:PHE1889	-117.618353	-4.148754	General
5PCR:ChainA:LEU1890	-69.321939	-33.101813	General
5PCR:ChainA:LEU1891	-129.915226	155.419175	Pre-Pro
5PCR:ChainA:PRO1892	-55.504118	141.633179	Proline
5PCR:ChainA:VAL1893	-61.647146	135.420402	General
5PCR:ChainA:ASN1894	-79.305983	105.211506	General
5PCR:ChainA:LEU1895	-70.927139	-17.930329	General
5PCR:ChainA:LYS1896	-76.863384	-32.157795	General
5PCR:ChainA:LEU1897	-105.221165	-2.679228	General
5PCR:ChainA:VAL1898	-123.539425	99.248765	Pre-Pro
5PCR:ChainA:PRO1899	-51.710609	135.520603	Proline
5PCR:ChainA:GLY1900	94.837724	-27.522886	Glycine
5PCR:ChainA:TYR1901	-68.381210	-43.604248	General
5PCR:ChainA:LYS1902	-58.630911	-45.879766	General
5PCR:ChainA:LYS1903	-76.115492	-37.216567	General
5PCR:ChainA:VAL1904	-80.291436	-38.073391	General
5PCR:ChainA:ILE1905	-101.239130	101.971214	General
5PCR:ChainA:LYS1906	-71.151256	-29.069522	General
5PCR:ChainA:LYS1907	-131.308575	82.731247	Pre-Pro
5PCR:ChainA:PRO1908	-62.936228	141.696800	Proline
5PCR:ChainA:MET1909	-149.926992	149.538356	General
5PCR:ChainA:ASP1910	-153.235516	166.646098	General
5PCR:ChainA:PHE1911	-63.323674	-38.983603	General
5PCR:ChainA:SER1912	-64.467660	-35.451156	General
5PCR:ChainA:THR1913	-72.739246	-40.180995	General
5PCR:ChainA:ILE1914	-64.437304	-42.437393	General
5PCR:ChainA:ARG1915	-61.091148	-41.651507	General
5PCR:ChainA:GLU1916	-68.509245	-42.600755	General
5PCR:ChainA:LYS1917	-61.356978	-42.681139	General
5PCR:ChainA:LEU1918	-62.045310	-48.334937	General
5PCR:ChainA:SER1919	-65.132945	-18.351661	General
5PCR:ChainA:SER1920	-116.469309	17.463589	General
5PCR:ChainA:GLY1921	64.729673	34.672554	Glycine
5PCR:ChainA:GLN1922	-95.392177	-3.917630	General
5PCR:ChainA:TYR1923	-94.881494	112.955020	Pre-Pro
5PCR:ChainA:PRO1924	-70.214233	-24.761237	Proline
5PCR:ChainA:ASN1925	-159.525944	173.809878	General
5PCR:ChainA:LEU1926	-65.973716	-24.109163	General
5PCR:ChainA:GLU1927	-68.607931	-36.117211	General
5PCR:ChainA:THR1928	-69.606171	-32.765934	General
5PCR:ChainA:PHE1929	-63.637126	-50.763153	General
5PCR:ChainA:ALA1930	-59.946873	-34.032608	General
5PCR:ChainA:LEU1931	-62.375127	-43.828202	General
5PCR:ChainA:ASP1932	-66.980426	-41.642673	General
5PCR:ChainA:VAL1933	-58.990183	-49.887601	General
5PCR:ChainA:ARG1934	-62.869596	-34.609441	General
5PCR:ChainA:LEU1935	-58.695711	-37.277632	General
5PCR:ChainA:VAL1936	-58.395993	-43.352414	General
5PCR:ChainA:PHE1937	-81.295895	-33.830677	General
5PCR:ChainA:ASP1938	-62.627412	-44.427641	General
5PCR:ChainA:ASN1939	-58.273110	-47.669640	General
5PCR:ChainA:CYS1940	-55.927149	-42.853826	General
5PCR:ChainA:GLU1941	-68.910857	-36.364216	General
5PCR:ChainA:THR1942	-58.104707	-38.099059	General
5PCR:ChainA:PHE1943	-103.448422	-15.553089	General
5PCR:ChainA:ASN1944	-124.746211	139.347866	General
5PCR:ChainA:GLU1945	-64.496540	137.903001	General
5PCR:ChainA:ASP1946	-46.070777	-37.686340	General
5PCR:ChainA:ASP1947	-98.535788	65.053666	General
5PCR:ChainA:SER1948	-147.996075	158.868635	General
5PCR:ChainA:ASP1949	-58.708419	-42.128529	General
5PCR:ChainA:ILE1950	-72.599048	-38.898929	General
5PCR:ChainA:GLY1951	-60.190982	-42.180901	Glycine
5PCR:ChainA:ARG1952	-69.642020	-40.943082	General
5PCR:ChainA:ALA1953	-53.268278	-45.818267	General
5PCR:ChainA:GLY1954	-65.443860	-42.307872	Glycine
5PCR:ChainA:HIS1955	-64.030131	-42.064382	General
5PCR:ChainA:ASN1956	-62.843429	-45.567340	General
5PCR:ChainA:MET1957	-64.656954	-38.065456	General
5PCR:ChainA:ARG1958	-63.922547	-50.490948	General
5PCR:ChainA:LYS1959	-50.838300	-52.113124	General
5PCR:ChainA:TYR1960	-53.561129	-46.706489	General
5PCR:ChainA:PHE1961	-64.422690	-44.894657	General
5PCR:ChainA:GLU1962	-67.690749	-33.409866	General
5PCR:ChainA:LYS1963	-64.875619	-50.619134	General
5PCR:ChainA:LYS1964	-58.676758	-35.562210	General
5PCR:ChainA:TRP1965	-66.381972	-53.530295	General
5PCR:ChainA:THR1966	-55.792567	-51.143569	General
5PCR:ChainA:ASP1967	-63.869163	-32.130141	General
5PCR:ChainA:THR1968	-82.667767	-33.994837	General
5PCR:ChainA:PHE1969	-124.759039	-19.554077	General
