5PCV:ChainA:MET1857	-50.389402	115.300162	General
5PCV:ChainA:SER1858	68.942945	18.709854	General
5PCV:ChainA:VAL1859	-137.621656	100.607621	General
5PCV:ChainA:LYS1860	-121.251059	131.759577	General
5PCV:ChainA:LYS1861	-51.938376	151.421849	Pre-Pro
5PCV:ChainA:PRO1862	-56.996038	142.529948	Proline
5PCV:ChainA:LYS1863	-68.749027	95.712487	General
5PCV:ChainA:ARG1864	-49.902661	123.893537	General
5PCV:ChainA:ASP1865	-76.426377	113.383416	General
5PCV:ChainA:ASP1866	-106.749009	12.258688	General
5PCV:ChainA:SER1867	-75.711899	-20.391748	General
5PCV:ChainA:LYS1868	-97.190060	0.044023	General
5PCV:ChainA:ASP1869	-58.870177	-45.450064	General
5PCV:ChainA:LEU1870	-58.637600	-48.136201	General
5PCV:ChainA:ALA1871	-61.032509	-42.647428	General
5PCV:ChainA:LEU1872	-72.189094	-38.925606	General
5PCV:ChainA:CYS1873	-62.701610	-37.689598	General
5PCV:ChainA:SER1874	-62.006970	-43.283828	General
5PCV:ChainA:MET1875	-61.176490	-47.876669	General
5PCV:ChainA:ILE1876	-57.909051	-45.348436	General
5PCV:ChainA:LEU1877	-64.297313	-40.251923	General
5PCV:ChainA:THR1878	-58.965610	-42.056646	General
5PCV:ChainA:GLU1879	-62.962889	-41.210346	General
5PCV:ChainA:MET1880	-68.296650	-43.411973	General
5PCV:ChainA:GLU1881	-60.181146	-31.509238	General
5PCV:ChainA:THR1882	-96.156445	-2.007092	General
5PCV:ChainA:HIS1883	-66.371743	139.345074	General
5PCV:ChainA:GLU1884	-61.284017	-25.671698	General
5PCV:ChainA:ASP1885	-90.774227	9.805868	General
5PCV:ChainA:ALA1886	-76.601915	-17.095280	General
5PCV:ChainA:TRP1887	-49.264865	-32.665388	Pre-Pro
5PCV:ChainA:PRO1888	-69.971358	-11.586550	Proline
5PCV:ChainA:PHE1889	-118.238668	-2.510458	General
5PCV:ChainA:LEU1890	-71.613488	-33.378045	General
5PCV:ChainA:LEU1891	-128.662423	158.391579	Pre-Pro
5PCV:ChainA:PRO1892	-58.611857	139.862120	Proline
5PCV:ChainA:VAL1893	-58.711645	132.429630	General
5PCV:ChainA:ASN1894	-77.924080	104.674622	General
5PCV:ChainA:LEU1895	-69.754318	-16.019600	General
5PCV:ChainA:LYS1896	-81.976627	-32.237975	General
5PCV:ChainA:LEU1897	-101.561812	-5.189452	General
5PCV:ChainA:VAL1898	-120.947881	101.257340	Pre-Pro
5PCV:ChainA:PRO1899	-56.212806	140.533555	Proline
5PCV:ChainA:GLY1900	92.558487	-27.835605	Glycine
5PCV:ChainA:TYR1901	-65.588808	-43.885962	General
5PCV:ChainA:LYS1902	-60.446407	-45.291413	General
5PCV:ChainA:LYS1903	-74.601697	-36.220250	General
5PCV:ChainA:VAL1904	-80.461261	-40.368300	General
5PCV:ChainA:ILE1905	-100.083414	100.088804	General
5PCV:ChainA:LYS1906	-71.966657	-28.484491	General
5PCV:ChainA:LYS1907	-131.532681	84.870783	Pre-Pro
5PCV:ChainA:PRO1908	-63.049200	146.044516	Proline
5PCV:ChainA:MET1909	-152.820409	151.306372	General
5PCV:ChainA:ASP1910	-153.308628	166.996576	General
5PCV:ChainA:PHE1911	-63.846007	-40.687041	General
5PCV:ChainA:SER1912	-60.926932	-34.716320	General
5PCV:ChainA:THR1913	-74.609931	-39.254323	General
5PCV:ChainA:ILE1914	-65.033344	-39.972459	General
5PCV:ChainA:ARG1915	-63.749650	-44.200575	General
5PCV:ChainA:GLU1916	-62.944760	-47.608218	General
5PCV:ChainA:LYS1917	-55.586814	-48.360297	General
5PCV:ChainA:LEU1918	-58.162521	-46.434407	General
5PCV:ChainA:SER1919	-71.306670	-13.373025	General
5PCV:ChainA:SER1920	-119.481512	20.145826	General
5PCV:ChainA:GLY1921	61.201475	34.949801	Glycine
5PCV:ChainA:GLN1922	-97.738166	-0.704075	General
5PCV:ChainA:TYR1923	-98.706706	116.059530	Pre-Pro
5PCV:ChainA:PRO1924	-72.509076	-26.038107	Proline
5PCV:ChainA:ASN1925	-157.556878	173.787656	General
5PCV:ChainA:LEU1926	-64.783881	-27.391329	General
5PCV:ChainA:GLU1927	-68.291453	-32.027905	General
5PCV:ChainA:THR1928	-73.382898	-29.720789	General
5PCV:ChainA:PHE1929	-64.725349	-49.374389	General
5PCV:ChainA:ALA1930	-62.054469	-35.997957	General
5PCV:ChainA:LEU1931	-61.039941	-43.291202	General
5PCV:ChainA:ASP1932	-66.867448	-40.013066	General
5PCV:ChainA:VAL1933	-60.740043	-49.477893	General
5PCV:ChainA:ARG1934	-63.086388	-35.487642	General
5PCV:ChainA:LEU1935	-54.854423	-40.865820	General
5PCV:ChainA:VAL1936	-54.592021	-46.334684	General
5PCV:ChainA:PHE1937	-77.255304	-34.150618	General
5PCV:ChainA:ASP1938	-64.818642	-41.007297	General
5PCV:ChainA:ASN1939	-62.278690	-41.627674	General
5PCV:ChainA:CYS1940	-61.187350	-45.166409	General
5PCV:ChainA:GLU1941	-65.644704	-35.188355	General
5PCV:ChainA:THR1942	-61.176994	-38.115712	General
5PCV:ChainA:PHE1943	-102.289851	-17.235378	General
5PCV:ChainA:ASN1944	-127.017348	137.186911	General
5PCV:ChainA:GLU1945	-62.512626	141.986379	General
5PCV:ChainA:ASP1946	-51.569005	-39.085343	General
5PCV:ChainA:ASP1947	-97.903410	58.256703	General
5PCV:ChainA:SER1948	-133.433104	161.285798	General
5PCV:ChainA:ASP1949	-58.878956	-43.048911	General
5PCV:ChainA:ILE1950	-71.002314	-38.628695	General
5PCV:ChainA:GLY1951	-63.190027	-46.170119	Glycine
5PCV:ChainA:ARG1952	-65.395876	-42.715596	General
5PCV:ChainA:ALA1953	-53.880174	-46.982456	General
5PCV:ChainA:GLY1954	-66.964083	-38.228245	Glycine
5PCV:ChainA:HIS1955	-61.280033	-45.282358	General
5PCV:ChainA:ASN1956	-59.080038	-45.097855	General
5PCV:ChainA:MET1957	-67.633815	-38.228330	General
5PCV:ChainA:ARG1958	-60.692353	-49.673306	General
5PCV:ChainA:LYS1959	-54.827291	-47.852099	General
5PCV:ChainA:TYR1960	-55.046515	-46.881455	General
5PCV:ChainA:PHE1961	-63.286982	-46.197357	General
5PCV:ChainA:GLU1962	-68.788309	-35.288502	General
5PCV:ChainA:LYS1963	-61.958277	-50.683303	General
5PCV:ChainA:LYS1964	-56.721636	-37.254616	General
5PCV:ChainA:TRP1965	-66.135128	-49.818410	General
5PCV:ChainA:THR1966	-61.676302	-49.684338	General
5PCV:ChainA:ASP1967	-63.833388	-32.903821	General
5PCV:ChainA:THR1968	-82.189487	-39.314914	General
5PCV:ChainA:PHE1969	-117.135688	-12.578444	General
