5PCW:ChainA:MET1857	-52.764357	118.567282	General
5PCW:ChainA:SER1858	67.803396	17.817108	General
5PCW:ChainA:VAL1859	-132.707589	100.753600	General
5PCW:ChainA:LYS1860	-126.600000	139.029939	General
5PCW:ChainA:LYS1861	-55.336667	153.976367	Pre-Pro
5PCW:ChainA:PRO1862	-54.156243	141.051505	Proline
5PCW:ChainA:LYS1863	-71.666000	105.930330	General
5PCW:ChainA:ARG1864	-57.933351	136.005291	General
5PCW:ChainA:ASP1865	-80.126818	109.478832	General
5PCW:ChainA:ASP1866	-105.616610	9.433136	General
5PCW:ChainA:SER1867	-68.877434	-23.328453	General
5PCW:ChainA:LYS1868	-99.686672	-3.443299	General
5PCW:ChainA:ASP1869	-55.680422	-47.479304	General
5PCW:ChainA:LEU1870	-57.449319	-47.526116	General
5PCW:ChainA:ALA1871	-64.760422	-40.569395	General
5PCW:ChainA:LEU1872	-69.556606	-38.505379	General
5PCW:ChainA:CYS1873	-63.719416	-38.008784	General
5PCW:ChainA:SER1874	-59.402202	-46.271971	General
5PCW:ChainA:MET1875	-60.865765	-46.655321	General
5PCW:ChainA:ILE1876	-55.863226	-48.335106	General
5PCW:ChainA:LEU1877	-62.736836	-37.895455	General
5PCW:ChainA:THR1878	-60.033372	-40.284050	General
5PCW:ChainA:GLU1879	-65.300967	-36.864273	General
5PCW:ChainA:MET1880	-69.809094	-47.524135	General
5PCW:ChainA:GLU1881	-54.296947	-33.390542	General
5PCW:ChainA:THR1882	-99.209187	0.880430	General
5PCW:ChainA:HIS1883	-68.256831	142.116934	General
5PCW:ChainA:GLU1884	-62.658273	-23.333531	General
5PCW:ChainA:ASP1885	-96.069299	14.283601	General
5PCW:ChainA:ALA1886	-76.577165	-23.109329	General
5PCW:ChainA:TRP1887	-47.573408	-34.122408	Pre-Pro
5PCW:ChainA:PRO1888	-69.126471	-11.628628	Proline
5PCW:ChainA:PHE1889	-118.951982	-3.663052	General
5PCW:ChainA:LEU1890	-69.494641	-33.347570	General
5PCW:ChainA:LEU1891	-132.671231	157.435587	Pre-Pro
5PCW:ChainA:PRO1892	-60.295288	139.975000	Proline
5PCW:ChainA:VAL1893	-57.801398	136.641135	General
5PCW:ChainA:ASN1894	-82.438450	104.433204	General
5PCW:ChainA:LEU1895	-71.707449	-17.583324	General
5PCW:ChainA:LYS1896	-75.673401	-31.633239	General
5PCW:ChainA:LEU1897	-106.078790	-3.536157	General
5PCW:ChainA:VAL1898	-121.399227	99.919830	Pre-Pro
5PCW:ChainA:PRO1899	-53.218138	137.520598	Proline
5PCW:ChainA:GLY1900	88.404432	-22.387020	Glycine
5PCW:ChainA:TYR1901	-62.862747	-46.146598	General
5PCW:ChainA:LYS1902	-56.604216	-48.579497	General
5PCW:ChainA:LYS1903	-70.978931	-38.816354	General
5PCW:ChainA:VAL1904	-79.940654	-41.302408	General
5PCW:ChainA:ILE1905	-100.745448	103.912372	General
5PCW:ChainA:LYS1906	-74.688692	-27.559717	General
5PCW:ChainA:LYS1907	-133.084474	87.117123	Pre-Pro
5PCW:ChainA:PRO1908	-63.085324	144.874478	Proline
5PCW:ChainA:MET1909	-150.234477	148.268234	General
5PCW:ChainA:ASP1910	-153.549830	167.158061	General
5PCW:ChainA:PHE1911	-64.404549	-38.392627	General
5PCW:ChainA:SER1912	-65.894069	-35.638765	General
5PCW:ChainA:THR1913	-69.390671	-39.493906	General
5PCW:ChainA:ILE1914	-64.108800	-45.011264	General
5PCW:ChainA:ARG1915	-58.106331	-44.938950	General
5PCW:ChainA:GLU1916	-66.393311	-40.562874	General
5PCW:ChainA:LYS1917	-62.237561	-45.245467	General
5PCW:ChainA:LEU1918	-59.869933	-51.537721	General
5PCW:ChainA:SER1919	-64.549594	-15.025228	General
5PCW:ChainA:SER1920	-117.236083	19.817768	General
5PCW:ChainA:GLY1921	59.745942	33.517475	Glycine
5PCW:ChainA:GLN1922	-95.688947	1.036736	General
5PCW:ChainA:TYR1923	-99.518377	115.424409	Pre-Pro
5PCW:ChainA:PRO1924	-72.974385	-24.187171	Proline
5PCW:ChainA:ASN1925	-159.936663	172.108951	General
5PCW:ChainA:LEU1926	-66.570899	-24.977001	General
5PCW:ChainA:GLU1927	-66.774987	-35.938174	General
5PCW:ChainA:THR1928	-70.268792	-30.912212	General
5PCW:ChainA:PHE1929	-65.977299	-48.857082	General
5PCW:ChainA:ALA1930	-60.519154	-37.317595	General
5PCW:ChainA:LEU1931	-61.428825	-43.263115	General
5PCW:ChainA:ASP1932	-67.664757	-39.447922	General
5PCW:ChainA:VAL1933	-61.169171	-48.012070	General
5PCW:ChainA:ARG1934	-64.348358	-36.005833	General
5PCW:ChainA:LEU1935	-56.387068	-38.042447	General
5PCW:ChainA:VAL1936	-58.740808	-45.139994	General
5PCW:ChainA:PHE1937	-77.306156	-32.187061	General
5PCW:ChainA:ASP1938	-67.022878	-42.460526	General
5PCW:ChainA:ASN1939	-55.142335	-44.536943	General
5PCW:ChainA:CYS1940	-62.401797	-44.375982	General
5PCW:ChainA:GLU1941	-67.305071	-33.786143	General
5PCW:ChainA:THR1942	-62.559992	-35.874974	General
5PCW:ChainA:PHE1943	-105.449787	-14.353001	General
5PCW:ChainA:ASN1944	-127.965459	133.696273	General
5PCW:ChainA:GLU1945	-57.129564	142.745214	General
5PCW:ChainA:ASP1946	-52.136981	-42.419304	General
5PCW:ChainA:ASP1947	-90.186939	64.374739	General
5PCW:ChainA:SER1948	-147.025128	161.714515	General
5PCW:ChainA:ASP1949	-60.032409	-45.277538	General
5PCW:ChainA:ILE1950	-68.975810	-39.846883	General
5PCW:ChainA:GLY1951	-63.744881	-43.251672	Glycine
5PCW:ChainA:ARG1952	-66.778402	-41.079582	General
5PCW:ChainA:ALA1953	-55.298293	-48.015808	General
5PCW:ChainA:GLY1954	-62.627461	-40.494604	Glycine
5PCW:ChainA:HIS1955	-65.016760	-41.177062	General
5PCW:ChainA:ASN1956	-61.695080	-46.574685	General
5PCW:ChainA:MET1957	-65.523525	-41.241143	General
5PCW:ChainA:ARG1958	-58.026758	-48.628022	General
5PCW:ChainA:LYS1959	-55.799512	-46.709432	General
5PCW:ChainA:TYR1960	-58.367365	-46.997505	General
5PCW:ChainA:PHE1961	-62.848396	-46.100926	General
5PCW:ChainA:GLU1962	-65.913315	-35.823618	General
5PCW:ChainA:LYS1963	-66.993924	-47.879723	General
5PCW:ChainA:LYS1964	-59.316127	-38.349092	General
5PCW:ChainA:TRP1965	-63.165626	-51.044668	General
5PCW:ChainA:THR1966	-59.538142	-47.612108	General
5PCW:ChainA:ASP1967	-68.676197	-29.130937	General
5PCW:ChainA:THR1968	-85.110230	-35.208100	General
5PCW:ChainA:PHE1969	-121.662438	-20.974612	General
