5PD5:ChainA:MET1857	-50.777261	117.479986	General
5PD5:ChainA:SER1858	60.310765	22.087712	General
5PD5:ChainA:VAL1859	-135.174760	101.953005	General
5PD5:ChainA:LYS1860	-123.422851	137.741823	General
5PD5:ChainA:LYS1861	-57.073405	153.469102	Pre-Pro
5PD5:ChainA:PRO1862	-55.221700	140.266887	Proline
5PD5:ChainA:LYS1863	-71.132190	98.989745	General
5PD5:ChainA:ARG1864	-53.020966	127.413417	General
5PD5:ChainA:ASP1865	-75.192112	114.848071	General
5PD5:ChainA:ASP1866	-110.934826	10.204143	General
5PD5:ChainA:SER1867	-70.589316	-23.435377	General
5PD5:ChainA:LYS1868	-94.945706	0.897493	General
5PD5:ChainA:ASP1869	-58.487024	-46.374277	General
5PD5:ChainA:LEU1870	-56.731052	-49.615458	General
5PD5:ChainA:ALA1871	-62.713213	-44.818841	General
5PD5:ChainA:LEU1872	-67.014469	-42.000532	General
5PD5:ChainA:CYS1873	-59.648400	-39.756128	General
5PD5:ChainA:SER1874	-58.938261	-41.606220	General
5PD5:ChainA:MET1875	-66.144408	-45.203931	General
5PD5:ChainA:ILE1876	-57.203396	-45.869337	General
5PD5:ChainA:LEU1877	-63.371614	-40.498663	General
5PD5:ChainA:THR1878	-58.590426	-44.178072	General
5PD5:ChainA:GLU1879	-65.318193	-39.034898	General
5PD5:ChainA:MET1880	-68.280528	-43.101396	General
5PD5:ChainA:GLU1881	-56.653711	-33.833162	General
5PD5:ChainA:THR1882	-97.841583	0.839640	General
5PD5:ChainA:HIS1883	-71.911394	141.733066	General
5PD5:ChainA:GLU1884	-61.256890	-27.600530	General
5PD5:ChainA:ASP1885	-89.832191	13.192198	General
5PD5:ChainA:ALA1886	-77.851157	-17.260617	General
5PD5:ChainA:TRP1887	-50.181383	-35.521526	Pre-Pro
5PD5:ChainA:PRO1888	-69.228582	-10.126835	Proline
5PD5:ChainA:PHE1889	-120.117095	-1.968098	General
5PD5:ChainA:LEU1890	-71.277020	-34.646905	General
5PD5:ChainA:LEU1891	-127.434316	157.418893	Pre-Pro
5PD5:ChainA:PRO1892	-56.450185	140.863136	Proline
5PD5:ChainA:VAL1893	-62.974059	134.050491	General
5PD5:ChainA:ASN1894	-76.297726	103.313871	General
5PD5:ChainA:LEU1895	-69.009581	-15.197713	General
5PD5:ChainA:LYS1896	-80.170430	-34.289237	General
5PD5:ChainA:LEU1897	-102.419944	-4.821051	General
5PD5:ChainA:VAL1898	-121.397377	102.918829	Pre-Pro
5PD5:ChainA:PRO1899	-59.366710	135.331492	Proline
5PD5:ChainA:GLY1900	94.929930	-25.972438	Glycine
5PD5:ChainA:TYR1901	-67.424454	-43.157936	General
5PD5:ChainA:LYS1902	-60.108436	-45.075759	General
5PD5:ChainA:LYS1903	-76.370463	-37.266917	General
5PD5:ChainA:VAL1904	-80.210328	-41.269180	General
5PD5:ChainA:ILE1905	-100.690647	101.758232	General
5PD5:ChainA:LYS1906	-70.903581	-29.395824	General
5PD5:ChainA:LYS1907	-131.553409	84.530764	Pre-Pro
5PD5:ChainA:PRO1908	-64.926303	143.275747	Proline
5PD5:ChainA:MET1909	-149.457118	148.281260	General
5PD5:ChainA:ASP1910	-152.566081	164.210945	General
5PD5:ChainA:PHE1911	-64.041073	-39.360689	General
5PD5:ChainA:SER1912	-59.086636	-39.608780	General
5PD5:ChainA:THR1913	-71.502489	-41.502074	General
5PD5:ChainA:ILE1914	-61.982405	-41.843746	General
5PD5:ChainA:ARG1915	-64.836081	-42.872603	General
5PD5:ChainA:GLU1916	-62.786647	-45.725423	General
5PD5:ChainA:LYS1917	-59.130470	-44.984745	General
5PD5:ChainA:LEU1918	-60.355745	-49.343460	General
5PD5:ChainA:SER1919	-64.102319	-17.678047	General
5PD5:ChainA:SER1920	-117.732027	16.946304	General
5PD5:ChainA:GLY1921	66.465954	31.806957	Glycine
5PD5:ChainA:GLN1922	-93.510467	-2.951616	General
5PD5:ChainA:TYR1923	-97.159425	113.007685	Pre-Pro
5PD5:ChainA:PRO1924	-71.171230	-25.372767	Proline
5PD5:ChainA:ASN1925	-157.608042	175.475317	General
5PD5:ChainA:LEU1926	-67.720278	-23.829965	General
5PD5:ChainA:GLU1927	-71.030972	-32.744290	General
5PD5:ChainA:THR1928	-71.313237	-34.765227	General
5PD5:ChainA:PHE1929	-60.640037	-53.039136	General
5PD5:ChainA:ALA1930	-60.355926	-36.035293	General
5PD5:ChainA:LEU1931	-57.599110	-45.083867	General
5PD5:ChainA:ASP1932	-68.613400	-39.090327	General
5PD5:ChainA:VAL1933	-61.102753	-50.334807	General
5PD5:ChainA:ARG1934	-61.161686	-35.800967	General
5PD5:ChainA:LEU1935	-56.412721	-39.274897	General
5PD5:ChainA:VAL1936	-55.948031	-44.872830	General
5PD5:ChainA:PHE1937	-78.327558	-33.557891	General
5PD5:ChainA:ASP1938	-63.123715	-42.733651	General
5PD5:ChainA:ASN1939	-61.661206	-44.907747	General
5PD5:ChainA:CYS1940	-57.610801	-44.439834	General
5PD5:ChainA:GLU1941	-67.638055	-35.690060	General
5PD5:ChainA:THR1942	-57.812016	-40.073361	General
5PD5:ChainA:PHE1943	-102.594449	-15.187138	General
5PD5:ChainA:ASN1944	-125.842071	140.966816	General
5PD5:ChainA:GLU1945	-65.810273	140.158159	General
5PD5:ChainA:ASP1946	-49.040746	-40.422923	General
5PD5:ChainA:ASP1947	-96.191599	60.726866	General
5PD5:ChainA:SER1948	-137.396815	160.437723	General
5PD5:ChainA:ASP1949	-58.743238	-44.235351	General
5PD5:ChainA:ILE1950	-67.729903	-40.415890	General
5PD5:ChainA:GLY1951	-61.656369	-44.149813	Glycine
5PD5:ChainA:ARG1952	-64.927895	-41.997738	General
5PD5:ChainA:ALA1953	-52.479959	-46.358800	General
5PD5:ChainA:GLY1954	-65.684159	-41.233049	Glycine
5PD5:ChainA:HIS1955	-63.920302	-39.897269	General
5PD5:ChainA:ASN1956	-64.799702	-44.192413	General
5PD5:ChainA:MET1957	-66.057621	-39.526759	General
5PD5:ChainA:ARG1958	-62.291102	-48.704690	General
5PD5:ChainA:LYS1959	-54.867363	-48.847502	General
5PD5:ChainA:TYR1960	-52.673544	-48.615971	General
5PD5:ChainA:PHE1961	-63.837931	-46.735706	General
5PD5:ChainA:GLU1962	-67.240328	-35.315317	General
5PD5:ChainA:LYS1963	-62.260030	-50.410165	General
5PD5:ChainA:LYS1964	-57.701760	-38.212790	General
5PD5:ChainA:TRP1965	-63.969261	-54.526232	General
5PD5:ChainA:THR1966	-54.240508	-52.043738	General
5PD5:ChainA:ASP1967	-62.264778	-32.992423	General
5PD5:ChainA:THR1968	-80.871875	-39.320870	General
5PD5:ChainA:PHE1969	-121.277496	-8.299398	General
